barcode	cluster	sample	astronaut	timepoint	stage	pseudotime
FD150_1_AACCGCCTCAGAGTCGATAT	3	FD150_1	Astronaut 1	FD150	FD	11.0075885140145
FD150_1_AACCGCGATTGTAATGTCTA	1	FD150_1	Astronaut 1	FD150	FD	36.8698226031063
FD150_1_AACCGCTTAAGTATCGATGA	5	FD150_1	Astronaut 1	FD150	FD	35.3222854032331
FD150_1_AACGACTAACCTCCAGATGA	0	FD150_1	Astronaut 1	FD150	FD	39.3062073305006
FD150_1_AACGAGCAACCCTAGGTCTA	0	FD150_1	Astronaut 1	FD150	FD	37.7238619434208
FD150_1_AACTCAACCGCAGAAGCGGT	1	FD150_1	Astronaut 1	FD150	FD	33.5841747496998
FD150_1_AACTCAACCGGGTAAGATGA	0	FD150_1	Astronaut 1	FD150	FD	38.5581708305969
FD150_1_AACTCACCAGGGCAGGCTTG	2	FD150_1	Astronaut 1	FD150	FD	8.0473210309077
FD150_1_AACTCCAGTTCGTCGGGTCC	7	FD150_1	Astronaut 1	FD150	FD	27.4796165534855
FD150_1_AACTCGGTCCCCTCAGATAT	4	FD150_1	Astronaut 1	FD150	FD	9.67787907369723
FD150_1_AACTCGTATCATTGGGCGGT	4	FD150_1	Astronaut 1	FD150	FD	34.633435923065
FD150_1_AACTCTCGTAGCTCTGGCGT	9	FD150_1	Astronaut 1	FD150	FD	39.1938396913847
FD150_1_AACTCTGGACGAACCGCTTG	9	FD150_1	Astronaut 1	FD150	FD	11.7755759170985
FD150_1_AAGACAACTCGCTTGGATAT	4	FD150_1	Astronaut 1	FD150	FD	13.4237284719091
FD150_1_AAGACACTTCGCAACGGAGC	1	FD150_1	Astronaut 1	FD150	FD	39.3062075526109
FD150_1_AAGACACTTCGGTAAGGAGC	1	FD150_1	Astronaut 1	FD150	FD	36.8698228252166
FD150_1_AAGACAGAGTCCTAGGTAAT	0	FD150_1	Astronaut 1	FD150	FD	37.1341147551586
FD150_1_AAGACCGACCCGACCGATAT	0	FD150_1	Astronaut 1	FD150	FD	9.40679275046753
FD150_1_AAGACCTACGCTACGGGTCC	1	FD150_1	Astronaut 1	FD150	FD	34.7479546847737
FD150_1_AAGACGCGGTCCATAGATGA	0	FD150_1	Astronaut 1	FD150	FD	34.2146127292839
FD150_1_AAGACTAGAGCAACTGATGA	7	FD150_1	Astronaut 1	FD150	FD	38.8207769730732
FD150_1_AAGCAACCAGGCCTTGCGGT	3	FD150_1	Astronaut 1	FD150	FD	31.5609147978807
FD150_1_AAGCAACCTACGGATGCTGC	1	FD150_1	Astronaut 1	FD150	FD	34.177489191566
FD150_1_AAGCAACTAACCTAGGATGA	0	FD150_1	Astronaut 1	FD150	FD	39.3062077747213
FD150_1_AAGCAAGGCTGACTGGGCGT	8	FD150_1	Astronaut 1	FD150	FD	36.869823047327
FD150_1_AAGCAGACTGCCTAGGTCTA	0	FD150_1	Astronaut 1	FD150	FD	34.3219767620859
FD150_1_AAGCAGCTGCGCGGTGGAGC	8	FD150_1	Astronaut 1	FD150	FD	9.77065649708302
FD150_1_AAGCAGGAGCGCCTTGCAAC	3	FD150_1	Astronaut 1	FD150	FD	36.5572143082054
FD150_1_AAGCAGTTAGCAGAAGATGA	0	FD150_1	Astronaut 1	FD150	FD	36.4807018118463
FD150_1_AAGCATACGTGCTCTGCTGC	0	FD150_1	Astronaut 1	FD150	FD	29.9944829090011
FD150_1_AAGGTCTTAACGGCAGCAAC	3	FD150_1	Astronaut 1	FD150	FD	36.8698232694374
FD150_1_AAGGTGCAGGGCGAAGGAGC	0	FD150_1	Astronaut 1	FD150	FD	39.3062079968317
FD150_1_AAGGTTAGAGGCCTTGCGGT	1	FD150_1	Astronaut 1	FD150	FD	11.3710881801527
FD150_1_AAGGTTTATGCAACTGATGA	4	FD150_1	Astronaut 1	FD150	FD	9.52915092315514
FD150_1_ACCAGACCTACCTAGGGTCC	0	FD150_1	Astronaut 1	FD150	FD	34.8314158987426
FD150_1_ACCAGACGATCGTCGGATAT	2	FD150_1	Astronaut 1	FD150	FD	39.1759013543098
FD150_1_ACCAGAGGCTCGGCAGCCTT	1	FD150_1	Astronaut 1	FD150	FD	34.5547033990112
FD150_1_ACCAGCGATTCGGCAGCGGT	0	FD150_1	Astronaut 1	FD150	FD	32.816722661038
FD150_1_ACCAGCGCTCGATGAGCTTG	3	FD150_1	Astronaut 1	FD150	FD	38.0683405682085
FD150_1_ACCAGCGTCGCTGGAGCGGT	1	FD150_1	Astronaut 1	FD150	FD	34.861556307162
FD150_1_ACCAGGTCTAGCAGGGTAAT	1	FD150_1	Astronaut 1	FD150	FD	38.8282322288201
FD150_1_ACCAGTACGTCTAACGCAAC	4	FD150_1	Astronaut 1	FD150	FD	35.6053181974908
FD150_1_ACCAGTTCGAGTAATGCGGT	1	FD150_1	Astronaut 1	FD150	FD	35.8681733342649
FD150_1_ACCTACCGCTCCTAGGCTGC	1	FD150_1	Astronaut 1	FD150	FD	33.9390133559951
FD150_1_ACCTAGTAGACCTAGGCTGC	0	FD150_1	Astronaut 1	FD150	FD	39.3062082189421
FD150_1_ACCTATCGCGGCGAAGCTGC	0	FD150_1	Astronaut 1	FD150	FD	35.9377809123681
FD150_1_ACGATAGAACCGACCGTCTA	0	FD150_1	Astronaut 1	FD150	FD	9.46956338499749
FD150_1_ACGATAGTTGCTAGTGGAGC	3	FD150_1	Astronaut 1	FD150	FD	30.6777955453663
FD150_1_ACGATATTACCGATTGCTTG	6	FD150_1	Astronaut 1	FD150	FD	32.8208108848111
FD150_1_ACGATCAGCGATTGGGGCGT	3	FD150_1	Astronaut 1	FD150	FD	33.2192880027472
FD150_1_ACGATCTACGCTACGGCTGC	0	FD150_1	Astronaut 1	FD150	FD	30.2868602072343
FD150_1_ACGATTAGAGCCGCTGTAAT	0	FD150_1	Astronaut 1	FD150	FD	9.52915114526552
FD150_1_ACGATTATTGGCCTTGGCGT	3	FD150_1	Astronaut 1	FD150	FD	39.3062084410525
FD150_1_ACTAAAACTCCTTAAGGAGC	0	FD150_1	Astronaut 1	FD150	FD	38.8020193035748
FD150_1_ACTAACGATTCCGCTGGAGC	3	FD150_1	Astronaut 1	FD150	FD	38.5581710527072
FD150_1_ACTAAGCTCTCAGTTGCAAC	2	FD150_1	Astronaut 1	FD150	FD	36.5572145303157
FD150_1_ACTAAGTAATCTAACGATGA	0	FD150_1	Astronaut 1	FD150	FD	37.7704498460809
FD150_1_ACTAATGGACGTATCGGAGC	3	FD150_1	Astronaut 1	FD150	FD	34.7528966205919
FD150_1_ACTCGAACGACGCAAGATGA	3	FD150_1	Astronaut 1	FD150	FD	32.3093394247134
FD150_1_ACTCGGCTTGCGGATGCGGT	4	FD150_1	Astronaut 1	FD150	FD	8.11621112004277
FD150_1_ACTCGTAAGGCTAGTGGAGC	1	FD150_1	Astronaut 1	FD150	FD	11.3526836353013
FD150_1_ACTCGTAAGGGAGTCGGCGT	2	FD150_1	Astronaut 1	FD150	FD	36.8698234915478
FD150_1_ACTCGTATTGCGCCTGATAT	8	FD150_1	Astronaut 1	FD150	FD	25.2194326481999
FD150_1_ACTTCAAGGTCCGCTGGTCC	0	FD150_1	Astronaut 1	FD150	FD	38.1490389898364
FD150_1_ACTTCAGCGGGCTGCGGCGT	2	FD150_1	Astronaut 1	FD150	FD	39.3062086631629
FD150_1_ACTTCATTCAGTAGAGCAAC	9	FD150_1	Astronaut 1	FD150	FD	38.1687703006941
FD150_1_ACTTCGCTGCCGCCTGTAAT	7	FD150_1	Astronaut 1	FD150	FD	36.2325663255031
FD150_1_ACTTCGTCTACGAAGGCTTG	2	FD150_1	Astronaut 1	FD150	FD	38.0019600010039
FD150_1_AGAACAGAACGGTAAGCTGC	1	FD150_1	Astronaut 1	FD150	FD	12.9757120786934
FD150_1_AGAACGAGTCCCATAGCGGT	0	FD150_1	Astronaut 1	FD150	FD	39.3062088852733
FD150_1_AGAACTGGACGTAGAGCCTT	0	FD150_1	Astronaut 1	FD150	FD	9.88621517141184
FD150_1_AGAGTAGCGGCTAGTGGAGC	5	FD150_1	Astronaut 1	FD150	FD	34.82893158223
FD150_1_AGAGTCTCCACAGAAGCTTG	3	FD150_1	Astronaut 1	FD150	FD	32.5850653551549
FD150_1_AGAGTGCCTTCTAACGGCGT	2	FD150_1	Astronaut 1	FD150	FD	34.3219769841962
FD150_1_AGAGTGGCAGGCGGTGGCGT	0	FD150_1	Astronaut 1	FD150	FD	10.2832283414756
FD150_1_AGAGTGGTCCCGACCGCGGT	1	FD150_1	Astronaut 1	FD150	FD	10.207844815726
FD150_1_AGCGGATTGGCCATAGCAAC	7	FD150_1	Astronaut 1	FD150	FD	16.3968769859378
FD150_1_AGCGGCAGAACTACGGCAAC	0	FD150_1	Astronaut 1	FD150	FD	11.8335018066664
FD150_1_AGCGGCGGCAGTAATGCCTT	0	FD150_1	Astronaut 1	FD150	FD	39.3062091073837
FD150_1_AGCGGGTAGACGGATGATAT	0	FD150_1	Astronaut 1	FD150	FD	39.306209329494
FD150_1_AGGCTACTAACGGATGATGA	3	FD150_1	Astronaut 1	FD150	FD	33.7054742178723
FD150_1_AGGTCACTCGCGCTCGCAAC	8	FD150_1	Astronaut 1	FD150	FD	12.8231931326417
FD150_1_AGGTCAGAACCGCCTGATAT	0	FD150_1	Astronaut 1	FD150	FD	7.91934272449927
FD150_1_AGGTCAGTTGGTAATGATGA	1	FD150_1	Astronaut 1	FD150	FD	39.1607563636487
FD150_1_AGGTCTCGCGGGTCCGGCGT	0	FD150_1	Astronaut 1	FD150	FD	8.23976461022705
FD150_1_AGGTCTTATGCTAACGCGGT	0	FD150_1	Astronaut 1	FD150	FD	9.79197817280984
FD150_1_AGTTGAAGACCAATCGTAAT	2	FD150_1	Astronaut 1	FD150	FD	38.0683407903189
FD150_1_AGTTGATTGGGAGTCGATGA	4	FD150_1	Astronaut 1	FD150	FD	7.79439271162379
FD150_1_ATCCTATTCACCTCAGGAGC	0	FD150_1	Astronaut 1	FD150	FD	10.2078450378364
FD150_1_ATCCTGCGGTCAACTGCCTT	0	FD150_1	Astronaut 1	FD150	FD	31.4534627561603
FD150_1_ATCTGAGCGGCTGGAGGCGT	0	FD150_1	Astronaut 1	FD150	FD	37.5555443567403
FD150_1_ATCTGATCCTATTGGGATGA	0	FD150_1	Astronaut 1	FD150	FD	39.2998446487272
FD150_1_ATCTGCAGAACGCTCGGCGT	0	FD150_1	Astronaut 1	FD150	FD	36.4992890520681
FD150_1_ATCTGGAGCTATTGGGCGGT	0	FD150_1	Astronaut 1	FD150	FD	31.5876632514602
FD150_1_ATCTGGATGAGGTAAGCAAC	3	FD150_1	Astronaut 1	FD150	FD	10.9688806653941
FD150_1_ATCTGTCGTAGAGTCGATAT	0	FD150_1	Astronaut 1	FD150	FD	37.0290736005746
FD150_1_ATCTGTGAGACGGCAGCAAC	0	FD150_1	Astronaut 1	FD150	FD	38.1085381171912
FD150_1_ATGCGATCCTCTACGGTAAT	1	FD150_1	Astronaut 1	FD150	FD	37.4868145406778
FD150_1_ATGCGGCTGCCGCTCGCTTG	9	FD150_1	Astronaut 1	FD150	FD	35.3222856253435
FD150_1_ATGCGTAGAGATTCAGATGA	3	FD150_1	Astronaut 1	FD150	FD	39.3062095516044
FD150_1_ATGGCAGAGTCGGCAGCTTG	9	FD150_1	Astronaut 1	FD150	FD	39.3062097737148
FD150_1_ATGGCAGTTGCTCCAGGCGT	0	FD150_1	Astronaut 1	FD150	FD	32.0240398930965
FD150_1_ATGGCCGGATGCAGGGATGA	0	FD150_1	Astronaut 1	FD150	FD	34.2424644789645
FD150_1_ATGGCGATATCTGGAGCAAC	8	FD150_1	Astronaut 1	FD150	FD	34.5778642282343
FD150_1_ATTACACCAGGCGGTGTAAT	2	FD150_1	Astronaut 1	FD150	FD	35.6053184196012
FD150_1_ATTACAGTTGGCGAAGCGGT	7	FD150_1	Astronaut 1	FD150	FD	11.1276494821201
FD150_1_ATTACATTACCAGAAGCTTG	7	FD150_1	Astronaut 1	FD150	FD	9.59256795973031
FD150_1_ATTACCGGCAGCTCTGCCTT	3	FD150_1	Astronaut 1	FD150	FD	38.5581712748176
FD150_1_ATTACCTAGTGAGTCGCGGT	0	FD150_1	Astronaut 1	FD150	FD	36.8698237136582
FD150_1_ATTACTCGCGCTAACGGCGT	0	FD150_1	Astronaut 1	FD150	FD	38.0957706768874
FD150_1_ATTACTCTACCTTAAGATAT	2	FD150_1	Astronaut 1	FD150	FD	9.52460675929022
FD150_1_ATTCACAACTCTGGAGCTGC	0	FD150_1	Astronaut 1	FD150	FD	7.98181300270742
FD150_1_ATTCAGACTGCGTCGGATGA	0	FD150_1	Astronaut 1	FD150	FD	38.8020195256852
FD150_1_ATTCAGAGCTGTATCGCCTT	0	FD150_1	Astronaut 1	FD150	FD	9.08627423720923
FD150_1_ATTCAGTCTAGCGGTGATAT	0	FD150_1	Astronaut 1	FD150	FD	8.11387625751537
FD150_1_ATTGGAGCGGCCTAGGTCTA	0	FD150_1	Astronaut 1	FD150	FD	36.8698239357686
FD150_1_ATTGGGTAATGCTTGGATGA	1	FD150_1	Astronaut 1	FD150	FD	36.869824157879
FD150_1_ATTGGTCATCATTGGGGCGT	4	FD150_1	Astronaut 1	FD150	FD	34.7528968427022
FD150_1_ATTGGTTGAACAGCGGTCTA	0	FD150_1	Astronaut 1	FD150	FD	11.0081152509448
FD150_1_CAACTCTTAACAGCGGCAAC	0	FD150_1	Astronaut 1	FD150	FD	35.4752859187116
FD150_1_CAACTGGCGTGGAGCGGAGC	1	FD150_1	Astronaut 1	FD150	FD	30.0598342936341
FD150_1_CAACTGGTCCCGGATGCTGC	0	FD150_1	Astronaut 1	FD150	FD	10.8611949003619
FD150_1_CAACTTGGACGGAGCGCTGC	1	FD150_1	Astronaut 1	FD150	FD	10.3140429054843
FD150_1_CAATCAGAACGAACCGATAT	0	FD150_1	Astronaut 1	FD150	FD	37.7308111619773
FD150_1_CAATCAGGTCCGTCGGCAAC	5	FD150_1	Astronaut 1	FD150	FD	12.2123626519019
FD150_1_CAATCATTGGGGCAGGCGGT	5	FD150_1	Astronaut 1	FD150	FD	32.5850655772653
FD150_1_CAATCCGCTCGTAATGCAAC	2	FD150_1	Astronaut 1	FD150	FD	36.5572147524261
FD150_1_CAATCCTAGTCGCTCGCTTG	2	FD150_1	Astronaut 1	FD150	FD	12.1922729675721
FD150_1_CAATCTTCGACGATTGTAAT	1	FD150_1	Astronaut 1	FD150	FD	38.8020197477956
FD150_1_CAGAAACCTACGCTCGGCGT	0	FD150_1	Astronaut 1	FD150	FD	9.58620929473186
FD150_1_CAGAAGCTCTCCGCTGCAAC	0	FD150_1	Astronaut 1	FD150	FD	39.3062099958252
FD150_1_CAGAATATCTCGAAGGATGA	2	FD150_1	Astronaut 1	FD150	FD	38.237108184364
FD150_1_CAGCGACCTAGAGTCGCCTT	0	FD150_1	Astronaut 1	FD150	FD	35.9377811344785
FD150_1_CAGTTAAGCACCTCAGATGA	5	FD150_1	Astronaut 1	FD150	FD	36.8698243799894
FD150_1_CAGTTAGAGTCGCAAGCTGC	3	FD150_1	Astronaut 1	FD150	FD	34.6205846455734
FD150_1_CAGTTATCCTCTGGAGATGA	0	FD150_1	Astronaut 1	FD150	FD	31.5445830774009
FD150_1_CAGTTATCCTGAACCGCTGC	1	FD150_1	Astronaut 1	FD150	FD	32.1445846476967
FD150_1_CAGTTATTGGGAACCGATAT	1	FD150_1	Astronaut 1	FD150	FD	35.3222858474539
FD150_1_CAGTTCGAAGCAGTTGGAGC	2	FD150_1	Astronaut 1	FD150	FD	22.6539250867358
FD150_1_CCATAACTCGCTCCAGATGA	2	FD150_1	Astronaut 1	FD150	FD	38.558171496928
FD150_1_CCATAACTTCATTGGGGCGT	2	FD150_1	Astronaut 1	FD150	FD	32.8208111069215
FD150_1_CCATAGATGAGGTCCGCGGT	1	FD150_1	Astronaut 1	FD150	FD	35.7952219461748
FD150_1_CCATATCGCGCAGAAGCTTG	4	FD150_1	Astronaut 1	FD150	FD	37.3242232749715
FD150_1_CCGCTACGATCTCCAGGAGC	0	FD150_1	Astronaut 1	FD150	FD	35.8812577340564
FD150_1_CCGCTACTTCCCTCAGTCTA	0	FD150_1	Astronaut 1	FD150	FD	39.2608391212604
FD150_1_CCGCTAGTTGCGATTGGAGC	0	FD150_1	Astronaut 1	FD150	FD	35.9377813565889
FD150_1_CCGCTATTACCAGCGGGCGT	0	FD150_1	Astronaut 1	FD150	FD	33.4173116067073
FD150_1_CCGCTCCGCTCAGAAGATAT	1	FD150_1	Astronaut 1	FD150	FD	7.88473424619332
FD150_1_CCGCTTCATCGATATGATGA	4	FD150_1	Astronaut 1	FD150	FD	39.3062102179356
FD150_1_CCGCTTCGTAGAGTCGATAT	4	FD150_1	Astronaut 1	FD150	FD	38.1044248327251
FD150_1_CCTAGACGATCCTAGGGTCC	2	FD150_1	Astronaut 1	FD150	FD	39.306210440046
FD150_1_CCTAGCAGAACAGTTGTCTA	4	FD150_1	Astronaut 1	FD150	FD	36.9684238545388
FD150_1_CCTAGCGGCAGCAACGCAAC	9	FD150_1	Astronaut 1	FD150	FD	36.8698246020997
FD150_1_CCTAGTTCATCGAAGGCCTT	0	FD150_1	Astronaut 1	FD150	FD	33.3652473171516
FD150_1_CCTCAAGTTGCCGCTGCCTT	0	FD150_1	Astronaut 1	FD150	FD	7.85069963484839
FD150_1_CCTCAATTCAATTCAGCAAC	9	FD150_1	Astronaut 1	FD150	FD	32.8208113290319
FD150_1_CGAAGACCTACAACTGTCTA	0	FD150_1	Astronaut 1	FD150	FD	34.5454563792487
FD150_1_CGAAGACCTAGAGCTGATAT	0	FD150_1	Astronaut 1	FD150	FD	34.7528970648126
FD150_1_CGAAGCGACCGCGAAGATGA	0	FD150_1	Astronaut 1	FD150	FD	36.8698248242101
FD150_1_CGAAGGGAGCGATATGCAAC	0	FD150_1	Astronaut 1	FD150	FD	11.1196115032424
FD150_1_CGACCAAGCAGCTTGGCTGC	7	FD150_1	Astronaut 1	FD150	FD	10.2315304433008
FD150_1_CGACCCCGCTCGGATGATGA	2	FD150_1	Astronaut 1	FD150	FD	34.8879588299838
FD150_1_CGACCCGGATCCGCTGTAAT	3	FD150_1	Astronaut 1	FD150	FD	36.8698250463205
FD150_1_CGACCGAGCTATTCAGCAAC	0	FD150_1	Astronaut 1	FD150	FD	37.7207992739572
FD150_1_CGACCTTCATGAACCGTAAT	4	FD150_1	Astronaut 1	FD150	FD	33.6047721078539
FD150_1_CGACCTTCGAGTAGAGCCTT	1	FD150_1	Astronaut 1	FD150	FD	33.7054744399827
FD150_1_CGATTAAGCACTAACGATGA	0	FD150_1	Astronaut 1	FD150	FD	32.8208115511423
FD150_1_CGATTAGCGGCCTCAGATGA	4	FD150_1	Astronaut 1	FD150	FD	39.3062106621564
FD150_1_CGATTGACTGCAATCGATAT	0	FD150_1	Astronaut 1	FD150	FD	12.8231933547521
FD150_1_CGATTGCGAACGAAGGGCGT	0	FD150_1	Astronaut 1	FD150	FD	9.40210194442465
FD150_1_CGATTGGTAAGGTAAGCTTG	2	FD150_1	Astronaut 1	FD150	FD	37.7805888498482
FD150_1_CGATTGTCTAGACTGGCTGC	0	FD150_1	Astronaut 1	FD150	FD	37.5322320417941
FD150_1_CGCAAATCTGCAGTTGATAT	0	FD150_1	Astronaut 1	FD150	FD	9.61173972413248
FD150_1_CGCAAGATGAGCTTGGATAT	0	FD150_1	Astronaut 1	FD150	FD	35.4520997361789
FD150_1_CGCCTCGGCAGATATGCAAC	0	FD150_1	Astronaut 1	FD150	FD	34.2539081921143
FD150_1_CGCTCACTTCCGTCGGATAT	4	FD150_1	Astronaut 1	FD150	FD	14.9804357149578
FD150_1_CGCTCAGGTCCCATAGATGA	1	FD150_1	Astronaut 1	FD150	FD	33.5916420247577
FD150_1_CGCTCGGAGCCGCCTGGCGT	0	FD150_1	Astronaut 1	FD150	FD	33.362006844106
FD150_1_CGCTCTACGTCAACTGATAT	3	FD150_1	Astronaut 1	FD150	FD	36.4038454314757
FD150_1_CGCTCTCATCGCGGTGATGA	2	FD150_1	Astronaut 1	FD150	FD	38.5581717190384
FD150_1_CGGATAGGCTCGCAAGCAAC	0	FD150_1	Astronaut 1	FD150	FD	36.8698252684309
FD150_1_CGGATCGATTCGCCTGGTCC	0	FD150_1	Astronaut 1	FD150	FD	28.3352825113889
FD150_1_CGGCAAACCGCAACTGCGGT	0	FD150_1	Astronaut 1	FD150	FD	30.9362517859865
FD150_1_CGGCACTCCACTTAAGGCGT	0	FD150_1	Astronaut 1	FD150	FD	36.8698254905413
FD150_1_CGGCACTTAAGAGCTGCGGT	7	FD150_1	Astronaut 1	FD150	FD	35.3357017880658
FD150_1_CGTCGACTAACCATAGGTCC	2	FD150_1	Astronaut 1	FD150	FD	39.202479917496
FD150_1_CGTCGCGATTCCTCAGTAAT	0	FD150_1	Astronaut 1	FD150	FD	39.3062108842668
FD150_1_CGTCGGCAACCTAACGCAAC	2	FD150_1	Astronaut 1	FD150	FD	34.8289318043403
FD150_1_CGTCGTCAGTCGGATGATGA	0	FD150_1	Astronaut 1	FD150	FD	37.4060352018124
FD150_1_CTAACAAGCACGCCTGCCTT	1	FD150_1	Astronaut 1	FD150	FD	36.8698257126517
FD150_1_CTAACAAGGTCTCCAGCGGT	3	FD150_1	Astronaut 1	FD150	FD	37.5322322639045
FD150_1_CTAACACCTAGTAATGATGA	0	FD150_1	Astronaut 1	FD150	FD	34.6849537180928
FD150_1_CTAACGTATCGCAACGATAT	9	FD150_1	Astronaut 1	FD150	FD	34.8686320806722
FD150_1_CTAACTAGAGCCTAGGTAAT	5	FD150_1	Astronaut 1	FD150	FD	10.2078452599468
FD150_1_CTAACTAGAGCTTAAGGCGT	0	FD150_1	Astronaut 1	FD150	FD	9.45866850499794
FD150_1_CTACGCAGAACAGTTGTCTA	3	FD150_1	Astronaut 1	FD150	FD	33.3548890346862
FD150_1_CTACGGGTCCGAACCGCCTT	0	FD150_1	Astronaut 1	FD150	FD	10.3140431275947
FD150_1_CTACGTCCGGCAGTTGCAAC	0	FD150_1	Astronaut 1	FD150	FD	36.4684155156363
FD150_1_CTACGTCCGGCAGTTGTCTA	6	FD150_1	Astronaut 1	FD150	FD	9.52915136737591
FD150_1_CTACGTCGTAGAGTCGCAAC	0	FD150_1	Astronaut 1	FD150	FD	36.8698259347621
FD150_1_CTACGTTATGCCATAGTAAT	1	FD150_1	Astronaut 1	FD150	FD	38.802019969906
FD150_1_CTACGTTGAACAGCGGATAT	0	FD150_1	Astronaut 1	FD150	FD	39.1750078972671
FD150_1_CTAGTCAGTTCGAAGGATAT	5	FD150_1	Astronaut 1	FD150	FD	38.0683410124293
FD150_1_CTAGTGAGCTATTGGGATAT	2	FD150_1	Astronaut 1	FD150	FD	37.4876117818652
FD150_1_CTAGTGTCTACAGTTGTCTA	0	FD150_1	Astronaut 1	FD150	FD	36.8698261568724
FD150_1_CTAGTTGCGCGTATCGCGGT	6	FD150_1	Astronaut 1	FD150	FD	39.3062111063771
FD150_1_CTAGTTTCGACTCCAGCGGT	0	FD150_1	Astronaut 1	FD150	FD	25.8319635082279
FD150_1_CTCCAAACGACGGCAGTAAT	9	FD150_1	Astronaut 1	FD150	FD	7.79439293373418
FD150_1_CTCCAAGTTGCAGCGGATGA	1	FD150_1	Astronaut 1	FD150	FD	39.1700277374493
FD150_1_CTCCAGATGACTAACGATGA	0	FD150_1	Astronaut 1	FD150	FD	37.596038684775
FD150_1_CTCCAGTTAGCAATCGGAGC	0	FD150_1	Astronaut 1	FD150	FD	35.475286140822
FD150_1_CTGGAAACTCGTAGAGCCTT	9	FD150_1	Astronaut 1	FD150	FD	36.2499400558396
FD150_1_CTGGAAAGACGAGTCGATGA	7	FD150_1	Astronaut 1	FD150	FD	33.4173118288177
FD150_1_CTGGAAGCGGCCTCAGATAT	3	FD150_1	Astronaut 1	FD150	FD	34.5329110145313
FD150_1_CTGGAATCCTCCTAGGTAAT	1	FD150_1	Astronaut 1	FD150	FD	36.4038456535861
FD150_1_CTGGAATTACGCTCTGCCTT	2	FD150_1	Astronaut 1	FD150	FD	35.9377815786993
FD150_1_CTGGAGAACCGGTAAGATAT	7	FD150_1	Astronaut 1	FD150	FD	35.3222860695643
FD150_1_CTGGAGATGACGCTCGCTTG	1	FD150_1	Astronaut 1	FD150	FD	34.315542966336
FD150_1_CTGGATTAGCGGAGCGCTTG	0	FD150_1	Astronaut 1	FD150	FD	33.5998643385292
FD150_1_CTTAAACTTCCTAGTGGAGC	6	FD150_1	Astronaut 1	FD150	FD	8.22524072398418
FD150_1_CTTAAGACTGCGACCGTAAT	1	FD150_1	Astronaut 1	FD150	FD	35.6053186417116
FD150_1_GAACCCCATAGCAGGGGCGT	0	FD150_1	Astronaut 1	FD150	FD	38.7782948677054
FD150_1_GAACCGAACCCTAACGCGGT	1	FD150_1	Astronaut 1	FD150	FD	36.8698263789828
FD150_1_GAACCGAACCCTAACGCTTG	3	FD150_1	Astronaut 1	FD150	FD	26.1433301677734
FD150_1_GAACCGATATGGCAGGCGGT	1	FD150_1	Astronaut 1	FD150	FD	36.6265928487762
FD150_1_GACTGACTAAGGCGTGGCGT	1	FD150_1	Astronaut 1	FD150	FD	39.3062113284875
FD150_1_GACTGAGGTCCTTAAGCGGT	0	FD150_1	Astronaut 1	FD150	FD	32.5850657993757
FD150_1_GACTGCGTCGCTAGTGTCTA	0	FD150_1	Astronaut 1	FD150	FD	9.48296691828661
FD150_1_GACTGGGCAGATTGGGTAAT	0	FD150_1	Astronaut 1	FD150	FD	39.3062115505979
FD150_1_GAGCTCAACTCCATAGTCTA	2	FD150_1	Astronaut 1	FD150	FD	34.5454566013591
FD150_1_GAGCTCGATTGCCTTGCGGT	3	FD150_1	Astronaut 1	FD150	FD	33.0640251311333
FD150_1_GAGCTGATATGCTCTGCAAC	2	FD150_1	Astronaut 1	FD150	FD	39.3062117727083
FD150_1_GAGCTGGAGCCCATAGGAGC	0	FD150_1	Astronaut 1	FD150	FD	34.6610711264546
FD150_1_GAGCTGTATCCGCTCGGCGT	2	FD150_1	Astronaut 1	FD150	FD	38.7351098451373
FD150_1_GAGCTGTCTACGCAAGGCGT	3	FD150_1	Astronaut 1	FD150	FD	20.4120624696793
FD150_1_GAGCTTGGACCGAAGGTAAT	0	FD150_1	Astronaut 1	FD150	FD	35.9112617614317
FD150_1_GAGTCAGGTCCAGTTGCTGC	4	FD150_1	Astronaut 1	FD150	FD	39.2080584380586
FD150_1_GATATGTCTAGCCTTGGAGC	0	FD150_1	Astronaut 1	FD150	FD	33.589992038529
FD150_1_GATATTTATGATTCAGCTTG	1	FD150_1	Astronaut 1	FD150	FD	10.3140433497051
FD150_1_GATGAAAGCACGATTGATAT	0	FD150_1	Astronaut 1	FD150	FD	33.7054746620931
FD150_1_GATGAACTTCCTAGTGGCGT	1	FD150_1	Astronaut 1	FD150	FD	8.75110911059591
FD150_1_GATGAAGGTCCAACTGATAT	0	FD150_1	Astronaut 1	FD150	FD	38.2396077562038
FD150_1_GATGAGAACCCGATTGGCGT	0	FD150_1	Astronaut 1	FD150	FD	39.3062119948187
FD150_1_GATGATACGTGAGTCGATAT	4	FD150_1	Astronaut 1	FD150	FD	10.9800165614551
FD150_1_GATGATTAGCCAGCGGGAGC	0	FD150_1	Astronaut 1	FD150	FD	10.0298132673454
FD150_1_GCAACAGAACCCGCTGTAAT	0	FD150_1	Astronaut 1	FD150	FD	38.1575635234054
FD150_1_GCAACAGAACGTAGAGATGA	2	FD150_1	Astronaut 1	FD150	FD	13.7940252505376
FD150_1_GCAACAGTTGGCAGGGCAAC	2	FD150_1	Astronaut 1	FD150	FD	37.6299945421812
FD150_1_GCAACCTACGCAGAAGCTTG	0	FD150_1	Astronaut 1	FD150	FD	8.03761605995695
FD150_1_GCAACTCCGGGCAACGATGA	0	FD150_1	Astronaut 1	FD150	FD	37.024757602679
FD150_1_GCAACTTGAAGCTTGGCAAC	8	FD150_1	Astronaut 1	FD150	FD	38.1572368841505
FD150_1_GCAGGAGTTGCAATCGATGA	0	FD150_1	Astronaut 1	FD150	FD	4.49759613095346
FD150_1_GCAGGGACTGCAATCGCTGC	4	FD150_1	Astronaut 1	FD150	FD	30.1722535177419
FD150_1_GCAGGTATCTCTCCAGGAGC	0	FD150_1	Astronaut 1	FD150	FD	37.6967279384032
FD150_1_GCAGGTGCTAGCGGTGATAT	3	FD150_1	Astronaut 1	FD150	FD	37.0752325008831
FD150_1_GCAGGTTATGCTAGTGATGA	0	FD150_1	Astronaut 1	FD150	FD	38.0683736756984
FD150_1_GCCTTCCATAGAACCGTCTA	2	FD150_1	Astronaut 1	FD150	FD	34.7723946821357
FD150_1_GCCTTTGAGACCTAGGATGA	1	FD150_1	Astronaut 1	FD150	FD	10.9669772210638
FD150_1_GCGAAACTAAGAACCGCTTG	0	FD150_1	Astronaut 1	FD150	FD	38.2652526981498
FD150_1_GCGAAAGTTGCAATCGGCGT	0	FD150_1	Astronaut 1	FD150	FD	34.3219772063066
FD150_1_GCGAAGATGACTACGGGCGT	0	FD150_1	Astronaut 1	FD150	FD	8.06890798149416
FD150_1_GCGAAGTCCGCTAACGGCGT	0	FD150_1	Astronaut 1	FD150	FD	39.1945345724725
FD150_1_GCGAATATTGGTAGAGCTTG	6	FD150_1	Astronaut 1	FD150	FD	8.05438768687143
FD150_1_GCGGTATTGGGCAGGGCTGC	3	FD150_1	Astronaut 1	FD150	FD	35.9377818008097
FD150_1_GCGGTCCATAGCTGCGCCTT	0	FD150_1	Astronaut 1	FD150	FD	10.3140435718155
FD150_1_GCGGTCCTAGGGAGCGCCTT	2	FD150_1	Astronaut 1	FD150	FD	33.3611109162021
FD150_1_GCGGTCGAAGCGACCGCAAC	4	FD150_1	Astronaut 1	FD150	FD	9.4634544722014
FD150_1_GCGGTGCTCTCAACTGGCGT	0	FD150_1	Astronaut 1	FD150	FD	35.8738444561699
FD150_1_GCTCTAGAACCGCCTGCAAC	3	FD150_1	Astronaut 1	FD150	FD	30.8974871864601
FD150_1_GCTCTAGGCTCGGATGCCTT	0	FD150_1	Astronaut 1	FD150	FD	35.8407512860528
FD150_1_GCTCTATCTGCCTCAGGAGC	0	FD150_1	Astronaut 1	FD150	FD	38.1996029349045
FD150_1_GCTCTCGACCGGCGTGATAT	5	FD150_1	Astronaut 1	FD150	FD	9.72117934271924
FD150_1_GCTCTCGCCTCAGCGGCTTG	7	FD150_1	Astronaut 1	FD150	FD	33.8190272953613
FD150_1_GCTCTGGAGCCGATTGGCGT	0	FD150_1	Astronaut 1	FD150	FD	33.3713848077673
FD150_1_GCTCTTGAGACTCCAGGCGT	2	FD150_1	Astronaut 1	FD150	FD	36.8698266010932
FD150_1_GCTCTTGCGCCTCCAGCAAC	0	FD150_1	Astronaut 1	FD150	FD	36.560614444564
FD150_1_GCTCTTGGACGGTCCGGAGC	0	FD150_1	Astronaut 1	FD150	FD	32.5114967712408
FD150_1_GCTGCAGCGGCTCCAGTCTA	1	FD150_1	Astronaut 1	FD150	FD	39.3062122169291
FD150_1_GCTGCATTGGCAGCGGGAGC	9	FD150_1	Astronaut 1	FD150	FD	29.9944831311115
FD150_1_GCTGCCGCTCCGATTGCCTT	1	FD150_1	Astronaut 1	FD150	FD	9.06523138653895
FD150_1_GCTTGACCTAGAACCGATAT	0	FD150_1	Astronaut 1	FD150	FD	26.1433303898838
FD150_1_GCTTGACTCGGCCTTGCTGC	1	FD150_1	Astronaut 1	FD150	FD	34.321977428417
FD150_1_GCTTGAGTTGGAGCTGCAAC	8	FD150_1	Astronaut 1	FD150	FD	39.3062124390395
FD150_1_GCTTGCTAACCTAACGGAGC	4	FD150_1	Astronaut 1	FD150	FD	33.0592381979937
FD150_1_GGAGCATGGCGGCGTGGCGT	3	FD150_1	Astronaut 1	FD150	FD	36.8698268232036
FD150_1_GGAGCCAGCGGCAGGGCCTT	1	FD150_1	Astronaut 1	FD150	FD	34.2999177512864
FD150_1_GGAGCGAGCTCTACGGTAAT	3	FD150_1	Astronaut 1	FD150	FD	34.3219776505274
FD150_1_GGCAGAGGCTCCTCAGATAT	4	FD150_1	Astronaut 1	FD150	FD	7.98517629699579
FD150_1_GGCAGTCAGTGGTCCGCTTG	3	FD150_1	Astronaut 1	FD150	FD	8.12518197087809
FD150_1_GGCAGTCGTAGAGTCGATAT	1	FD150_1	Astronaut 1	FD150	FD	39.3062126611498
FD150_1_GGCGTACGATCGTCGGCGGT	0	FD150_1	Astronaut 1	FD150	FD	36.869827045314
FD150_1_GGCGTATGCGCGGATGCAAC	2	FD150_1	Astronaut 1	FD150	FD	12.0680701122092
FD150_1_GGCGTTAGGACGGATGCTTG	7	FD150_1	Astronaut 1	FD150	FD	16.3968772080482
FD150_1_GGTAAAGGCTGAACCGATGA	1	FD150_1	Astronaut 1	FD150	FD	9.91067975147486
FD150_1_GGTAAATGCGCTAGTGGAGC	4	FD150_1	Astronaut 1	FD150	FD	26.1433306119942
FD150_1_GGTAAATTACCGTCGGCGGT	3	FD150_1	Astronaut 1	FD150	FD	32.8208117732527
FD150_1_GGTAATAGGACTTAAGTCTA	3	FD150_1	Astronaut 1	FD150	FD	36.8698272674244
FD150_1_GGTAATATGCGTATCGATAT	0	FD150_1	Astronaut 1	FD150	FD	10.249496849758
FD150_1_GGTCCCTACGCGATTGGAGC	0	FD150_1	Astronaut 1	FD150	FD	34.4583342968831
FD150_1_GTAATCTAGTGAGCTGCAAC	5	FD150_1	Astronaut 1	FD150	FD	9.67521333409038
FD150_1_GTAATGAGTCCTCCAGCAAC	8	FD150_1	Astronaut 1	FD150	FD	34.3219778726378
FD150_1_GTAATTCATCGCGAAGCAAC	3	FD150_1	Astronaut 1	FD150	FD	7.12320303539944
FD150_1_GTAATTTCATGAGCTGTAAT	0	FD150_1	Astronaut 1	FD150	FD	35.430172049224
FD150_1_GTAGAAACTCCGTCGGCGGT	1	FD150_1	Astronaut 1	FD150	FD	7.82608314926118
FD150_1_GTAGAACTAACTACGGATGA	1	FD150_1	Astronaut 1	FD150	FD	35.3222862916747
FD150_1_GTAGACCTAGCAATCGCTGC	5	FD150_1	Astronaut 1	FD150	FD	32.775369670155
FD150_1_GTAGAGACTGGGAGCGCAAC	0	FD150_1	Astronaut 1	FD150	FD	38.5581719411488
FD150_1_GTAGAGCAGGCGCCTGTAAT	0	FD150_1	Astronaut 1	FD150	FD	38.2176724270804
FD150_1_GTAGAGCTTGGGCAGGCAAC	1	FD150_1	Astronaut 1	FD150	FD	32.814582224551
FD150_1_GTAGAGTAGAGCAGGGCAAC	2	FD150_1	Astronaut 1	FD150	FD	34.8005814447102
FD150_1_GTATCACGATGTATCGATGA	0	FD150_1	Astronaut 1	FD150	FD	39.4294776274797
FD150_1_GTATCAGAACCAGCGGTAAT	0	FD150_1	Astronaut 1	FD150	FD	39.3062128832602
FD150_1_GTATCGCAACGCAGGGCAAC	5	FD150_1	Astronaut 1	FD150	FD	39.3062131053706
FD150_1_GTATCGCGGTGATGAGCAAC	0	FD150_1	Astronaut 1	FD150	FD	34.8656499895378
FD150_1_GTATCTCCGGCAGTTGCTTG	3	FD150_1	Astronaut 1	FD150	FD	10.9909203926035
FD150_1_GTATCTGCGCCAGCGGCCTT	0	FD150_1	Astronaut 1	FD150	FD	34.7548174129662
FD150_1_GTCCGAAGCACGTCGGCGGT	2	FD150_1	Astronaut 1	FD150	FD	36.5572149745365
FD150_1_GTCCGAGAGTCGAAGGGCGT	0	FD150_1	Astronaut 1	FD150	FD	35.8170841425765
FD150_1_GTCCGCTCCAGCCTTGGCGT	1	FD150_1	Astronaut 1	FD150	FD	39.306213327481
FD150_1_GTCCGCTGGAGCGGTGCTTG	0	FD150_1	Astronaut 1	FD150	FD	39.3062135495914
FD150_1_GTCCGTATTGGCAACGCAAC	4	FD150_1	Astronaut 1	FD150	FD	32.8208119953631
FD150_1_GTCCGTCGTACGGCAGATAT	0	FD150_1	Astronaut 1	FD150	FD	11.0081154730552
FD150_1_GTCCGTGGACATTCAGCAAC	7	FD150_1	Astronaut 1	FD150	FD	38.8282324509305
FD150_1_GTCTAAACTCCAGTTGATGA	1	FD150_1	Astronaut 1	FD150	FD	37.0752327229935
FD150_1_GTCTAAGCGGCAGTTGATGA	0	FD150_1	Astronaut 1	FD150	FD	7.84949445812236
FD150_1_GTCTAGACTGCAGTTGATGA	0	FD150_1	Astronaut 1	FD150	FD	39.3062137717018
FD150_1_GTCTAGCTTGCAGTTGATGA	3	FD150_1	Astronaut 1	FD150	FD	35.322286513785
FD150_1_GTCTAGGCAGCTAACGTCTA	6	FD150_1	Astronaut 1	FD150	FD	35.8111535494935
FD150_1_GTCTATAAGGCAGTTGATGA	1	FD150_1	Astronaut 1	FD150	FD	8.05638998315351
FD150_1_GTCTATCTACCAGTTGATGA	0	FD150_1	Astronaut 1	FD150	FD	39.3062139938122
FD150_1_GTCTATTGAACTAACGCTGC	2	FD150_1	Astronaut 1	FD150	FD	10.2078454820571
FD150_1_GTTAGATCCTGGAGCGTAAT	0	FD150_1	Astronaut 1	FD150	FD	36.8698274895348
FD150_1_GTTAGCGCTCCGATTGCCTT	0	FD150_1	Astronaut 1	FD150	FD	10.4775548012412
FD150_1_GTTAGGGCGTCCTAGGCAAC	2	FD150_1	Astronaut 1	FD150	FD	36.5572151966469
FD150_1_GTTAGGTCTACAACTGGCGT	3	FD150_1	Astronaut 1	FD150	FD	12.0566942449405
FD150_1_TAAGGAAGGTCCATAGATGA	1	FD150_1	Astronaut 1	FD150	FD	34.7929703296507
FD150_1_TAAGGCAGAAGCAACGATAT	0	FD150_1	Astronaut 1	FD150	FD	10.2078457041675
FD150_1_TAAGGCCGCTCTCCAGGAGC	0	FD150_1	Astronaut 1	FD150	FD	31.0763677375978
FD150_1_TAAGGCGTCGGAGCTGTCTA	1	FD150_1	Astronaut 1	FD150	FD	39.3062142159226
FD150_1_TAAGGTACGTCTAACGGCGT	1	FD150_1	Astronaut 1	FD150	FD	32.8208122174735
FD150_1_TAAGGTTGAACAATCGCTTG	0	FD150_1	Astronaut 1	FD150	FD	38.8282326730409
FD150_1_TACGTCCTAGCTAGTGCAAC	2	FD150_1	Astronaut 1	FD150	FD	34.5454568234695
FD150_1_TACGTCGGCACCATAGGCGT	0	FD150_1	Astronaut 1	FD150	FD	31.6385999408297
FD150_1_TACGTGTTAGCTGGAGCGGT	0	FD150_1	Astronaut 1	FD150	FD	34.8699482305447
FD150_1_TACGTTACGTCAGAAGATGA	0	FD150_1	Astronaut 1	FD150	FD	39.3062144380329
FD150_1_TACGTTTCATGCCTTGCCTT	0	FD150_1	Astronaut 1	FD150	FD	34.3219780947482
FD150_1_TAGAGAGGCTATTCAGATGA	0	FD150_1	Astronaut 1	FD150	FD	39.3062146601433
FD150_1_TAGAGCGAAGCGTCGGCCTT	7	FD150_1	Astronaut 1	FD150	FD	36.4038458756965
FD150_1_TAGAGGTATCGAGCTGGAGC	8	FD150_1	Astronaut 1	FD150	FD	38.694785343532
FD150_1_TAGAGTCTACGTATCGCGGT	0	FD150_1	Astronaut 1	FD150	FD	34.7500554078303
FD150_1_TAGGAACTAAGGCGTGCGGT	0	FD150_1	Astronaut 1	FD150	FD	39.3062148822537
FD150_1_TAGGAAGGTCGATATGCCTT	0	FD150_1	Astronaut 1	FD150	FD	39.1246188072866
FD150_1_TAGGAGAACCCGCAAGGTCC	2	FD150_1	Astronaut 1	FD150	FD	29.9944833532219
FD150_1_TAGGAGCAGGGTAATGATAT	0	FD150_1	Astronaut 1	FD150	FD	36.9165392326494
FD150_1_TATCTAGTTGCGACCGATGA	0	FD150_1	Astronaut 1	FD150	FD	32.1562334275645
FD150_1_TATCTTATCTGAACCGCAAC	8	FD150_1	Astronaut 1	FD150	FD	10.2078459262779
FD150_1_TATGCACCAGGAGCTGGAGC	4	FD150_1	Astronaut 1	FD150	FD	34.1774894136764
FD150_1_TATGCCAGCGCAGTTGCTGC	1	FD150_1	Astronaut 1	FD150	FD	38.5581721632592
FD150_1_TATGCCAGTTGCTTGGCTTG	0	FD150_1	Astronaut 1	FD150	FD	39.3062151043641
FD150_1_TATGCGGCAGCCGCTGCTTG	0	FD150_1	Astronaut 1	FD150	FD	8.25433835187006
FD150_1_TATTGATCTGCTCCAGATGA	1	FD150_1	Astronaut 1	FD150	FD	37.0635675640284
FD150_1_TATTGATCTGCTCCAGTCTA	0	FD150_1	Astronaut 1	FD150	FD	36.6491095640135
FD150_1_TATTGCCTAGCCATAGATAT	0	FD150_1	Astronaut 1	FD150	FD	36.5243643379061
FD150_1_TATTGGAGCTGCAGGGATAT	0	FD150_1	Astronaut 1	FD150	FD	38.0127003569019
FD150_1_TATTGGGAGCGGAGCGATAT	0	FD150_1	Astronaut 1	FD150	FD	34.3219783168586
FD150_1_TATTGGGCGTCGGATGCCTT	2	FD150_1	Astronaut 1	FD150	FD	8.13234076273203
FD150_1_TATTGGGTAACCGCTGGCGT	0	FD150_1	Astronaut 1	FD150	FD	8.52348536942603
FD150_1_TCAGTAGGTCCGCAAGTCTA	2	FD150_1	Astronaut 1	FD150	FD	8.08372352424616
FD150_1_TCAGTATCCTCTAGTGCAAC	3	FD150_1	Astronaut 1	FD150	FD	35.8659228918102
FD150_1_TCAGTCGATTGGCGTGGCGT	2	FD150_1	Astronaut 1	FD150	FD	33.3645259272942
FD150_1_TCAGTCTAGTCAGTTGGAGC	5	FD150_1	Astronaut 1	FD150	FD	7.86243029099778
FD150_1_TCAGTGCGAACGAAGGGCGT	0	FD150_1	Astronaut 1	FD150	FD	39.3062153264745
FD150_1_TCAGTTTGAACTTAAGATGA	0	FD150_1	Astronaut 1	FD150	FD	38.8020201920164
FD150_1_TCATCAGCGGGTATCGCCTT	0	FD150_1	Astronaut 1	FD150	FD	37.9984716542939
FD150_1_TCATCAGTTGCGCCTGGCGT	2	FD150_1	Astronaut 1	FD150	FD	39.3062155485849
FD150_1_TCATCCCATAGAGCTGCCTT	1	FD150_1	Astronaut 1	FD150	FD	37.0752329451039
FD150_1_TCATCCCATAGAGCTGTAAT	9	FD150_1	Astronaut 1	FD150	FD	37.691990123013
FD150_1_TCATCCGATTCGATTGGCGT	0	FD150_1	Astronaut 1	FD150	FD	39.4371255459901
FD150_1_TCCGGGCGAAGCTCTGGTCC	0	FD150_1	Astronaut 1	FD150	FD	37.7157900606619
FD150_1_TCCGGGGTCCGCTGCGCAAC	0	FD150_1	Astronaut 1	FD150	FD	38.8020204141268
FD150_1_TCCGGTCGCGGGCGTGGCGT	0	FD150_1	Astronaut 1	FD150	FD	33.7054748842035
FD150_1_TCGCGACCTACAGTTGGCGT	0	FD150_1	Astronaut 1	FD150	FD	26.402973301101
FD150_1_TCGTAACTTCGGCGTGGAGC	0	FD150_1	Astronaut 1	FD150	FD	35.931564260016
FD150_1_TCGTACTAACGCGGTGATGA	0	FD150_1	Astronaut 1	FD150	FD	39.3062157706953
FD150_1_TCGTACTAGTGCGGTGCTTG	3	FD150_1	Astronaut 1	FD150	FD	39.3062159928057
FD150_1_TCGTATCAGTCAACTGCTTG	4	FD150_1	Astronaut 1	FD150	FD	36.8698277116452
FD150_1_TCTACAGAGTCGAAGGATGA	3	FD150_1	Astronaut 1	FD150	FD	33.5784353373164
FD150_1_TCTACAGTTGCGCAAGCAAC	9	FD150_1	Astronaut 1	FD150	FD	4.55975586786444
FD150_1_TCTACATGCGCAATCGGTCC	1	FD150_1	Astronaut 1	FD150	FD	36.23797778077
FD150_1_TCTACCGTCGATTCAGCTTG	1	FD150_1	Astronaut 1	FD150	FD	25.2249600897201
FD150_1_TCTACGATATGATATGTAAT	4	FD150_1	Astronaut 1	FD150	FD	36.8698279337555
FD150_1_TCTACGCGGTCCTAGGGCGT	0	FD150_1	Astronaut 1	FD150	FD	25.3188303939362
FD150_1_TCTACGGCAGCTAGTGCTTG	0	FD150_1	Astronaut 1	FD150	FD	10.3140437939259
FD150_1_TCTACTGAGACCATAGGCGT	0	FD150_1	Astronaut 1	FD150	FD	38.1103978115509
FD150_1_TGAGAACCTAGATATGATGA	1	FD150_1	Astronaut 1	FD150	FD	36.8698281558659
FD150_1_TGAGAGACTGCAATCGGAGC	0	FD150_1	Astronaut 1	FD150	FD	33.4619764286329
FD150_1_TGAGAGAGTCCGCAAGATGA	4	FD150_1	Astronaut 1	FD150	FD	13.3311692298513
FD150_1_TGAGAGAGTCGCAGGGCTTG	0	FD150_1	Astronaut 1	FD150	FD	39.3016488663881
FD150_1_TGAGAGGCGTGACTGGATGA	0	FD150_1	Astronaut 1	FD150	FD	38.0415231712829
FD150_1_TGCGCAAGCAGCAACGTAAT	0	FD150_1	Astronaut 1	FD150	FD	39.306216214916
FD150_1_TGCGCCCTCACTGGAGGCGT	4	FD150_1	Astronaut 1	FD150	FD	36.6491097861239
FD150_1_TGCGCCGCAACAATCGCTTG	0	FD150_1	Astronaut 1	FD150	FD	7.79439315584457
FD150_1_TGCGCGTCTAGAGTCGCAAC	7	FD150_1	Astronaut 1	FD150	FD	32.5020089207556
FD150_1_TGCGCTAGGACGAAGGCTTG	0	FD150_1	Astronaut 1	FD150	FD	31.5859844582239
FD150_1_TGGACAAGGTGCCTTGCAAC	0	FD150_1	Astronaut 1	FD150	FD	32.102090121981
FD150_1_TGGACACCAGGCCTTGCTTG	1	FD150_1	Astronaut 1	FD150	FD	9.69529755683707
FD150_1_TGGACGCGAAATTCAGCTTG	6	FD150_1	Astronaut 1	FD150	FD	34.3219785389689
FD150_1_TGGACGCTTGCCATAGGCGT	0	FD150_1	Astronaut 1	FD150	FD	10.2878491316332
FD150_1_TGGACGGCAGCGCTCGTAAT	1	FD150_1	Astronaut 1	FD150	FD	34.6167087754724
FD150_1_TGGACTTCATCAGCGGCGGT	0	FD150_1	Astronaut 1	FD150	FD	35.3765920622555
FD150_1_TGGACTTCGACCATAGCTGC	4	FD150_1	Astronaut 1	FD150	FD	33.6446658592047
FD150_1_TTAGCAAGACGCCTTGCGGT	4	FD150_1	Astronaut 1	FD150	FD	9.46004103619509
FD150_1_TTAGCAAGCAGATGAGATGA	0	FD150_1	Astronaut 1	FD150	FD	36.8698283779763
FD150_1_TTAGCCTAACGAGTCGCGGT	0	FD150_1	Astronaut 1	FD150	FD	39.2645112197743
FD150_1_TTAGCCTAGTGAACCGCGGT	0	FD150_1	Astronaut 1	FD150	FD	36.8698286000867
FD150_1_TTAGCGATGACTACGGCTGC	1	FD150_1	Astronaut 1	FD150	FD	35.5806069373092
FD150_1_TTAGCTGGACGCGGTGATGA	3	FD150_1	Astronaut 1	FD150	FD	37.6758389807462
FD150_1_TTAGCTGGACGCTCTGCCTT	8	FD150_1	Astronaut 1	FD150	FD	32.3134427232156
FD150_1_TTATGACTAAGGAGCGGCGT	0	FD150_1	Astronaut 1	FD150	FD	4.49759635306385
FD150_1_TTATGAGTTGCCATAGCGGT	1	FD150_1	Astronaut 1	FD150	FD	30.0962352686415
FD150_1_TTATGATGGCCGAAGGCAAC	9	FD150_1	Astronaut 1	FD150	FD	14.6567988081628
FD150_1_TTATGGCCTTGACTGGCTTG	3	FD150_1	Astronaut 1	FD150	FD	37.1005384390791
FD150_1_TTATGTGCTACGGCAGGCGT	3	FD150_1	Astronaut 1	FD150	FD	39.2700660816838
FD150_1_TTCATAGAACCTTAAGATAT	4	FD150_1	Astronaut 1	FD150	FD	10.3807465789327
FD150_1_TTCATCGAAGCGATTGATAT	3	FD150_1	Astronaut 1	FD150	FD	36.8698288221971
FD150_1_TTCATGGTCCCGCTCGATGA	5	FD150_1	Astronaut 1	FD150	FD	38.5581723853696
FD150_1_TTCATTGCGCGATGAGCAAC	4	FD150_1	Astronaut 1	FD150	FD	9.07204007902887
FD150_1_TTCGAGTTAGGGCAGGCCTT	2	FD150_1	Astronaut 1	FD150	FD	30.1475680265771
FD150_1_TTCGATGAGACCTCAGCCTT	0	FD150_1	Astronaut 1	FD150	FD	34.6165995123324
FD150_1_TTGAAAACGACGCCTGCTTG	0	FD150_1	Astronaut 1	FD150	FD	7.9060455074592
FD150_1_TTGAAATTGGGCTTGGCCTT	0	FD150_1	Astronaut 1	FD150	FD	39.1448669060661
FD150_1_TTGAACGAAGGCAGGGTAAT	4	FD150_1	Astronaut 1	FD150	FD	38.7938358998103
FD150_1_TTGAACGGCAATTGGGCAAC	8	FD150_1	Astronaut 1	FD150	FD	10.6626217403239
FD150_1_TTGAACGGCAGAGCTGGCGT	3	FD150_1	Astronaut 1	FD150	FD	37.0602783660398
FD150_1_TTGAAGAACCCGGATGTAAT	7	FD150_1	Astronaut 1	FD150	FD	35.3222867358954
FD150_1_TTGAAGGCGTGCTCTGTAAT	0	FD150_1	Astronaut 1	FD150	FD	39.2560680839082
FD150_1_TTGAAGGTCCGCAGGGCTTG	3	FD150_1	Astronaut 1	FD150	FD	39.3062164370264
FD150_1_TTGAAGTCCGGGAGCGATGA	3	FD150_1	Astronaut 1	FD150	FD	39.3062166591368
FD150_1_TTGAATCCGGGATATGCGGT	7	FD150_1	Astronaut 1	FD150	FD	14.5263840363339
FD150_2_AACCGACTCGCGCAAGCTGC	0	FD150_2	Astronaut 2	FD150	FD	38.55817260748
FD150_2_AACCGACTCGGAACCGCTGC	2	FD150_2	Astronaut 2	FD150	FD	12.9145782126725
FD150_2_AACCGATCCTCTTAAGGAGC	5	FD150_2	Astronaut 2	FD150	FD	10.4430948169237
FD150_2_AACCGATGCGGTAGAGGCGT	5	FD150_2	Astronaut 2	FD150	FD	15.9271134279756
FD150_2_AACCGATGGCGAGTCGATGA	3	FD150_2	Astronaut 2	FD150	FD	7.12320325750983
FD150_2_AACCGCAACTCGGATGGAGC	5	FD150_2	Astronaut 2	FD150	FD	22.7431846325642
FD150_2_AACCGCAACTGGCGTGGAGC	0	FD150_2	Astronaut 2	FD150	FD	14.6552303037721
FD150_2_AACCGCCATAGATGAGCAAC	2	FD150_2	Astronaut 2	FD150	FD	12.0833226449746
FD150_2_AACCGCCTCAGGTAAGGTCC	8	FD150_2	Astronaut 2	FD150	FD	13.0682508869162
FD150_2_AACCGGATATATTGGGCTTG	6	FD150_2	Astronaut 2	FD150	FD	16.3968774301586
FD150_2_AACCGGCAACATTGGGCCTT	0	FD150_2	Astronaut 2	FD150	FD	22.7431848546746
FD150_2_AACCGGCGAAGAGTCGATAT	0	FD150_2	Astronaut 2	FD150	FD	24.826291760272
FD150_2_AACCGGCTTGCGATTGGAGC	3	FD150_2	Astronaut 2	FD150	FD	25.2295453968701
FD150_2_AACCGTTGAAGATATGATAT	2	FD150_2	Astronaut 2	FD150	FD	26.1433308341046
FD150_2_AACGAAGTTGCGACCGCTTG	0	FD150_2	Astronaut 2	FD150	FD	14.6835669520741
FD150_2_AACGAATTGGGAGCTGTCTA	7	FD150_2	Astronaut 2	FD150	FD	36.2379780028804
FD150_2_AACGAATTGGGGTAAGTAAT	1	FD150_2	Astronaut 2	FD150	FD	12.8231935768624
FD150_2_AACGACAATCCGACCGCAAC	1	FD150_2	Astronaut 2	FD150	FD	12.0566944670508
FD150_2_AACGACAGCGGCGGTGATAT	5	FD150_2	Astronaut 2	FD150	FD	25.2887896683576
FD150_2_AACGACAGCGGGAGCGGCGT	1	FD150_2	Astronaut 2	FD150	FD	7.44199872129468
FD150_2_AACGACCATAGGCAGGTCTA	6	FD150_2	Astronaut 2	FD150	FD	8.6560187352875
FD150_2_AACGACGCTCGCTTGGCTTG	2	FD150_2	Astronaut 2	FD150	FD	13.3249349687979
FD150_2_AACGACTCCAGATGAGGCGT	2	FD150_2	Astronaut 2	FD150	FD	19.7147871975496
FD150_2_AACGAGTATCGAACCGCAAC	1	FD150_2	Astronaut 2	FD150	FD	27.4752979586011
FD150_2_AACGATATGCCTAACGCCTT	0	FD150_2	Astronaut 2	FD150	FD	12.8231937989728
FD150_2_AACGATATTGCTCCAGCAAC	2	FD150_2	Astronaut 2	FD150	FD	10.2078461483883
FD150_2_AACTCAGAGTGCTGCGGCGT	1	FD150_2	Astronaut 2	FD150	FD	12.8067719772022
FD150_2_AACTCAGGCTGACTGGATGA	2	FD150_2	Astronaut 2	FD150	FD	30.6780213181731
FD150_2_AACTCATGGCGATATGATGA	2	FD150_2	Astronaut 2	FD150	FD	7.12320347962021
FD150_2_AACTCCCTAGCGACCGGCGT	1	FD150_2	Astronaut 2	FD150	FD	12.2123628740123
FD150_2_AACTCCGACCCGTCGGCGGT	1	FD150_2	Astronaut 2	FD150	FD	8.4967380131181
FD150_2_AACTCCGGATGGCGTGCTTG	0	FD150_2	Astronaut 2	FD150	FD	25.9250214420269
FD150_2_AACTCCTACGGTAGAGATAT	2	FD150_2	Astronaut 2	FD150	FD	19.8001283195597
FD150_2_AACTCGCTCTATTGGGCGGT	7	FD150_2	Astronaut 2	FD150	FD	14.6659335625913
FD150_2_AACTCGGCGTGGTAAGTAAT	0	FD150_2	Astronaut 2	FD150	FD	38.5581728295903
FD150_2_AACTCGTAATCGCAAGCTGC	0	FD150_2	Astronaut 2	FD150	FD	36.1716264603891
FD150_2_AACTCTAGGACGAAGGCAAC	0	FD150_2	Astronaut 2	FD150	FD	8.17108216554225
FD150_2_AACTCTGGACGTAGAGTCTA	8	FD150_2	Astronaut 2	FD150	FD	10.0298134894558
FD150_2_AACTCTTAGCGTATCGATGA	0	FD150_2	Astronaut 2	FD150	FD	6.86248749379257
FD150_2_AACTCTTGAAGAGTCGGCGT	0	FD150_2	Astronaut 2	FD150	FD	38.5581730517007
FD150_2_AAGACACCAGCCTAGGGCGT	3	FD150_2	Astronaut 2	FD150	FD	16.396877652269
FD150_2_AAGACAGCGGGGTAAGTAAT	0	FD150_2	Astronaut 2	FD150	FD	22.3540044109942
FD150_2_AAGACCTAACGCTGCGGAGC	4	FD150_2	Astronaut 2	FD150	FD	12.5580782109866
FD150_2_AAGACGCAACCTAGTGCCTT	9	FD150_2	Astronaut 2	FD150	FD	12.083322867085
FD150_2_AAGACGTAGACTCCAGATAT	0	FD150_2	Astronaut 2	FD150	FD	8.40363222393418
FD150_2_AAGCAAGAACGGCAGGATGA	2	FD150_2	Astronaut 2	FD150	FD	28.2788928578499
FD150_2_AAGCAATCCTCTACGGGAGC	2	FD150_2	Astronaut 2	FD150	FD	36.8698290443075
FD150_2_AAGCAATGCGGGAGCGCCTT	0	FD150_2	Astronaut 2	FD150	FD	13.8094973374407
FD150_2_AAGCAGAGCTGAGTCGATAT	1	FD150_2	Astronaut 2	FD150	FD	36.1492462750007
FD150_2_AAGCAGCAGGGGAGCGATAT	5	FD150_2	Astronaut 2	FD150	FD	32.3179810481782
FD150_2_AAGCAGCCTTGGCAGGCAAC	0	FD150_2	Astronaut 2	FD150	FD	15.3589318278675
FD150_2_AAGCAGCGGTGGAGCGATAT	2	FD150_2	Astronaut 2	FD150	FD	36.4614848150776
FD150_2_AAGCAGTTAGCAACTGATGA	1	FD150_2	Astronaut 2	FD150	FD	36.2156617495637
FD150_2_AAGCATACGTCGACCGCCTT	0	FD150_2	Astronaut 2	FD150	FD	8.53100291364666
FD150_2_AAGCATAGGAGTAGAGTAAT	1	FD150_2	Astronaut 2	FD150	FD	30.6780710027001
FD150_2_AAGCATCTACCGTCGGCTGC	1	FD150_2	Astronaut 2	FD150	FD	8.77289021202303
FD150_2_AAGCATGGACGCTGCGGTCC	0	FD150_2	Astronaut 2	FD150	FD	4.12331339219052
FD150_2_AAGCATTAGCGGTAAGGAGC	4	FD150_2	Astronaut 2	FD150	FD	30.6783548814907
FD150_2_AAGCATTGAACAATCGCCTT	0	FD150_2	Astronaut 2	FD150	FD	9.88967946122144
FD150_2_AAGGTAAGCACGATTGTCTA	0	FD150_2	Astronaut 2	FD150	FD	21.0037797282758
FD150_2_AAGGTACTCGCGATTGATGA	3	FD150_2	Astronaut 2	FD150	FD	38.5581732738111
FD150_2_AAGGTATGGCGCTCTGCCTT	2	FD150_2	Astronaut 2	FD150	FD	8.75535635465276
FD150_2_AAGGTATTGGCGATTGTCTA	2	FD150_2	Astronaut 2	FD150	FD	16.7031945011031
FD150_2_AAGGTCCATAGCAACGATGA	0	FD150_2	Astronaut 2	FD150	FD	35.9377820229201
FD150_2_AAGGTGATATCGGATGGCGT	5	FD150_2	Astronaut 2	FD150	FD	7.2776049426035
FD150_2_AAGGTGCTTGGAACCGATAT	3	FD150_2	Astronaut 2	FD150	FD	8.7511093327063
FD150_2_AAGGTGTATCGGTAAGCTTG	0	FD150_2	Astronaut 2	FD150	FD	12.9272193070162
FD150_2_AAGGTTCAGTCAGTTGTAAT	0	FD150_2	Astronaut 2	FD150	FD	26.143331056215
FD150_2_AAGGTTTGAACTTAAGATGA	5	FD150_2	Astronaut 2	FD150	FD	14.6647160467217
FD150_2_ACCAGAACGAATTGGGCCTT	2	FD150_2	Astronaut 2	FD150	FD	12.800632321228
FD150_2_ACCAGAACGACGCTCGGCGT	8	FD150_2	Astronaut 2	FD150	FD	17.4504522138984
FD150_2_ACCAGCAGTTGTATCGGTCC	9	FD150_2	Astronaut 2	FD150	FD	14.6647162688321
FD150_2_ACCAGCGACCGTAGAGCTGC	3	FD150_2	Astronaut 2	FD150	FD	38.5581734959215
FD150_2_ACCAGCGGCACTAGTGGCGT	0	FD150_2	Astronaut 2	FD150	FD	10.6626219624343
FD150_2_ACCAGGAGTCGATGAGCCTT	5	FD150_2	Astronaut 2	FD150	FD	2.65319119010275
FD150_2_ACCAGGATATATTGGGCAAC	4	FD150_2	Astronaut 2	FD150	FD	9.56741522989176
FD150_2_ACCAGGATATGGTCCGGCGT	6	FD150_2	Astronaut 2	FD150	FD	25.2194328703103
FD150_2_ACCAGGGTCCGCCTTGATAT	0	FD150_2	Astronaut 2	FD150	FD	30.6778993814697
FD150_2_ACCAGTACGTCTGGAGCGGT	1	FD150_2	Astronaut 2	FD150	FD	36.4614850371879
FD150_2_ACCTAAACGACTAACGCTTG	0	FD150_2	Astronaut 2	FD150	FD	22.9777386568763
FD150_2_ACCTAACTAAGAGCTGCTGC	0	FD150_2	Astronaut 2	FD150	FD	35.4350323773723
FD150_2_ACCTACTGGACAACTGCTTG	9	FD150_2	Astronaut 2	FD150	FD	28.9708380794495
FD150_2_ACCTAGAGCTGTAGAGATAT	5	FD150_2	Astronaut 2	FD150	FD	25.2194330924207
FD150_2_ACCTAGGCAGATTCAGATGA	0	FD150_2	Astronaut 2	FD150	FD	10.5514893400866
FD150_2_ACCTATCTACCTAACGTAAT	2	FD150_2	Astronaut 2	FD150	FD	12.2123630961227
FD150_2_ACCTATGCGCGTAATGCAAC	0	FD150_2	Astronaut 2	FD150	FD	32.5130083821955
FD150_2_ACGATAGTTGGGCAGGATGA	1	FD150_2	Astronaut 2	FD150	FD	8.79992433875948
FD150_2_ACGATCGAAGGTAGAGATAT	9	FD150_2	Astronaut 2	FD150	FD	11.027569076045
FD150_2_ACGATCGTCGATTGGGATGA	3	FD150_2	Astronaut 2	FD150	FD	25.2436364374267
FD150_2_ACGATGCTCTCAGCGGATAT	1	FD150_2	Astronaut 2	FD150	FD	29.2629517691284
FD150_2_ACGATTCGCGATTCAGCAAC	0	FD150_2	Astronaut 2	FD150	FD	31.0173369803096
FD150_2_ACGATTCTACGTAGAGATGA	1	FD150_2	Astronaut 2	FD150	FD	11.0267699491894
FD150_2_ACTAAATGGCCGGATGTCTA	0	FD150_2	Astronaut 2	FD150	FD	9.50345058984649
FD150_2_ACTAAATGGCGCTCTGATGA	0	FD150_2	Astronaut 2	FD150	FD	37.5322324860149
FD150_2_ACTAAATTCAGCAGGGCGGT	0	FD150_2	Astronaut 2	FD150	FD	11.0053964057718
FD150_2_ACTAACGCCTGCTCTGCTTG	7	FD150_2	Astronaut 2	FD150	FD	37.5322327081252
FD150_2_ACTAAGTCTAGTATCGTCTA	0	FD150_2	Astronaut 2	FD150	FD	22.7755831457013
FD150_2_ACTAATAGGAGGTCCGGCGT	1	FD150_2	Astronaut 2	FD150	FD	13.8094975595511
FD150_2_ACTAATGCTAGCTTGGATGA	0	FD150_2	Astronaut 2	FD150	FD	39.3062168812472
FD150_2_ACTAATTCGACTAGTGCTTG	6	FD150_2	Astronaut 2	FD150	FD	13.8094977816615
FD150_2_ACTCGAGCGGGCTTGGCTTG	4	FD150_2	Astronaut 2	FD150	FD	14.5263842584443
FD150_2_ACTCGAGGTCGGCAGGCAAC	1	FD150_2	Astronaut 2	FD150	FD	19.2390758887864
FD150_2_ACTCGCAGCGCAATCGCTTG	1	FD150_2	Astronaut 2	FD150	FD	20.2867141743283
FD150_2_ACTCGCTACGGAACCGTCTA	1	FD150_2	Astronaut 2	FD150	FD	16.3968778743794
FD150_2_ACTCGGCTTGGAGCTGGCGT	3	FD150_2	Astronaut 2	FD150	FD	38.5581737180319
FD150_2_ACTCGTAAGGCAATCGCTTG	8	FD150_2	Astronaut 2	FD150	FD	8.54459442174721
FD150_2_ACTCGTATTGCTTAAGCTTG	5	FD150_2	Astronaut 2	FD150	FD	13.9689020428476
FD150_2_ACTCGTATTGGGCAGGGTCC	7	FD150_2	Astronaut 2	FD150	FD	29.2194776571555
FD150_2_ACTCGTTAGCCCATAGCAAC	4	FD150_2	Astronaut 2	FD150	FD	10.0298137115662
FD150_2_ACTCGTTAGCGAACCGGAGC	1	FD150_2	Astronaut 2	FD150	FD	36.8698292664179
FD150_2_ACTTCACGATGTAGAGTCTA	0	FD150_2	Astronaut 2	FD150	FD	35.4951528311098
FD150_2_ACTTCCGCCTGTAGAGGAGC	0	FD150_2	Astronaut 2	FD150	FD	9.60119450057426
FD150_2_ACTTCTTCGAGCAGGGCTGC	2	FD150_2	Astronaut 2	FD150	FD	12.0602237540707
FD150_2_AGAACACCAGCAGCGGTAAT	0	FD150_2	Astronaut 2	FD150	FD	38.6000033116198
FD150_2_AGAACACTTCGGTCCGTCTA	0	FD150_2	Astronaut 2	FD150	FD	13.4290127578822
FD150_2_AGAACATCCTCGGATGATAT	0	FD150_2	Astronaut 2	FD150	FD	36.8698294885283
FD150_2_AGAACCAGCGCAGCGGGAGC	3	FD150_2	Astronaut 2	FD150	FD	11.0299083696577
FD150_2_AGAACCGTCGGGCAGGCTGC	5	FD150_2	Astronaut 2	FD150	FD	14.6552305258825
FD150_2_AGAACGTAATGGTCCGATAT	1	FD150_2	Astronaut 2	FD150	FD	38.5581739401423
FD150_2_AGAACGTAGACAGTTGCCTT	0	FD150_2	Astronaut 2	FD150	FD	19.7188686705771
FD150_2_AGAACGTAGACGCTCGCGGT	8	FD150_2	Astronaut 2	FD150	FD	30.4495880061854
FD150_2_AGAACGTAGAGATATGCCTT	0	FD150_2	Astronaut 2	FD150	FD	35.9377822450304
FD150_2_AGAGTATGGCGCCTTGGCGT	0	FD150_2	Astronaut 2	FD150	FD	15.6138959252312
FD150_2_AGAGTCAGAAGTAATGCTGC	0	FD150_2	Astronaut 2	FD150	FD	10.0298139336765
FD150_2_AGAGTCAGTTGAACCGCCTT	0	FD150_2	Astronaut 2	FD150	FD	8.75110955481668
FD150_2_AGAGTCCATACCTCAGCGGT	0	FD150_2	Astronaut 2	FD150	FD	8.75110977692707
FD150_2_AGAGTCGCAAGCAGGGATGA	0	FD150_2	Astronaut 2	FD150	FD	21.5377220705333
FD150_2_AGAGTCGCAAGGTAAGCAAC	5	FD150_2	Astronaut 2	FD150	FD	38.5581741622527
FD150_2_AGAGTCGTCGGCAGGGCTTG	0	FD150_2	Astronaut 2	FD150	FD	9.02193832235687
FD150_2_AGAGTCTACGGTAATGGAGC	4	FD150_2	Astronaut 2	FD150	FD	34.3219787610793
FD150_2_AGAGTGGTAAGGAGCGTAAT	0	FD150_2	Astronaut 2	FD150	FD	10.6626221845447
FD150_2_AGAGTTATCTCCTAGGCTTG	0	FD150_2	Astronaut 2	FD150	FD	8.7786208253194
FD150_2_AGAGTTATTGGGCAGGTCTA	1	FD150_2	Astronaut 2	FD150	FD	12.9160335352847
FD150_2_AGCGGCCTCAGTATCGTCTA	1	FD150_2	Astronaut 2	FD150	FD	39.3062171033576
FD150_2_AGCGGCTACGGGTAAGTCTA	0	FD150_2	Astronaut 2	FD150	FD	39.306217325468
FD150_2_AGCGGGAACCCGCCTGCTGC	2	FD150_2	Astronaut 2	FD150	FD	33.336970609123
FD150_2_AGCGGGCTGCGAGTCGCCTT	0	FD150_2	Astronaut 2	FD150	FD	11.0069865944006
FD150_2_AGCGGTATTGATTGGGCTTG	3	FD150_2	Astronaut 2	FD150	FD	13.0499008111377
FD150_2_AGCGGTCCGGCAACTGTAAT	2	FD150_2	Astronaut 2	FD150	FD	12.793791466229
FD150_2_AGCGGTGAGAGATATGCTTG	1	FD150_2	Astronaut 2	FD150	FD	18.6604969327894
FD150_2_AGCGGTTCATGCAACGTAAT	1	FD150_2	Astronaut 2	FD150	FD	8.40861366976744
FD150_2_AGGCTCCTAGCGATTGATGA	2	FD150_2	Astronaut 2	FD150	FD	21.5377222926437
FD150_2_AGGCTCTTAACGCCTGATGA	1	FD150_2	Astronaut 2	FD150	FD	12.1990598421316
FD150_2_AGGCTGCTTGGCTTGGATGA	0	FD150_2	Astronaut 2	FD150	FD	32.9938533405101
FD150_2_AGGCTGGTAACGATTGGCGT	9	FD150_2	Astronaut 2	FD150	FD	14.6552307479929
FD150_2_AGGTCATCCTGTAATGGCGT	1	FD150_2	Astronaut 2	FD150	FD	13.3460847122317
FD150_2_AGGTCATTACGCCTTGCGGT	1	FD150_2	Astronaut 2	FD150	FD	26.1433312783254
FD150_2_AGGTCGAGCTGCTCTGGCGT	0	FD150_2	Astronaut 2	FD150	FD	25.2194333145311
FD150_2_AGGTCTAGAGATTGGGCAAC	1	FD150_2	Astronaut 2	FD150	FD	17.0409847980652
FD150_2_AGTTGAAGGTCGAAGGGAGC	8	FD150_2	Astronaut 2	FD150	FD	15.0240264279817
FD150_2_AGTTGAGGCTCAACTGGCGT	0	FD150_2	Astronaut 2	FD150	FD	39.3062175475784
FD150_2_AGTTGCCATACGATTGCTGC	1	FD150_2	Astronaut 2	FD150	FD	10.9669774431742
FD150_2_AGTTGCGTCGGCAGGGCTTG	2	FD150_2	Astronaut 2	FD150	FD	39.3062177696888
FD150_2_AGTTGGCGAAGACTGGGCGT	0	FD150_2	Astronaut 2	FD150	FD	36.5393676585379
FD150_2_AGTTGGTCTACGACCGCTGC	0	FD150_2	Astronaut 2	FD150	FD	19.8977340585204
FD150_2_AGTTGTCTACGAACCGCTTG	7	FD150_2	Astronaut 2	FD150	FD	39.3062179917991
FD150_2_ATCCTACTAACGCCTGCGGT	0	FD150_2	Astronaut 2	FD150	FD	35.9377824671408
FD150_2_ATCTGCAGTTCCATAGGAGC	1	FD150_2	Astronaut 2	FD150	FD	10.9470260019551
FD150_2_ATCTGCCGCTGGCAGGCTTG	2	FD150_2	Astronaut 2	FD150	FD	14.5263844805547
FD150_2_ATCTGGATATCTCCAGATGA	0	FD150_2	Astronaut 2	FD150	FD	8.18386254497071
FD150_2_ATCTGGTATCGTAGAGATAT	2	FD150_2	Astronaut 2	FD150	FD	32.5516728187623
FD150_2_ATCTGGTATCGTAGAGCAAC	9	FD150_2	Astronaut 2	FD150	FD	35.9377826892512
FD150_2_ATGCGAAGCAGGTAAGCTTG	1	FD150_2	Astronaut 2	FD150	FD	36.2379782249908
FD150_2_ATGCGAGGCTGAACCGGTCC	6	FD150_2	Astronaut 2	FD150	FD	18.1076320946843
FD150_2_ATGCGATGGCGCTTGGATAT	4	FD150_2	Astronaut 2	FD150	FD	20.4120626917897
FD150_2_ATGCGCAGAACGGCAGGAGC	1	FD150_2	Astronaut 2	FD150	FD	11.1314785209862
FD150_2_ATGCGGCGGTCGAAGGCTGC	2	FD150_2	Astronaut 2	FD150	FD	6.89541752922464
FD150_2_ATGCGGTCCGGTAATGCGGT	5	FD150_2	Astronaut 2	FD150	FD	11.0267701712998
FD150_2_ATGGCATGCGGTAGAGTCTA	2	FD150_2	Astronaut 2	FD150	FD	31.6411445087576
FD150_2_ATGGCATGGCGTATCGCCTT	2	FD150_2	Astronaut 2	FD150	FD	11.1389486780086
FD150_2_ATGGCCAACTGGCGTGGTCC	3	FD150_2	Astronaut 2	FD150	FD	14.5263847026651
FD150_2_ATGGCCCGCTCTAGTGTCTA	0	FD150_2	Astronaut 2	FD150	FD	25.6868079692377
FD150_2_ATGGCCTAACGATATGATGA	4	FD150_2	Astronaut 2	FD150	FD	31.5307377280405
FD150_2_ATGGCCTGGAGCTGCGCTGC	6	FD150_2	Astronaut 2	FD150	FD	17.2353173392876
FD150_2_ATGGCTAAGGCAGCGGTCTA	2	FD150_2	Astronaut 2	FD150	FD	38.558174384363
FD150_2_ATGGCTCTACGGTCCGCGGT	6	FD150_2	Astronaut 2	FD150	FD	36.8698297106386
FD150_2_ATTACAAGACCGCCTGGAGC	2	FD150_2	Astronaut 2	FD150	FD	13.7649025946021
FD150_2_ATTACATTCACAGTTGCGGT	3	FD150_2	Astronaut 2	FD150	FD	36.5944418064792
FD150_2_ATTACCGTCGCGGATGCTGC	4	FD150_2	Astronaut 2	FD150	FD	13.3495759093338
FD150_2_ATTACGAACCCGACCGGTCC	0	FD150_2	Astronaut 2	FD150	FD	31.6775747947853
FD150_2_ATTACGCAGGCGTCGGTCTA	0	FD150_2	Astronaut 2	FD150	FD	10.4654608489168
FD150_2_ATTACTAGAGCGAAGGCGGT	8	FD150_2	Astronaut 2	FD150	FD	12.7596920644621
FD150_2_ATTACTCCGGCCTCAGATGA	5	FD150_2	Astronaut 2	FD150	FD	21.086895902365
FD150_2_ATTACTTGAACCATAGTCTA	1	FD150_2	Astronaut 2	FD150	FD	9.55292811977456
FD150_2_ATTACTTGAAGGCGTGCTTG	5	FD150_2	Astronaut 2	FD150	FD	9.04396021462418
FD150_2_ATTCAAGAGTGTAATGCTGC	0	FD150_2	Astronaut 2	FD150	FD	10.2078463704987
FD150_2_ATTCAATCTGGGTCCGCAAC	4	FD150_2	Astronaut 2	FD150	FD	11.8478419675032
FD150_2_ATTCAATTGGCTGGAGATAT	0	FD150_2	Astronaut 2	FD150	FD	39.3062182139095
FD150_2_ATTCACGAAGCAATCGCTTG	0	FD150_2	Astronaut 2	FD150	FD	12.0566946891612
FD150_2_ATTCACTAACGCGGTGTAAT	0	FD150_2	Astronaut 2	FD150	FD	11.4010387864521
FD150_2_ATTCACTAGTCTACGGATGA	1	FD150_2	Astronaut 2	FD150	FD	17.9624247613792
FD150_2_ATTCAGGTAAGATATGATAT	0	FD150_2	Astronaut 2	FD150	FD	9.5291515894863
FD150_2_ATTCATAGAGCGCCTGCTTG	0	FD150_2	Astronaut 2	FD150	FD	14.7066714431448
FD150_2_ATTCATCATCGGAGCGGCGT	0	FD150_2	Astronaut 2	FD150	FD	25.9250216641373
FD150_2_ATTCATTATGGAGTCGATGA	9	FD150_2	Astronaut 2	FD150	FD	12.2123633182331
FD150_2_ATTGGATCCTCTTAAGATAT	0	FD150_2	Astronaut 2	FD150	FD	17.151332153219
FD150_2_ATTGGGTAGAGTAGAGGCGT	2	FD150_2	Astronaut 2	FD150	FD	32.4095311666097
FD150_2_ATTGGTTCATCGGCAGCTTG	0	FD150_2	Astronaut 2	FD150	FD	39.3062184360199
FD150_2_CAACTAACCGGATGAGATAT	3	FD150_2	Astronaut 2	FD150	FD	17.235317561398
FD150_2_CAACTACTCGCTGGAGCAAC	0	FD150_2	Astronaut 2	FD150	FD	12.536057984261
FD150_2_CAACTCCTAGATTCAGATAT	2	FD150_2	Astronaut 2	FD150	FD	27.5168555240969
FD150_2_CAACTCGCTCCGATTGCTTG	0	FD150_2	Astronaut 2	FD150	FD	25.7409918911562
FD150_2_CAACTCGGCACAGTTGATAT	1	FD150_2	Astronaut 2	FD150	FD	17.9407306970144
FD150_2_CAACTCTTAAGGCGTGCAAC	4	FD150_2	Astronaut 2	FD150	FD	33.4173120509281
FD150_2_CAACTGGAGCCGATTGCCTT	1	FD150_2	Astronaut 2	FD150	FD	19.1171624300753
FD150_2_CAACTGGCAGCGCTCGCTTG	0	FD150_2	Astronaut 2	FD150	FD	27.4823691364565
FD150_2_CAATCACCAGCAGTTGCAAC	0	FD150_2	Astronaut 2	FD150	FD	36.202769006167
FD150_2_CAATCCAGTTGCTTGGATAT	0	FD150_2	Astronaut 2	FD150	FD	16.8460543238581
FD150_2_CAATCCTAACGAGCTGGCGT	0	FD150_2	Astronaut 2	FD150	FD	8.67784034816636
FD150_2_CAATCTACGTGCAACGCAAC	2	FD150_2	Astronaut 2	FD150	FD	10.662622406655
FD150_2_CAATCTCGTAGCTTGGTCTA	2	FD150_2	Astronaut 2	FD150	FD	22.0412907139641
FD150_2_CAATCTTAGCGATGAGCTTG	7	FD150_2	Astronaut 2	FD150	FD	12.2123635403435
FD150_2_CAGAAACTCGGGTAAGGCGT	1	FD150_2	Astronaut 2	FD150	FD	19.7201056969601
FD150_2_CAGAAAGAACCCTCAGCCTT	5	FD150_2	Astronaut 2	FD150	FD	14.5263849247754
FD150_2_CAGAAATGGCGAGTCGCTTG	1	FD150_2	Astronaut 2	FD150	FD	35.3552104466026
FD150_2_CAGAAATTGGGCTCTGCTGC	1	FD150_2	Astronaut 2	FD150	FD	24.8457780151473
FD150_2_CAGAAATTGGGCTCTGCTTG	5	FD150_2	Astronaut 2	FD150	FD	11.1206966153193
FD150_2_CAGAAGTAGAGAGTCGCCTT	2	FD150_2	Astronaut 2	FD150	FD	12.7638270364259
FD150_2_CAGAAGTAGAGCGAAGATGA	1	FD150_2	Astronaut 2	FD150	FD	16.1564497429118
FD150_2_CAGAAGTTAGCTAACGCAAC	2	FD150_2	Astronaut 2	FD150	FD	22.8119134343984
FD150_2_CAGCGAAGACCTCCAGTAAT	0	FD150_2	Astronaut 2	FD150	FD	22.0204818927981
FD150_2_CAGCGACTCGCCGCTGATGA	3	FD150_2	Astronaut 2	FD150	FD	38.5581746064734
FD150_2_CAGCGCAATCGCGGTGATAT	4	FD150_2	Astronaut 2	FD150	FD	9.76479269365057
FD150_2_CAGCGCGAAGCTCCAGATAT	1	FD150_2	Astronaut 2	FD150	FD	25.8477868899083
FD150_2_CAGCGCGCAAGCTTGGCTGC	5	FD150_2	Astronaut 2	FD150	FD	17.4504524360088
FD150_2_CAGCGCTAACGGCGTGGAGC	1	FD150_2	Astronaut 2	FD150	FD	26.1433315004358
FD150_2_CAGCGGGTAAGTATCGGCGT	1	FD150_2	Astronaut 2	FD150	FD	38.5581748285838
FD150_2_CAGCGGTCCGGCTGCGCAAC	9	FD150_2	Astronaut 2	FD150	FD	20.4146604775177
FD150_2_CAGCGGTCCGGGCAGGATAT	9	FD150_2	Astronaut 2	FD150	FD	11.8172895792056
FD150_2_CAGCGTTAGCGGTAAGCGGT	0	FD150_2	Astronaut 2	FD150	FD	33.5895840284823
FD150_2_CAGTTAAGGTCGACCGATAT	8	FD150_2	Astronaut 2	FD150	FD	13.7716989742042
FD150_2_CAGTTACGATGGTCCGCAAC	9	FD150_2	Astronaut 2	FD150	FD	36.8320439926175
FD150_2_CAGTTATTGGCCATAGGCGT	3	FD150_2	Astronaut 2	FD150	FD	17.4504526581192
FD150_2_CAGTTCAACTCGGATGGCGT	0	FD150_2	Astronaut 2	FD150	FD	8.8525106599406
FD150_2_CAGTTCAGTTGCAACGCTGC	2	FD150_2	Astronaut 2	FD150	FD	23.7819762887924
FD150_2_CAGTTCCTAGGCTGCGGAGC	0	FD150_2	Astronaut 2	FD150	FD	10.9909890770737
FD150_2_CAGTTCTCCACGACCGCCTT	0	FD150_2	Astronaut 2	FD150	FD	29.482091642546
FD150_2_CAGTTGAACCCAATCGCAAC	1	FD150_2	Astronaut 2	FD150	FD	22.0321434296482
FD150_2_CAGTTGAACCCAATCGCCTT	2	FD150_2	Astronaut 2	FD150	FD	35.9377829113616
FD150_2_CAGTTGGCGTCAGTTGCTGC	0	FD150_2	Astronaut 2	FD150	FD	38.5581750506942
FD150_2_CAGTTGTCTACGGATGCTGC	2	FD150_2	Astronaut 2	FD150	FD	18.0541685759745
FD150_2_CAGTTTCAGTCTAACGGAGC	5	FD150_2	Astronaut 2	FD150	FD	9.19390888603078
FD150_2_CAGTTTTATGCTAGTGTCTA	0	FD150_2	Astronaut 2	FD150	FD	31.5669092216862
FD150_2_CCATAAACTCCCTCAGGAGC	0	FD150_2	Astronaut 2	FD150	FD	35.3222869580058
FD150_2_CCATAAAGACCGGATGGAGC	0	FD150_2	Astronaut 2	FD150	FD	38.6829591580385
FD150_2_CCATAATTGGCTCCAGCTTG	0	FD150_2	Astronaut 2	FD150	FD	8.46804450779299
FD150_2_CCATACCTCAGGAGCGATGA	1	FD150_2	Astronaut 2	FD150	FD	38.5581752728046
FD150_2_CCATAGATATGAACCGATGA	0	FD150_2	Astronaut 2	FD150	FD	38.558175494915
FD150_2_CCATAGTCTACGACCGGAGC	9	FD150_2	Astronaut 2	FD150	FD	26.1433317225462
FD150_2_CCATAGTCTACGCAAGATGA	0	FD150_2	Astronaut 2	FD150	FD	22.6539253088462
FD150_2_CCATATTGAACGATTGCCTT	2	FD150_2	Astronaut 2	FD150	FD	12.2123637624538
FD150_2_CCGCTACTTCCGCCTGCAAC	1	FD150_2	Astronaut 2	FD150	FD	32.585066021486
FD150_2_CCGCTCCGCTGGTAAGCCTT	0	FD150_2	Astronaut 2	FD150	FD	39.3062186581303
FD150_2_CCGCTCTACGGATGAGGCGT	1	FD150_2	Astronaut 2	FD150	FD	8.89312162403872
FD150_2_CCGCTCTACGGCAACGGCGT	3	FD150_2	Astronaut 2	FD150	FD	15.0149519310275
FD150_2_CCGCTGAGCTGGAGCGATAT	0	FD150_2	Astronaut 2	FD150	FD	9.42235223075182
FD150_2_CCGCTTGCTACGCCTGCGGT	0	FD150_2	Astronaut 2	FD150	FD	21.1124870860774
FD150_2_CCGCTTGCTACTAGTGATAT	0	FD150_2	Astronaut 2	FD150	FD	16.3968780964898
FD150_2_CCTAGAGTTGCTAACGCCTT	2	FD150_2	Astronaut 2	FD150	FD	24.2349291173191
FD150_2_CCTAGCCTAGCCGCTGATAT	1	FD150_2	Astronaut 2	FD150	FD	35.6467755941706
FD150_2_CCTAGCCTCACCTAGGGAGC	2	FD150_2	Astronaut 2	FD150	FD	35.937783133472
FD150_2_CCTAGGCGAAGCTCTGGCGT	1	FD150_2	Astronaut 2	FD150	FD	17.4504528802296
FD150_2_CCTAGGGAGCGAGTCGCTTG	3	FD150_2	Astronaut 2	FD150	FD	13.3869084659525
FD150_2_CCTAGTATTGGGCAGGCTGC	3	FD150_2	Astronaut 2	FD150	FD	13.3074789229862
FD150_2_CCTAGTGCGCGTAGAGGTCC	4	FD150_2	Astronaut 2	FD150	FD	35.3254941797734
FD150_2_CCTCAAAGACGGCAGGGCGT	1	FD150_2	Astronaut 2	FD150	FD	33.4156463916142
FD150_2_CCTCACTAACGAACCGATAT	0	FD150_2	Astronaut 2	FD150	FD	10.2078465926091
FD150_2_CCTCAGATATCAATCGGTCC	0	FD150_2	Astronaut 2	FD150	FD	35.3222871801162
FD150_2_CCTCAGCTTGGGTCCGTCTA	1	FD150_2	Astronaut 2	FD150	FD	38.5581757170254
FD150_2_CCTCATATTGGAACCGATAT	2	FD150_2	Astronaut 2	FD150	FD	32.7650419121835
FD150_2_CCTCATGCGCGGTAAGGAGC	1	FD150_2	Astronaut 2	FD150	FD	10.2412044643219
FD150_2_CCTCATGCTAGATGAGCAAC	7	FD150_2	Astronaut 2	FD150	FD	38.5581759391358
FD150_2_CGAAGATCTGCCATAGCAAC	1	FD150_2	Astronaut 2	FD150	FD	27.4752981807115
FD150_2_CGAAGCGATTGCAGGGCCTT	5	FD150_2	Astronaut 2	FD150	FD	38.5581761612461
FD150_2_CGAAGTGAGAGCAACGCTTG	0	FD150_2	Astronaut 2	FD150	FD	21.0642112351756
FD150_2_CGACCAACTCGGTAAGGAGC	1	FD150_2	Astronaut 2	FD150	FD	26.1917209887268
FD150_2_CGACCAGAACGAACCGCAAC	0	FD150_2	Astronaut 2	FD150	FD	14.5263851468858
FD150_2_CGACCAGCGGGAACCGGTCC	4	FD150_2	Astronaut 2	FD150	FD	12.2018850010907
FD150_2_CGACCGCTCTCTGGAGATAT	0	FD150_2	Astronaut 2	FD150	FD	39.3062188802407
FD150_2_CGACCGTCCGCGATTGCAAC	1	FD150_2	Astronaut 2	FD150	FD	15.9141598260147
FD150_2_CGACCGTCCGGTAATGGCGT	0	FD150_2	Astronaut 2	FD150	FD	11.0267703934102
FD150_2_CGACCTTCGACGTCGGCTTG	4	FD150_2	Astronaut 2	FD150	FD	10.0298141557869
FD150_2_CGATTAAGACCGAAGGCAAC	5	FD150_2	Astronaut 2	FD150	FD	13.8094980037719
FD150_2_CGATTCAATCCGCAAGATGA	5	FD150_2	Astronaut 2	FD150	FD	38.6948117477361
FD150_2_CGATTGGAGCCGATTGCCTT	2	FD150_2	Astronaut 2	FD150	FD	16.6950881288406
FD150_2_CGATTGGCGTGATATGCGGT	0	FD150_2	Astronaut 2	FD150	FD	26.1433319446565
FD150_2_CGCAAAACTCGCGAAGATGA	1	FD150_2	Astronaut 2	FD150	FD	35.3222874022266
FD150_2_CGCAACCTCAGGAGCGTCTA	0	FD150_2	Astronaut 2	FD150	FD	10.2078468147195
FD150_2_CGCAATAAGGCGATTGATGA	9	FD150_2	Astronaut 2	FD150	FD	12.0833230891954
FD150_2_CGCAATCATCCCGCTGGAGC	1	FD150_2	Astronaut 2	FD150	FD	17.4504531023399
FD150_2_CGCAATCGCGCCTAGGATAT	4	FD150_2	Astronaut 2	FD150	FD	9.52843211716855
FD150_2_CGCCTATTCACAGTTGCAAC	9	FD150_2	Astronaut 2	FD150	FD	13.4612884679133
FD150_2_CGCCTGCGGTCCTCAGGCGT	4	FD150_2	Astronaut 2	FD150	FD	38.5581763833565
FD150_2_CGCCTGTATCCCTAGGCTGC	1	FD150_2	Astronaut 2	FD150	FD	38.5581766054669
FD150_2_CGCCTGTCCGCAGAAGCTTG	3	FD150_2	Astronaut 2	FD150	FD	32.3594718169036
FD150_2_CGCCTGTTAGGTATCGCGGT	1	FD150_2	Astronaut 2	FD150	FD	11.8464406221026
FD150_2_CGCCTTTCATCGAAGGCTTG	1	FD150_2	Astronaut 2	FD150	FD	10.0298143778973
FD150_2_CGCTCAGGTCCGCTCGGCGT	1	FD150_2	Astronaut 2	FD150	FD	28.2689684849488
FD150_2_CGCTCATTCAGTAGAGATAT	1	FD150_2	Astronaut 2	FD150	FD	38.5581768275773
FD150_2_CGCTCCGTCGCAGCGGATAT	0	FD150_2	Astronaut 2	FD150	FD	10.0297111640874
FD150_2_CGCTCCGTCGGGCAGGATAT	0	FD150_2	Astronaut 2	FD150	FD	9.9402218960571
FD150_2_CGCTCCTGGACTACGGCTGC	4	FD150_2	Astronaut 2	FD150	FD	13.3120560455767
FD150_2_CGCTCGAGCTGCGGTGCGGT	0	FD150_2	Astronaut 2	FD150	FD	38.5581770496877
FD150_2_CGCTCGCCTTCGGCAGGCGT	1	FD150_2	Astronaut 2	FD150	FD	10.6626226287654
FD150_2_CGCTCGGCGTCGCCTGTAAT	9	FD150_2	Astronaut 2	FD150	FD	18.3850834605817
FD150_2_CGCTCTATGCCTGGAGCAAC	2	FD150_2	Astronaut 2	FD150	FD	20.5091727838527
FD150_2_CGCTCTGCGCCGAAGGCTTG	1	FD150_2	Astronaut 2	FD150	FD	36.869829932749
FD150_2_CGGATCGACCGGTAAGCAAC	9	FD150_2	Astronaut 2	FD150	FD	12.2123639845642
FD150_2_CGGATCTCCAGCAGGGCTTG	1	FD150_2	Astronaut 2	FD150	FD	39.3062191023511
FD150_2_CGGATGGAGCGTAGAGGAGC	0	FD150_2	Astronaut 2	FD150	FD	14.9217572063872
FD150_2_CGGATGGCGTCAATCGTCTA	0	FD150_2	Astronaut 2	FD150	FD	10.9796974369223
FD150_2_CGGATGTTAGCTGGAGCAAC	9	FD150_2	Astronaut 2	FD150	FD	10.2295478376816
FD150_2_CGGATTAGAGCGCAAGTAAT	8	FD150_2	Astronaut 2	FD150	FD	14.8551015820214
FD150_2_CGGATTAGAGCGCAAGTCTA	3	FD150_2	Astronaut 2	FD150	FD	26.1433321667669
FD150_2_CGGATTCTACCAATCGGCGT	7	FD150_2	Astronaut 2	FD150	FD	10.2329328865644
FD150_2_CGGATTTCATCAACTGGTCC	6	FD150_2	Astronaut 2	FD150	FD	12.8231940210832
FD150_2_CGGCAAACGAATTGGGCAAC	0	FD150_2	Astronaut 2	FD150	FD	30.5168139405665
FD150_2_CGGCAGCGGTCCTAGGGTCC	0	FD150_2	Astronaut 2	FD150	FD	8.75110999903746
FD150_2_CGGCAGCTGCATTGGGATAT	0	FD150_2	Astronaut 2	FD150	FD	12.2123642066746
FD150_2_CGGCAGGAGCCGATTGGCGT	3	FD150_2	Astronaut 2	FD150	FD	13.8094982258823
FD150_2_CGGCATCATCCTAACGCTTG	0	FD150_2	Astronaut 2	FD150	FD	20.3509421951955
FD150_2_CGTCGATGCGCAGTTGGAGC	5	FD150_2	Astronaut 2	FD150	FD	14.4081045812535
FD150_2_CGTCGATTGGGCAGGGATAT	0	FD150_2	Astronaut 2	FD150	FD	35.6053188638219
FD150_2_CGTCGCAACTCGAAGGGCGT	0	FD150_2	Astronaut 2	FD150	FD	32.5101170275732
FD150_2_CGTCGGGCGTCAGTTGATGA	1	FD150_2	Astronaut 2	FD150	FD	34.752897286923
FD150_2_CGTCGGGTCCCGCCTGTAAT	0	FD150_2	Astronaut 2	FD150	FD	32.1094379174762
FD150_2_CGTCGTGCTACGGCAGCCTT	4	FD150_2	Astronaut 2	FD150	FD	10.5599246966895
FD150_2_CTAACGCCTTGAACCGATGA	7	FD150_2	Astronaut 2	FD150	FD	8.08372374635655
FD150_2_CTAACTAGGAGAACCGATGA	0	FD150_2	Astronaut 2	FD150	FD	32.4077531561956
FD150_2_CTAACTATCTGGCAGGCTGC	2	FD150_2	Astronaut 2	FD150	FD	21.5377225147541
FD150_2_CTAACTCGTAGTAATGATGA	2	FD150_2	Astronaut 2	FD150	FD	38.5581772717981
FD150_2_CTAACTCTACCGTCGGATGA	1	FD150_2	Astronaut 2	FD150	FD	19.8977342806308
FD150_2_CTACGACTAACGATTGCTGC	1	FD150_2	Astronaut 2	FD150	FD	9.12819779996535
FD150_2_CTACGATTACGCCTTGTAAT	0	FD150_2	Astronaut 2	FD150	FD	10.0298146000077
FD150_2_CTACGCGACCCCATAGCCTT	0	FD150_2	Astronaut 2	FD150	FD	31.464609973665
FD150_2_CTACGCGGCAGCAGGGCTGC	0	FD150_2	Astronaut 2	FD150	FD	12.8941655754587
FD150_2_CTACGGGTCCGATATGGTCC	5	FD150_2	Astronaut 2	FD150	FD	14.7299166920913
FD150_2_CTAGTAAGGTCGCAAGCCTT	2	FD150_2	Astronaut 2	FD150	FD	38.5581774939085
FD150_2_CTAGTACCAGGCAGGGGCGT	0	FD150_2	Astronaut 2	FD150	FD	25.8035542906997
FD150_2_CTAGTCCTCACAACTGCAAC	2	FD150_2	Astronaut 2	FD150	FD	8.13909981215147
FD150_2_CTAGTCTAACCGAAGGGCGT	2	FD150_2	Astronaut 2	FD150	FD	8.86945338417384
FD150_2_CTAGTCTAACGCAGGGTCTA	0	FD150_2	Astronaut 2	FD150	FD	9.07237384774768
FD150_2_CTAGTGTAGACAGTTGCCTT	0	FD150_2	Astronaut 2	FD150	FD	20.4120629139001
FD150_2_CTAGTGTAGACAGTTGCTGC	1	FD150_2	Astronaut 2	FD150	FD	35.9377833555824
FD150_2_CTAGTTATTGATTGGGCTTG	0	FD150_2	Astronaut 2	FD150	FD	21.5377227368645
FD150_2_CTAGTTCCGGGGAGCGATGA	0	FD150_2	Astronaut 2	FD150	FD	21.5377229589749
FD150_2_CTCCAAGGCTCCTAGGCTGC	3	FD150_2	Astronaut 2	FD150	FD	38.5581777160189
FD150_2_CTCCAAGTTGCGCAAGGTCC	0	FD150_2	Astronaut 2	FD150	FD	10.9990831654811
FD150_2_CTCCAATCCTCTTAAGCTGC	8	FD150_2	Astronaut 2	FD150	FD	20.4120631360105
FD150_2_CTCCACGGATGATATGGCGT	4	FD150_2	Astronaut 2	FD150	FD	24.7590486627565
FD150_2_CTCCAGGAGCGCAGGGCTTG	0	FD150_2	Astronaut 2	FD150	FD	34.7906306671618
FD150_2_CTCCAGGCGTCTAACGGAGC	4	FD150_2	Astronaut 2	FD150	FD	12.7852592259476
FD150_2_CTCCATAGGACGGATGGAGC	0	FD150_2	Astronaut 2	FD150	FD	13.3394881448075
FD150_2_CTGGAAAGACCAGTTGGAGC	3	FD150_2	Astronaut 2	FD150	FD	12.9349184852975
FD150_2_CTGGAACTAAGCTCTGCTTG	6	FD150_2	Astronaut 2	FD150	FD	12.212364428785
FD150_2_CTGGAATTCACTAACGCAAC	1	FD150_2	Astronaut 2	FD150	FD	10.9669776652846
FD150_2_CTGGAATTCAGTAGAGGTCC	2	FD150_2	Astronaut 2	FD150	FD	33.6813319098221
FD150_2_CTGGACTACGGCTCTGCTTG	0	FD150_2	Astronaut 2	FD150	FD	10.5333125968886
FD150_2_CTGGATAAGGCCTAGGATAT	4	FD150_2	Astronaut 2	FD150	FD	9.85375089913882
FD150_2_CTTAACGTCGGGTCCGCCTT	1	FD150_2	Astronaut 2	FD150	FD	13.3889684679586
FD150_2_CTTAAGGTAACTACGGCCTT	0	FD150_2	Astronaut 2	FD150	FD	9.95130539670287
FD150_2_CTTAAGGTAAGTATCGCCTT	4	FD150_2	Astronaut 2	FD150	FD	21.3109098594262
FD150_2_CTTAAGTCCGGCGGTGCCTT	0	FD150_2	Astronaut 2	FD150	FD	12.0833233113058
FD150_2_CTTAAGTTAGGCAACGGCGT	0	FD150_2	Astronaut 2	FD150	FD	10.966977887395
FD150_2_CTTAATAGGACGCTCGCAAC	0	FD150_2	Astronaut 2	FD150	FD	9.52618429270077
FD150_2_GAACCACTCGGCTCTGCTGC	1	FD150_2	Astronaut 2	FD150	FD	38.5581779381292
FD150_2_GAACCAGTTGCGCCTGATGA	4	FD150_2	Astronaut 2	FD150	FD	21.019107952739
FD150_2_GAACCAGTTGCTAGTGTAAT	0	FD150_2	Astronaut 2	FD150	FD	8.75111022114784
FD150_2_GAACCCGCCTCGCCTGGCGT	0	FD150_2	Astronaut 2	FD150	FD	6.52801854325772
FD150_2_GAACCGGTAAGTATCGATGA	4	FD150_2	Astronaut 2	FD150	FD	12.8231942431936
FD150_2_GAACCGTAGAGCGAAGTCTA	7	FD150_2	Astronaut 2	FD150	FD	35.322287624337
FD150_2_GAACCGTCTAGCTTGGGTCC	0	FD150_2	Astronaut 2	FD150	FD	10.9669781095054
FD150_2_GAACCTGGACGCAACGCTTG	1	FD150_2	Astronaut 2	FD150	FD	16.7030456160602
FD150_2_GACTGACCAGGCTGCGATAT	1	FD150_2	Astronaut 2	FD150	FD	38.5581781602396
FD150_2_GACTGCCGCTGGAGCGCAAC	8	FD150_2	Astronaut 2	FD150	FD	31.7600633009318
FD150_2_GACTGGACTGGCGGTGATGA	0	FD150_2	Astronaut 2	FD150	FD	33.375574939098
FD150_2_GACTGGGAGCGCAGGGATGA	2	FD150_2	Astronaut 2	FD150	FD	10.9669783316157
FD150_2_GACTGGGCGTGCGGTGCCTT	1	FD150_2	Astronaut 2	FD150	FD	22.6539255309566
FD150_2_GAGCTAAGGTGTAGAGTCTA	0	FD150_2	Astronaut 2	FD150	FD	22.8179388955641
FD150_2_GAGCTATCCTGCGGTGCAAC	0	FD150_2	Astronaut 2	FD150	FD	25.8395673121749
FD150_2_GAGCTCGGCAGAACCGGCGT	1	FD150_2	Astronaut 2	FD150	FD	25.8395675342853
FD150_2_GAGCTGGTAAGCGGTGATAT	0	FD150_2	Astronaut 2	FD150	FD	31.7295293206024
FD150_2_GAGCTGTAATCGAAGGCCTT	0	FD150_2	Astronaut 2	FD150	FD	18.3828194169515
FD150_2_GAGTCAAGCAGAGCTGCTTG	0	FD150_2	Astronaut 2	FD150	FD	19.5296895750406
FD150_2_GAGTCACCAGGGTCCGGAGC	2	FD150_2	Astronaut 2	FD150	FD	12.7256796161162
FD150_2_GAGTCCCTAGCTCCAGCTGC	9	FD150_2	Astronaut 2	FD150	FD	36.2379784471011
FD150_2_GAGTCGAACCCCATAGGAGC	3	FD150_2	Astronaut 2	FD150	FD	10.3747255384989
FD150_2_GAGTCGATATCTGGAGATAT	5	FD150_2	Astronaut 2	FD150	FD	12.2123646508954
FD150_2_GATATACTTCCTCCAGATGA	4	FD150_2	Astronaut 2	FD150	FD	5.61793354030159
FD150_2_GATATGTCCGATTCAGATAT	0	FD150_2	Astronaut 2	FD150	FD	12.2123648730058
FD150_2_GATGAAACTCGACTGGCCTT	0	FD150_2	Astronaut 2	FD150	FD	25.9250218862476
FD150_2_GATGAAGGTCGCAACGCTTG	4	FD150_2	Astronaut 2	FD150	FD	14.9217574284976
FD150_2_GATGACGCTCCTACGGGTCC	1	FD150_2	Astronaut 2	FD150	FD	33.9390135781055
FD150_2_GATGACGTCGGGCGTGCTGC	0	FD150_2	Astronaut 2	FD150	FD	7.23786384937543
FD150_2_GATGAGGCGTCTCCAGCTTG	1	FD150_2	Astronaut 2	FD150	FD	13.4058782777124
FD150_2_GATGATTGAAGGCAGGATAT	0	FD150_2	Astronaut 2	FD150	FD	19.221588846844
FD150_2_GCAACAAGGTCAATCGCCTT	2	FD150_2	Astronaut 2	FD150	FD	12.0874047663103
FD150_2_GCAACATTCACTGGAGCAAC	1	FD150_2	Astronaut 2	FD150	FD	12.7797980565919
FD150_2_GCAACGTAGAATTCAGGTCC	1	FD150_2	Astronaut 2	FD150	FD	9.73641607984977
FD150_2_GCAACTGGACCTAGTGATAT	2	FD150_2	Astronaut 2	FD150	FD	25.2202958906043
FD150_2_GCAGGACCAGCGACCGCCTT	0	FD150_2	Astronaut 2	FD150	FD	25.2209561194516
FD150_2_GCAGGACTAAGCTCTGCTGC	2	FD150_2	Astronaut 2	FD150	FD	23.3333649856451
FD150_2_GCAGGAGTTGGAGCTGGTCC	7	FD150_2	Astronaut 2	FD150	FD	9.9602920663107
FD150_2_GCAGGATTCAGGCGTGATAT	4	FD150_2	Astronaut 2	FD150	FD	12.823194465304
FD150_2_GCAGGCCGCTGGAGCGCCTT	0	FD150_2	Astronaut 2	FD150	FD	32.5512258299364
FD150_2_GCAGGCCTAGCGCCTGCTTG	0	FD150_2	Astronaut 2	FD150	FD	25.7608363492141
FD150_2_GCAGGCGATTGACTGGCTTG	0	FD150_2	Astronaut 2	FD150	FD	9.948086916029
FD150_2_GCAGGCTACGCGGATGGAGC	6	FD150_2	Astronaut 2	FD150	FD	12.8231946874144
FD150_2_GCAGGGCTGCGCTGCGCAAC	4	FD150_2	Astronaut 2	FD150	FD	36.8698301548594
FD150_2_GCAGGGGTAACGCTCGCTTG	0	FD150_2	Astronaut 2	FD150	FD	34.5454570455799
FD150_2_GCAGGTCGTACCTCAGGCGT	9	FD150_2	Astronaut 2	FD150	FD	16.3968783186001
FD150_2_GCAGGTGGACGCAACGGCGT	2	FD150_2	Astronaut 2	FD150	FD	19.7141957115486
FD150_2_GCCTTACGATGAACCGGCGT	3	FD150_2	Astronaut 2	FD150	FD	12.2123650951162
FD150_2_GCCTTACTCGCCTCAGTAAT	3	FD150_2	Astronaut 2	FD150	FD	36.0261208771474
FD150_2_GCCTTCGATTGAACCGCTTG	6	FD150_2	Astronaut 2	FD150	FD	14.6552309701033
FD150_2_GCCTTTATTGGGCGTGGAGC	0	FD150_2	Astronaut 2	FD150	FD	11.7142894906316
FD150_2_GCCTTTTGAACGGATGTCTA	0	FD150_2	Astronaut 2	FD150	FD	22.653925753067
FD150_2_GCGAAACCAGCCTCAGATAT	4	FD150_2	Astronaut 2	FD150	FD	32.3216611772761
FD150_2_GCGAAATTACGCGAAGGTCC	0	FD150_2	Astronaut 2	FD150	FD	11.2842888613124
FD150_2_GCGAACCTAGCAGCGGGAGC	7	FD150_2	Astronaut 2	FD150	FD	10.9778349863178
FD150_2_GCGAACGATTCGCCTGCTTG	5	FD150_2	Astronaut 2	FD150	FD	10.9669785537261
FD150_2_GCGAATTCATCGGATGATAT	8	FD150_2	Astronaut 2	FD150	FD	25.802901089
FD150_2_GCGGTGTTAGGCTTGGGCGT	2	FD150_2	Astronaut 2	FD150	FD	38.6280295534226
FD150_2_GCGGTTGAGAGCTCTGCTTG	0	FD150_2	Astronaut 2	FD150	FD	32.4655048873969
FD150_2_GCTCTAACGAGCTGCGCGGT	1	FD150_2	Astronaut 2	FD150	FD	38.55817838235
FD150_2_GCTCTAACTCGGTAAGATAT	9	FD150_2	Astronaut 2	FD150	FD	15.8866228278285
FD150_2_GCTCTACCTACTAGTGATGA	0	FD150_2	Astronaut 2	FD150	FD	11.466365451581
FD150_2_GCTCTACTCGCTACGGGTCC	0	FD150_2	Astronaut 2	FD150	FD	22.0359628742829
FD150_2_GCTCTCAGTTCTCCAGCTTG	1	FD150_2	Astronaut 2	FD150	FD	3.57597721594161e-05
FD150_2_GCTCTCCATACAACTGCAAC	2	FD150_2	Astronaut 2	FD150	FD	12.0599029804291
FD150_2_GCTCTCGGCACCTAGGTCTA	0	FD150_2	Astronaut 2	FD150	FD	36.2379786692115
FD150_2_GCTCTCGGCACTGGAGCAAC	1	FD150_2	Astronaut 2	FD150	FD	19.4329295027259
FD150_2_GCTCTGTATCCTAACGGCGT	1	FD150_2	Astronaut 2	FD150	FD	10.0298148221181
FD150_2_GCTCTGTCTACAGAAGCTTG	1	FD150_2	Astronaut 2	FD150	FD	16.3968785407105
FD150_2_GCTCTTATGCGGTAAGTCTA	2	FD150_2	Astronaut 2	FD150	FD	30.6776090815703
FD150_2_GCTCTTTCGACGTCGGGTCC	1	FD150_2	Astronaut 2	FD150	FD	20.3426942327898
FD150_2_GCTGCAAGACGCCTTGTCTA	0	FD150_2	Astronaut 2	FD150	FD	15.1664771010682
FD150_2_GCTGCAAGGTCCTCAGGCGT	7	FD150_2	Astronaut 2	FD150	FD	35.0232872264662
FD150_2_GCTGCAGCGGGAGTCGTCTA	3	FD150_2	Astronaut 2	FD150	FD	10.7889611542225
FD150_2_GCTGCCCTCAGGTCCGATAT	2	FD150_2	Astronaut 2	FD150	FD	17.0893149436966
FD150_2_GCTGCCTAACCAGCGGCTTG	7	FD150_2	Astronaut 2	FD150	FD	13.8094984479926
FD150_2_GCTGCGCGGTCAGAAGATGA	3	FD150_2	Astronaut 2	FD150	FD	12.0708748581122
FD150_2_GCTTGCGAAGATTGGGCCTT	5	FD150_2	Astronaut 2	FD150	FD	12.0761279499082
FD150_2_GCTTGCGACCCAGTTGCTGC	1	FD150_2	Astronaut 2	FD150	FD	18.6604971548998
FD150_2_GCTTGCGGATGAACCGATGA	2	FD150_2	Astronaut 2	FD150	FD	22.4247030485766
FD150_2_GCTTGGTTAGGCCTTGATGA	0	FD150_2	Astronaut 2	FD150	FD	22.3968234519715
FD150_2_GCTTGTACGTCGGCAGGCGT	3	FD150_2	Astronaut 2	FD150	FD	8.84534362941985
FD150_2_GCTTGTCGTACGCAAGATAT	0	FD150_2	Astronaut 2	FD150	FD	33.4173122730385
FD150_2_GGAGCATCCTGAGCTGTAAT	0	FD150_2	Astronaut 2	FD150	FD	11.1675821746639
FD150_2_GGAGCATGGCCGGCAGCTTG	1	FD150_2	Astronaut 2	FD150	FD	38.5700858374518
FD150_2_GGAGCATTACCCATAGCTTG	6	FD150_2	Astronaut 2	FD150	FD	10.9669787758365
FD150_2_GGAGCATTACGGTAAGCTTG	4	FD150_2	Astronaut 2	FD150	FD	9.96661551300429
FD150_2_GGAGCCAGCGCGTCGGCTTG	1	FD150_2	Astronaut 2	FD150	FD	23.6336575534044
FD150_2_GGAGCGACTGCGGCAGCTGC	0	FD150_2	Astronaut 2	FD150	FD	35.4847588574429
FD150_2_GGAGCGACTGCGGCAGCTTG	7	FD150_2	Astronaut 2	FD150	FD	14.6647164909425
FD150_2_GGAGCGCGAACGATTGATAT	0	FD150_2	Astronaut 2	FD150	FD	11.9392761552307
FD150_2_GGAGCTGCTACTTAAGGCGT	3	FD150_2	Astronaut 2	FD150	FD	25.2194335366414
FD150_2_GGCAGAGAACCGACCGCTGC	0	FD150_2	Astronaut 2	FD150	FD	26.1433323888773
FD150_2_GGCAGCGTCGATTGGGCGGT	0	FD150_2	Astronaut 2	FD150	FD	31.5769382333858
FD150_2_GGCAGCGTCGGGTAAGTCTA	4	FD150_2	Astronaut 2	FD150	FD	11.0250381885853
FD150_2_GGCAGCTAACGTAATGTCTA	0	FD150_2	Astronaut 2	FD150	FD	26.309657636295
FD150_2_GGCAGTAGAGCTAGTGCCTT	6	FD150_2	Astronaut 2	FD150	FD	16.0874841521893
FD150_2_GGCAGTCTACCCTAGGCTTG	1	FD150_2	Astronaut 2	FD150	FD	10.0298150442285
FD150_2_GGCAGTGCTAGTAATGCTTG	4	FD150_2	Astronaut 2	FD150	FD	16.3968787628209
FD150_2_GGCGTAGGCTCAGCGGCTGC	0	FD150_2	Astronaut 2	FD150	FD	32.1094381395866
FD150_2_GGCGTAGTTGCGTCGGCGGT	0	FD150_2	Astronaut 2	FD150	FD	32.4857722045536
FD150_2_GGTAAACCAGCGGCAGCTTG	1	FD150_2	Astronaut 2	FD150	FD	13.4128419300519
FD150_2_GGTAAACTTCCCATAGGCGT	0	FD150_2	Astronaut 2	FD150	FD	21.0262258612516
FD150_2_GGTAACTAACGTAATGCCTT	0	FD150_2	Astronaut 2	FD150	FD	28.276425287981
FD150_2_GGTAATCCGGCGTCGGGCGT	0	FD150_2	Astronaut 2	FD150	FD	36.2276199459374
FD150_2_GGTAATGCGCGGTCCGATGA	1	FD150_2	Astronaut 2	FD150	FD	11.0178055044343
FD150_2_GGTCCAAGGTGCAGGGCTGC	6	FD150_2	Astronaut 2	FD150	FD	36.4614852592983
FD150_2_GGTCCATTGGCTACGGCTGC	0	FD150_2	Astronaut 2	FD150	FD	8.99227661661097
FD150_2_GGTCCGTATCGGCAGGATGA	1	FD150_2	Astronaut 2	FD150	FD	8.73028789055236
FD150_2_GGTCCTGAGACGCTCGATGA	2	FD150_2	Astronaut 2	FD150	FD	18.0025482625873
FD150_2_GTAATACGATGTATCGCTTG	0	FD150_2	Astronaut 2	FD150	FD	18.0448909751101
FD150_2_GTAATCAATCGACTGGCTTG	0	FD150_2	Astronaut 2	FD150	FD	21.1259764292993
FD150_2_GTAATCGACCGTATCGATAT	0	FD150_2	Astronaut 2	FD150	FD	25.2194337587518
FD150_2_GTAGAATGCGGAACCGCCTT	2	FD150_2	Astronaut 2	FD150	FD	7.28142705075569
FD150_2_GTAGAATTACGCTTGGGCGT	1	FD150_2	Astronaut 2	FD150	FD	12.2123653172266
FD150_2_GTAGAGGCGTGGTCCGCCTT	3	FD150_2	Astronaut 2	FD150	FD	25.2404513065228
FD150_2_GTAGATGCTAGCGGTGATGA	1	FD150_2	Astronaut 2	FD150	FD	8.69416470011394
FD150_2_GTAGATTCATCTAACGCGGT	3	FD150_2	Astronaut 2	FD150	FD	16.3968789849313
FD150_2_GTATCAACCGGAGTCGGTCC	9	FD150_2	Astronaut 2	FD150	FD	14.983544798161
FD150_2_GTATCATCTGCGATTGCAAC	0	FD150_2	Astronaut 2	FD150	FD	38.5581786044604
FD150_2_GTATCATGGCCCATAGGCGT	8	FD150_2	Astronaut 2	FD150	FD	12.8231949095248
FD150_2_GTATCATGGCGGTAAGGCGT	4	FD150_2	Astronaut 2	FD150	FD	38.5581788265708
FD150_2_GTATCATTACGTAGAGATGA	8	FD150_2	Astronaut 2	FD150	FD	25.7847190912151
FD150_2_GTATCATTCACGCAAGCTGC	5	FD150_2	Astronaut 2	FD150	FD	13.3985740541789
FD150_2_GTATCCGCCTGAGCTGATAT	0	FD150_2	Astronaut 2	FD150	FD	38.5581790486812
FD150_2_GTATCGAGTCCGGATGATGA	0	FD150_2	Astronaut 2	FD150	FD	19.7185773709396
FD150_2_GTATCGCCTTGCTCTGCTGC	1	FD150_2	Astronaut 2	FD150	FD	38.5581792707916
FD150_2_GTATCGGTAAGAGTCGCAAC	0	FD150_2	Astronaut 2	FD150	FD	32.2500624221819
FD150_2_GTATCGTCTAGCAACGGCGT	4	FD150_2	Astronaut 2	FD150	FD	9.55184253978059
FD150_2_GTATCTCCGGGAGCTGCCTT	1	FD150_2	Astronaut 2	FD150	FD	12.2123655393369
FD150_2_GTCCGCAATCGATGAGATGA	2	FD150_2	Astronaut 2	FD150	FD	32.7760258561046
FD150_2_GTCCGCCATACTGGAGGCGT	0	FD150_2	Astronaut 2	FD150	FD	38.5581794929019
FD150_2_GTCCGGAGCTCTCCAGTAAT	0	FD150_2	Astronaut 2	FD150	FD	38.5581797150123
FD150_2_GTCCGGGAGCCCTCAGTCTA	4	FD150_2	Astronaut 2	FD150	FD	25.8982099102575
FD150_2_GTCCGTGCGCGATATGTAAT	1	FD150_2	Astronaut 2	FD150	FD	22.4810944673145
FD150_2_GTCCGTTAGCCTACGGCTGC	3	FD150_2	Astronaut 2	FD150	FD	21.5566287456437
FD150_2_GTCTAAAGGTCTAGTGGCGT	2	FD150_2	Astronaut 2	FD150	FD	11.0267706155206
FD150_2_GTCTAAAGGTGCTTGGTCTA	0	FD150_2	Astronaut 2	FD150	FD	12.2123657614473
FD150_2_GTCTAATGCGCAGAAGGTCC	0	FD150_2	Astronaut 2	FD150	FD	9.52488125721235
FD150_2_GTCTACAGCGCAACTGGAGC	1	FD150_2	Astronaut 2	FD150	FD	11.9093620029062
FD150_2_GTCTACTGGAGTAGAGCCTT	1	FD150_2	Astronaut 2	FD150	FD	9.9633630922103
FD150_2_GTCTAGCTTGCAGCGGGAGC	1	FD150_2	Astronaut 2	FD150	FD	37.5322329302356
FD150_2_GTCTAGGCAGCTACGGCTTG	2	FD150_2	Astronaut 2	FD150	FD	14.8248585585666
FD150_2_GTCTAGGCAGCTACGGTCTA	9	FD150_2	Astronaut 2	FD150	FD	12.9849978350566
FD150_2_GTTAGAGGCTGAGTCGCGGT	4	FD150_2	Astronaut 2	FD150	FD	11.0577404844242
FD150_2_GTTAGATTGGGGCAGGATGA	4	FD150_2	Astronaut 2	FD150	FD	35.9377835776928
FD150_2_GTTAGCAATCGGAGCGATAT	9	FD150_2	Astronaut 2	FD150	FD	34.5454572676903
FD150_2_GTTAGCGTCGCTTAAGATGA	0	FD150_2	Astronaut 2	FD150	FD	14.6552311922136
FD150_2_GTTAGTTGAACTTAAGCGGT	3	FD150_2	Astronaut 2	FD150	FD	12.2123659835577
FD150_2_TAAGGACTCGCTACGGATAT	0	FD150_2	Astronaut 2	FD150	FD	35.0232874485766
FD150_2_TAAGGCGCCTGAGTCGCGGT	3	FD150_2	Astronaut 2	FD150	FD	14.7294913509324
FD150_2_TAAGGCTACGGATGAGTCTA	2	FD150_2	Astronaut 2	FD150	FD	24.7941956190138
FD150_2_TAAGGGAGTCGCGAAGCGGT	0	FD150_2	Astronaut 2	FD150	FD	33.059238420104
FD150_2_TAAGGGGCAGATTGGGCCTT	0	FD150_2	Astronaut 2	FD150	FD	12.2356932975661
FD150_2_TACGTATCTGGCCTTGTCTA	4	FD150_2	Astronaut 2	FD150	FD	35.9377837998032
FD150_2_TACGTCGCAAGCCTTGCTTG	1	FD150_2	Astronaut 2	FD150	FD	9.08738364899777
FD150_2_TACGTGACTGGAACCGCGGT	0	FD150_2	Astronaut 2	FD150	FD	35.3222878464474
FD150_2_TACGTGCTCTGGCAGGTCTA	0	FD150_2	Astronaut 2	FD150	FD	10.0298152663389
FD150_2_TACGTGGAGCGGTAAGCGGT	0	FD150_2	Astronaut 2	FD150	FD	32.2128656148042
FD150_2_TACGTTACGTCAGAAGGTCC	0	FD150_2	Astronaut 2	FD150	FD	35.3742808905297
FD150_2_TACGTTTCATGGTAAGGTCC	0	FD150_2	Astronaut 2	FD150	FD	10.4249536751568
FD150_2_TAGAGAGTTGGCAGGGCAAC	9	FD150_2	Astronaut 2	FD150	FD	25.2194339808622
FD150_2_TAGAGCAATCGACTGGGCGT	7	FD150_2	Astronaut 2	FD150	FD	26.1433326109877
FD150_2_TAGAGCGACCGCTGCGATGA	0	FD150_2	Astronaut 2	FD150	FD	12.163097993326
FD150_2_TAGAGGATGACAGTTGGCGT	0	FD150_2	Astronaut 2	FD150	FD	22.6539259751774
FD150_2_TAGAGGTAATCAATCGCAAC	7	FD150_2	Astronaut 2	FD150	FD	25.2194342029726
FD150_2_TAGAGTGCTACGGATGGCGT	0	FD150_2	Astronaut 2	FD150	FD	10.9669789979469
FD150_2_TAGGAAACTCGGTAAGATGA	5	FD150_2	Astronaut 2	FD150	FD	27.4901967156001
FD150_2_TAGGAAGGTCCGCAAGCTTG	0	FD150_2	Astronaut 2	FD150	FD	12.0623595409753
FD150_2_TAGGAATCCTCTCCAGTCTA	3	FD150_2	Astronaut 2	FD150	FD	13.809498670103
FD150_2_TAGGACTCCAGCGGTGCTTG	2	FD150_2	Astronaut 2	FD150	FD	14.9377001185135
FD150_2_TAGGAGTCCGCGGATGTCTA	4	FD150_2	Astronaut 2	FD150	FD	9.82884801204273
FD150_2_TAGGATACGTGAACCGCTTG	4	FD150_2	Astronaut 2	FD150	FD	8.86148404614796
FD150_2_TAGGATCTACGGCAGGCCTT	0	FD150_2	Astronaut 2	FD150	FD	12.2123662056681
FD150_2_TAGGATGCGCCGCTCGATAT	0	FD150_2	Astronaut 2	FD150	FD	10.0298154884493
FD150_2_TATCTAACGACTAACGCCTT	7	FD150_2	Astronaut 2	FD150	FD	12.2123664277785
FD150_2_TATCTAGTTGGGCAGGGTCC	1	FD150_2	Astronaut 2	FD150	FD	25.648691911441
FD150_2_TATCTCGAAGCAGTTGGCGT	0	FD150_2	Astronaut 2	FD150	FD	9.82482801196035
FD150_2_TATCTCGCTCGGTAAGGCGT	1	FD150_2	Astronaut 2	FD150	FD	36.2379788913219
FD150_2_TATCTGTAGAGCTTGGCTGC	8	FD150_2	Astronaut 2	FD150	FD	14.5263853689962
FD150_2_TATCTTCCGGGCCTTGCCTT	1	FD150_2	Astronaut 2	FD150	FD	13.8094988922134
FD150_2_TATCTTGCGCCTGGAGTAAT	8	FD150_2	Astronaut 2	FD150	FD	32.4506640696266
FD150_2_TATTGAGGTCGAACCGGTCC	1	FD150_2	Astronaut 2	FD150	FD	38.5581799371227
FD150_2_TCAGTAACCGGACTGGCCTT	0	FD150_2	Astronaut 2	FD150	FD	35.3222880685577
FD150_2_TCAGTATTCAGATGAGCTGC	1	FD150_2	Astronaut 2	FD150	FD	14.5263855911066
FD150_2_TCAGTCGACCGCCTTGATAT	3	FD150_2	Astronaut 2	FD150	FD	36.8698303769698
FD150_2_TCAGTCGCAAGGCAGGCTTG	0	FD150_2	Astronaut 2	FD150	FD	10.4909757496426
FD150_2_TCAGTTGGACGAACCGCTTG	6	FD150_2	Astronaut 2	FD150	FD	35.3222882906681
FD150_2_TCATCAGGCTCAGAAGCCTT	0	FD150_2	Astronaut 2	FD150	FD	38.5581801592331
FD150_2_TCATCATTCAGCTGCGTAAT	0	FD150_2	Astronaut 2	FD150	FD	7.89778214522894
FD150_2_TCATCCCATACCATAGCTTG	8	FD150_2	Astronaut 2	FD150	FD	34.7528975090334
FD150_2_TCATCGCGAACTAACGCAAC	2	FD150_2	Astronaut 2	FD150	FD	21.5377231810852
FD150_2_TCATCGTAATGAGCTGCTGC	0	FD150_2	Astronaut 2	FD150	FD	19.0539323883872
FD150_2_TCATCTCGCGCTTAAGCAAC	0	FD150_2	Astronaut 2	FD150	FD	19.0297659491675
FD150_2_TCATCTGGACGGCAGGTCTA	1	FD150_2	Astronaut 2	FD150	FD	38.5581803813435
FD150_2_TCATCTTCGAGCTGCGCTTG	1	FD150_2	Astronaut 2	FD150	FD	13.4603758398904
FD150_2_TCCGGAGTTGCAACTGTAAT	0	FD150_2	Astronaut 2	FD150	FD	10.4095661484404
FD150_2_TCCGGGCGGTCGCCTGGTCC	5	FD150_2	Astronaut 2	FD150	FD	36.8698305990802
FD150_2_TCCGGTCTACCTACGGTAAT	0	FD150_2	Astronaut 2	FD150	FD	22.0290560097091
FD150_2_TCCGGTTAGCGAGCTGATGA	0	FD150_2	Astronaut 2	FD150	FD	25.219434425083
FD150_2_TCCGGTTATGGGCGTGCTTG	0	FD150_2	Astronaut 2	FD150	FD	31.6611498963158
FD150_2_TCCGGTTGAAATTCAGCTTG	5	FD150_2	Astronaut 2	FD150	FD	16.1564499650222
FD150_2_TCGCGAAGCAGGTAAGGAGC	0	FD150_2	Astronaut 2	FD150	FD	22.743185076785
FD150_2_TCGCGATTACCAACTGCTGC	9	FD150_2	Astronaut 2	FD150	FD	21.1825509517528
FD150_2_TCGCGCCTCAGGTAAGTCTA	2	FD150_2	Astronaut 2	FD150	FD	23.4386985524341
FD150_2_TCGCGCTTAACGACCGCTGC	3	FD150_2	Astronaut 2	FD150	FD	22.7431852988953
FD150_2_TCGTAACTTCCTCCAGATGA	0	FD150_2	Astronaut 2	FD150	FD	7.1232037017306
FD150_2_TCGTAAGAACGCCTTGCGGT	0	FD150_2	Astronaut 2	FD150	FD	25.8395677563957
FD150_2_TCGTAAGGCTGCAGGGCTTG	0	FD150_2	Astronaut 2	FD150	FD	30.6782213313734
FD150_2_TCTACATTCACGATTGGTCC	0	FD150_2	Astronaut 2	FD150	FD	8.75111044325823
FD150_2_TCTACCGCCTGGCAGGTAAT	0	FD150_2	Astronaut 2	FD150	FD	17.4692909123693
FD150_2_TCTACGAGCTATTGGGCCTT	1	FD150_2	Astronaut 2	FD150	FD	10.0298157105596
FD150_2_TCTACGCGGTGCTTGGGCGT	1	FD150_2	Astronaut 2	FD150	FD	30.6777346754999
FD150_2_TCTACGCTGCGCAGGGGCGT	3	FD150_2	Astronaut 2	FD150	FD	38.5581806034539
FD150_2_TCTACGGCAGGCAACGGAGC	2	FD150_2	Astronaut 2	FD150	FD	16.1736450973279
FD150_2_TCTACGTTAGCTAACGCAAC	3	FD150_2	Astronaut 2	FD150	FD	22.7431855210057
FD150_2_TCTACTACGTCGCCTGCAAC	0	FD150_2	Astronaut 2	FD150	FD	35.9377840219135
FD150_2_TCTACTTGAAGGTCCGCTGC	0	FD150_2	Astronaut 2	FD150	FD	36.096490052345
FD150_2_TGAGACAGCGCGTCGGCAAC	6	FD150_2	Astronaut 2	FD150	FD	16.8460545459685
FD150_2_TGAGAGCTTGCTAGTGTAAT	2	FD150_2	Astronaut 2	FD150	FD	10.9669792200573
FD150_2_TGAGAGGTAAATTGGGCGGT	0	FD150_2	Astronaut 2	FD150	FD	36.0176615086548
FD150_2_TGAGATCGTAGAGCTGCCTT	0	FD150_2	Astronaut 2	FD150	FD	27.4917380723135
FD150_2_TGAGATTGAACAGCGGCGGT	2	FD150_2	Astronaut 2	FD150	FD	10.4534771462948
FD150_2_TGCGCCCTCAATTCAGATAT	6	FD150_2	Astronaut 2	FD150	FD	16.1564501871326
FD150_2_TGCGCTTCATCCTAGGATGA	0	FD150_2	Astronaut 2	FD150	FD	13.9309522042621
FD150_2_TGCGCTTCATGCCTTGCTTG	0	FD150_2	Astronaut 2	FD150	FD	32.3444373172947
FD150_2_TGCTAAGGCTGTAGAGATGA	1	FD150_2	Astronaut 2	FD150	FD	12.0833235334162
FD150_2_TGCTACGACCGTATCGATAT	3	FD150_2	Astronaut 2	FD150	FD	10.02981593267
FD150_2_TGCTATCGTACGGATGCTTG	1	FD150_2	Astronaut 2	FD150	FD	10.0026452248982
FD150_2_TGGACCAACTGCTGCGCTTG	1	FD150_2	Astronaut 2	FD150	FD	24.6265621677796
FD150_2_TGGACGCAGGCAGAAGATGA	0	FD150_2	Astronaut 2	FD150	FD	36.1541174335438
FD150_2_TGGACGCCTTGTAATGCTGC	0	FD150_2	Astronaut 2	FD150	FD	16.3968792070417
FD150_2_TGGACGTATCCAATCGCTTG	7	FD150_2	Astronaut 2	FD150	FD	11.037485533447
FD150_2_TTAGCCTCCAGCTCTGCTTG	4	FD150_2	Astronaut 2	FD150	FD	16.8460547680789
FD150_2_TTAGCTGCGCCGACCGCTTG	7	FD150_2	Astronaut 2	FD150	FD	9.42447650273423
FD150_2_TTATGCCATACAGTTGTAAT	0	FD150_2	Astronaut 2	FD150	FD	16.3968794291521
FD150_2_TTATGCGCAAGTAATGCGGT	5	FD150_2	Astronaut 2	FD150	FD	18.8608037038476
FD150_2_TTATGCGTCGCAACTGATAT	0	FD150_2	Astronaut 2	FD150	FD	35.3314151089604
FD150_2_TTATGCGTCGGGTCCGATGA	5	FD150_2	Astronaut 2	FD150	FD	34.3350115950339
FD150_2_TTCATCCTAGCTGGAGATGA	4	FD150_2	Astronaut 2	FD150	FD	24.2118403376566
FD150_2_TTCATGCTTGGTATCGTCTA	1	FD150_2	Astronaut 2	FD150	FD	22.0320261620165
FD150_2_TTCATTCCGGCAGTTGCTGC	3	FD150_2	Astronaut 2	FD150	FD	36.4986739197118
FD150_2_TTCATTCTACCTGGAGTAAT	5	FD150_2	Astronaut 2	FD150	FD	9.93475905718872
FD150_2_TTCGAACGATGCTTGGTCTA	9	FD150_2	Astronaut 2	FD150	FD	13.3408530209725
FD150_2_TTCGAACTTCGGTAAGATAT	0	FD150_2	Astronaut 2	FD150	FD	9.01387163858543
FD150_2_TTCGAAGTTGCAGTTGGCGT	6	FD150_2	Astronaut 2	FD150	FD	14.6953119528126
FD150_2_TTCGACGCCTCGCTCGATGA	5	FD150_2	Astronaut 2	FD150	FD	11.0288660148118
FD150_2_TTCGACGTCGGCTGCGATAT	8	FD150_2	Astronaut 2	FD150	FD	16.8460549901893
FD150_2_TTCGACTGGAGATATGTCTA	1	FD150_2	Astronaut 2	FD150	FD	9.13667772377447
FD150_2_TTCGAGAGCTATTGGGCAAC	4	FD150_2	Astronaut 2	FD150	FD	16.8460552122996
FD150_2_TTCGAGATATCCATAGATGA	0	FD150_2	Astronaut 2	FD150	FD	37.532233152346
FD150_2_TTCGAGATGAGCGAAGATAT	3	FD150_2	Astronaut 2	FD150	FD	29.9944835753323
FD150_2_TTCGATTCGACGCCTGCTGC	4	FD150_2	Astronaut 2	FD150	FD	25.6486921335514
FD150_2_TTGAAAGGTCGAACCGCAAC	0	FD150_2	Astronaut 2	FD150	FD	8.39580704994783
FD150_2_TTGAACAATCGGCAGGATAT	8	FD150_2	Astronaut 2	FD150	FD	26.1433328330981
FD150_2_TTGAACCATACGTCGGTCTA	1	FD150_2	Astronaut 2	FD150	FD	13.3737133995751
FD150_3_AACGATAGAGCGCCTGCGGT	7	FD150_3	Astronaut 3	FD150	FD	36.4038460978069
FD150_3_AACTCGCAGGGGCAGGGCGT	0	FD150_3	Astronaut 3	FD150	FD	37.2979403272748
FD150_3_AAGGTTCGTAGGCGTGCGGT	0	FD150_3	Astronaut 3	FD150	FD	32.7784339280217
FD150_3_ACCTATTAGCGGCAGGTCTA	1	FD150_3	Astronaut 3	FD150	FD	25.925022108358
FD150_3_ACGATGTATCCCTAGGGAGC	0	FD150_3	Astronaut 3	FD150	FD	35.0013837713119
FD150_3_ACGATTAAGGCCTCAGCAAC	0	FD150_3	Astronaut 3	FD150	FD	36.0719630614817
FD150_3_AGAGTTATCTCCGCTGCCTT	1	FD150_3	Astronaut 3	FD150	FD	34.4174990114443
FD150_3_ATGGCGCCTTCAACTGCAAC	5	FD150_3	Astronaut 3	FD150	FD	32.5593205625165
FD150_3_ATGGCGGCAGGAACCGATAT	5	FD150_3	Astronaut 3	FD150	FD	25.7191712802704
FD150_3_ATTGGAGTTGCTGGAGCTTG	2	FD150_3	Astronaut 3	FD150	FD	25.9250223304684
FD150_3_ATTGGTAGAGGGCAGGCCTT	7	FD150_3	Astronaut 3	FD150	FD	37.3362950340934
FD150_3_CAACTGCCTTGCGGTGATGA	1	FD150_3	Astronaut 3	FD150	FD	37.0752331672142
FD150_3_CAGAAGACTGCGAAGGGCGT	4	FD150_3	Astronaut 3	FD150	FD	35.2858689095971
FD150_3_CCGCTACGATGTAATGCCTT	7	FD150_3	Astronaut 3	FD150	FD	37.0752333893246
FD150_3_CCGCTACGATGTAATGGTCC	0	FD150_3	Astronaut 3	FD150	FD	32.3518625523814
FD150_3_CCTCACAGAAGAGCTGATGA	0	FD150_3	Astronaut 3	FD150	FD	36.5572154187573
FD150_3_CGACCGATGACGATTGTCTA	0	FD150_3	Astronaut 3	FD150	FD	35.3709167497328
FD150_3_CGACCGATGACTTAAGTCTA	9	FD150_3	Astronaut 3	FD150	FD	26.6850163682989
FD150_3_CTCCAGCAACCTTAAGGCGT	3	FD150_3	Astronaut 3	FD150	FD	21.0020743788325
FD150_3_GAACCGTAATGAACCGCGGT	1	FD150_3	Astronaut 3	FD150	FD	34.7287994508495
FD150_3_GACTGTGCTAGCAGGGGAGC	3	FD150_3	Astronaut 3	FD150	FD	11.0133684334336
FD150_3_GAGCTACTCGGTAGAGTAAT	0	FD150_3	Astronaut 3	FD150	FD	34.3219789831897
FD150_3_GATATTCGCGCGCCTGATGA	3	FD150_3	Astronaut 3	FD150	FD	34.7548176350766
FD150_3_GCGAAGTATCCAGTTGCCTT	2	FD150_3	Astronaut 3	FD150	FD	32.5850662435964
FD150_3_GCGAAGTATCGATATGCCTT	0	FD150_3	Astronaut 3	FD150	FD	30.1085356347534
FD150_3_GCGAATTCATCAGCGGCTGC	0	FD150_3	Astronaut 3	FD150	FD	33.6468312925944
FD150_3_GCTCTTAAGGGATGAGCTGC	0	FD150_3	Astronaut 3	FD150	FD	37.3284408530662
FD150_3_GCTCTTTCATCAATCGCGGT	3	FD150_3	Astronaut 3	FD150	FD	32.109438361697
FD150_3_GCTCTTTCATGCTTGGCGGT	7	FD150_3	Astronaut 3	FD150	FD	37.5322333744564
FD150_3_GGAGCGTCTACTTAAGGTCC	0	FD150_3	Astronaut 3	FD150	FD	33.3287890633652
FD150_3_GTAATCGTCGATTGGGCAAC	0	FD150_3	Astronaut 3	FD150	FD	28.9662043381196
FD150_3_GTCCGACCTACAGTTGGTCC	7	FD150_3	Astronaut 3	FD150	FD	35.9377842440239
FD150_3_TAAGGAAGACGCTCTGTCTA	0	FD150_3	Astronaut 3	FD150	FD	37.075233611435
FD150_3_TAAGGGGAGCGCAACGCAAC	2	FD150_3	Astronaut 3	FD150	FD	35.9377844661343
FD150_3_TACGTGTCTAGCAACGGAGC	0	FD150_3	Astronaut 3	FD150	FD	37.0752338335454
FD150_3_TAGAGCGCAAGGTAAGTAAT	7	FD150_3	Astronaut 3	FD150	FD	37.5322335965668
FD150_3_TAGGATCCGGCTTAAGTCTA	7	FD150_3	Astronaut 3	FD150	FD	33.7054751063139
FD150_3_TATTGATTGGCAGCGGCTGC	0	FD150_3	Astronaut 3	FD150	FD	27.7162383248846
FD150_3_TCAGTCGGATGGCAGGGAGC	1	FD150_3	Astronaut 3	FD150	FD	37.1645731408669
FD150_3_TCCGGCAGCGGATATGATAT	0	FD150_3	Astronaut 3	FD150	FD	33.2824762562387
FD150_3_TCGTACTACGGAGCTGCGGT	1	FD150_3	Astronaut 3	FD150	FD	32.0743512638855
FD150_3_TCTACCTGGACGTCGGGAGC	0	FD150_3	Astronaut 3	FD150	FD	24.4116112068895
FD150_3_TCTACGCAGGGGCAGGGCGT	0	FD150_3	Astronaut 3	FD150	FD	32.0754985555477
FD150_3_TGAGATGAGAGATATGCTGC	7	FD150_3	Astronaut 3	FD150	FD	37.4103658542566
FD150_3_TGCTATCCGGCTTAAGTCTA	0	FD150_3	Astronaut 3	FD150	FD	33.4173124951489
FD150_3_TGGACTATGCCAGTTGCGGT	0	FD150_3	Astronaut 3	FD150	FD	37.5322338186772
FD150_3_TGGACTATGCGGCGTGCGGT	0	FD150_3	Astronaut 3	FD150	FD	34.3482850189745
FD150_3_TTCGACGGCAGCGGTGCGGT	4	FD150_3	Astronaut 3	FD150	FD	28.6181376340941
FD30_1_AACCGAACCGGCTTGGATGA	8	FD30_1	Astronaut 1	FD30	FD	2.11714536730028
FD30_1_AACCGAACCGGCTTGGCTGC	7	FD30_1	Astronaut 1	FD30	FD	6.63832031200117
FD30_1_AACCGAAGGTGCGGTGATAT	4	FD30_1	Astronaut 1	FD30	FD	0.71645418293033
FD30_1_AACCGACTTCGTAGAGCAAC	3	FD30_1	Astronaut 1	FD30	FD	3.55376617733327e-05
FD30_1_AACCGATTCAGGCGTGTAAT	7	FD30_1	Astronaut 1	FD30	FD	7.61876263612228
FD30_1_AACCGCGACCGCTTGGCAAC	0	FD30_1	Astronaut 1	FD30	FD	3.15179622122819
FD30_1_AACCGCGCTCCAGAAGCAAC	7	FD30_1	Astronaut 1	FD30	FD	0.608010874125187
FD30_1_AACCGCTGGACTAACGGTCC	7	FD30_1	Astronaut 1	FD30	FD	0.630340326083923
FD30_1_AACCGGATGACGACCGATGA	7	FD30_1	Astronaut 1	FD30	FD	3.53155513872494e-05
FD30_1_AACCGGTAGACAGTTGATAT	3	FD30_1	Astronaut 1	FD30	FD	7.71604512550749
FD30_1_AACCGTTATGGCGAAGGTCC	3	FD30_1	Astronaut 1	FD30	FD	14.6647167130529
FD30_1_AACGAACGATCTCCAGCTTG	5	FD30_1	Astronaut 1	FD30	FD	4.28451510826789
FD30_1_AACGACTCCACCATAGGCGT	5	FD30_1	Astronaut 1	FD30	FD	2.48315410154151
FD30_1_AACGAGACTGCTTAAGTAAT	4	FD30_1	Astronaut 1	FD30	FD	4.26076748717649
FD30_1_AACGAGCGGTGATATGTCTA	5	FD30_1	Astronaut 1	FD30	FD	2.59934616137832
FD30_1_AACGAGGTCCCCTCAGATAT	0	FD30_1	Astronaut 1	FD30	FD	3.22896739797183
FD30_1_AACGATCCGGCCTAGGATGA	6	FD30_1	Astronaut 1	FD30	FD	3.86329266497457
FD30_1_AACGATTCGACGTCGGCGGT	0	FD30_1	Astronaut 1	FD30	FD	3.50934410011661e-05
FD30_1_AACTCAACGAGCTTGGCCTT	0	FD30_1	Astronaut 1	FD30	FD	0.353545440037178
FD30_1_AACTCACCTACGCCTGATGA	8	FD30_1	Astronaut 1	FD30	FD	3.48713306150827e-05
FD30_1_AACTCACGATGAGTCGCAAC	7	FD30_1	Astronaut 1	FD30	FD	0.520830587977012
FD30_1_AACTCACTCGGCTCTGTAAT	1	FD30_1	Astronaut 1	FD30	FD	3.46492202289994e-05
FD30_1_AACTCAGAACCAACTGCCTT	2	FD30_1	Astronaut 1	FD30	FD	1.47226766014789
FD30_1_AACTCAGAACCAGTTGCTTG	8	FD30_1	Astronaut 1	FD30	FD	2.11535561212702
FD30_1_AACTCAGCGGCGATTGCGGT	0	FD30_1	Astronaut 1	FD30	FD	3.22423483873612
FD30_1_AACTCAGTTGCGCAAGCAAC	7	FD30_1	Astronaut 1	FD30	FD	3.44271098429161e-05
FD30_1_AACTCATGGCGCGAAGTAAT	0	FD30_1	Astronaut 1	FD30	FD	0.157331885183967
FD30_1_AACTCATGGCGCGGTGCTGC	7	FD30_1	Astronaut 1	FD30	FD	3.42049994568328e-05
FD30_1_AACTCCAGAACGCCTGCTGC	0	FD30_1	Astronaut 1	FD30	FD	1.55906643889531
FD30_1_AACTCCAGCGCAGTTGGTCC	0	FD30_1	Astronaut 1	FD30	FD	0.10941135327502
FD30_1_AACTCCCGCTCTAGTGCAAC	1	FD30_1	Astronaut 1	FD30	FD	3.67725382949027
FD30_1_AACTCCCTCAGAACCGGCGT	1	FD30_1	Astronaut 1	FD30	FD	1.71930921460315
FD30_1_AACTCCTACGGCGGTGATGA	7	FD30_1	Astronaut 1	FD30	FD	3.03136823990582
FD30_1_AACTCCTAGTGCGGTGTAAT	7	FD30_1	Astronaut 1	FD30	FD	1.54523759043288
FD30_1_AACTCGTTAGCGATTGGAGC	0	FD30_1	Astronaut 1	FD30	FD	3.39828890707494e-05
FD30_1_AACTCTATCTGTAGAGTCTA	7	FD30_1	Astronaut 1	FD30	FD	3.37607786846661e-05
FD30_1_AAGACAACGAGAACCGGTCC	0	FD30_1	Astronaut 1	FD30	FD	4.75831268734952
FD30_1_AAGACACCTACAATCGCTTG	0	FD30_1	Astronaut 1	FD30	FD	3.07037895524671
FD30_1_AAGACACCTAGGCGTGCTTG	1	FD30_1	Astronaut 1	FD30	FD	2.30505066175262
FD30_1_AAGACACTCGGCAACGGCGT	0	FD30_1	Astronaut 1	FD30	FD	1.54430941558998
FD30_1_AAGACTAAGGCAACTGCTTG	2	FD30_1	Astronaut 1	FD30	FD	14.6647169351633
FD30_1_AAGACTCTACCCATAGTCTA	0	FD30_1	Astronaut 1	FD30	FD	7.32332183645707
FD30_1_AAGACTCTACGTAATGCAAC	7	FD30_1	Astronaut 1	FD30	FD	3.87700354703212
FD30_1_AAGACTCTACGTAATGGAGC	0	FD30_1	Astronaut 1	FD30	FD	1.63112053483615
FD30_1_AAGACTCTACGTAATGTCTA	3	FD30_1	Astronaut 1	FD30	FD	5.32215716196066
FD30_1_AAGACTTGAAGGCAGGATAT	7	FD30_1	Astronaut 1	FD30	FD	0.724076668359723
FD30_1_AAGCAAACCGCGGATGGTCC	7	FD30_1	Astronaut 1	FD30	FD	3.35386682985828e-05
FD30_1_AAGCAACTCGCTAGTGCAAC	0	FD30_1	Astronaut 1	FD30	FD	5.72477802810114
FD30_1_AAGCAAGGCTCCGCTGCCTT	0	FD30_1	Astronaut 1	FD30	FD	0.412976527045675
FD30_1_AAGCAGAGCTGCGAAGCAAC	2	FD30_1	Astronaut 1	FD30	FD	3.33165579124994e-05
FD30_1_AAGCAGAGTCCGAAGGCAAC	0	FD30_1	Astronaut 1	FD30	FD	3.30944475264161e-05
FD30_1_AAGCAGGCGTGATATGATGA	1	FD30_1	Astronaut 1	FD30	FD	2.12814536594705
FD30_1_AAGCAGTATCCAGTTGCGGT	7	FD30_1	Astronaut 1	FD30	FD	3.28723371403328e-05
FD30_1_AAGCATATTGGAGCTGTAAT	7	FD30_1	Astronaut 1	FD30	FD	0.571412763492108
FD30_1_AAGCATCATCGCAGGGGAGC	1	FD30_1	Astronaut 1	FD30	FD	3.26502267542494e-05
FD30_1_AAGCATCGTACCGCTGATGA	0	FD30_1	Astronaut 1	FD30	FD	1.40252486984469
FD30_1_AAGCATGCGCCAACTGATAT	0	FD30_1	Astronaut 1	FD30	FD	4.49759657517423
FD30_1_AAGCATTCATGAGCTGGAGC	2	FD30_1	Astronaut 1	FD30	FD	3.24281163681661e-05
FD30_1_AAGGTAGTTGGCTTGGGCGT	8	FD30_1	Astronaut 1	FD30	FD	3.22060059820828e-05
FD30_1_AAGGTATTCAGGTAAGATAT	7	FD30_1	Astronaut 1	FD30	FD	1.38051051282249
FD30_1_AAGGTCCGCTCTGGAGTCTA	0	FD30_1	Astronaut 1	FD30	FD	4.76147831023848
FD30_1_AAGGTCGATTCGCCTGGCGT	6	FD30_1	Astronaut 1	FD30	FD	14.6647171572737
FD30_1_AAGGTCGTCGCTAACGATAT	3	FD30_1	Astronaut 1	FD30	FD	6.7435338727827
FD30_1_AAGGTGGCAGGAGTCGCTTG	1	FD30_1	Astronaut 1	FD30	FD	3.19838955959995e-05
FD30_1_AAGGTGGTAACAACTGCCTT	0	FD30_1	Astronaut 1	FD30	FD	6.34832278685634
FD30_1_ACCAGAAGCACAGTTGATAT	3	FD30_1	Astronaut 1	FD30	FD	3.17617852099161e-05
FD30_1_ACCAGACGATCTACGGCTGC	1	FD30_1	Astronaut 1	FD30	FD	0.650402543913786
FD30_1_ACCAGACGATGGCGTGCTTG	0	FD30_1	Astronaut 1	FD30	FD	5.86950701726949
FD30_1_ACCAGAGCGGCAGTTGGCGT	1	FD30_1	Astronaut 1	FD30	FD	5.00510413270131
FD30_1_ACCAGATTGGGCGAAGCTGC	7	FD30_1	Astronaut 1	FD30	FD	0.440439038224396
FD30_1_ACCAGCGTCGGGCAGGGTCC	0	FD30_1	Astronaut 1	FD30	FD	0.138795204419361
FD30_1_ACCAGGCAACCCGCTGGAGC	7	FD30_1	Astronaut 1	FD30	FD	3.15396748238328e-05
FD30_1_ACCAGGTCTACGCCTGCTTG	3	FD30_1	Astronaut 1	FD30	FD	2.96480610007243
FD30_1_ACCAGTACGTCCTCAGCTGC	1	FD30_1	Astronaut 1	FD30	FD	3.13175644377495e-05
FD30_1_ACCAGTAGAGCAACTGGTCC	4	FD30_1	Astronaut 1	FD30	FD	3.10954540516661e-05
FD30_1_ACCAGTCGTAGAGCTGCGGT	0	FD30_1	Astronaut 1	FD30	FD	3.08733436655828e-05
FD30_1_ACCAGTGCTACCGCTGGCGT	5	FD30_1	Astronaut 1	FD30	FD	3.17305569610258
FD30_1_ACCTAAAGCACCTCAGCAAC	9	FD30_1	Astronaut 1	FD30	FD	1.500969988915
FD30_1_ACCTAATTCAATTGGGCTTG	1	FD30_1	Astronaut 1	FD30	FD	1.57841705906782
FD30_1_ACCTACCTAGGGTCCGCAAC	7	FD30_1	Astronaut 1	FD30	FD	2.11210244121349
FD30_1_ACCTACTGGAGGCGTGTCTA	0	FD30_1	Astronaut 1	FD30	FD	3.06512332794995e-05
FD30_1_ACCTAGAACCCCTCAGCAAC	2	FD30_1	Astronaut 1	FD30	FD	4.67822358940579
FD30_1_ACCTAGAGTCCAGTTGTAAT	0	FD30_1	Astronaut 1	FD30	FD	4.00542900849179
FD30_1_ACCTAGCCTTGAGTCGGTCC	5	FD30_1	Astronaut 1	FD30	FD	1.41995414884457
FD30_1_ACGATACGATGGTAAGCAAC	3	FD30_1	Astronaut 1	FD30	FD	2.94487115361778
FD30_1_ACGATCGGCAGTAGAGGCGT	6	FD30_1	Astronaut 1	FD30	FD	2.31907895147518
FD30_1_ACGATCTAACCAGAAGATAT	4	FD30_1	Astronaut 1	FD30	FD	2.27129720595445
FD30_1_ACGATGAGCTGTAATGGCGT	8	FD30_1	Astronaut 1	FD30	FD	4.94701502925719
FD30_1_ACGATGCGGTCGCTCGCTTG	3	FD30_1	Astronaut 1	FD30	FD	3.10274888997116
FD30_1_ACGATGGAGCCGCTCGCAAC	1	FD30_1	Astronaut 1	FD30	FD	4.02491255269235
FD30_1_ACGATGGTCCGGTAAGATAT	5	FD30_1	Astronaut 1	FD30	FD	3.72703915595115
FD30_1_ACGATGTAGACTAACGGCGT	8	FD30_1	Astronaut 1	FD30	FD	1.23760843686587
FD30_1_ACGATTTAGCGCAGGGATGA	1	FD30_1	Astronaut 1	FD30	FD	3.18413157807743
FD30_1_ACTAACCGCTGAGCTGTCTA	7	FD30_1	Astronaut 1	FD30	FD	3.15905730996137
FD30_1_ACTAAGCCTTCAACTGATAT	3	FD30_1	Astronaut 1	FD30	FD	2.57412646999322
FD30_1_ACTAAGCCTTGAGTCGATGA	0	FD30_1	Astronaut 1	FD30	FD	3.04291228934161e-05
FD30_1_ACTAAGTCCGCAATCGGTCC	4	FD30_1	Astronaut 1	FD30	FD	6.90526609454986
FD30_1_ACTAAGTCCGCGCTCGCTGC	8	FD30_1	Astronaut 1	FD30	FD	3.02070125073328e-05
FD30_1_ACTAATAGAGGCTTGGATGA	3	FD30_1	Astronaut 1	FD30	FD	2.20393277824367
FD30_1_ACTAATATGCGGCGTGTCTA	7	FD30_1	Astronaut 1	FD30	FD	2.99849021212495e-05
FD30_1_ACTAATATTGGCGGTGCGGT	3	FD30_1	Astronaut 1	FD30	FD	2.97627917351662e-05
FD30_1_ACTCGAAGCACGATTGATAT	0	FD30_1	Astronaut 1	FD30	FD	2.95406813490828e-05
FD30_1_ACTCGACTAAGGTCCGCTGC	8	FD30_1	Astronaut 1	FD30	FD	4.13029779993472
FD30_1_ACTCGACTTCCTGGAGCGGT	0	FD30_1	Astronaut 1	FD30	FD	5.19677916822914
FD30_1_ACTCGAGAACGAGCTGTAAT	1	FD30_1	Astronaut 1	FD30	FD	2.93185709629995e-05
FD30_1_ACTCGAGAACGGCAGGCAAC	3	FD30_1	Astronaut 1	FD30	FD	2.54219371837729
FD30_1_ACTCGAGCGGGCCTTGCAAC	3	FD30_1	Astronaut 1	FD30	FD	12.7761414872259
FD30_1_ACTCGATTACCAGCGGATGA	0	FD30_1	Astronaut 1	FD30	FD	4.12331361430091
FD30_1_ACTCGCAGTTGTAATGCCTT	7	FD30_1	Astronaut 1	FD30	FD	5.27852270822133
FD30_1_ACTCGCTACGCCTCAGATGA	0	FD30_1	Astronaut 1	FD30	FD	2.10434483824828
FD30_1_ACTCGGATGAGATGAGTAAT	1	FD30_1	Astronaut 1	FD30	FD	5.93723014172389
FD30_1_ACTCGGTAATGCTTGGCAAC	9	FD30_1	Astronaut 1	FD30	FD	3.7457948998069
FD30_1_ACTCGTATTGGCAACGCCTT	3	FD30_1	Astronaut 1	FD30	FD	2.90964605769162e-05
FD30_1_ACTTCACCAGGGTCCGATGA	3	FD30_1	Astronaut 1	FD30	FD	2.88743501908328e-05
FD30_1_ACTTCAGGCTCTGGAGCAAC	0	FD30_1	Astronaut 1	FD30	FD	2.77474866082719
FD30_1_ACTTCATCCTCTGGAGATAT	0	FD30_1	Astronaut 1	FD30	FD	3.63542168103622
FD30_1_ACTTCGATGAGCGAAGCGGT	0	FD30_1	Astronaut 1	FD30	FD	2.86522398047495e-05
FD30_1_ACTTCGTATCCGGCAGATGA	4	FD30_1	Astronaut 1	FD30	FD	2.84218170739534
FD30_1_ACTTCGTTAGCTGGAGCTTG	3	FD30_1	Astronaut 1	FD30	FD	4.99416193383922
FD30_1_ACTTCTCATCCGACCGCAAC	1	FD30_1	Astronaut 1	FD30	FD	3.30520405945263
FD30_1_ACTTCTTAGCCGAAGGCTGC	0	FD30_1	Astronaut 1	FD30	FD	2.54463057434147
FD30_1_AGAACCAATCATTCAGATAT	0	FD30_1	Astronaut 1	FD30	FD	7.6762999400666
FD30_1_AGAACCAATCCAACTGCTTG	1	FD30_1	Astronaut 1	FD30	FD	2.12149715839811
FD30_1_AGAACGCGAAGCGGTGGCGT	0	FD30_1	Astronaut 1	FD30	FD	3.9165931325824
FD30_1_AGAACGTCTAGATGAGCAAC	4	FD30_1	Astronaut 1	FD30	FD	3.91839503315905
FD30_1_AGAACTGCGCCTAGTGCTTG	0	FD30_1	Astronaut 1	FD30	FD	2.49835376751916
FD30_1_AGAGTAAGACCCATAGCGGT	2	FD30_1	Astronaut 1	FD30	FD	1.3439793285762
FD30_1_AGAGTACTAACAGTTGCCTT	0	FD30_1	Astronaut 1	FD30	FD	2.30418936969025
FD30_1_AGAGTAGCGGCGCAAGATAT	3	FD30_1	Astronaut 1	FD30	FD	4.65733237137245
FD30_1_AGAGTAGTTGCTAACGGAGC	3	FD30_1	Astronaut 1	FD30	FD	2.84301294186662e-05
FD30_1_AGAGTATCTGGCTCTGCGGT	4	FD30_1	Astronaut 1	FD30	FD	2.84511959199425
FD30_1_AGAGTATCTGGGTCCGGAGC	7	FD30_1	Astronaut 1	FD30	FD	2.82080190325829e-05
FD30_1_AGAGTATGCGGATATGATAT	0	FD30_1	Astronaut 1	FD30	FD	4.76621429185896
FD30_1_AGAGTCGGCACGAAGGTCTA	0	FD30_1	Astronaut 1	FD30	FD	2.79859086464995e-05
FD30_1_AGAGTCGTCGGAGTCGCCTT	6	FD30_1	Astronaut 1	FD30	FD	2.77637982604162e-05
FD30_1_AGAGTTCGTAGCGGTGATAT	8	FD30_1	Astronaut 1	FD30	FD	2.75416878743329e-05
FD30_1_AGCGGCGCTCCGACCGCAAC	0	FD30_1	Astronaut 1	FD30	FD	1.72203680016499
FD30_1_AGCGGCTACGCAATCGTCTA	0	FD30_1	Astronaut 1	FD30	FD	4.77062034594389
FD30_1_AGCGGGGAGCATTGGGCTGC	7	FD30_1	Astronaut 1	FD30	FD	1.00617623457536
FD30_1_AGCGGGGAGCCAATCGCTTG	0	FD30_1	Astronaut 1	FD30	FD	3.90995136699199
FD30_1_AGCGGTATTGGCTGCGATAT	0	FD30_1	Astronaut 1	FD30	FD	2.41487471666325
FD30_1_AGCGGTCAGTGCAACGCTTG	0	FD30_1	Astronaut 1	FD30	FD	3.94302554488254
FD30_1_AGCGGTCTACGGAGCGCAAC	0	FD30_1	Astronaut 1	FD30	FD	2.73195774882495e-05
FD30_1_AGCGGTGGACCGTCGGGCGT	4	FD30_1	Astronaut 1	FD30	FD	12.7761417093363
FD30_1_AGCGGTTCGAGCAGGGGAGC	7	FD30_1	Astronaut 1	FD30	FD	0.672660997209426
FD30_1_AGGCTACTTCGGTAAGCTGC	1	FD30_1	Astronaut 1	FD30	FD	0.735465923706752
FD30_1_AGGCTATCCTCTGGAGCTGC	1	FD30_1	Astronaut 1	FD30	FD	4.93420867663799
FD30_1_AGGCTCGCTCGGTAAGTAAT	5	FD30_1	Astronaut 1	FD30	FD	4.49759679728462
FD30_1_AGGCTCGCTCGTAGAGATAT	3	FD30_1	Astronaut 1	FD30	FD	4.12331383641129
FD30_1_AGGCTGTTAGCGTCGGATGA	5	FD30_1	Astronaut 1	FD30	FD	2.33733331195581
FD30_1_AGGCTTAAGGGCTTGGGAGC	8	FD30_1	Astronaut 1	FD30	FD	2.70974671021662e-05
FD30_1_AGGCTTATCTCTCCAGCTTG	0	FD30_1	Astronaut 1	FD30	FD	2.68753567160829e-05
FD30_1_AGGCTTGCTACGGCAGATGA	1	FD30_1	Astronaut 1	FD30	FD	0.710730749585046
FD30_1_AGGTCAAGACCTAGTGGCGT	3	FD30_1	Astronaut 1	FD30	FD	2.11828983448242
FD30_1_AGGTCACCTACCGCTGTCTA	2	FD30_1	Astronaut 1	FD30	FD	4.72956352745464
FD30_1_AGGTCACGATCCATAGCTTG	0	FD30_1	Astronaut 1	FD30	FD	4.91511606775146
FD30_1_AGGTCACTTCCAGTTGCAAC	4	FD30_1	Astronaut 1	FD30	FD	2.79172840106216
FD30_1_AGGTCAGAGTGATATGATGA	0	FD30_1	Astronaut 1	FD30	FD	0.672873356453742
FD30_1_AGGTCATTACATTGGGCTGC	1	FD30_1	Astronaut 1	FD30	FD	2.85197005661964
FD30_1_AGGTCATTCACGGATGATGA	4	FD30_1	Astronaut 1	FD30	FD	4.91958917126927
FD30_1_AGGTCCGCAACGGATGATGA	5	FD30_1	Astronaut 1	FD30	FD	1.73515605666577
FD30_1_AGGTCCGCTCGATGAGATGA	3	FD30_1	Astronaut 1	FD30	FD	4.75599317820465
FD30_1_AGGTCGAGCTGTAATGATGA	3	FD30_1	Astronaut 1	FD30	FD	3.204385388542
FD30_1_AGGTCGATATGCCTTGCTTG	3	FD30_1	Astronaut 1	FD30	FD	2.08577441331288
FD30_1_AGGTCGGAGCCCTAGGATGA	0	FD30_1	Astronaut 1	FD30	FD	2.10737532298341
FD30_1_AGGTCTCTACGAGTCGCAAC	1	FD30_1	Astronaut 1	FD30	FD	4.94883956290875
FD30_1_AGGTCTGCTACGGCAGGCGT	3	FD30_1	Astronaut 1	FD30	FD	0.372010248717671
FD30_1_AGGTCTGCTACTAGTGTAAT	3	FD30_1	Astronaut 1	FD30	FD	0.107223606936688
FD30_1_AGTTGAACGACGCAAGGCGT	4	FD30_1	Astronaut 1	FD30	FD	2.66532463299995e-05
FD30_1_AGTTGAAGGTGTAGAGTAAT	0	FD30_1	Astronaut 1	FD30	FD	0.821654007750058
FD30_1_AGTTGAGAACCCATAGCCTT	4	FD30_1	Astronaut 1	FD30	FD	2.11241320513349
FD30_1_AGTTGAGGTCGGTCCGCCTT	1	FD30_1	Astronaut 1	FD30	FD	0.344879305348123
FD30_1_AGTTGAGTTGGGTCCGGCGT	0	FD30_1	Astronaut 1	FD30	FD	0.434505552579783
FD30_1_AGTTGATCCTGCTGCGATAT	2	FD30_1	Astronaut 1	FD30	FD	2.64311359439162e-05
FD30_1_AGTTGCAATCGAGCTGCTGC	7	FD30_1	Astronaut 1	FD30	FD	0.0544169448716858
FD30_1_AGTTGCCGCTGCTGCGATGA	0	FD30_1	Astronaut 1	FD30	FD	2.88193613573833
FD30_1_AGTTGGGAGCCGCTCGCAAC	0	FD30_1	Astronaut 1	FD30	FD	2.73484781502276
FD30_1_AGTTGGTAGACGAAGGATAT	4	FD30_1	Astronaut 1	FD30	FD	0.666285396302322
FD30_1_AGTTGGTATCGCGAAGATGA	0	FD30_1	Astronaut 1	FD30	FD	9.2977026410586
FD30_1_AGTTGGTATCGGCGTGCTTG	0	FD30_1	Astronaut 1	FD30	FD	2.60033898570872
FD30_1_AGTTGGTTAGGTAGAGCAAC	2	FD30_1	Astronaut 1	FD30	FD	4.75284357599214
FD30_1_ATCCTAAGCACGGCAGGCGT	6	FD30_1	Astronaut 1	FD30	FD	1.37065709040093
FD30_1_ATCCTAGTTGGCAACGATAT	5	FD30_1	Astronaut 1	FD30	FD	3.23926682007352
FD30_1_ATCCTTAGGACTGGAGCAAC	1	FD30_1	Astronaut 1	FD30	FD	0.237519900296495
FD30_1_ATCCTTTAGCGGCGTGGCGT	0	FD30_1	Astronaut 1	FD30	FD	4.91812658322078
FD30_1_ATCTGAAGACCCTAGGCCTT	0	FD30_1	Astronaut 1	FD30	FD	4.99127550265568
FD30_1_ATCTGAAGACGCTCTGATGA	3	FD30_1	Astronaut 1	FD30	FD	3.4555357862341
FD30_1_ATCTGATCCTCCTAGGCTTG	1	FD30_1	Astronaut 1	FD30	FD	2.62090255578329e-05
FD30_1_ATCTGCAACTCTAGTGCAAC	0	FD30_1	Astronaut 1	FD30	FD	3.00808517708854
FD30_1_ATCTGCGGATCAACTGCAAC	2	FD30_1	Astronaut 1	FD30	FD	2.14830978276278
FD30_1_ATCTGGTAATCGACCGATAT	6	FD30_1	Astronaut 1	FD30	FD	2.59869151717496e-05
FD30_1_ATCTGTAAGGGATATGCTTG	0	FD30_1	Astronaut 1	FD30	FD	1.55321240029446
FD30_1_ATCTGTACGTGAGCTGATAT	8	FD30_1	Astronaut 1	FD30	FD	1.43057704143004
FD30_1_ATGCGAGTTGGCTCTGCCTT	2	FD30_1	Astronaut 1	FD30	FD	2.57648047856662e-05
FD30_1_ATGCGATTCAGGCAGGGCGT	3	FD30_1	Astronaut 1	FD30	FD	3.93535042162294
FD30_1_ATGCGATTGGCTACGGCTGC	1	FD30_1	Astronaut 1	FD30	FD	3.03603077507947
FD30_1_ATGCGCTCCACGCCTGTAAT	4	FD30_1	Astronaut 1	FD30	FD	4.92416654089205
FD30_1_ATGCGGATGACGTCGGATAT	2	FD30_1	Astronaut 1	FD30	FD	2.55426943995829e-05
FD30_1_ATGCGGCAACGATGAGCTTG	2	FD30_1	Astronaut 1	FD30	FD	4.99284584514389
FD30_1_ATGCGGCAGGCGACCGCAAC	7	FD30_1	Astronaut 1	FD30	FD	2.53205840134996e-05
FD30_1_ATGCGTCATCCTCCAGATAT	3	FD30_1	Astronaut 1	FD30	FD	2.51687332999927
FD30_1_ATGCGTGCTAGTATCGGCGT	0	FD30_1	Astronaut 1	FD30	FD	2.50984736274162e-05
FD30_1_ATGGCACCAGCGCCTGTCTA	0	FD30_1	Astronaut 1	FD30	FD	2.48763632413329e-05
FD30_1_ATGGCACGATGAGCTGCGGT	4	FD30_1	Astronaut 1	FD30	FD	6.90227058181589
FD30_1_ATGGCAGGTCCGCCTGATAT	6	FD30_1	Astronaut 1	FD30	FD	1.24584333665352
FD30_1_ATGGCCGCAACTTAAGATAT	1	FD30_1	Astronaut 1	FD30	FD	3.31820158234695
FD30_1_ATGGCCGGCAGCAGGGATAT	1	FD30_1	Astronaut 1	FD30	FD	2.60644728129584
FD30_1_ATGGCCTAGTGCGGTGCTGC	1	FD30_1	Astronaut 1	FD30	FD	2.46542528552496e-05
FD30_1_ATGGCTCGCGGATATGTAAT	1	FD30_1	Astronaut 1	FD30	FD	6.82518707742296
FD30_1_ATTACAAGACCAGAAGCCTT	1	FD30_1	Astronaut 1	FD30	FD	2.36167112011346
FD30_1_ATTACAAGCACAGTTGCTGC	5	FD30_1	Astronaut 1	FD30	FD	2.80725745740804
FD30_1_ATTACACCTAGCTCTGATAT	1	FD30_1	Astronaut 1	FD30	FD	4.23077673576727
FD30_1_ATTACAGAGTGCCTTGATGA	7	FD30_1	Astronaut 1	FD30	FD	2.44321424691663e-05
FD30_1_ATTACAGGTCGATGAGATGA	5	FD30_1	Astronaut 1	FD30	FD	2.42100320830829e-05
FD30_1_ATTACCAGCGCGGCAGATGA	0	FD30_1	Astronaut 1	FD30	FD	2.94619425260591
FD30_1_ATTACCGGCAGGCGTGCGGT	0	FD30_1	Astronaut 1	FD30	FD	4.12331405852168
FD30_1_ATTACCGTCGGCGGTGCTTG	0	FD30_1	Astronaut 1	FD30	FD	3.70846974469077
FD30_1_ATTACGCAGGGTAGAGATAT	3	FD30_1	Astronaut 1	FD30	FD	0.418314963866426
FD30_1_ATTACGCGAACGGCAGATGA	3	FD30_1	Astronaut 1	FD30	FD	2.32861418494382
FD30_1_ATTACGCGAAGCTTGGCTGC	2	FD30_1	Astronaut 1	FD30	FD	1.23591436525654
FD30_1_ATTACGGAGCCGCAAGCAAC	2	FD30_1	Astronaut 1	FD30	FD	2.41199987967872
FD30_1_ATTACGTCTACCATAGGCGT	1	FD30_1	Astronaut 1	FD30	FD	2.28804543059904
FD30_1_ATTACTTAGCCTAGTGGTCC	6	FD30_1	Astronaut 1	FD30	FD	2.39879216969996e-05
FD30_1_ATTCAAAGACCGCAAGCTTG	0	FD30_1	Astronaut 1	FD30	FD	2.34775066272223
FD30_1_ATTCAAAGACCGGATGATGA	3	FD30_1	Astronaut 1	FD30	FD	5.04097842834683
FD30_1_ATTCAAAGGTCCATAGCTTG	0	FD30_1	Astronaut 1	FD30	FD	2.19263657011887
FD30_1_ATTCAAGCGGGGTCCGGCGT	0	FD30_1	Astronaut 1	FD30	FD	2.28804565270943
FD30_1_ATTCACGCCTCGGATGCTGC	5	FD30_1	Astronaut 1	FD30	FD	10.6626228508758
FD30_1_ATTCACGGATCAGTTGCAAC	0	FD30_1	Astronaut 1	FD30	FD	2.18206402275426
FD30_1_ATTCAGATATGCAACGGCGT	9	FD30_1	Astronaut 1	FD30	FD	4.27424343888115
FD30_1_ATTCAGCGGTGACTGGGCGT	0	FD30_1	Astronaut 1	FD30	FD	0.141634810596359
FD30_1_ATTCAGTAGACAATCGCTTG	5	FD30_1	Astronaut 1	FD30	FD	2.37658113109163e-05
FD30_1_ATTGGCAGCGCAGCGGCAAC	0	FD30_1	Astronaut 1	FD30	FD	2.35437009248329e-05
FD30_1_ATTGGCCGCTGGTCCGATGA	0	FD30_1	Astronaut 1	FD30	FD	7.61876285823266
FD30_1_ATTGGGATATCGGATGTAAT	2	FD30_1	Astronaut 1	FD30	FD	0.189927896026765
FD30_1_ATTGGTGGACCTAACGGTCC	7	FD30_1	Astronaut 1	FD30	FD	6.38220510601503
FD30_1_CAACTAACTCGCCTTGGCGT	4	FD30_1	Astronaut 1	FD30	FD	2.31451173921923
FD30_1_CAACTACTAAGATGAGCAAC	0	FD30_1	Astronaut 1	FD30	FD	2.33215905387496e-05
FD30_1_CAACTACTAAGGTAAGCAAC	5	FD30_1	Astronaut 1	FD30	FD	1.46140764405988
FD30_1_CAACTATCCTCGCCTGCAAC	1	FD30_1	Astronaut 1	FD30	FD	4.09582270400312
FD30_1_CAACTATTGGCTCCAGATGA	6	FD30_1	Astronaut 1	FD30	FD	2.30994801526663e-05
FD30_1_CAACTCTCCACGACCGATAT	0	FD30_1	Astronaut 1	FD30	FD	5.80620969185877
FD30_1_CAACTCTTAAGGTAAGGAGC	0	FD30_1	Astronaut 1	FD30	FD	0.758397379302296
FD30_1_CAATCAGAACCTACGGCGGT	0	FD30_1	Astronaut 1	FD30	FD	4.03887173625593
FD30_1_CAATCAGAACGTATCGGCGT	1	FD30_1	Astronaut 1	FD30	FD	2.28773697665829e-05
FD30_1_CAATCAGGTCCGCCTGGCGT	3	FD30_1	Astronaut 1	FD30	FD	2.23578437918462
FD30_1_CAATCATTGGCGCAAGCTTG	5	FD30_1	Astronaut 1	FD30	FD	2.26552593804996e-05
FD30_1_CAATCGACTGGCGGTGATAT	2	FD30_1	Astronaut 1	FD30	FD	0.556843710985491
FD30_1_CAATCTCTACGCCTTGGAGC	0	FD30_1	Astronaut 1	FD30	FD	4.6947812026552
FD30_1_CAATCTTAGCGTAGAGGAGC	5	FD30_1	Astronaut 1	FD30	FD	2.99296723913622
FD30_1_CAGAAAACCGGATGAGATAT	0	FD30_1	Astronaut 1	FD30	FD	7.2299322780891
FD30_1_CAGAAAGAGTCGCTCGCTGC	4	FD30_1	Astronaut 1	FD30	FD	0.587293374338787
FD30_1_CAGAAAGGTCCAGTTGATGA	7	FD30_1	Astronaut 1	FD30	FD	4.01216131264168
FD30_1_CAGAAAGGTCCAGTTGCCTT	1	FD30_1	Astronaut 1	FD30	FD	2.10852979004327
FD30_1_CAGAAAGTTGGGTCCGTCTA	6	FD30_1	Astronaut 1	FD30	FD	0.853629427710275
FD30_1_CAGAACCGCTGTATCGATGA	2	FD30_1	Astronaut 1	FD30	FD	0.929686572112532
FD30_1_CAGAAGGCAGCCTAGGCTGC	1	FD30_1	Astronaut 1	FD30	FD	2.24331489944163e-05
FD30_1_CAGCGAACGACGCTCGATGA	5	FD30_1	Astronaut 1	FD30	FD	3.20761604126275
FD30_1_CAGCGACTTCCTTAAGCGGT	3	FD30_1	Astronaut 1	FD30	FD	4.12331428063207
FD30_1_CAGCGAGGCTCGCCTGCTGC	3	FD30_1	Astronaut 1	FD30	FD	0.089122496673872
FD30_1_CAGCGAGTTGGTAATGCGGT	7	FD30_1	Astronaut 1	FD30	FD	2.2211038608333e-05
FD30_1_CAGCGATGGCGCTCTGTAAT	0	FD30_1	Astronaut 1	FD30	FD	2.36636770104446
FD30_1_CAGCGCAGCGCAGTTGTAAT	3	FD30_1	Astronaut 1	FD30	FD	3.03370298091436
FD30_1_CAGCGCGATTCTCCAGGTCC	5	FD30_1	Astronaut 1	FD30	FD	2.19889282222496e-05
FD30_1_CAGCGGCTTGCTAGTGGTCC	6	FD30_1	Astronaut 1	FD30	FD	2.84511981410464
FD30_1_CAGCGGCTTGGTATCGATAT	0	FD30_1	Astronaut 1	FD30	FD	2.29992784813047
FD30_1_CAGCGGTATCGGAGCGCTGC	3	FD30_1	Astronaut 1	FD30	FD	2.11062028628147
FD30_1_CAGCGTCATCCTTAAGATGA	3	FD30_1	Astronaut 1	FD30	FD	2.17668178361663e-05
FD30_1_CAGCGTCGCGGCTCTGGTCC	5	FD30_1	Astronaut 1	FD30	FD	1.73335892405452
FD30_1_CAGTTAGAGTGGTCCGATAT	1	FD30_1	Astronaut 1	FD30	FD	2.62722194643441
FD30_1_CAGTTAGGTCCAGAAGCAAC	0	FD30_1	Astronaut 1	FD30	FD	2.94865110253235
FD30_1_CAGTTCGGATCAGTTGGAGC	2	FD30_1	Astronaut 1	FD30	FD	2.61298943802285
FD30_1_CAGTTCTACGCTTAAGCTTG	3	FD30_1	Astronaut 1	FD30	FD	2.2958403288304
FD30_1_CAGTTCTCCAGCTGCGCGGT	4	FD30_1	Astronaut 1	FD30	FD	3.27969358896758
FD30_1_CAGTTGAGTCGTAGAGTAAT	7	FD30_1	Astronaut 1	FD30	FD	0.143761102882534
FD30_1_CAGTTGCGAAGGTCCGATAT	0	FD30_1	Astronaut 1	FD30	FD	2.1544707450083e-05
FD30_1_CAGTTGCTCTGAGTCGTCTA	3	FD30_1	Astronaut 1	FD30	FD	2.57826660409775
FD30_1_CAGTTGCTTGCTGGAGCAAC	0	FD30_1	Astronaut 1	FD30	FD	2.84512003621502
FD30_1_CAGTTGTATCCGTCGGATAT	7	FD30_1	Astronaut 1	FD30	FD	3.03856091291034
FD30_1_CAGTTGTATCGGTAAGATAT	0	FD30_1	Astronaut 1	FD30	FD	2.13225970639996e-05
FD30_1_CCATAAACGACCATAGTAAT	2	FD30_1	Astronaut 1	FD30	FD	0.255053164390846
FD30_1_CCATAATTCAGCTCTGGCGT	8	FD30_1	Astronaut 1	FD30	FD	2.11004866779163e-05
FD30_1_CCATACGGCAGCGGTGCAAC	0	FD30_1	Astronaut 1	FD30	FD	4.98647654171279
FD30_1_CCATAGCTGCGGTAAGCTTG	7	FD30_1	Astronaut 1	FD30	FD	2.0878376291833e-05
FD30_1_CCATAGGTAACTAGTGATGA	0	FD30_1	Astronaut 1	FD30	FD	1.72369593386889
FD30_1_CCATATCATCGCTTGGCGGT	9	FD30_1	Astronaut 1	FD30	FD	3.90504968093636
FD30_1_CCATATTATGCGGCAGGAGC	3	FD30_1	Astronaut 1	FD30	FD	2.84512025832541
FD30_1_CCGCTACCAGCAATCGGCGT	7	FD30_1	Astronaut 1	FD30	FD	6.50368333510196
FD30_1_CCGCTAGTTGGAGCTGCAAC	8	FD30_1	Astronaut 1	FD30	FD	4.98804022353686
FD30_1_CCGCTCGAAGCCTCAGATAT	1	FD30_1	Astronaut 1	FD30	FD	2.06562659057496e-05
FD30_1_CCGCTCTTAACTTAAGATGA	2	FD30_1	Astronaut 1	FD30	FD	2.96038703092983
FD30_1_CCGCTGAACCGAGCTGGTCC	3	FD30_1	Astronaut 1	FD30	FD	2.1958949834994
FD30_1_CCGCTGTCTACCTAGGCAAC	3	FD30_1	Astronaut 1	FD30	FD	2.04341555196663e-05
FD30_1_CCGCTTATGCCTCCAGATAT	3	FD30_1	Astronaut 1	FD30	FD	0.71491920481941
FD30_1_CCGCTTCCGGGACTGGGCGT	1	FD30_1	Astronaut 1	FD30	FD	0.652340650794503
FD30_1_CCTAGAAGCAGGAGCGTCTA	3	FD30_1	Astronaut 1	FD30	FD	3.05823364342211
FD30_1_CCTAGACCTACCTAGGCAAC	0	FD30_1	Astronaut 1	FD30	FD	6.44728691926712
FD30_1_CCTAGAGTTGCGGCAGTAAT	3	FD30_1	Astronaut 1	FD30	FD	2.0212045133583e-05
FD30_1_CCTAGATCCTCCTAGGGTCC	0	FD30_1	Astronaut 1	FD30	FD	4.12331450274245
FD30_1_CCTAGGCGGTGCTTGGCGGT	9	FD30_1	Astronaut 1	FD30	FD	6.03320764763397
FD30_1_CCTAGTTCATCGGCAGCTTG	5	FD30_1	Astronaut 1	FD30	FD	2.81960117124134
FD30_1_CCTCACGAAGGAGCTGGCGT	5	FD30_1	Astronaut 1	FD30	FD	4.03988679085854
FD30_1_CCTCACTAACGTATCGCCTT	5	FD30_1	Astronaut 1	FD30	FD	4.69687550006637
FD30_1_CCTCAGAGCTGAGTCGATAT	0	FD30_1	Astronaut 1	FD30	FD	6.05939916895217
FD30_1_CCTCAGTAATGAGCTGGAGC	0	FD30_1	Astronaut 1	FD30	FD	1.99899347474997e-05
FD30_1_CCTCAGTTAGATTGGGCTGC	4	FD30_1	Astronaut 1	FD30	FD	7.66324469407169
FD30_1_CCTCAGTTAGGTATCGATAT	1	FD30_1	Astronaut 1	FD30	FD	4.02229968377881
FD30_1_CCTCATTCGAGCTGCGATGA	3	FD30_1	Astronaut 1	FD30	FD	2.11300513673445
FD30_1_CGAAGACCTACCTAGGTAAT	0	FD30_1	Astronaut 1	FD30	FD	3.35839955444452
FD30_1_CGAAGACTCGCAATCGCAAC	0	FD30_1	Astronaut 1	FD30	FD	5.29314841161482
FD30_1_CGAAGAGTTGGGCGTGATAT	3	FD30_1	Astronaut 1	FD30	FD	1.97678243614163e-05
FD30_1_CGAAGCAGCGGTAGAGTAAT	5	FD30_1	Astronaut 1	FD30	FD	6.02069177275791
FD30_1_CGAAGCCTCAGCAGGGGTCC	3	FD30_1	Astronaut 1	FD30	FD	1.52490738508525
FD30_1_CGAAGCGAAGGGTAAGATGA	3	FD30_1	Astronaut 1	FD30	FD	2.89300548267602
FD30_1_CGAAGCTTAAGAGCTGCTTG	4	FD30_1	Astronaut 1	FD30	FD	2.88495387976017
FD30_1_CGAAGGGTCCCCTCAGCCTT	0	FD30_1	Astronaut 1	FD30	FD	5.9068586356093
FD30_1_CGAAGGTCCGATTCAGTCTA	1	FD30_1	Astronaut 1	FD30	FD	0.823126965803017
FD30_1_CGAAGTAGAGCCATAGATAT	5	FD30_1	Astronaut 1	FD30	FD	4.49759701939501
FD30_1_CGACCAGAACCGAAGGATGA	1	FD30_1	Astronaut 1	FD30	FD	12.2326984973156
FD30_1_CGACCAGTTGGCCTTGCTTG	7	FD30_1	Astronaut 1	FD30	FD	1.9545713975333e-05
FD30_1_CGACCATTACGCAACGCTGC	8	FD30_1	Astronaut 1	FD30	FD	1.93236035892497e-05
FD30_1_CGACCATTCACAATCGCTTG	7	FD30_1	Astronaut 1	FD30	FD	1.32308499695611
FD30_1_CGACCCAATCCCTAGGTCTA	1	FD30_1	Astronaut 1	FD30	FD	3.34045361361979
FD30_1_CGACCCGATTCCTCAGATGA	1	FD30_1	Astronaut 1	FD30	FD	2.85343531132235
FD30_1_CGACCTGAGACCTCAGCTTG	7	FD30_1	Astronaut 1	FD30	FD	1.91014932031663e-05
FD30_1_CGATTAACTCCGTCGGGTCC	1	FD30_1	Astronaut 1	FD30	FD	1.38570257362436
FD30_1_CGATTATTGGCGCTCGATGA	7	FD30_1	Astronaut 1	FD30	FD	1.8879382817083e-05
FD30_1_CGATTATTGGCGCTCGCTGC	8	FD30_1	Astronaut 1	FD30	FD	1.86572724309997e-05
FD30_1_CGATTCAGCGGCAGGGATAT	0	FD30_1	Astronaut 1	FD30	FD	4.12331472485284
FD30_1_CGATTCAGCGGCAGGGGAGC	7	FD30_1	Astronaut 1	FD30	FD	1.84351620449164e-05
FD30_1_CGATTCGCTCCGCCTGGAGC	7	FD30_1	Astronaut 1	FD30	FD	1.8213051658833e-05
FD30_1_CGATTCGGATCTAGTGTCTA	4	FD30_1	Astronaut 1	FD30	FD	7.61876308034305
FD30_1_CGATTTGAGACCTAGGGAGC	0	FD30_1	Astronaut 1	FD30	FD	3.96661622739253
FD30_1_CGCAAAACCGATTGGGCGGT	7	FD30_1	Astronaut 1	FD30	FD	1.79909412727497e-05
FD30_1_CGCAACAACTGCTGCGGCGT	6	FD30_1	Astronaut 1	FD30	FD	1.45482546585642
FD30_1_CGCAAGCTTGCCTCAGCTTG	1	FD30_1	Astronaut 1	FD30	FD	0.522436155533481
FD30_1_CGCAAGGCAGATTCAGATGA	7	FD30_1	Astronaut 1	FD30	FD	1.77688308866664e-05
FD30_1_CGCAATCTACCGAAGGCTTG	7	FD30_1	Astronaut 1	FD30	FD	1.7546720500583e-05
FD30_1_CGCCTAAGGTCGCCTGTCTA	1	FD30_1	Astronaut 1	FD30	FD	2.2532866729876
FD30_1_CGCCTAGGCTATTCAGCAAC	9	FD30_1	Astronaut 1	FD30	FD	1.73246101144997e-05
FD30_1_CGCCTAGTTGATTGGGGAGC	3	FD30_1	Astronaut 1	FD30	FD	1.71024997284164e-05
FD30_1_CGCCTGTATCGAGCTGTAAT	1	FD30_1	Astronaut 1	FD30	FD	6.47620844561966
FD30_1_CGCCTTAAGGCAGAAGATGA	0	FD30_1	Astronaut 1	FD30	FD	2.7267080648279
FD30_1_CGCCTTCAGTCGAAGGCGGT	3	FD30_1	Astronaut 1	FD30	FD	0.62954859903272
FD30_1_CGCTCAACGAGTAGAGCCTT	2	FD30_1	Astronaut 1	FD30	FD	1.6880389342333e-05
FD30_1_CGCTCACCAGGACTGGCAAC	0	FD30_1	Astronaut 1	FD30	FD	3.06005995976999
FD30_1_CGCTCACGATGCGAAGGCGT	0	FD30_1	Astronaut 1	FD30	FD	5.68004933638918
FD30_1_CGCTCACTAAGAACCGCCTT	0	FD30_1	Astronaut 1	FD30	FD	1.41966392778278
FD30_1_CGCTCCGAAGGCAACGGTCC	1	FD30_1	Astronaut 1	FD30	FD	2.52839213053679
FD30_1_CGCTCCGATTGTAGAGATGA	5	FD30_1	Astronaut 1	FD30	FD	4.12331494696322
FD30_1_CGCTCGTAGAATTGGGCAAC	7	FD30_1	Astronaut 1	FD30	FD	2.94806206912343
FD30_1_CGCTCGTAGACAGCGGTAAT	0	FD30_1	Astronaut 1	FD30	FD	4.49759724150539
FD30_1_CGGATAACCGCCGCTGTCTA	5	FD30_1	Astronaut 1	FD30	FD	3.77147947334989
FD30_1_CGGATACTAACGTCGGATGA	6	FD30_1	Astronaut 1	FD30	FD	11.3501480816669
FD30_1_CGGATACTAACTAGTGCAAC	7	FD30_1	Astronaut 1	FD30	FD	0.449840495974869
FD30_1_CGGATAGGCTGGCAGGATAT	7	FD30_1	Astronaut 1	FD30	FD	0.771222489177251
FD30_1_CGGATCCATACAGAAGCAAC	2	FD30_1	Astronaut 1	FD30	FD	2.8451204804358
FD30_1_CGGATTCTACGGCAGGGCGT	5	FD30_1	Astronaut 1	FD30	FD	1.66582789562497e-05
FD30_1_CGGATTGAGACTTAAGTCTA	0	FD30_1	Astronaut 1	FD30	FD	2.58133219712408
FD30_1_CGGCAAAGCACGCTCGCTTG	7	FD30_1	Astronaut 1	FD30	FD	5.66817533045408
FD30_1_CGGCAACGATGCGGTGGAGC	7	FD30_1	Astronaut 1	FD30	FD	1.64361685701664e-05
FD30_1_CGGCAACTAACTACGGCTTG	2	FD30_1	Astronaut 1	FD30	FD	5.81909589575696
FD30_1_CGGCAACTAAGCTTGGCAAC	3	FD30_1	Astronaut 1	FD30	FD	5.00534298696683
FD30_1_CGGCAAGGCTCCATAGGCGT	1	FD30_1	Astronaut 1	FD30	FD	1.59395814968784
FD30_1_CGGCAAGGCTCGCAAGCTGC	1	FD30_1	Astronaut 1	FD30	FD	0.269101358865682
FD30_1_CGGCAGGAGCCCTCAGGTCC	2	FD30_1	Astronaut 1	FD30	FD	0.594128918913926
FD30_1_CGGCAGGTAAGGAGCGCAAC	2	FD30_1	Astronaut 1	FD30	FD	1.62140581840831e-05
FD30_1_CGGCAGTTAGCAGCGGCTTG	0	FD30_1	Astronaut 1	FD30	FD	3.74545327614184
FD30_1_CGGCAGTTAGCGGCAGTCTA	3	FD30_1	Astronaut 1	FD30	FD	4.94345541120971
FD30_1_CGGCATCCGGGGCGTGATGA	2	FD30_1	Astronaut 1	FD30	FD	4.12331516907361
FD30_1_CGGCATCTACGCTCTGATGA	0	FD30_1	Astronaut 1	FD30	FD	4.22059555032841
FD30_1_CGTCGAAGGTCGCCTGTAAT	4	FD30_1	Astronaut 1	FD30	FD	0.205426463903907
FD30_1_CGTCGAGGTCGCGAAGCGGT	0	FD30_1	Astronaut 1	FD30	FD	0.698011679422352
FD30_1_CGTCGATCCTCTAACGCTTG	4	FD30_1	Astronaut 1	FD30	FD	2.25468059473652
FD30_1_CGTCGCAGCGCAGAAGATGA	1	FD30_1	Astronaut 1	FD30	FD	16.0874843742997
FD30_1_CGTCGGAGCTGCAACGCTGC	6	FD30_1	Astronaut 1	FD30	FD	2.13351876796534
FD30_1_CGTCGGATGACGCAAGCCTT	3	FD30_1	Astronaut 1	FD30	FD	1.59919477979997e-05
FD30_1_CGTCGTATGCCGGCAGCCTT	7	FD30_1	Astronaut 1	FD30	FD	0.730526372514859
FD30_1_CTAACAAGACGAACCGCTTG	4	FD30_1	Astronaut 1	FD30	FD	2.12667860177561
FD30_1_CTAACAAGGTGGCAGGATGA	5	FD30_1	Astronaut 1	FD30	FD	1.57698374119164e-05
FD30_1_CTAACACCTAGGTAAGCAAC	6	FD30_1	Astronaut 1	FD30	FD	6.43896599113343
FD30_1_CTAACAGAGTGACTGGATGA	0	FD30_1	Astronaut 1	FD30	FD	6.49287573165381
FD30_1_CTAACATTCACGCAAGATGA	1	FD30_1	Astronaut 1	FD30	FD	0.794283433887366
FD30_1_CTAACCGACCATTCAGTCTA	4	FD30_1	Astronaut 1	FD30	FD	1.55477270258331e-05
FD30_1_CTAACCTCCAGTAGAGCAAC	4	FD30_1	Astronaut 1	FD30	FD	0.864323492990998
FD30_1_CTAACCTGGACGAAGGCAAC	0	FD30_1	Astronaut 1	FD30	FD	3.25963426587575
FD30_1_CTAACGACTGGCAGGGATAT	3	FD30_1	Astronaut 1	FD30	FD	6.8548220446086
FD30_1_CTAACGAGCTCCATAGATGA	4	FD30_1	Astronaut 1	FD30	FD	2.21015158631982
FD30_1_CTAACTATTGGGTCCGCAAC	3	FD30_1	Astronaut 1	FD30	FD	1.19169704266347
FD30_1_CTAACTCCGGGTATCGCAAC	2	FD30_1	Astronaut 1	FD30	FD	4.123315391184
FD30_1_CTACGAAGGTGCGAAGATGA	0	FD30_1	Astronaut 1	FD30	FD	2.58145617967464
FD30_1_CTACGACTCGCAATCGCAAC	0	FD30_1	Astronaut 1	FD30	FD	5.2218064489812
FD30_1_CTACGGAACCCGGCAGATGA	0	FD30_1	Astronaut 1	FD30	FD	37.5322340407876
FD30_1_CTACGGATGACTGGAGGCGT	7	FD30_1	Astronaut 1	FD30	FD	0.0066581823905125
FD30_1_CTACGGCAACCGGCAGGTCC	1	FD30_1	Astronaut 1	FD30	FD	0.209937042828065
FD30_1_CTACGGGTAACGGATGATAT	8	FD30_1	Astronaut 1	FD30	FD	7.67149670929432
FD30_1_CTACGTACGTCGATTGCAAC	3	FD30_1	Astronaut 1	FD30	FD	7.63322678983193
FD30_1_CTACGTCTACGATGAGGAGC	3	FD30_1	Astronaut 1	FD30	FD	1.53256166397497e-05
FD30_1_CTAGTATCCTCGAAGGGCGT	7	FD30_1	Astronaut 1	FD30	FD	2.81331092800169
FD30_1_CTAGTATTCACGCTCGGCGT	5	FD30_1	Astronaut 1	FD30	FD	4.64460014001575
FD30_1_CTAGTCAGAAGTAGAGCGGT	4	FD30_1	Astronaut 1	FD30	FD	12.1414755149266
FD30_1_CTAGTCGAAGCGCTCGATAT	0	FD30_1	Astronaut 1	FD30	FD	2.80159350035794
FD30_1_CTAGTGCGGTGAGCTGATGA	7	FD30_1	Astronaut 1	FD30	FD	0.317030108079318
FD30_1_CTAGTTGCGCATTGGGGCGT	3	FD30_1	Astronaut 1	FD30	FD	1.51035062536664e-05
FD30_1_CTAGTTGCGCATTGGGTCTA	0	FD30_1	Astronaut 1	FD30	FD	1.30202641921036
FD30_1_CTAGTTTCATCTAACGCGGT	3	FD30_1	Astronaut 1	FD30	FD	2.10737554509379
FD30_1_CTCCAAACGACTACGGATGA	3	FD30_1	Astronaut 1	FD30	FD	6.85482226671899
FD30_1_CTCCAAGTTGCAACTGATAT	3	FD30_1	Astronaut 1	FD30	FD	1.48813958675831e-05
FD30_1_CTCCAATGCGCCTCAGCAAC	2	FD30_1	Astronaut 1	FD30	FD	3.21446182098715
FD30_1_CTCCACAGCGGGTAAGTCTA	5	FD30_1	Astronaut 1	FD30	FD	5.7019979401813
FD30_1_CTCCACGATTCGAAGGATGA	2	FD30_1	Astronaut 1	FD30	FD	1.46592854814998e-05
FD30_1_CTCCACGTCGGCTCTGCAAC	8	FD30_1	Astronaut 1	FD30	FD	3.87031523880761
FD30_1_CTCCACTGGAGTATCGGAGC	0	FD30_1	Astronaut 1	FD30	FD	1.44371750954164e-05
FD30_1_CTCCACTTAAGTAGAGATGA	3	FD30_1	Astronaut 1	FD30	FD	11.3521145968001
FD30_1_CTCCAGAGTCCTACGGCCTT	1	FD30_1	Astronaut 1	FD30	FD	1.42150647093331e-05
FD30_1_CTCCAGCGAAGCAGGGCAAC	1	FD30_1	Astronaut 1	FD30	FD	2.14454121571086
FD30_1_CTCCATCATCCTACGGCAAC	6	FD30_1	Astronaut 1	FD30	FD	1.43899949443494
FD30_1_CTCCATGCTAGCCTTGATGA	0	FD30_1	Astronaut 1	FD30	FD	3.72767931570395
FD30_1_CTCCATTGAAGGCAGGATAT	0	FD30_1	Astronaut 1	FD30	FD	1.57511054834302
FD30_1_CTGGAAAGACATTGGGATAT	3	FD30_1	Astronaut 1	FD30	FD	2.20632985137384
FD30_1_CTGGAACTTCGCAGGGTAAT	0	FD30_1	Astronaut 1	FD30	FD	0.451860604149624
FD30_1_CTGGAAGAACGGCAGGCCTT	7	FD30_1	Astronaut 1	FD30	FD	1.57841728117821
FD30_1_CTGGACGACCCTAACGATAT	3	FD30_1	Astronaut 1	FD30	FD	0.41794377613484
FD30_1_CTGGAGCAGGCTAGTGCGGT	2	FD30_1	Astronaut 1	FD30	FD	3.50635030302778
FD30_1_CTGGAGCCTTCTCCAGCAAC	0	FD30_1	Astronaut 1	FD30	FD	2.35283745438239
FD30_1_CTGGAGGTCCGCAGGGGCGT	0	FD30_1	Astronaut 1	FD30	FD	1.71024329840191
FD30_1_CTGGATACGTCTGGAGCTTG	7	FD30_1	Astronaut 1	FD30	FD	1.39929543232498e-05
FD30_1_CTGGATGGACGTATCGATAT	5	FD30_1	Astronaut 1	FD30	FD	1.60297608962827
FD30_1_CTGGATTATGGAGTCGGAGC	3	FD30_1	Astronaut 1	FD30	FD	2.14703326498057
FD30_1_CTGGATTCGACAGAAGCTTG	4	FD30_1	Astronaut 1	FD30	FD	2.10737576720418
FD30_1_CTGGATTGAAGCTCTGGCGT	4	FD30_1	Astronaut 1	FD30	FD	0.174198200618122
FD30_1_CTTAAAGCGGCGACCGGCGT	3	FD30_1	Astronaut 1	FD30	FD	4.12331561329438
FD30_1_CTTAAAGTTGGAGTCGTCTA	0	FD30_1	Astronaut 1	FD30	FD	4.12331583540477
FD30_1_CTTAACAACTGCTCTGCTTG	5	FD30_1	Astronaut 1	FD30	FD	1.37708439371664e-05
FD30_1_CTTAACAGCGCTGGAGGAGC	8	FD30_1	Astronaut 1	FD30	FD	2.58046226605286
FD30_1_CTTAACAGCGGCTCTGATAT	7	FD30_1	Astronaut 1	FD30	FD	4.01157247772249
FD30_1_CTTAACGGCACTAGTGATAT	6	FD30_1	Astronaut 1	FD30	FD	0.0373201910878556
FD30_1_CTTAACTTAACTAACGCTGC	3	FD30_1	Astronaut 1	FD30	FD	1.35487335510831e-05
FD30_1_CTTAACTTAACTCCAGTCTA	5	FD30_1	Astronaut 1	FD30	FD	1.33266231649998e-05
FD30_1_CTTAATCATCCAGCGGATAT	7	FD30_1	Astronaut 1	FD30	FD	1.21506776123785
FD30_1_CTTAATCGTACAGAAGCTGC	3	FD30_1	Astronaut 1	FD30	FD	0.346841652914285
FD30_1_CTTAATTGAAATTGGGCCTT	0	FD30_1	Astronaut 1	FD30	FD	1.44909493534217
FD30_1_GAACCAGAACCGTCGGCAAC	4	FD30_1	Astronaut 1	FD30	FD	2.80222747794514
FD30_1_GAACCATCCTATTCAGATGA	0	FD30_1	Astronaut 1	FD30	FD	6.31310618064807
FD30_1_GAACCCGCCTCTAACGATGA	7	FD30_1	Astronaut 1	FD30	FD	1.41912459016131
FD30_1_GAACCCTCCAGTAGAGCAAC	5	FD30_1	Astronaut 1	FD30	FD	4.97632386206672
FD30_1_GAACCGCCTTGTATCGCGGT	8	FD30_1	Astronaut 1	FD30	FD	3.82512573527097
FD30_1_GAACCGGCAGGGCGTGGAGC	0	FD30_1	Astronaut 1	FD30	FD	1.31045127789164e-05
FD30_1_GAACCGTAATCCTAGGCAAC	1	FD30_1	Astronaut 1	FD30	FD	6.52585306763234
FD30_1_GAACCGTAGAGACTGGCAAC	5	FD30_1	Astronaut 1	FD30	FD	9.96361763360855
FD30_1_GAACCTCAGTCAGTTGCAAC	5	FD30_1	Astronaut 1	FD30	FD	1.69802087087801
FD30_1_GACTGAAGCACCATAGGCGT	5	FD30_1	Astronaut 1	FD30	FD	3.89955886190327
FD30_1_GACTGACGATCTGGAGATAT	4	FD30_1	Astronaut 1	FD30	FD	1.28824023928331e-05
FD30_1_GACTGATCCTGAGTCGATAT	3	FD30_1	Astronaut 1	FD30	FD	3.96527745264484
FD30_1_GACTGCAGTTCCTCAGCCTT	7	FD30_1	Astronaut 1	FD30	FD	0.379785956546441
FD30_1_GACTGCTACGATTGGGGAGC	0	FD30_1	Astronaut 1	FD30	FD	1.26602920067498e-05
FD30_1_GACTGTAGAGGCGGTGCTTG	3	FD30_1	Astronaut 1	FD30	FD	4.70044370034075
FD30_1_GACTGTATCTCCTCAGGCGT	4	FD30_1	Astronaut 1	FD30	FD	4.12331605751515
FD30_1_GAGCTAGGCTCAACTGCAAC	0	FD30_1	Astronaut 1	FD30	FD	4.99587426077656
FD30_1_GAGCTATCCTCGCTCGCAAC	9	FD30_1	Astronaut 1	FD30	FD	6.85482248882937
FD30_1_GAGCTATTGGCGCCTGTCTA	5	FD30_1	Astronaut 1	FD30	FD	6.89460389734951
FD30_1_GAGCTCCTCACCTAGGCAAC	1	FD30_1	Astronaut 1	FD30	FD	2.14884618055524
FD30_1_GAGCTGAGTCGCTGCGTCTA	3	FD30_1	Astronaut 1	FD30	FD	1.54473061657216
FD30_1_GAGCTGTAATCGAAGGTAAT	1	FD30_1	Astronaut 1	FD30	FD	1.24381816206665e-05
FD30_1_GAGTCCGCCTATTCAGTAAT	5	FD30_1	Astronaut 1	FD30	FD	2.61219409371311
FD30_1_GAGTCGCGAACAACTGGCGT	1	FD30_1	Astronaut 1	FD30	FD	0.879426724331259
FD30_1_GAGTCGTATCCGTCGGTAAT	4	FD30_1	Astronaut 1	FD30	FD	0.716208139519992
FD30_1_GATATAGCGGCGATTGGAGC	0	FD30_1	Astronaut 1	FD30	FD	2.13638681037696
FD30_1_GATATAGTTGGACTGGGCGT	2	FD30_1	Astronaut 1	FD30	FD	0.232059447994508
FD30_1_GATATCGAAGCGGCAGCAAC	1	FD30_1	Astronaut 1	FD30	FD	1.5784175032886
FD30_1_GATATGCGGTGCCTTGCTTG	8	FD30_1	Astronaut 1	FD30	FD	5.94571177835739
FD30_1_GATATTATTGGCCTTGCTTG	1	FD30_1	Astronaut 1	FD30	FD	2.84512070254618
FD30_1_GATGAACTCGCGCAAGGAGC	5	FD30_1	Astronaut 1	FD30	FD	14.6647173793841
FD30_1_GATGAATCCTCGGCAGATGA	0	FD30_1	Astronaut 1	FD30	FD	2.10737598931456
FD30_1_GATGAATCCTGACTGGCTTG	0	FD30_1	Astronaut 1	FD30	FD	4.12331627962554
FD30_1_GATGAATGGCATTCAGCGGT	1	FD30_1	Astronaut 1	FD30	FD	5.28552493655399
FD30_1_GATGAATTACCTAGTGATGA	0	FD30_1	Astronaut 1	FD30	FD	0.758397601412682
FD30_1_GATGACAGAAGGTCCGATGA	7	FD30_1	Astronaut 1	FD30	FD	2.28804587481981
FD30_1_GATGAGAACCCCATAGGAGC	0	FD30_1	Astronaut 1	FD30	FD	1.22160712345831e-05
FD30_1_GATGAGCTCTCTAGTGCAAC	2	FD30_1	Astronaut 1	FD30	FD	4.12331650173593
FD30_1_GATGATCTACGATATGCGGT	1	FD30_1	Astronaut 1	FD30	FD	0.535321986111437
FD30_1_GCAACCAGCGATTCAGCTGC	1	FD30_1	Astronaut 1	FD30	FD	2.32002456097032
FD30_1_GCAACCCTAGGAACCGATAT	0	FD30_1	Astronaut 1	FD30	FD	0.687312034615513
FD30_1_GCAACGAGTCCAGAAGTCTA	0	FD30_1	Astronaut 1	FD30	FD	1.19939608484998e-05
FD30_1_GCAACGCAGGCTTAAGCTTG	0	FD30_1	Astronaut 1	FD30	FD	4.09977702897204
FD30_1_GCAACGCGAACAGTTGTCTA	0	FD30_1	Astronaut 1	FD30	FD	5.8447642555148
FD30_1_GCAACGCTCTCGCAAGGTCC	0	FD30_1	Astronaut 1	FD30	FD	0.671706161766233
FD30_1_GCAACTTCGAGTATCGATGA	7	FD30_1	Astronaut 1	FD30	FD	3.04803625874851
FD30_1_GCAGGAAGACGGAGCGCGGT	0	FD30_1	Astronaut 1	FD30	FD	2.16323280318924
FD30_1_GCAGGACCAGGCGAAGATGA	2	FD30_1	Astronaut 1	FD30	FD	2.16650799676251
FD30_1_GCAGGAGGTCCTAACGGCGT	3	FD30_1	Astronaut 1	FD30	FD	1.50280363166001
FD30_1_GCAGGCAGCGCTAACGCGGT	4	FD30_1	Astronaut 1	FD30	FD	0.466824910127788
FD30_1_GCAGGGAACCCGAAGGATGA	8	FD30_1	Astronaut 1	FD30	FD	4.12331672384631
FD30_1_GCAGGGGTCCCAATCGATAT	5	FD30_1	Astronaut 1	FD30	FD	1.17718504624165e-05
FD30_1_GCCTTAACCGCTAACGTAAT	4	FD30_1	Astronaut 1	FD30	FD	1.15497400763331e-05
FD30_1_GCCTTAGAGTCTGGAGCTTG	0	FD30_1	Astronaut 1	FD30	FD	3.88622952710756
FD30_1_GCCTTATTCACAATCGGCGT	7	FD30_1	Astronaut 1	FD30	FD	0.0974243050553567
FD30_1_GCCTTCAATCGATATGCAAC	8	FD30_1	Astronaut 1	FD30	FD	1.13276296902498e-05
FD30_1_GCCTTCGAAGCTAGTGTCTA	1	FD30_1	Astronaut 1	FD30	FD	2.90565939804915
FD30_1_GCCTTGGTCCCGCCTGTAAT	1	FD30_1	Astronaut 1	FD30	FD	1.11055193041665e-05
FD30_1_GCCTTGTCTACCTCAGTCTA	7	FD30_1	Astronaut 1	FD30	FD	1.08834089180831e-05
FD30_1_GCCTTTATCTCGCTCGATAT	8	FD30_1	Astronaut 1	FD30	FD	3.21842174671163
FD30_1_GCCTTTGAGAGCAGGGATGA	9	FD30_1	Astronaut 1	FD30	FD	0.0226021809666757
FD30_1_GCGAAACTCGCGCCTGATGA	1	FD30_1	Astronaut 1	FD30	FD	2.60317603439303
FD30_1_GCGAAATTACGGTCCGCCTT	1	FD30_1	Astronaut 1	FD30	FD	2.84512092465657
FD30_1_GCGAAATTCAGCTGCGCAAC	9	FD30_1	Astronaut 1	FD30	FD	4.12621748605933
FD30_1_GCGAATAGAGGATGAGCAAC	3	FD30_1	Astronaut 1	FD30	FD	2.26108234121939
FD30_1_GCGAATGGACGCTTGGATAT	7	FD30_1	Astronaut 1	FD30	FD	2.84512114676695
FD30_1_GCGAATTGAAGCCTTGCTTG	5	FD30_1	Astronaut 1	FD30	FD	3.96674848722039
FD30_1_GCGGTATTACCGCTCGCGGT	3	FD30_1	Astronaut 1	FD30	FD	1.39783850633739
FD30_1_GCGGTCCATAGCCTTGATAT	7	FD30_1	Astronaut 1	FD30	FD	2.2880460969302
FD30_1_GCGGTCTACGCTACGGCGGT	9	FD30_1	Astronaut 1	FD30	FD	7.24732639009316
FD30_1_GCGGTCTTAAGAGCTGCAAC	4	FD30_1	Astronaut 1	FD30	FD	2.84512136887734
FD30_1_GCGGTGAGCTCGTCGGATGA	8	FD30_1	Astronaut 1	FD30	FD	4.49759746361578
FD30_1_GCGGTGCTCTGACTGGCCTT	2	FD30_1	Astronaut 1	FD30	FD	1.06612985319998e-05
FD30_1_GCGGTGCTCTGAGCTGGAGC	1	FD30_1	Astronaut 1	FD30	FD	6.04496649893583
FD30_1_GCGGTGTATCATTGGGTAAT	3	FD30_1	Astronaut 1	FD30	FD	2.22970850681001
FD30_1_GCGGTTACGTGCTCTGATGA	0	FD30_1	Astronaut 1	FD30	FD	5.94817141359273
FD30_1_GCGGTTATGCCCTAGGCAAC	0	FD30_1	Astronaut 1	FD30	FD	2.10737621142495
FD30_1_GCGGTTCATCGGTCCGGCGT	3	FD30_1	Astronaut 1	FD30	FD	4.00966453973381
FD30_1_GCGGTTTAGCGGTAAGTCTA	2	FD30_1	Astronaut 1	FD30	FD	7.61876330245344
FD30_1_GCTCTAAGACCAACTGCGGT	1	FD30_1	Astronaut 1	FD30	FD	4.18184713990018
FD30_1_GCTCTAAGCACAGTTGCAAC	1	FD30_1	Astronaut 1	FD30	FD	1.37981844211129
FD30_1_GCTCTACGATGCGAAGCCTT	2	FD30_1	Astronaut 1	FD30	FD	1.04391881459165e-05
FD30_1_GCTCTATCTGGTATCGCTGC	0	FD30_1	Astronaut 1	FD30	FD	3.20351622395126
FD30_1_GCTCTCAGAAGGCAGGCTGC	2	FD30_1	Astronaut 1	FD30	FD	1.02170777598332e-05
FD30_1_GCTCTCGAAGCCTAGGCTTG	2	FD30_1	Astronaut 1	FD30	FD	1.44404908225387
FD30_1_GCTCTCGCCTATTGGGATGA	1	FD30_1	Astronaut 1	FD30	FD	7.61876352456382
FD30_1_GCTCTCGCCTCTAACGCCTT	4	FD30_1	Astronaut 1	FD30	FD	9.99496737374983e-06
FD30_1_GCTCTGAACCGAGCTGCTTG	5	FD30_1	Astronaut 1	FD30	FD	9.43623901303744
FD30_1_GCTCTTCAGTGGAGCGGAGC	3	FD30_1	Astronaut 1	FD30	FD	3.21734029480631
FD30_1_GCTCTTCTACCTAGTGGAGC	4	FD30_1	Astronaut 1	FD30	FD	9.7728569876665e-06
FD30_1_GCTCTTGAGACCTCAGCGGT	3	FD30_1	Astronaut 1	FD30	FD	4.1233169459567
FD30_1_GCTCTTGGACCTAACGTCTA	3	FD30_1	Astronaut 1	FD30	FD	1.45749351878247
FD30_1_GCTCTTTAGCGGCGTGGTCC	0	FD30_1	Astronaut 1	FD30	FD	2.74491344108105
FD30_1_GCTGCAACCGCTAGTGCAAC	2	FD30_1	Astronaut 1	FD30	FD	2.84512159098773
FD30_1_GCTGCAAGGTCAGTTGCCTT	5	FD30_1	Astronaut 1	FD30	FD	10.6626230729862
FD30_1_GCTGCCCTAGCGATTGCGGT	7	FD30_1	Astronaut 1	FD30	FD	14.526385813217
FD30_1_GCTGCCGAAGCAACTGCTGC	0	FD30_1	Astronaut 1	FD30	FD	3.04193385903906
FD30_1_GCTGCCGAAGCGAAGGGAGC	7	FD30_1	Astronaut 1	FD30	FD	9.55074660158317e-06
FD30_1_GCTGCCGGATCCTCAGATGA	0	FD30_1	Astronaut 1	FD30	FD	4.91511628986184
FD30_1_GCTGCGCGAACTAACGATAT	5	FD30_1	Astronaut 1	FD30	FD	10.2677095695399
FD30_1_GCTGCTGCTAGCAACGCAAC	5	FD30_1	Astronaut 1	FD30	FD	7.94152792378834
FD30_1_GCTTGACCTACAACTGTAAT	4	FD30_1	Astronaut 1	FD30	FD	2.84907561805416
FD30_1_GCTTGACCTACAGAAGATGA	0	FD30_1	Astronaut 1	FD30	FD	3.96661644950292
FD30_1_GCTTGACCTAGTATCGGAGC	0	FD30_1	Astronaut 1	FD30	FD	0.300096121363882
FD30_1_GCTTGAGAACCAATCGCAAC	3	FD30_1	Astronaut 1	FD30	FD	0.735544999123774
FD30_1_GCTTGATTCAGGTCCGTAAT	7	FD30_1	Astronaut 1	FD30	FD	9.32863621549984e-06
FD30_1_GCTTGCTTAAGATATGATAT	5	FD30_1	Astronaut 1	FD30	FD	4.14890965091137
FD30_1_GCTTGGATATCTCCAGGAGC	3	FD30_1	Astronaut 1	FD30	FD	9.10652582941651e-06
FD30_1_GCTTGGTATCGAGCTGCTTG	0	FD30_1	Astronaut 1	FD30	FD	2.14474223488799
FD30_1_GGAGCAACGACGGATGATGA	1	FD30_1	Astronaut 1	FD30	FD	2.11887373642002
FD30_1_GGAGCACTCGCGTCGGCTGC	1	FD30_1	Astronaut 1	FD30	FD	4.27645801013391
FD30_1_GGAGCACTTCGCCTTGCAAC	9	FD30_1	Astronaut 1	FD30	FD	8.88441544333318e-06
FD30_1_GGAGCCAGAAGGAGCGGCGT	0	FD30_1	Astronaut 1	FD30	FD	8.66230505724985e-06
FD30_1_GGAGCCGGATGCAGGGTAAT	7	FD30_1	Astronaut 1	FD30	FD	1.40386648171291
FD30_1_GGAGCCTCCAGCCTTGATGA	2	FD30_1	Astronaut 1	FD30	FD	4.12331716806708
FD30_1_GGAGCGAACCCTCCAGCAAC	4	FD30_1	Astronaut 1	FD30	FD	2.10797435900557
FD30_1_GGAGCGAGTCCTAACGCCTT	7	FD30_1	Astronaut 1	FD30	FD	2.28804631904059
FD30_1_GGAGCGCAACGGAGCGCTGC	1	FD30_1	Astronaut 1	FD30	FD	0.66637236576827
FD30_1_GGAGCGTCCGGTATCGCTTG	7	FD30_1	Astronaut 1	FD30	FD	0.0229475293863037
FD30_1_GGCAGACCTACGGCAGCAAC	1	FD30_1	Astronaut 1	FD30	FD	8.44019467116652e-06
FD30_1_GGCAGAGTTGGAGCTGCTGC	1	FD30_1	Astronaut 1	FD30	FD	4.69289474625066
FD30_1_GGCAGATGGCCCGCTGATAT	0	FD30_1	Astronaut 1	FD30	FD	8.21808428508319e-06
FD30_1_GGCAGATTACCGACCGTCTA	0	FD30_1	Astronaut 1	FD30	FD	1.43727710404929
FD30_1_GGCAGCAGAAGTATCGATAT	3	FD30_1	Astronaut 1	FD30	FD	3.95828307386257
FD30_1_GGCAGCCGCTGGAGCGGCGT	6	FD30_1	Astronaut 1	FD30	FD	7.99597389899986e-06
FD30_1_GGCAGGAGTCCAGTTGTCTA	1	FD30_1	Astronaut 1	FD30	FD	4.95625113401045
FD30_1_GGCAGTAAGGCAACTGGCGT	0	FD30_1	Astronaut 1	FD30	FD	6.61877197722408
FD30_1_GGCAGTGCTAGAGTCGCGGT	3	FD30_1	Astronaut 1	FD30	FD	5.03344060660062
FD30_1_GGCGTAAGGTGAGCTGCTTG	7	FD30_1	Astronaut 1	FD30	FD	7.77386351291653e-06
FD30_1_GGCGTATTACGCAACGGAGC	1	FD30_1	Astronaut 1	FD30	FD	2.82274710144937
FD30_1_GGCGTCAGTTCAGCGGTAAT	0	FD30_1	Astronaut 1	FD30	FD	7.5517531268332e-06
FD30_1_GGCGTCTACGCGCCTGCAAC	3	FD30_1	Astronaut 1	FD30	FD	3.01384131366102
FD30_1_GGCGTGGTAACCTCAGGCGT	3	FD30_1	Astronaut 1	FD30	FD	2.27305557499324
FD30_1_GGTAAATCTGATTGGGATAT	5	FD30_1	Astronaut 1	FD30	FD	2.84512181309811
FD30_1_GGTAACAGAACGGCAGCAAC	1	FD30_1	Astronaut 1	FD30	FD	2.30307034672399
FD30_1_GGTAACCTAGCCGCTGGCGT	3	FD30_1	Astronaut 1	FD30	FD	2.12427890114629
FD30_1_GGTAACGCAACAATCGATGA	0	FD30_1	Astronaut 1	FD30	FD	2.42247878019517
FD30_1_GGTAAGAGTCGCTCTGTCTA	5	FD30_1	Astronaut 1	FD30	FD	0.471679375687589
FD30_1_GGTAAGATATATTGGGCAAC	9	FD30_1	Astronaut 1	FD30	FD	5.74961846138325
FD30_1_GGTAAGTCCGCGACCGATAT	1	FD30_1	Astronaut 1	FD30	FD	6.29541757646663
FD30_1_GGTAATAGAGGCAGGGCTTG	1	FD30_1	Astronaut 1	FD30	FD	3.26248884363653
FD30_1_GGTAATGCGCCAGCGGTCTA	7	FD30_1	Astronaut 1	FD30	FD	2.8451220352085
FD30_1_GGTAATTATGCCTAGGCGGT	0	FD30_1	Astronaut 1	FD30	FD	5.91318502456136
FD30_1_GGTCCCAGCGCGATTGCGGT	1	FD30_1	Astronaut 1	FD30	FD	1.44062645769841
FD30_1_GGTCCCGGCAATTCAGATGA	1	FD30_1	Astronaut 1	FD30	FD	3.25786406578283
FD30_1_GGTCCCTTAACGCAAGCTGC	0	FD30_1	Astronaut 1	FD30	FD	6.52063219457829
FD30_1_GGTCCGCAGGCTTAAGCTTG	4	FD30_1	Astronaut 1	FD30	FD	0.369846512255078
FD30_1_GTAATACTTCGCGGTGATGA	6	FD30_1	Astronaut 1	FD30	FD	2.36820522667148
FD30_1_GTAATCGGCACGCCTGGTCC	0	FD30_1	Astronaut 1	FD30	FD	7.32964274074988e-06
FD30_1_GTAATGAACCGCCTTGGCGT	1	FD30_1	Astronaut 1	FD30	FD	3.67725405160066
FD30_1_GTAATGAACCGGCAGGCTTG	1	FD30_1	Astronaut 1	FD30	FD	7.10753235466655e-06
FD30_1_GTAATGAACCGTATCGCAAC	1	FD30_1	Astronaut 1	FD30	FD	4.49759768572616
FD30_1_GTAATGCCTTGGCAGGCGGT	0	FD30_1	Astronaut 1	FD30	FD	3.27247658277553
FD30_1_GTAATGCGAACGGATGATGA	4	FD30_1	Astronaut 1	FD30	FD	4.77116798575857
FD30_1_GTAATGCTTGGTAGAGCGGT	0	FD30_1	Astronaut 1	FD30	FD	6.88542196858322e-06
FD30_1_GTAATTGGACCTCCAGCTTG	5	FD30_1	Astronaut 1	FD30	FD	4.69182823377039
FD30_1_GTAGAAACTCGCTGCGTAAT	6	FD30_1	Astronaut 1	FD30	FD	6.66331158249989e-06
FD30_1_GTAGAAGGTCGTAATGATGA	0	FD30_1	Astronaut 1	FD30	FD	3.18222455368039
FD30_1_GTAGACAGCGCGGATGGCGT	5	FD30_1	Astronaut 1	FD30	FD	6.44120119641656e-06
FD30_1_GTAGACCTAGGTAATGGCGT	6	FD30_1	Astronaut 1	FD30	FD	7.61876374667421
FD30_1_GTAGACGGCACTAGTGGAGC	0	FD30_1	Astronaut 1	FD30	FD	6.21909081033323e-06
FD30_1_GTAGAGCGGTCGATTGCGGT	0	FD30_1	Astronaut 1	FD30	FD	14.6647176014945
FD30_1_GTAGATCCGGATTGGGATAT	3	FD30_1	Astronaut 1	FD30	FD	2.09835269174908
FD30_1_GTAGATCTACGTATCGCCTT	0	FD30_1	Astronaut 1	FD30	FD	2.40443812969061
FD30_1_GTATCAGAGTGAGTCGATAT	6	FD30_1	Astronaut 1	FD30	FD	0.275957071023899
FD30_1_GTATCAGCGGCGCCTGATAT	7	FD30_1	Astronaut 1	FD30	FD	5.9969804242499e-06
FD30_1_GTATCCCATAGCAGGGGAGC	7	FD30_1	Astronaut 1	FD30	FD	5.77487003816657e-06
FD30_1_GTATCGTAATCTTAAGTCTA	6	FD30_1	Astronaut 1	FD30	FD	14.6647178236048
FD30_1_GTATCTATCTGTATCGCTGC	7	FD30_1	Astronaut 1	FD30	FD	5.55275965208324e-06
FD30_1_GTATCTATGCCGGCAGCTGC	3	FD30_1	Astronaut 1	FD30	FD	0.830042560440254
FD30_1_GTATCTGCGCCTAACGATGA	0	FD30_1	Astronaut 1	FD30	FD	3.1895306798503
FD30_1_GTCCGTAGGAGGTCCGCCTT	5	FD30_1	Astronaut 1	FD30	FD	2.84512225731888
FD30_1_GTCCGTATTGCCTCAGCTTG	5	FD30_1	Astronaut 1	FD30	FD	1.42767945366257
FD30_1_GTCCGTCTACATTGGGTAAT	7	FD30_1	Astronaut 1	FD30	FD	0.683243513429609
FD30_1_GTCCGTTATGGCAACGCAAC	5	FD30_1	Astronaut 1	FD30	FD	7.94152814589873
FD30_1_GTCCGTTCGAGGCAGGATGA	1	FD30_1	Astronaut 1	FD30	FD	1.51760605368165
FD30_1_GTCTAAGGCTGCAGGGATAT	8	FD30_1	Astronaut 1	FD30	FD	2.5642364945246
FD30_1_GTCTACGAAGGCGAAGGCGT	6	FD30_1	Astronaut 1	FD30	FD	3.04965716963816
FD30_1_GTCTACGACCCGAAGGCAAC	0	FD30_1	Astronaut 1	FD30	FD	2.8574997545082
FD30_1_GTCTACGATTCGGCAGGCGT	2	FD30_1	Astronaut 1	FD30	FD	0.052718155717687
FD30_1_GTCTACGTCGCGCAAGCCTT	0	FD30_1	Astronaut 1	FD30	FD	4.00843383047525
FD30_1_GTCTAGAGTCGCTTGGCAAC	2	FD30_1	Astronaut 1	FD30	FD	2.44847731121804
FD30_1_GTCTAGGTCCGAACCGCGGT	3	FD30_1	Astronaut 1	FD30	FD	2.83645698379681
FD30_1_GTCTAGTCCGGCCTTGCAAC	2	FD30_1	Astronaut 1	FD30	FD	1.24319805250007
FD30_1_GTCTATCATCGCTCTGTAAT	5	FD30_1	Astronaut 1	FD30	FD	2.39036365315038
FD30_1_GTCTATGCTACGGATGCTGC	4	FD30_1	Astronaut 1	FD30	FD	5.02197815175216
FD30_1_GTTAGACCTAGTATCGATAT	3	FD30_1	Astronaut 1	FD30	FD	2.84512247942927
FD30_1_GTTAGAGAGTCAGTTGCTGC	2	FD30_1	Astronaut 1	FD30	FD	2.84512270153966
FD30_1_GTTAGCCATACTGGAGGTCC	1	FD30_1	Astronaut 1	FD30	FD	7.6187639687846
FD30_1_GTTAGCGCCTATTGGGCAAC	2	FD30_1	Astronaut 1	FD30	FD	7.64160205597045
FD30_1_GTTAGCTTAAGATGAGCTTG	6	FD30_1	Astronaut 1	FD30	FD	2.5428733931116
FD30_1_GTTAGGGCAGGCAGGGCCTT	6	FD30_1	Astronaut 1	FD30	FD	1.53050115361974
FD30_1_GTTAGTCAGTGCCTTGCTTG	3	FD30_1	Astronaut 1	FD30	FD	2.62635292212135
FD30_1_GTTAGTGAGAGGTCCGCTGC	4	FD30_1	Astronaut 1	FD30	FD	4.12331739017747
FD30_1_GTTAGTTGAAGGCGTGATAT	1	FD30_1	Astronaut 1	FD30	FD	2.52816845929525
FD30_1_TAAGGACCTAGCCTTGCTTG	2	FD30_1	Astronaut 1	FD30	FD	7.35155314416475
FD30_1_TAAGGACTCGGCTGCGCGGT	8	FD30_1	Astronaut 1	FD30	FD	5.33064926599991e-06
FD30_1_TAAGGATCTGATTGGGCTTG	0	FD30_1	Astronaut 1	FD30	FD	5.10853887991658e-06
FD30_1_TAAGGATCTGGGTAAGATGA	6	FD30_1	Astronaut 1	FD30	FD	0.379786178656827
FD30_1_TAAGGCGGCAGATATGATAT	1	FD30_1	Astronaut 1	FD30	FD	4.67004837693226
FD30_1_TAAGGCTACGGCGAAGATGA	2	FD30_1	Astronaut 1	FD30	FD	2.10737643353534
FD30_1_TAAGGGCTCTCAGCGGGTCC	0	FD30_1	Astronaut 1	FD30	FD	5.76494489573923
FD30_1_TAAGGTTATGGAACCGGCGT	4	FD30_1	Astronaut 1	FD30	FD	2.56177640423916
FD30_1_TACGTAAGACCGATTGTAAT	5	FD30_1	Astronaut 1	FD30	FD	5.22677216135104
FD30_1_TACGTAGGTCCGCAAGCTTG	3	FD30_1	Astronaut 1	FD30	FD	0.694620489107164
FD30_1_TACGTATCCTGCCTTGGTCC	3	FD30_1	Astronaut 1	FD30	FD	0.379786400767213
FD30_1_TACGTCTGGACCGCTGCAAC	4	FD30_1	Astronaut 1	FD30	FD	3.67725427371105
FD30_1_TACGTGATATCAATCGCAAC	0	FD30_1	Astronaut 1	FD30	FD	4.12331761228786
FD30_1_TACGTGCTTGCTTAAGGAGC	3	FD30_1	Astronaut 1	FD30	FD	0.18868037271554
FD30_1_TACGTTATCTGCTCTGCTGC	1	FD30_1	Astronaut 1	FD30	FD	3.16333723016615
FD30_1_TACGTTGCGCCGGATGATAT	0	FD30_1	Astronaut 1	FD30	FD	2.25063155076392
FD30_1_TACGTTGGACCAACTGCTTG	0	FD30_1	Astronaut 1	FD30	FD	6.85482271093976
FD30_1_TACGTTTCATCTGGAGCTTG	0	FD30_1	Astronaut 1	FD30	FD	1.77820824173748
FD30_1_TAGAGAACTCCGCAAGATAT	8	FD30_1	Astronaut 1	FD30	FD	4.88642849383325e-06
FD30_1_TAGAGAGAGTCTGGAGGTCC	0	FD30_1	Astronaut 1	FD30	FD	4.25368973291541
FD30_1_TAGAGGAACCCTTAAGCTTG	0	FD30_1	Astronaut 1	FD30	FD	2.29525122948039
FD30_1_TAGAGGATATCAGCGGCTGC	3	FD30_1	Astronaut 1	FD30	FD	5.07113863580206
FD30_1_TAGAGGCCTTGTATCGATAT	0	FD30_1	Astronaut 1	FD30	FD	4.66431810774992e-06
FD30_1_TAGAGGCGGTCGAAGGCAAC	6	FD30_1	Astronaut 1	FD30	FD	1.45116898572317
FD30_1_TAGAGTAGAGGAGCTGGAGC	3	FD30_1	Astronaut 1	FD30	FD	2.38548490856133
FD30_1_TAGAGTGAGACAACTGGTCC	3	FD30_1	Astronaut 1	FD30	FD	3.83820613381386
FD30_1_TAGGAACCTAGAACCGCGGT	7	FD30_1	Astronaut 1	FD30	FD	4.44220772166659e-06
FD30_1_TAGGAATTCAGGTAAGATAT	7	FD30_1	Astronaut 1	FD30	FD	4.22009733558326e-06
FD30_1_TAGGAGCTCTCGGATGGAGC	8	FD30_1	Astronaut 1	FD30	FD	3.96661667161331
FD30_1_TAGGAGGCGTCTAGTGGCGT	1	FD30_1	Astronaut 1	FD30	FD	3.99798694949993e-06
FD30_1_TAGGAGGCGTGCTCTGGAGC	3	FD30_1	Astronaut 1	FD30	FD	3.7758765634166e-06
FD30_1_TAGGAGTAGACAACTGTAAT	6	FD30_1	Astronaut 1	FD30	FD	0.0829717753426926
FD30_1_TAGGAGTCCGGATGAGTCTA	4	FD30_1	Astronaut 1	FD30	FD	4.12331783439824
FD30_1_TAGGATTGAAGGTAAGATAT	7	FD30_1	Astronaut 1	FD30	FD	0.0747560144077335
FD30_1_TATCTAAGGTATTCAGCTTG	6	FD30_1	Astronaut 1	FD30	FD	3.55376617733327e-06
FD30_1_TATCTAAGGTCGAAGGCTGC	5	FD30_1	Astronaut 1	FD30	FD	14.6647180457152
FD30_1_TATCTACTTCCGCCTGGTCC	5	FD30_1	Astronaut 1	FD30	FD	0.41185475228036
FD30_1_TATCTATTCACGCAAGCGGT	1	FD30_1	Astronaut 1	FD30	FD	4.12331805650863
FD30_1_TATCTCCATACGGATGCCTT	5	FD30_1	Astronaut 1	FD30	FD	3.7113431562863
FD30_1_TATCTGGTAACTAGTGGTCC	7	FD30_1	Astronaut 1	FD30	FD	3.33165579124994e-06
FD30_1_TATCTGGTAAGGAGCGGAGC	7	FD30_1	Astronaut 1	FD30	FD	3.10954540516661e-06
FD30_1_TATCTTAAGGGGTCCGCTTG	0	FD30_1	Astronaut 1	FD30	FD	2.84512292365004
FD30_1_TATCTTATCTCGCAAGTCTA	5	FD30_1	Astronaut 1	FD30	FD	2.30842237832692
FD30_1_TATCTTTCGACCATAGCCTT	1	FD30_1	Astronaut 1	FD30	FD	2.15586683792224
FD30_1_TATGCACCTAGATATGATAT	3	FD30_1	Astronaut 1	FD30	FD	4.96580529793695
FD30_1_TATGCGTATCCTAACGATGA	0	FD30_1	Astronaut 1	FD30	FD	2.15707133305765
FD30_1_TATGCGTCTACAGCGGCCTT	0	FD30_1	Astronaut 1	FD30	FD	2.88743501908328e-06
FD30_1_TATGCTATGCCGCAAGCAAC	4	FD30_1	Astronaut 1	FD30	FD	2.87129200161418
FD30_1_TATGCTATGCCTCCAGCAAC	9	FD30_1	Astronaut 1	FD30	FD	2.66532463299995e-06
FD30_1_TATGCTGAGAGAACCGATAT	0	FD30_1	Astronaut 1	FD30	FD	7.27248871605956
FD30_1_TATGCTGCGCGGTAAGATAT	0	FD30_1	Astronaut 1	FD30	FD	4.24931981538203
FD30_1_TATTGAACGAGCTCTGATAT	5	FD30_1	Astronaut 1	FD30	FD	4.12331827861902
FD30_1_TATTGAAGCAGCAACGATGA	6	FD30_1	Astronaut 1	FD30	FD	2.89646823605431
FD30_1_TATTGCAACTCGGCAGCTTG	5	FD30_1	Astronaut 1	FD30	FD	2.44321424691663e-06
FD30_1_TATTGCCGCTGAACCGTCTA	7	FD30_1	Astronaut 1	FD30	FD	2.2211038608333e-06
FD30_1_TATTGCGCTCCCATAGCTGC	4	FD30_1	Astronaut 1	FD30	FD	1.99899347474997e-06
FD30_1_TATTGCTACGGGAGCGCAAC	1	FD30_1	Astronaut 1	FD30	FD	2.72297356859418
FD30_1_TATTGGCGGTGAGCTGATAT	3	FD30_1	Astronaut 1	FD30	FD	3.21043699953498
FD30_1_TATTGGTAATGATATGCGGT	7	FD30_1	Astronaut 1	FD30	FD	1.77688308866664e-06
FD30_1_TATTGTCATCGAGCTGTAAT	3	FD30_1	Astronaut 1	FD30	FD	1.49926057412471
FD30_1_TATTGTCGCGGGAGCGGTCC	5	FD30_1	Astronaut 1	FD30	FD	4.17921265464286
FD30_1_TATTGTCGTACAATCGCGGT	5	FD30_1	Astronaut 1	FD30	FD	0.758116804104291
FD30_1_TCAGTACGATCGTCGGCCTT	0	FD30_1	Astronaut 1	FD30	FD	3.11279121461171
FD30_1_TCAGTAGAACGTAGAGGTCC	3	FD30_1	Astronaut 1	FD30	FD	1.55477270258331e-06
FD30_1_TCAGTAGGCTCAGCGGTCTA	6	FD30_1	Astronaut 1	FD30	FD	0.562057958467482
FD30_1_TCAGTAGTTGGAGTCGCCTT	0	FD30_1	Astronaut 1	FD30	FD	2.92837698222056
FD30_1_TCAGTATTCAGATGAGCTGC	7	FD30_1	Astronaut 1	FD30	FD	1.33266231649998e-06
FD30_1_TCAGTCAATCGCCTTGGTCC	5	FD30_1	Astronaut 1	FD30	FD	1.57841772539898
FD30_1_TCAGTGCAGGCAGTTGCAAC	5	FD30_1	Astronaut 1	FD30	FD	5.69956776015559
FD30_1_TCAGTGGTAACTAACGTAAT	1	FD30_1	Astronaut 1	FD30	FD	2.12306022707213
FD30_1_TCAGTTAGGAGCCTTGATAT	0	FD30_1	Astronaut 1	FD30	FD	2.38494638791291
FD30_1_TCAGTTCGTAGAGTCGATAT	3	FD30_1	Astronaut 1	FD30	FD	0.758397823523068
FD30_1_TCAGTTCTACGTAATGGAGC	0	FD30_1	Astronaut 1	FD30	FD	0.200758998591503
FD30_1_TCAGTTGGACGCAACGTCTA	0	FD30_1	Astronaut 1	FD30	FD	10.8345566992648
FD30_1_TCATCAACCGGATATGCAAC	0	FD30_1	Astronaut 1	FD30	FD	0.356141144785229
FD30_1_TCATCAACGACCATAGGCGT	0	FD30_1	Astronaut 1	FD30	FD	0.275031679944788
FD30_1_TCATCACGATCAGAAGTCTA	0	FD30_1	Astronaut 1	FD30	FD	2.16338078169188
FD30_1_TCATCACGATCCTAGGGCGT	0	FD30_1	Astronaut 1	FD30	FD	2.57951206125928
FD30_1_TCATCACGATCGCTCGATAT	0	FD30_1	Astronaut 1	FD30	FD	4.01639859511446
FD30_1_TCATCAGTTGGAGTCGCAAC	8	FD30_1	Astronaut 1	FD30	FD	6.47471679998834
FD30_1_TCATCCTACGCCTAGGCCTT	6	FD30_1	Astronaut 1	FD30	FD	1.11055193041665e-06
FD30_1_TCATCGAGTCCCTCAGCAAC	5	FD30_1	Astronaut 1	FD30	FD	6.85482293305015
FD30_1_TCATCGCAGGCAGTTGCTTG	3	FD30_1	Astronaut 1	FD30	FD	8.88441544333318e-07
FD30_1_TCATCTTATGCGATTGTCTA	7	FD30_1	Astronaut 1	FD30	FD	6.66331158249989e-07
FD30_1_TCATCTTATGGACTGGGCGT	3	FD30_1	Astronaut 1	FD30	FD	4.98984451688659
FD30_1_TCATCTTCATGGTCCGCTTG	2	FD30_1	Astronaut 1	FD30	FD	2.30269243124268
FD30_1_TCCGGAAGACCAGTTGCGGT	1	FD30_1	Astronaut 1	FD30	FD	6.75521068433705
FD30_1_TCCGGAGTTGGGTCCGCGGT	1	FD30_1	Astronaut 1	FD30	FD	2.52491583663301
FD30_1_TCCGGCAATCGCGGTGCAAC	2	FD30_1	Astronaut 1	FD30	FD	0.882354911421746
FD30_1_TCCGGCAATCGGTCCGCTTG	3	FD30_1	Astronaut 1	FD30	FD	4.44220772166659e-07
FD30_1_TCCGGCGCCTCTGGAGCTGC	1	FD30_1	Astronaut 1	FD30	FD	4.24816401630529
FD30_1_TCCGGCGGATCTTAAGGCGT	7	FD30_1	Astronaut 1	FD30	FD	4.01111402180437
FD30_1_TCCGGCTACGCCATAGATAT	7	FD30_1	Astronaut 1	FD30	FD	2.2211038608333e-07
FD30_1_TCCGGCTAGTGATATGTAAT	0	FD30_1	Astronaut 1	FD30	FD	4.03159893611265
FD30_1_TCCGGGTAGAGCAACGCAAC	2	FD30_1	Astronaut 1	FD30	FD	0.979947788656696
FD30_1_TCCGGGTATCGACTGGTAAT	0	FD30_1	Astronaut 1	FD30	FD	3.31019310209685
FD30_1_TCCGGGTCTAGCCTTGCTTG	8	FD30_1	Astronaut 1	FD30	FD	0.0
FD30_1_TCCGGTAGGAGCTGCGCTTG	0	FD30_1	Astronaut 1	FD30	FD	0.444455276588058
FD30_1_TCGCGCAGTTCGATTGATGA	7	FD30_1	Astronaut 1	FD30	FD	2.2211038608333e-07
FD30_1_TCGCGGATGAGCTCTGCCTT	3	FD30_1	Astronaut 1	FD30	FD	3.27084684379512
FD30_1_TCGCGGGCGTCGGCAGATAT	0	FD30_1	Astronaut 1	FD30	FD	3.23931243198452
FD30_1_TCGCGTATGCGGTCCGCTTG	0	FD30_1	Astronaut 1	FD30	FD	4.44220772166659e-07
FD30_1_TCGTAACTCGCAGAAGCTGC	3	FD30_1	Astronaut 1	FD30	FD	4.71534822945725
FD30_1_TCGTAAGGCTGCTGCGCAAC	2	FD30_1	Astronaut 1	FD30	FD	2.28804654115097
FD30_1_TCGTAAGGCTGCTGCGGCGT	1	FD30_1	Astronaut 1	FD30	FD	10.2677097916502
FD30_1_TCGTAATTACGCTTGGATGA	0	FD30_1	Astronaut 1	FD30	FD	0.960658289346997
FD30_1_TCGTAGCCTTGCTTGGCTTG	9	FD30_1	Astronaut 1	FD30	FD	3.67725449582143
FD30_1_TCGTATCCGGCGCCTGGCGT	6	FD30_1	Astronaut 1	FD30	FD	0.986853263834554
FD30_1_TCGTATCCGGGACTGGGCGT	0	FD30_1	Astronaut 1	FD30	FD	2.84512314576043
FD30_1_TCTACAACGAGAGTCGCAAC	0	FD30_1	Astronaut 1	FD30	FD	3.32746772123944
FD30_1_TCTACAACTCCCTCAGATGA	7	FD30_1	Astronaut 1	FD30	FD	0.854941353041181
FD30_1_TCTACACTTCCAGAAGCAAC	1	FD30_1	Astronaut 1	FD30	FD	2.43116532371625
FD30_1_TCTACAGCGGCCTCAGCGGT	7	FD30_1	Astronaut 1	FD30	FD	0.0674402929226128
FD30_1_TCTACATCCTCGAAGGCTTG	0	FD30_1	Astronaut 1	FD30	FD	2.60044780759927
FD30_1_TCTACATCTGATTGGGCTTG	1	FD30_1	Astronaut 1	FD30	FD	6.66331158249989e-07
FD30_1_TCTACCCTAGGGAGCGATGA	5	FD30_1	Astronaut 1	FD30	FD	6.42783103129288
FD30_1_TCTACGAACCGAACCGGAGC	2	FD30_1	Astronaut 1	FD30	FD	2.85359421644919
FD30_1_TCTACGTTAGGTATCGCCTT	1	FD30_1	Astronaut 1	FD30	FD	2.45746297421649
FD30_1_TCTACTAGGACCGCTGTAAT	3	FD30_1	Astronaut 1	FD30	FD	8.88441544333318e-07
FD30_1_TCTACTCAGTCAGCGGGTCC	0	FD30_1	Astronaut 1	FD30	FD	1.11055193041665e-06
FD30_1_TCTACTCCGGCAGTTGATGA	0	FD30_1	Astronaut 1	FD30	FD	0.602030474083312
FD30_1_TCTACTCGCGCGTCGGCAAC	1	FD30_1	Astronaut 1	FD30	FD	2.23433922503313
FD30_1_TCTACTCTACCTTAAGCTGC	2	FD30_1	Astronaut 1	FD30	FD	1.33266231649998e-06
FD30_1_TCTACTGGACGCCTTGATGA	1	FD30_1	Astronaut 1	FD30	FD	2.92623736099408
FD30_1_TGAGAACGATGCTGCGCCTT	1	FD30_1	Astronaut 1	FD30	FD	2.63074513296723
FD30_1_TGAGAACTAAGGTCCGTCTA	3	FD30_1	Astronaut 1	FD30	FD	4.08278783848125
FD30_1_TGAGACAATCGTATCGTAAT	1	FD30_1	Astronaut 1	FD30	FD	2.1508286905655
FD30_1_TGAGACAGCGCGAAGGATAT	0	FD30_1	Astronaut 1	FD30	FD	2.32110050123806
FD30_1_TGAGACTCCACGGATGATAT	0	FD30_1	Astronaut 1	FD30	FD	8.70748264327846
FD30_1_TGAGAGCGGTGAGTCGCAAC	1	FD30_1	Astronaut 1	FD30	FD	1.55477270258331e-06
FD30_1_TGAGAGCTTGCAACTGGCGT	5	FD30_1	Astronaut 1	FD30	FD	1.77688308866664e-06
FD30_1_TGCGCAACGAGTAGAGCGGT	1	FD30_1	Astronaut 1	FD30	FD	1.99899347474997e-06
FD30_1_TGCGCAACTCCAGCGGTAAT	1	FD30_1	Astronaut 1	FD30	FD	12.7761419314467
FD30_1_TGCGCACTTCCGCCTGATAT	7	FD30_1	Astronaut 1	FD30	FD	4.1233185007294
FD30_1_TGCGCCAGTTCAACTGATAT	0	FD30_1	Astronaut 1	FD30	FD	0.016612693926555
FD30_1_TGCGCCAGTTGCCTTGCTTG	5	FD30_1	Astronaut 1	FD30	FD	2.10737665564572
FD30_1_TGCGCCTTAAGCAGGGATAT	4	FD30_1	Astronaut 1	FD30	FD	2.82691817993467
FD30_1_TGCGCTACGTGAGCTGATGA	3	FD30_1	Astronaut 1	FD30	FD	3.84604615577433
FD30_1_TGCGCTCTACCTCCAGATGA	3	FD30_1	Astronaut 1	FD30	FD	14.6647182678256
FD30_1_TGCTAATTCAGGTAAGATAT	5	FD30_1	Astronaut 1	FD30	FD	1.57841794750937
FD30_1_TGCTATCCGGGCTTGGCTTG	0	FD30_1	Astronaut 1	FD30	FD	3.315680588687
FD30_1_TGGACAACCGCAACTGGCGT	3	FD30_1	Astronaut 1	FD30	FD	2.2211038608333e-06
FD30_1_TGGACACGATGCCTTGCTTG	1	FD30_1	Astronaut 1	FD30	FD	2.80639993606625
FD30_1_TGGACAGGTCCCTAGGATGA	0	FD30_1	Astronaut 1	FD30	FD	4.19969513811615
FD30_1_TGGACATTACGAGCTGCAAC	2	FD30_1	Astronaut 1	FD30	FD	2.52279896498217
FD30_1_TGGACATTCAGTAGAGATAT	2	FD30_1	Astronaut 1	FD30	FD	2.78870888660842
FD30_1_TGGACCAATCCGCCTGCTTG	8	FD30_1	Astronaut 1	FD30	FD	2.84512336787081
FD30_1_TGGACGTATCCTAACGGCGT	8	FD30_1	Astronaut 1	FD30	FD	2.44321424691663e-06
FD30_1_TGGACTCATCCCATAGCAAC	0	FD30_1	Astronaut 1	FD30	FD	2.66532463299995e-06
FD30_1_TGGACTCGTACAGTTGTCTA	0	FD30_1	Astronaut 1	FD30	FD	2.88743501908328e-06
FD30_1_TTAGCAGTTGGCTCTGCAAC	0	FD30_1	Astronaut 1	FD30	FD	4.7193363017891
FD30_1_TTAGCCTGGAGGTCCGGCGT	5	FD30_1	Astronaut 1	FD30	FD	2.90113034372769
FD30_1_TTAGCGACTGGGTAAGCAAC	1	FD30_1	Astronaut 1	FD30	FD	5.64221961510575
FD30_1_TTAGCGCAACGGAGCGATGA	0	FD30_1	Astronaut 1	FD30	FD	2.10737687775611
FD30_1_TTAGCGCTCTCGCTCGATAT	0	FD30_1	Astronaut 1	FD30	FD	2.94458473454734
FD30_1_TTAGCGGCGTCTTAAGCAAC	0	FD30_1	Astronaut 1	FD30	FD	2.9152737136517
FD30_1_TTAGCTGCGCCGCAAGATAT	1	FD30_1	Astronaut 1	FD30	FD	7.61876419089498
FD30_1_TTAGCTTAGCCGATTGATGA	0	FD30_1	Astronaut 1	FD30	FD	2.11806015568196
FD30_1_TTAGCTTCGAGCGGTGTCTA	4	FD30_1	Astronaut 1	FD30	FD	3.10954540516661e-06
FD30_1_TTATGAGAACGGTCCGCAAC	8	FD30_1	Astronaut 1	FD30	FD	2.92521690673295
FD30_1_TTATGAGAGTCGTCGGATGA	5	FD30_1	Astronaut 1	FD30	FD	0.683828449370612
FD30_1_TTATGCGGCAGTAGAGCGGT	0	FD30_1	Astronaut 1	FD30	FD	3.73368294738275
FD30_1_TTATGCTTAACAACTGTCTA	0	FD30_1	Astronaut 1	FD30	FD	3.33165579124994e-06
FD30_1_TTATGGCGAACGGATGATGA	1	FD30_1	Astronaut 1	FD30	FD	7.63904803658211
FD30_1_TTATGGGTCCATTCAGGCGT	0	FD30_1	Astronaut 1	FD30	FD	1.76153536909489
FD30_1_TTATGGTCCGGCGAAGCAAC	0	FD30_1	Astronaut 1	FD30	FD	4.09160688080591
FD30_1_TTATGTCGTACCTAGGATAT	0	FD30_1	Astronaut 1	FD30	FD	6.89496000617566
FD30_1_TTCATAACTCCGATTGGAGC	7	FD30_1	Astronaut 1	FD30	FD	0.801659618394418
FD30_1_TTCATACCTACAATCGCAAC	0	FD30_1	Astronaut 1	FD30	FD	3.71689040781981
FD30_1_TTCATACGATCAGTTGCAAC	3	FD30_1	Astronaut 1	FD30	FD	3.55376617733327e-06
FD30_1_TTCATATTACGATATGCTGC	7	FD30_1	Astronaut 1	FD30	FD	1.00329333125766
FD30_1_TTCATCGACCGCTGCGGAGC	9	FD30_1	Astronaut 1	FD30	FD	3.7758765634166e-06
FD30_1_TTCATCTCCACGGCAGATGA	2	FD30_1	Astronaut 1	FD30	FD	2.53319225883821
FD30_1_TTCATGCCTTCTAGTGTAAT	0	FD30_1	Astronaut 1	FD30	FD	1.33821180573295
FD30_1_TTCATTCAGTCAGTTGCTGC	0	FD30_1	Astronaut 1	FD30	FD	2.10737709986649
FD30_1_TTCATTCTACCCTAGGATGA	1	FD30_1	Astronaut 1	FD30	FD	5.72191205222128
FD30_1_TTCGACCTCAGACTGGCGGT	3	FD30_1	Astronaut 1	FD30	FD	2.10737732197688
FD30_1_TTCGACGCAACAATCGTCTA	8	FD30_1	Astronaut 1	FD30	FD	4.99425191838626
FD30_1_TTCGACGGCACTACGGCTTG	0	FD30_1	Astronaut 1	FD30	FD	0.321035492886923
FD30_1_TTCGACTCCACTACGGCAAC	0	FD30_1	Astronaut 1	FD30	FD	2.24639536130921
FD30_1_TTCGAGGCAGGCTCTGCTTG	0	FD30_1	Astronaut 1	FD30	FD	2.10737754408727
FD30_1_TTCGAGGTCCCTAACGCTTG	1	FD30_1	Astronaut 1	FD30	FD	4.73119422257019
FD30_1_TTCGAGTCTACGCAAGGTCC	5	FD30_1	Astronaut 1	FD30	FD	0.27628116735823
FD30_1_TTCGATGCGCGATATGTAAT	1	FD30_1	Astronaut 1	FD30	FD	0.453997145226539
FD30_1_TTCGATGCGCGTATCGATAT	1	FD30_1	Astronaut 1	FD30	FD	3.99798694949993e-06
FD30_1_TTCGATTGAAGGCAGGGTCC	0	FD30_1	Astronaut 1	FD30	FD	1.72784160365141
FD30_1_TTGAAAAGCACTAACGCTTG	7	FD30_1	Astronaut 1	FD30	FD	0.764251488637699
FD30_1_TTGAAATCCTCTGGAGCCTT	0	FD30_1	Astronaut 1	FD30	FD	4.05861854085732
FD30_1_TTGAAATGGCGCGGTGCTTG	0	FD30_1	Astronaut 1	FD30	FD	0.530394827887814
FD30_1_TTGAACTCCAGCAGGGTAAT	0	FD30_1	Astronaut 1	FD30	FD	2.57845871570186
FD30_1_TTGAAGACTGGGAGCGATGA	1	FD30_1	Astronaut 1	FD30	FD	2.97267818077908
FD30_1_TTGAAGTATCCAGTTGCCTT	0	FD30_1	Astronaut 1	FD30	FD	4.22009733558326e-06
FD30_1_TTGAAGTATCCTGGAGCAAC	0	FD30_1	Astronaut 1	FD30	FD	2.12527406660642
FD30_1_TTGAAGTCTACAGCGGATAT	1	FD30_1	Astronaut 1	FD30	FD	4.9236153179812
FD30_2_AACCGAGTTGCGCTCGCAAC	1	FD30_2	Astronaut 2	FD30	FD	7.63237026588675
FD30_2_AACCGATTGGCGATTGCTTG	3	FD30_2	Astronaut 2	FD30	FD	7.23916048497207
FD30_2_AACCGGAGTCCTCCAGATGA	0	FD30_2	Astronaut 2	FD30	FD	6.42783125340327
FD30_2_AACCGGCCTTCCATAGATAT	5	FD30_2	Astronaut 2	FD30	FD	10.6626232950966
FD30_2_AACGAAGAGTCGACCGCTGC	3	FD30_2	Astronaut 2	FD30	FD	8.12987371074635
FD30_2_AACGAAGAGTGTAATGCAAC	2	FD30_2	Astronaut 2	FD30	FD	8.09889212464663
FD30_2_AACGACCGCTCAGTTGGCGT	1	FD30_2	Astronaut 2	FD30	FD	6.42500057537524
FD30_2_AACGACTAGTGTAATGGCGT	0	FD30_2	Astronaut 2	FD30	FD	7.81177097278175
FD30_2_AACGAGCCTTCCTCAGCTGC	0	FD30_2	Astronaut 2	FD30	FD	7.24765898241778
FD30_2_AACGAGTTAGCGGATGGAGC	3	FD30_2	Astronaut 2	FD30	FD	6.32826092882039
FD30_2_AACGATTCATCCATAGCTTG	0	FD30_2	Astronaut 2	FD30	FD	37.532234262898
FD30_2_AACTCAACTCGAGCTGCGGT	7	FD30_2	Astronaut 2	FD30	FD	10.662623517207
FD30_2_AACTCAAGGTCAGTTGGCGT	0	FD30_2	Astronaut 2	FD30	FD	6.40107029740109
FD30_2_AACTCCAATCCTAACGATGA	0	FD30_2	Astronaut 2	FD30	FD	6.59059284934316
FD30_2_AACTCGATATGTAGAGTCTA	0	FD30_2	Astronaut 2	FD30	FD	9.43623923514783
FD30_2_AACTCGCTCTCGCCTGATGA	0	FD30_2	Astronaut 2	FD30	FD	7.13149123527916
FD30_2_AACTCTCAGTCAGCGGCTTG	0	FD30_2	Astronaut 2	FD30	FD	9.43623945725822
FD30_2_AACTCTCCGGATTGGGGAGC	0	FD30_2	Astronaut 2	FD30	FD	9.4362396793686
FD30_2_AAGACAACCGGGCGTGATGA	7	FD30_2	Astronaut 2	FD30	FD	14.3360782537303
FD30_2_AAGACACCAGGAGCTGATGA	0	FD30_2	Astronaut 2	FD30	FD	7.32350896099125
FD30_2_AAGACCAATCCCATAGCTTG	1	FD30_2	Astronaut 2	FD30	FD	10.4049522566178
FD30_2_AAGACCCGCTCCTCAGTAAT	1	FD30_2	Astronaut 2	FD30	FD	9.43623990147899
FD30_2_AAGACCGTCGCTAACGCTTG	0	FD30_2	Astronaut 2	FD30	FD	12.7749346985424
FD30_2_AAGCAACCTACGTCGGCTTG	0	FD30_2	Astronaut 2	FD30	FD	7.11055784984757
FD30_2_AAGCACCTCAGCGAAGGCGT	0	FD30_2	Astronaut 2	FD30	FD	7.39660507174539
FD30_2_AAGCACGACCGACTGGCGGT	7	FD30_2	Astronaut 2	FD30	FD	35.9377846882447
FD30_2_AAGCACGCCTGCTTGGATAT	4	FD30_2	Astronaut 2	FD30	FD	9.43624012358938
FD30_2_AAGCAGGTAACCTAGGCCTT	3	FD30_2	Astronaut 2	FD30	FD	7.94152836800911
FD30_2_AAGCATACGTGAGCTGCTTG	0	FD30_2	Astronaut 2	FD30	FD	7.74992353139767
FD30_2_AAGCATCAGTGGTAAGCTTG	0	FD30_2	Astronaut 2	FD30	FD	7.33056404892286
FD30_2_AAGCATCCGGCGGATGCAAC	8	FD30_2	Astronaut 2	FD30	FD	6.57870402984923
FD30_2_AAGCATCGCGCAACTGCTTG	1	FD30_2	Astronaut 2	FD30	FD	6.40285557491725
FD30_2_AAGCATTCATCCGCTGCTTG	6	FD30_2	Astronaut 2	FD30	FD	7.62842534608735
FD30_2_AAGGTACCAGGTAGAGCCTT	3	FD30_2	Astronaut 2	FD30	FD	9.43624034569977
FD30_2_AAGGTATTACGAGTCGCTGC	3	FD30_2	Astronaut 2	FD30	FD	6.40867387460866
FD30_2_AAGGTGAGTCATTGGGATGA	0	FD30_2	Astronaut 2	FD30	FD	7.9415285901195
FD30_2_AAGGTGCGAAGGTAAGCTTG	0	FD30_2	Astronaut 2	FD30	FD	7.66093016244914
FD30_2_AAGGTGTATCGTATCGCTTG	1	FD30_2	Astronaut 2	FD30	FD	9.43624056781015
FD30_2_ACCAGAACTCCGGATGCTGC	0	FD30_2	Astronaut 2	FD30	FD	7.38566293064115
FD30_2_ACCAGACGATGCAACGATGA	0	FD30_2	Astronaut 2	FD30	FD	11.0256465124767
FD30_2_ACCAGCAGAACAGTTGCTTG	3	FD30_2	Astronaut 2	FD30	FD	9.40726441057234
FD30_2_ACCAGCGACCCGCAAGTAAT	1	FD30_2	Astronaut 2	FD30	FD	11.013368655544
FD30_2_ACCAGGGAGCCAGTTGATGA	1	FD30_2	Astronaut 2	FD30	FD	7.32021423862181
FD30_2_ACCAGGGTAACTGGAGATGA	0	FD30_2	Astronaut 2	FD30	FD	6.89937339272181
FD30_2_ACCTAAGGTCGTAGAGATGA	1	FD30_2	Astronaut 2	FD30	FD	7.71753188791611
FD30_2_ACGATACTCGGTATCGATGA	0	FD30_2	Astronaut 2	FD30	FD	14.664718489936
FD30_2_ACGATAGAGTCAGTTGCAAC	1	FD30_2	Astronaut 2	FD30	FD	9.9251137144411
FD30_2_ACGATGCTCTGTAATGCTGC	2	FD30_2	Astronaut 2	FD30	FD	4.95275917023504
FD30_2_ACGATTAGAGGGTAAGCTGC	0	FD30_2	Astronaut 2	FD30	FD	7.61876441300537
FD30_2_ACGATTGCTACTAACGGCGT	0	FD30_2	Astronaut 2	FD30	FD	7.32123874515672
FD30_2_ACTAACAACTGACTGGATGA	3	FD30_2	Astronaut 2	FD30	FD	6.31065325343385
FD30_2_ACTAAGTCTACCATAGCCTT	2	FD30_2	Astronaut 2	FD30	FD	10.3964975606185
FD30_2_ACTCGATTGGGAGCTGCGGT	3	FD30_2	Astronaut 2	FD30	FD	7.20475823918536
FD30_2_ACTCGCGGCAGCTGCGCTTG	5	FD30_2	Astronaut 2	FD30	FD	6.42783147551365
FD30_2_ACTCGGGAGCGGTCCGCTGC	0	FD30_2	Astronaut 2	FD30	FD	5.72543392703408
FD30_2_ACTCGTAGAGCTACGGATAT	0	FD30_2	Astronaut 2	FD30	FD	7.94152881222989
FD30_2_ACTTCATTCACGAAGGCTGC	0	FD30_2	Astronaut 2	FD30	FD	7.12320392384099
FD30_2_ACTTCTCCGGCGCCTGGTCC	0	FD30_2	Astronaut 2	FD30	FD	7.26815515147561
FD30_2_ACTTCTTAGCCGCTCGGAGC	0	FD30_2	Astronaut 2	FD30	FD	37.5322344850083
FD30_2_AGAACGCAACCGCAAGATAT	0	FD30_2	Astronaut 2	FD30	FD	7.61876463511575
FD30_2_AGAACGGTCCCGACCGCTTG	0	FD30_2	Astronaut 2	FD30	FD	9.75665009572058
FD30_2_AGAGTACTAAGGCGTGCTGC	5	FD30_2	Astronaut 2	FD30	FD	6.89968889172905
FD30_2_AGAGTATTGGCGAAGGATGA	0	FD30_2	Astronaut 2	FD30	FD	6.55214470226192
FD30_2_AGAGTGCGGTCGACCGTAAT	0	FD30_2	Astronaut 2	FD30	FD	7.61876485722614
FD30_2_AGAGTTCGTACAACTGCTGC	5	FD30_2	Astronaut 2	FD30	FD	7.16248047066587
FD30_2_AGCGGGCTTGGAGCTGCTGC	0	FD30_2	Astronaut 2	FD30	FD	7.36308971081981
FD30_2_AGGCTAGTTGGGCGTGTAAT	0	FD30_2	Astronaut 2	FD30	FD	9.45475457425501
FD30_2_AGGCTCCTAGGATATGCTGC	7	FD30_2	Astronaut 2	FD30	FD	9.43624078992054
FD30_2_AGGCTTATCTCTCCAGATAT	5	FD30_2	Astronaut 2	FD30	FD	18.0299484568372
FD30_2_AGGCTTCTACGAGCTGTAAT	0	FD30_2	Astronaut 2	FD30	FD	7.40004185638573
FD30_2_AGGTCAGTTGCTACGGCTGC	2	FD30_2	Astronaut 2	FD30	FD	6.89606273769401
FD30_2_AGGTCCGATTCGAAGGCCTT	6	FD30_2	Astronaut 2	FD30	FD	7.27133398419596
FD30_2_AGGTCTATTGGCTCTGCTTG	8	FD30_2	Astronaut 2	FD30	FD	9.43624101203093
FD30_2_AGTTGAACTCGAGCTGGCGT	0	FD30_2	Astronaut 2	FD30	FD	9.48247794180063
FD30_2_AGTTGCCGCTGGTAAGCTTG	0	FD30_2	Astronaut 2	FD30	FD	7.89895631051711
FD30_2_AGTTGTGGACCAGTTGATGA	7	FD30_2	Astronaut 2	FD30	FD	6.31521915668205
FD30_2_ATCCTCTAACATTGGGCTTG	1	FD30_2	Astronaut 2	FD30	FD	9.43624123414131
FD30_2_ATCCTCTTAACGACCGCTTG	4	FD30_2	Astronaut 2	FD30	FD	9.4362414562517
FD30_2_ATCTGTAGAGGCCTTGCTGC	4	FD30_2	Astronaut 2	FD30	FD	8.08030957271648
FD30_2_ATCTGTATGCCCTAGGGCGT	3	FD30_2	Astronaut 2	FD30	FD	7.81177119489214
FD30_2_ATGCGAAGGTGCAACGCTGC	1	FD30_2	Astronaut 2	FD30	FD	6.6114777846279
FD30_2_ATGCGCGAAGCTGGAGATAT	8	FD30_2	Astronaut 2	FD30	FD	6.89417222792595
FD30_2_ATGCGTGGACCGCCTGCTTG	4	FD30_2	Astronaut 2	FD30	FD	7.61876507933653
FD30_2_ATGGCGTAATGTAATGATAT	3	FD30_2	Astronaut 2	FD30	FD	4.28451533037828
FD30_2_ATGGCTCTACGTATCGCTGC	0	FD30_2	Astronaut 2	FD30	FD	7.69288199713753
FD30_2_ATTACCGCAAGGCAGGGAGC	8	FD30_2	Astronaut 2	FD30	FD	6.55266783554213
FD30_2_ATTACGACTGCTACGGATAT	0	FD30_2	Astronaut 2	FD30	FD	6.55715124552527
FD30_2_ATTACTCATCCGTCGGATAT	5	FD30_2	Astronaut 2	FD30	FD	6.85482315516053
FD30_2_ATTCAATTCACGCAAGCTTG	7	FD30_2	Astronaut 2	FD30	FD	14.6647187120464
FD30_2_ATTCACTAACGCGGTGATAT	0	FD30_2	Astronaut 2	FD30	FD	7.65353767764276
FD30_2_ATTCAGGAGCGCTTGGGAGC	1	FD30_2	Astronaut 2	FD30	FD	5.2263947595724
FD30_2_ATTCATATCTATTGGGCTGC	0	FD30_2	Astronaut 2	FD30	FD	6.85482337727092
FD30_2_ATTGGAGCGGGGCAGGGAGC	0	FD30_2	Astronaut 2	FD30	FD	7.62312444656317
FD30_2_ATTGGCCTCACTGGAGCAAC	0	FD30_2	Astronaut 2	FD30	FD	9.98774110581433
FD30_2_ATTGGCTCCAGAGCTGTAAT	0	FD30_2	Astronaut 2	FD30	FD	16.0258841871823
FD30_2_ATTGGGTATCGGTAAGCTGC	0	FD30_2	Astronaut 2	FD30	FD	10.0058589435249
FD30_2_ATTGGTTCGAGGCGTGCTGC	0	FD30_2	Astronaut 2	FD30	FD	10.6626237393174
FD30_2_CAACTATCCTGAACCGGAGC	7	FD30_2	Astronaut 2	FD30	FD	10.6626239614277
FD30_2_CAATCAGCGGCGCTCGATGA	1	FD30_2	Astronaut 2	FD30	FD	7.24795332061293
FD30_2_CAGAAACTAAGCTCTGCTGC	0	FD30_2	Astronaut 2	FD30	FD	5.71007096845181
FD30_2_CAGAAATCCTCTTAAGATAT	0	FD30_2	Astronaut 2	FD30	FD	6.9924945814678
FD30_2_CAGAAGAGCTGAGTCGATAT	7	FD30_2	Astronaut 2	FD30	FD	6.38354266396296
FD30_2_CAGAATCTACGAGCTGCTGC	0	FD30_2	Astronaut 2	FD30	FD	8.12987393285673
FD30_2_CAGAATGCGCGAACCGCTTG	5	FD30_2	Astronaut 2	FD30	FD	6.99249480357819
FD30_2_CAGCGAAGGTGAACCGCAAC	7	FD30_2	Astronaut 2	FD30	FD	7.94152903434027
FD30_2_CAGCGACTCGCGCCTGATGA	0	FD30_2	Astronaut 2	FD30	FD	6.91734304063282
FD30_2_CAGCGCGAAGCAGAAGCAAC	4	FD30_2	Astronaut 2	FD30	FD	7.61876530144691
FD30_2_CAGCGTCCGGCAACTGCTTG	0	FD30_2	Astronaut 2	FD30	FD	5.62104262826084
FD30_2_CAGCGTGAGAGGAGCGCTTG	3	FD30_2	Astronaut 2	FD30	FD	7.6187655235573
FD30_2_CAGCGTGCGCGATGAGCCTT	4	FD30_2	Astronaut 2	FD30	FD	7.30095053680454
FD30_2_CAGTTATTGGCGCTCGCTTG	0	FD30_2	Astronaut 2	FD30	FD	16.08748459641
FD30_2_CAGTTGCTGCCGACCGATGA	8	FD30_2	Astronaut 2	FD30	FD	7.83028005180555
FD30_2_CAGTTTGAGACAGAAGCTTG	0	FD30_2	Astronaut 2	FD30	FD	14.9681322268858
FD30_2_CCATAAAGCACTAGTGATAT	0	FD30_2	Astronaut 2	FD30	FD	17.2353177835084
FD30_2_CCATAACTCGCAGTTGCTTG	0	FD30_2	Astronaut 2	FD30	FD	10.0227021610786
FD30_2_CCATACTTAACGATTGGTCC	0	FD30_2	Astronaut 2	FD30	FD	6.37676664206759
FD30_2_CCATAGTCCGCGGATGATAT	0	FD30_2	Astronaut 2	FD30	FD	6.29541779857702
FD30_2_CCATATCGTAATTGGGCTGC	4	FD30_2	Astronaut 2	FD30	FD	6.31465750586351
FD30_2_CCGCTCGCTCGTATCGCTTG	4	FD30_2	Astronaut 2	FD30	FD	9.99093178928684
FD30_2_CCGCTGGCGTGGTAAGCTGC	8	FD30_2	Astronaut 2	FD30	FD	7.32293301034852
FD30_2_CCGCTGGTCCCAGTTGATGA	7	FD30_2	Astronaut 2	FD30	FD	7.29641729046143
FD30_2_CCGCTGGTCCCTACGGCCTT	3	FD30_2	Astronaut 2	FD30	FD	6.89512465170089
FD30_2_CCTAGATGCGGGTCCGATAT	0	FD30_2	Astronaut 2	FD30	FD	6.89809663940711
FD30_2_CCTAGCGACCGCTGCGATGA	0	FD30_2	Astronaut 2	FD30	FD	7.94152925645066
FD30_2_CCTAGCGGATGGTAAGCGGT	0	FD30_2	Astronaut 2	FD30	FD	13.8292312488161
FD30_2_CCTAGGCGAAGTAGAGATGA	3	FD30_2	Astronaut 2	FD30	FD	6.88454768831301
FD30_2_CCTAGTAAGGCCTCAGGCGT	0	FD30_2	Astronaut 2	FD30	FD	7.72682753918282
FD30_2_CCTCAATGGCGGCAGGCAAC	0	FD30_2	Astronaut 2	FD30	FD	7.21767710881406
FD30_2_CCTCACGTCGCCTCAGATGA	0	FD30_2	Astronaut 2	FD30	FD	6.31132256174405
FD30_2_CCTCACTACGGATATGATGA	2	FD30_2	Astronaut 2	FD30	FD	7.34795497176342
FD30_2_CCTCAGGAGCGATATGATAT	4	FD30_2	Astronaut 2	FD30	FD	14.6647189341568
FD30_2_CCTCAGGAGCGATGAGGAGC	2	FD30_2	Astronaut 2	FD30	FD	7.29332712544191
FD30_2_CCTCAGTAGACGCTCGCGGT	0	FD30_2	Astronaut 2	FD30	FD	7.61876574566768
FD30_2_CCTCATCGTACGCTCGGAGC	0	FD30_2	Astronaut 2	FD30	FD	6.89196041476216
FD30_2_CGAAGACGATCAGTTGCTTG	3	FD30_2	Astronaut 2	FD30	FD	7.11055807195796
FD30_2_CGACCCTGGAGATGAGCGGT	3	FD30_2	Astronaut 2	FD30	FD	7.36685410920497
FD30_2_CGATTACTCGGATGAGCTGC	3	FD30_2	Astronaut 2	FD30	FD	9.43624167836209
FD30_2_CGATTCCGCTCCATAGATAT	0	FD30_2	Astronaut 2	FD30	FD	6.89499214285633
FD30_2_CGATTCTGGAGATGAGCGGT	3	FD30_2	Astronaut 2	FD30	FD	6.50301466489179
FD30_2_CGCAAAGCGGCAATCGCGGT	0	FD30_2	Astronaut 2	FD30	FD	8.61514077491439
FD30_2_CGCAACGACCGGTAAGGCGT	0	FD30_2	Astronaut 2	FD30	FD	7.24145080017208
FD30_2_CGCCTACTCGGTAGAGCTGC	4	FD30_2	Astronaut 2	FD30	FD	6.8548235993813
FD30_2_CGCCTAGAACATTGGGATAT	0	FD30_2	Astronaut 2	FD30	FD	6.87903409987553
FD30_2_CGCCTGCTGCCGCCTGATAT	0	FD30_2	Astronaut 2	FD30	FD	18.7024847289982
FD30_2_CGCCTTTGAACGCTCGCTTG	0	FD30_2	Astronaut 2	FD30	FD	9.43624190047247
FD30_2_CGCTCACTAAGCTCTGCTGC	8	FD30_2	Astronaut 2	FD30	FD	6.54488414386948
FD30_2_CGCTCCAATCCTAGTGCTTG	0	FD30_2	Astronaut 2	FD30	FD	7.94152947856105
FD30_2_CGCTCCCGCTGATGAGATAT	0	FD30_2	Astronaut 2	FD30	FD	10.5807518012709
FD30_2_CGCTCCGACCGGCGTGATAT	0	FD30_2	Astronaut 2	FD30	FD	6.85482382149169
FD30_2_CGCTCGCTTGCGATTGCGGT	0	FD30_2	Astronaut 2	FD30	FD	5.97471040357454
FD30_2_CGCTCTGCTAGGAGCGATAT	1	FD30_2	Astronaut 2	FD30	FD	7.897865560432
FD30_2_CGGATACTCGCGACCGATGA	0	FD30_2	Astronaut 2	FD30	FD	7.79581637259643
FD30_2_CGGATCGCTCCTGGAGCTGC	0	FD30_2	Astronaut 2	FD30	FD	14.6647191562672
FD30_2_CGGATGACTGCAGAAGCCTT	0	FD30_2	Astronaut 2	FD30	FD	7.28113270655818
FD30_2_CGGATTAGAGCGCAAGGTCC	0	FD30_2	Astronaut 2	FD30	FD	10.4249702959554
FD30_2_CGGCAAACGAGGTAAGGAGC	7	FD30_2	Astronaut 2	FD30	FD	10.6626241835381
FD30_2_CGGCACGATTGATGAGCAAC	3	FD30_2	Astronaut 2	FD30	FD	6.89923461273861
FD30_2_CGGCACGGCAGATGAGGCGT	5	FD30_2	Astronaut 2	FD30	FD	6.36844554549949
FD30_2_CGGCAGACTGGGTCCGCTGC	0	FD30_2	Astronaut 2	FD30	FD	7.18104286679075
FD30_2_CGGCAGAGCTGGCGTGGCGT	3	FD30_2	Astronaut 2	FD30	FD	6.90543860739028
FD30_2_CGGCAGCCTTCTAGTGATGA	0	FD30_2	Astronaut 2	FD30	FD	7.61876596777807
FD30_2_CGGCAGGTCCGCTTGGATAT	0	FD30_2	Astronaut 2	FD30	FD	7.27000656934735
FD30_2_CGTCGAAGCACCATAGTAAT	1	FD30_2	Astronaut 2	FD30	FD	9.43624212258286
FD30_2_CGTCGGCTCTGGCGTGGTCC	4	FD30_2	Astronaut 2	FD30	FD	10.6626244056485
FD30_2_CGTCGGTATCCCTAGGATGA	6	FD30_2	Astronaut 2	FD30	FD	10.6626246277589
FD30_2_CTAACCCATACAGCGGGCGT	3	FD30_2	Astronaut 2	FD30	FD	6.87950548535539
FD30_2_CTAACGAGTCCCATAGATAT	0	FD30_2	Astronaut 2	FD30	FD	13.8905903649866
FD30_2_CTAACGTAATGCCTTGCGGT	0	FD30_2	Astronaut 2	FD30	FD	10.3514194850322
FD30_2_CTACGAACTCCGATTGCGGT	0	FD30_2	Astronaut 2	FD30	FD	7.27689624585231
FD30_2_CTACGAGCGGGTATCGCTTG	5	FD30_2	Astronaut 2	FD30	FD	7.66693762873946
FD30_2_CTACGGCTCTCTAGTGCTGC	3	FD30_2	Astronaut 2	FD30	FD	6.55580106084442
FD30_2_CTACGTCCGGCGACCGTCTA	0	FD30_2	Astronaut 2	FD30	FD	37.5322347071187
FD30_2_CTACGTGGACCAGTTGCTTG	0	FD30_2	Astronaut 2	FD30	FD	10.5683442692661
FD30_2_CTAGTAGTTGCAGAAGGAGC	3	FD30_2	Astronaut 2	FD30	FD	8.61059207892411
FD30_2_CTAGTATGCGGGTAAGATGA	3	FD30_2	Astronaut 2	FD30	FD	10.6626248498693
FD30_2_CTAGTCGGATGGCAGGCGGT	7	FD30_2	Astronaut 2	FD30	FD	14.5263860353274
FD30_2_CTCCAACTCGCGACCGATGA	0	FD30_2	Astronaut 2	FD30	FD	6.32758227248164
FD30_2_CTCCAGTTAGGTAATGCCTT	0	FD30_2	Astronaut 2	FD30	FD	9.43624234469325
FD30_2_CTCCATGGACGCTTGGGAGC	3	FD30_2	Astronaut 2	FD30	FD	7.61876618988846
FD30_2_CTTAAAGGTCCAATCGGTCC	0	FD30_2	Astronaut 2	FD30	FD	10.0359267773975
FD30_2_CTTAACGTCGGGCGTGATAT	0	FD30_2	Astronaut 2	FD30	FD	14.921757650608
FD30_2_GAACCCCGCTGTAGAGATGA	3	FD30_2	Astronaut 2	FD30	FD	6.35091130479035
FD30_2_GAACCTTCATGAACCGCTTG	3	FD30_2	Astronaut 2	FD30	FD	7.74473488242544
FD30_2_GACTGCAGTTCGACCGGCGT	0	FD30_2	Astronaut 2	FD30	FD	7.94152970067143
FD30_2_GACTGCCATACAGCGGCTTG	7	FD30_2	Astronaut 2	FD30	FD	14.4876356464096
FD30_2_GACTGCTACGGTAGAGCTTG	5	FD30_2	Astronaut 2	FD30	FD	7.61876641199884
FD30_2_GACTGCTAGTCCGCTGATAT	0	FD30_2	Astronaut 2	FD30	FD	10.6626250719797
FD30_2_GAGTCAGTTGCAGTTGCTGC	0	FD30_2	Astronaut 2	FD30	FD	7.81177141700252
FD30_2_GAGTCCGCCTGGTCCGATAT	0	FD30_2	Astronaut 2	FD30	FD	7.64221917884257
FD30_2_GAGTCGGCAGGTATCGCTTG	0	FD30_2	Astronaut 2	FD30	FD	10.6228507066042
FD30_2_GAGTCTAGGAGTATCGCTGC	0	FD30_2	Astronaut 2	FD30	FD	6.85926803821157
FD30_2_GATATCGATTGAGTCGCTTG	8	FD30_2	Astronaut 2	FD30	FD	7.37285435779257
FD30_2_GATATCTCCACTTAAGCTGC	0	FD30_2	Astronaut 2	FD30	FD	13.8403357733327
FD30_2_GATGACGAAGCTAACGCTGC	5	FD30_2	Astronaut 2	FD30	FD	6.88636356831674
FD30_2_GCAACAACTCCGCCTGCTTG	4	FD30_2	Astronaut 2	FD30	FD	6.88550734302742
FD30_2_GCAACCGAAGGCGGTGCTTG	0	FD30_2	Astronaut 2	FD30	FD	8.12987415496712
FD30_2_GCAACTATTGCTACGGGCGT	3	FD30_2	Astronaut 2	FD30	FD	8.59747446461848
FD30_2_GCAGGAAGGTCTAGTGATGA	0	FD30_2	Astronaut 2	FD30	FD	9.43624256680364
FD30_2_GCAGGAAGGTGCTGCGCAAC	3	FD30_2	Astronaut 2	FD30	FD	6.74279595282758
FD30_2_GCAGGCAGTTGGTAAGCCTT	0	FD30_2	Astronaut 2	FD30	FD	8.59227447285294
FD30_2_GCAGGCTAACGCCTTGGCGT	0	FD30_2	Astronaut 2	FD30	FD	6.88701052846255
FD30_2_GCAGGGCCTTGAACCGCTGC	1	FD30_2	Astronaut 2	FD30	FD	7.69081789048079
FD30_2_GCAGGTAGGACTGGAGATGA	3	FD30_2	Astronaut 2	FD30	FD	7.23690862222997
FD30_2_GCCTTTATGCCAATCGCTGC	7	FD30_2	Astronaut 2	FD30	FD	7.61876663410923
FD30_2_GCGAAAGGCTGGCGTGCTGC	1	FD30_2	Astronaut 2	FD30	FD	7.63422143314514
FD30_2_GCGAAATTCAGGTAAGGCGT	5	FD30_2	Astronaut 2	FD30	FD	5.70750088746965
FD30_2_GCGAAGACTGGATATGCTTG	0	FD30_2	Astronaut 2	FD30	FD	11.0140865727434
FD30_2_GCGAAGATATGATATGCAAC	3	FD30_2	Astronaut 2	FD30	FD	7.86607157077893
FD30_2_GCGAATTGAAGTAATGTAAT	0	FD30_2	Astronaut 2	FD30	FD	11.3501483037773
FD30_2_GCGGTACTCGCAGTTGGCGT	3	FD30_2	Astronaut 2	FD30	FD	7.66634979352526
FD30_2_GCGGTCGGCAGTATCGGAGC	0	FD30_2	Astronaut 2	FD30	FD	12.2113110748146
FD30_2_GCGGTGCGAAGATATGCTTG	0	FD30_2	Astronaut 2	FD30	FD	7.31376497014572
FD30_2_GCGGTGCTCTGACTGGCTGC	0	FD30_2	Astronaut 2	FD30	FD	12.2315478269269
FD30_2_GCGGTGCTCTGCGAAGATGA	0	FD30_2	Astronaut 2	FD30	FD	6.89463756596906
FD30_2_GCGGTGTAGAGAACCGCTGC	3	FD30_2	Astronaut 2	FD30	FD	7.81953197669648
FD30_2_GCGGTTTGAACAGTTGATGA	0	FD30_2	Astronaut 2	FD30	FD	7.65469304898121
FD30_2_GCTCTAACCGCAACTGCTTG	3	FD30_2	Astronaut 2	FD30	FD	7.66977098231134
FD30_2_GCTCTACTTCGACTGGCAAC	0	FD30_2	Astronaut 2	FD30	FD	10.7949239222669
FD30_2_GCTCTAGAACCCGCTGCAAC	0	FD30_2	Astronaut 2	FD30	FD	6.3772380280356
FD30_2_GCTCTAGAACGCTCTGATGA	1	FD30_2	Astronaut 2	FD30	FD	6.85482404360208
FD30_2_GCTCTATTCAGATATGGAGC	4	FD30_2	Astronaut 2	FD30	FD	9.43624278891402
FD30_2_GCTCTATTGGCTAACGCCTT	0	FD30_2	Astronaut 2	FD30	FD	6.37476672631181
FD30_2_GCTCTGGAGCGGTAAGCGGT	0	FD30_2	Astronaut 2	FD30	FD	10.2677100137606
FD30_2_GCTCTGTCTAGCAGGGGAGC	0	FD30_2	Astronaut 2	FD30	FD	10.267710235871
FD30_2_GCTCTTCGTAATTCAGCGGT	4	FD30_2	Astronaut 2	FD30	FD	7.66536123855998
FD30_2_GCTGCATCCTGAGTCGGCGT	0	FD30_2	Astronaut 2	FD30	FD	10.6626252940901
FD30_2_GCTGCCAGCGCAGTTGGAGC	3	FD30_2	Astronaut 2	FD30	FD	4.92574231705169
FD30_2_GCTTGAGGTCATTGGGCTTG	0	FD30_2	Astronaut 2	FD30	FD	7.32541273255646
FD30_2_GCTTGCGACCGGCAGGCTGC	7	FD30_2	Astronaut 2	FD30	FD	7.39976759117901
FD30_2_GCTTGGCTCTGCTCTGGCGT	0	FD30_2	Astronaut 2	FD30	FD	6.60530091084473
FD30_2_GGAGCACTTCGAACCGGCGT	0	FD30_2	Astronaut 2	FD30	FD	7.61876685621961
FD30_2_GGAGCAGAACCGGCAGATGA	4	FD30_2	Astronaut 2	FD30	FD	6.38382402985443
FD30_2_GGAGCATCCTCGCCTGGAGC	0	FD30_2	Astronaut 2	FD30	FD	7.17978779836744
FD30_2_GGAGCCGCTCCGCAAGCTGC	0	FD30_2	Astronaut 2	FD30	FD	10.7968660393776
FD30_2_GGAGCCGTCGGTAGAGCCTT	3	FD30_2	Astronaut 2	FD30	FD	9.43624301102441
FD30_2_GGCAGGAACCGGTCCGCTGC	7	FD30_2	Astronaut 2	FD30	FD	7.61876707833
FD30_2_GGCAGGAGCTGAGTCGCTTG	0	FD30_2	Astronaut 2	FD30	FD	7.97141198448094
FD30_2_GGCAGGGTAAGTAGAGGCGT	3	FD30_2	Astronaut 2	FD30	FD	7.66328697696952
FD30_2_GGCGTACTTCGGCGTGCTTG	0	FD30_2	Astronaut 2	FD30	FD	7.3403273601169
FD30_2_GGCGTAGGCTGCTTGGCTGC	0	FD30_2	Astronaut 2	FD30	FD	7.31585530778541
FD30_2_GGCGTGATATCAGCGGGTCC	0	FD30_2	Astronaut 2	FD30	FD	8.10291021535082
FD30_2_GGCGTTAGGACTAACGATGA	8	FD30_2	Astronaut 2	FD30	FD	5.67442849667348
FD30_2_GGCGTTTGAACAATCGCCTT	4	FD30_2	Astronaut 2	FD30	FD	7.75330481774484
FD30_2_GGTAAAAGACGTAGAGCTTG	0	FD30_2	Astronaut 2	FD30	FD	11.0142011652735
FD30_2_GGTAATAAGGGCTTGGGCGT	3	FD30_2	Astronaut 2	FD30	FD	6.42365668801163
FD30_2_GGTCCCGGCAGCGGTGCAAC	6	FD30_2	Astronaut 2	FD30	FD	6.89152941675307
FD30_2_GGTCCCTACGGACTGGATAT	0	FD30_2	Astronaut 2	FD30	FD	6.42114316304447
FD30_2_GGTCCTAGGACTAGTGCTTG	0	FD30_2	Astronaut 2	FD30	FD	7.91382727170858
FD30_2_GGTCCTATCTCGCAAGTCTA	0	FD30_2	Astronaut 2	FD30	FD	7.23271231564113
FD30_2_GGTCCTGCTAGCCTTGCAAC	0	FD30_2	Astronaut 2	FD30	FD	6.85482426571246
FD30_2_GTAATATCCTCGACCGGAGC	1	FD30_2	Astronaut 2	FD30	FD	7.61876730044039
FD30_2_GTAATATCCTGGAGCGGCGT	0	FD30_2	Astronaut 2	FD30	FD	6.42783169762404
FD30_2_GTAATATTGGCTAACGCTGC	5	FD30_2	Astronaut 2	FD30	FD	7.70720541569088
FD30_2_GTAATCCTAGGAACCGTAAT	1	FD30_2	Astronaut 2	FD30	FD	10.0381709533102
FD30_2_GTAATGTATCGCAGGGCTTG	0	FD30_2	Astronaut 2	FD30	FD	7.23822789100084
FD30_2_GTAATGTCCGCTACGGATAT	4	FD30_2	Astronaut 2	FD30	FD	16.0874848185204
FD30_2_GTAGAAAGACCTAACGATGA	8	FD30_2	Astronaut 2	FD30	FD	7.27459748936438
FD30_2_GTAGAGAGCTCTTAAGCTTG	0	FD30_2	Astronaut 2	FD30	FD	9.94320596645471
FD30_2_GTAGAGTCCGCCTCAGTAAT	7	FD30_2	Astronaut 2	FD30	FD	14.2753177959564
FD30_2_GTATCAGTTGGCTTGGATAT	7	FD30_2	Astronaut 2	FD30	FD	7.61876752255077
FD30_2_GTATCATGGCCCTAGGGAGC	8	FD30_2	Astronaut 2	FD30	FD	7.73112442083662
FD30_2_GTATCCAACTCCTCAGCAAC	1	FD30_2	Astronaut 2	FD30	FD	9.81381750941681
FD30_2_GTATCGCGAAGGTCCGCAAC	4	FD30_2	Astronaut 2	FD30	FD	6.37430826437691
FD30_2_GTCCGCTGGACTGGAGATGA	3	FD30_2	Astronaut 2	FD30	FD	6.36438460777234
FD30_2_GTCCGGACTGCTAACGCTTG	4	FD30_2	Astronaut 2	FD30	FD	8.60938138633437
FD30_2_GTCTAACTTCCGTCGGCTTG	6	FD30_2	Astronaut 2	FD30	FD	10.6626255162005
FD30_2_GTCTAATTCAGGCGTGGAGC	3	FD30_2	Astronaut 2	FD30	FD	13.5700440859601
FD30_2_GTCTACGATTCAGTTGGCGT	0	FD30_2	Astronaut 2	FD30	FD	6.88969617029819
FD30_2_GTCTACTCCACTAGTGATAT	4	FD30_2	Astronaut 2	FD30	FD	7.61876774466116
FD30_2_GTCTAGCCTTGCCTTGGCGT	8	FD30_2	Astronaut 2	FD30	FD	7.61876796677154
FD30_2_GTCTAGCTCTGGAGCGATAT	0	FD30_2	Astronaut 2	FD30	FD	14.3983060342864
FD30_2_GTCTAGGCGTGATGAGCTTG	0	FD30_2	Astronaut 2	FD30	FD	7.35592538444984
FD30_2_GTCTATGCTACTACGGATGA	3	FD30_2	Astronaut 2	FD30	FD	8.61801430166403
FD30_2_GTTAGACGATCTGGAGATGA	1	FD30_2	Astronaut 2	FD30	FD	6.0230164118687
FD30_2_GTTAGATCCTGCGAAGGTCC	6	FD30_2	Astronaut 2	FD30	FD	6.42783191973443
FD30_2_GTTAGCTCCAGGTCCGTAAT	0	FD30_2	Astronaut 2	FD30	FD	7.61876818888193
FD30_2_TACGTCTCCACCGCTGATAT	7	FD30_2	Astronaut 2	FD30	FD	12.7715106739917
FD30_2_TACGTGGAGCCGCAAGATGA	0	FD30_2	Astronaut 2	FD30	FD	6.46022881341822
FD30_2_TACGTGTAATCAGCGGCAAC	0	FD30_2	Astronaut 2	FD30	FD	7.61876841099232
FD30_2_TACGTTGCTAGATATGGCGT	3	FD30_2	Astronaut 2	FD30	FD	7.6187686331027
FD30_2_TAGAGTCCGGGATGAGCTTG	4	FD30_2	Astronaut 2	FD30	FD	9.35873760083894
FD30_2_TAGGACGTCGGAACCGATGA	3	FD30_2	Astronaut 2	FD30	FD	6.85482448782285
FD30_2_TAGGATTCATCGTCGGATGA	0	FD30_2	Astronaut 2	FD30	FD	8.59005055142973
FD30_2_TAGGATTCGAGATGAGCGGT	0	FD30_2	Astronaut 2	FD30	FD	5.72563215648715
FD30_2_TATCTCGTCGGTATCGCTTG	5	FD30_2	Astronaut 2	FD30	FD	7.75050465358178
FD30_2_TATCTTGCGCCAGTTGATAT	0	FD30_2	Astronaut 2	FD30	FD	7.15253353246324
FD30_2_TATGCCAGTTCGCTCGATAT	5	FD30_2	Astronaut 2	FD30	FD	6.89779308866245
FD30_2_TATGCGCTTGCTACGGCTGC	0	FD30_2	Astronaut 2	FD30	FD	10.6626257383108
FD30_2_TATGCTAGGACGTCGGCAAC	4	FD30_2	Astronaut 2	FD30	FD	7.99274720294267
FD30_2_TATGCTATTGGCCTTGGAGC	4	FD30_2	Astronaut 2	FD30	FD	10.1664606141907
FD30_2_TATTGCGGCACGCCTGCTTG	5	FD30_2	Astronaut 2	FD30	FD	9.32156207272267
FD30_2_TATTGGGCGTCAGCGGATGA	4	FD30_2	Astronaut 2	FD30	FD	6.39445380247341
FD30_2_TATTGTTAGCGACTGGGAGC	1	FD30_2	Astronaut 2	FD30	FD	6.99249502568857
FD30_2_TCAGTAGTTGCTTAAGCGGT	4	FD30_2	Astronaut 2	FD30	FD	10.2677104579814
FD30_2_TCAGTCAATCGCGGTGTCTA	0	FD30_2	Astronaut 2	FD30	FD	17.9407309191248
FD30_2_TCAGTCTAACCCATAGCTGC	0	FD30_2	Astronaut 2	FD30	FD	10.6626259604212
FD30_2_TCAGTGGTAACGCTCGCTGC	3	FD30_2	Astronaut 2	FD30	FD	6.87123776909576
FD30_2_TCAGTTCGTAATTGGGCCTT	0	FD30_2	Astronaut 2	FD30	FD	6.36622273516856
FD30_2_TCAGTTGGACGTATCGGAGC	4	FD30_2	Astronaut 2	FD30	FD	6.87611094823956
FD30_2_TCCGGACCAGCAGCGGCTGC	3	FD30_2	Astronaut 2	FD30	FD	6.36580317754917
FD30_2_TCCGGAGGCTCCTAGGGTCC	4	FD30_2	Astronaut 2	FD30	FD	6.99249524779896
FD30_2_TCCGGGAGCTCCTAGGCTGC	3	FD30_2	Astronaut 2	FD30	FD	9.4362432331348
FD30_2_TCCGGGTAGAATTGGGGCGT	1	FD30_2	Astronaut 2	FD30	FD	6.51893890851129
FD30_2_TCCGGGTTAGCGTCGGGCGT	0	FD30_2	Astronaut 2	FD30	FD	8.09938643174569
FD30_2_TCCGGTTAGCCGCTCGGAGC	1	FD30_2	Astronaut 2	FD30	FD	10.4273374810182
FD30_2_TCCGGTTGAAGAACCGCTTG	2	FD30_2	Astronaut 2	FD30	FD	12.7869854072388
FD30_2_TCCGGTTGAAGCGAAGCTTG	0	FD30_2	Astronaut 2	FD30	FD	10.166791982863
FD30_2_TCCGGTTGAAGCTGCGCTTG	0	FD30_2	Astronaut 2	FD30	FD	37.5322349292291
FD30_2_TCGCGCAGCGGCAACGCTTG	0	FD30_2	Astronaut 2	FD30	FD	6.99249546990934
FD30_2_TCGCGCGACCGGTAAGATGA	3	FD30_2	Astronaut 2	FD30	FD	6.42783214184481
FD30_2_TCGCGCTACGCGATTGGCGT	0	FD30_2	Astronaut 2	FD30	FD	10.7743646967306
FD30_2_TCGCGCTACGCTTAAGGCGT	0	FD30_2	Astronaut 2	FD30	FD	6.89239062858513
FD30_2_TCGTAAACTCCTGGAGCTTG	0	FD30_2	Astronaut 2	FD30	FD	9.32931888036306
FD30_2_TCGTAGGCGTGAGCTGATGA	0	FD30_2	Astronaut 2	FD30	FD	7.81459058520504
FD30_2_TCGTAGGTAAGGCGTGCAAC	4	FD30_2	Astronaut 2	FD30	FD	7.31351841503783
FD30_2_TCTACAACGACTTAAGATAT	0	FD30_2	Astronaut 2	FD30	FD	7.34699052465206
FD30_2_TCTACACTTCGCTGCGCTTG	0	FD30_2	Astronaut 2	FD30	FD	10.6626261825316
FD30_2_TCTACGAGTCGTAGAGGCGT	0	FD30_2	Astronaut 2	FD30	FD	6.87075128503971
FD30_2_TCTACGTCCGCTACGGCTTG	4	FD30_2	Astronaut 2	FD30	FD	6.4278323639552
FD30_2_TCTACGTCCGGCTTGGATAT	1	FD30_2	Astronaut 2	FD30	FD	9.99156468640279
FD30_2_TCTACTAAGGCCTCAGCTGC	1	FD30_2	Astronaut 2	FD30	FD	6.40691148217715
FD30_2_TCTACTTCATGCTGCGCAAC	5	FD30_2	Astronaut 2	FD30	FD	7.12452319008067
FD30_2_TGAGAAACTCCAATCGATAT	3	FD30_2	Astronaut 2	FD30	FD	9.43624345524518
FD30_2_TGAGACCGCTGTATCGGAGC	1	FD30_2	Astronaut 2	FD30	FD	6.87151456559643
FD30_2_TGAGATCGTACGACCGATGA	1	FD30_2	Astronaut 2	FD30	FD	7.28427678626652
FD30_2_TGAGATTATGCAGCGGGCGT	0	FD30_2	Astronaut 2	FD30	FD	6.05878909841795
FD30_2_TGCGCCCTCAGTAATGATAT	5	FD30_2	Astronaut 2	FD30	FD	7.65936074684113
FD30_2_TGCGCCTCCAGTATCGCTTG	0	FD30_2	Astronaut 2	FD30	FD	7.30457430705517
FD30_2_TGCGCGTATCGCCTTGATAT	4	FD30_2	Astronaut 2	FD30	FD	11.0133688776544
FD30_2_TGCGCTATGCCTCCAGATGA	4	FD30_2	Astronaut 2	FD30	FD	7.91177159649289
FD30_2_TGCTAAACGACGACCGCAAC	0	FD30_2	Astronaut 2	FD30	FD	7.81177163911291
FD30_2_TGCTACTCCACCATAGCTTG	0	FD30_2	Astronaut 2	FD30	FD	9.43624367735557
FD30_2_TGCTAGAGCTGGTAAGGTCC	0	FD30_2	Astronaut 2	FD30	FD	7.11055829406834
FD30_2_TGCTAGTAGACAATCGATGA	0	FD30_2	Astronaut 2	FD30	FD	8.01638830079132
FD30_2_TGCTAGTCTAGCGAAGGTCC	0	FD30_2	Astronaut 2	FD30	FD	6.30125114491392
FD30_2_TGGACCAGAAATTGGGGTCC	0	FD30_2	Astronaut 2	FD30	FD	7.61876885521309
FD30_2_TGGACGGTAACGCCTGCAAC	0	FD30_2	Astronaut 2	FD30	FD	7.94152992278182
FD30_2_TGGACTGCTACGTCGGCGGT	0	FD30_2	Astronaut 2	FD30	FD	7.40723378315181
FD30_2_TTAGCCTCCACCTAGGGAGC	3	FD30_2	Astronaut 2	FD30	FD	6.01861768103314
FD30_2_TTAGCTCATCCAATCGATGA	4	FD30_2	Astronaut 2	FD30	FD	7.65708606863486
FD30_2_TTATGCAGCGCTAACGCTTG	0	FD30_2	Astronaut 2	FD30	FD	13.8427039687734
FD30_2_TTATGGCTGCGCTTGGCTTG	1	FD30_2	Astronaut 2	FD30	FD	6.90657973489081
FD30_2_TTATGGCTTGCAATCGTCTA	0	FD30_2	Astronaut 2	FD30	FD	9.96361785571894
FD30_2_TTATGTAGAGGGAGCGCGGT	1	FD30_2	Astronaut 2	FD30	FD	7.61876907732348
FD30_2_TTCATCTAACCGATTGCTTG	4	FD30_2	Astronaut 2	FD30	FD	6.29541802068741
FD30_2_TTCATGAACCGTATCGGCGT	4	FD30_2	Astronaut 2	FD30	FD	5.67021525227818
FD30_2_TTCGAGGTCCCGATTGATAT	0	FD30_2	Astronaut 2	FD30	FD	10.662626404642
FD30_2_TTGAAAAGACGTAATGATAT	2	FD30_2	Astronaut 2	FD30	FD	8.11445678444935
FD30_2_TTGAACCATACTGGAGCTTG	3	FD30_2	Astronaut 2	FD30	FD	8.59012827257698
FD30_2_TTGAATTAGCCGCTCGGAGC	0	FD30_2	Astronaut 2	FD30	FD	9.43624389946596
FD30_3_AACCGATCCTGCCTTGGCGT	1	FD30_3	Astronaut 3	FD30	FD	22.6493574299746
FD30_3_AACCGCGCCTCGAAGGCAAC	0	FD30_3	Astronaut 3	FD30	FD	38.8020206362371
FD30_3_AACCGGGCAGCTAACGCTGC	2	FD30_3	Astronaut 3	FD30	FD	35.4899911759805
FD30_3_AACCGTTAGCCAGTTGATAT	5	FD30_3	Astronaut 3	FD30	FD	24.6725857738108
FD30_3_AACCGTTAGCGGCGTGATAT	7	FD30_3	Astronaut 3	FD30	FD	36.8729442059885
FD30_3_AACGACCGCTCTGGAGGAGC	0	FD30_3	Astronaut 3	FD30	FD	37.0752340556558
FD30_3_AACGACGCCTCAGCGGCTGC	5	FD30_3	Astronaut 3	FD30	FD	35.5922774864279
FD30_3_AACGATGAGACTAGTGTAAT	7	FD30_3	Astronaut 3	FD30	FD	36.7280552031337
FD30_3_AACGATGCGCGCTTGGCGGT	0	FD30_3	Astronaut 3	FD30	FD	25.9356009166205
FD30_3_AACTCAGAGTCGCTCGTAAT	1	FD30_3	Astronaut 3	FD30	FD	30.6779441309942
FD30_3_AACTCAGGCTGCTTGGCTTG	5	FD30_3	Astronaut 3	FD30	FD	27.0465984573292
FD30_3_AACTCCAACTGATGAGGTCC	1	FD30_3	Astronaut 3	FD30	FD	29.5079013133026
FD30_3_AACTCGTAATCGCTCGATGA	2	FD30_3	Astronaut 3	FD30	FD	22.9421967608834
FD30_3_AACTCTATGCGATATGATGA	1	FD30_3	Astronaut 3	FD30	FD	28.9682299556723
FD30_3_AACTCTATGCGCAACGATGA	0	FD30_3	Astronaut 3	FD30	FD	26.4029735232114
FD30_3_AAGACGGCGTCGGATGTCTA	5	FD30_3	Astronaut 3	FD30	FD	27.2906315693712
FD30_3_AAGCACAGAACCTAGGGCGT	6	FD30_3	Astronaut 3	FD30	FD	39.3062193244615
FD30_3_AAGCAGTAGACGACCGGAGC	3	FD30_3	Astronaut 3	FD30	FD	36.2379791134323
FD30_3_AAGCATCAGTCTCCAGGAGC	6	FD30_3	Astronaut 3	FD30	FD	33.5660198664712
FD30_3_AAGCATTATGCTAGTGCTTG	4	FD30_3	Astronaut 3	FD30	FD	37.2979405493852
FD30_3_AAGGTGGAGCGCTCTGGCGT	2	FD30_3	Astronaut 3	FD30	FD	31.6190990292565
FD30_3_AAGGTGTCCGGCTTGGATAT	2	FD30_3	Astronaut 3	FD30	FD	28.2633617456919
FD30_3_ACCAGACGATCAGTTGCCTT	5	FD30_3	Astronaut 3	FD30	FD	32.2863416728589
FD30_3_ACCAGATCCTGGTCCGGAGC	3	FD30_3	Astronaut 3	FD30	FD	10.833541102822
FD30_3_ACCAGTAGGACAGCGGGAGC	8	FD30_3	Astronaut 3	FD30	FD	26.4029737453218
FD30_3_ACCTACTGGACTACGGGTCC	0	FD30_3	Astronaut 3	FD30	FD	36.1460086851999
FD30_3_ACCTAGGAGCGGCGTGGCGT	0	FD30_3	Astronaut 3	FD30	FD	30.5511841173578
FD30_3_ACCTATCATCGCGGTGCCTT	1	FD30_3	Astronaut 3	FD30	FD	14.5263862574378
FD30_3_ACGATAGCGGGTAATGGTCC	7	FD30_3	Astronaut 3	FD30	FD	14.6647193783776
FD30_3_ACGATAGTTGCCATAGCTGC	6	FD30_3	Astronaut 3	FD30	FD	31.6567189195197
FD30_3_ACGATGAACCGCGAAGATGA	5	FD30_3	Astronaut 3	FD30	FD	14.6647196004879
FD30_3_ACGATGATGACAGTTGCTGC	0	FD30_3	Astronaut 3	FD30	FD	25.9250225525788
FD30_3_ACGATTTCGAGCTTGGCTTG	2	FD30_3	Astronaut 3	FD30	FD	28.2633619678023
FD30_3_ACGATTTGAACGAAGGATAT	5	FD30_3	Astronaut 3	FD30	FD	37.0752342777662
FD30_3_ACTAAACTTCCAACTGCTGC	3	FD30_3	Astronaut 3	FD30	FD	35.9377849103551
FD30_3_ACTAAATTCAATTGGGATAT	6	FD30_3	Astronaut 3	FD30	FD	25.839567978506
FD30_3_ACTAATGCTAGATGAGGCGT	6	FD30_3	Astronaut 3	FD30	FD	14.5263864795482
FD30_3_ACTCGCCATAGGTAAGGAGC	9	FD30_3	Astronaut 3	FD30	FD	36.2379793355427
FD30_3_ACTCGGATATGCAACGTAAT	0	FD30_3	Astronaut 3	FD30	FD	36.2379795576531
FD30_3_ACTCGGTAATCGTCGGATAT	9	FD30_3	Astronaut 3	FD30	FD	27.2886453721463
FD30_3_ACTCGTACGTCCTAGGCAAC	0	FD30_3	Astronaut 3	FD30	FD	33.9390138002159
FD30_3_ACTTCACGATCCTAGGTAAT	7	FD30_3	Astronaut 3	FD30	FD	35.9943002000498
FD30_3_AGAACACTCGGCTTGGCTTG	2	FD30_3	Astronaut 3	FD30	FD	12.0833237555265
FD30_3_AGAACCTGGAGCTGCGCGGT	0	FD30_3	Astronaut 3	FD30	FD	14.6647198225983
FD30_3_AGAACGGTCCCCATAGCTTG	1	FD30_3	Astronaut 3	FD30	FD	34.754817857187
FD30_3_AGAACTATTGCTACGGCAAC	7	FD30_3	Astronaut 3	FD30	FD	35.0975315090044
FD30_3_AGCGGGTCCGGCTGCGCCTT	4	FD30_3	Astronaut 3	FD30	FD	22.6539261972878
FD30_3_AGCGGTACGTGCGAAGCTTG	0	FD30_3	Astronaut 3	FD30	FD	35.1900116352803
FD30_3_AGGCTACCAGGACTGGCTTG	7	FD30_3	Astronaut 3	FD30	FD	14.5263867016585
FD30_3_AGGCTAGTTGCGGATGTCTA	2	FD30_3	Astronaut 3	FD30	FD	21.0020746009429
FD30_3_AGGCTATGGCGCGAAGGTCC	1	FD30_3	Astronaut 3	FD30	FD	35.9377851324655
FD30_3_AGGCTGCGGTGGTCCGTAAT	0	FD30_3	Astronaut 3	FD30	FD	18.7004081176181
FD30_3_AGGCTTAAGGCGACCGTAAT	0	FD30_3	Astronaut 3	FD30	FD	35.2040699248499
FD30_3_AGGCTTCGCGGAACCGATGA	3	FD30_3	Astronaut 3	FD30	FD	35.9377853545759
FD30_3_AGGTCCAGCGATTGGGCTGC	3	FD30_3	Astronaut 3	FD30	FD	37.2979407714956
FD30_3_AGGTCCAGCGCTTAAGCTGC	1	FD30_3	Astronaut 3	FD30	FD	34.3219792053001
FD30_3_AGGTCCAGCGGCTCTGCTGC	1	FD30_3	Astronaut 3	FD30	FD	36.2379797797635
FD30_3_AGGTCGGTAAGGAGCGGAGC	7	FD30_3	Astronaut 3	FD30	FD	37.5322351513395
FD30_3_AGGTCTGGACGGTAAGATGA	8	FD30_3	Astronaut 3	FD30	FD	25.2194346471934
FD30_3_AGTTGACTCGCCTAGGATGA	0	FD30_3	Astronaut 3	FD30	FD	18.1705942824017
FD30_3_AGTTGACTCGGCAGGGATGA	2	FD30_3	Astronaut 3	FD30	FD	33.4689658171848
FD30_3_AGTTGCGATTCTAACGCGGT	3	FD30_3	Astronaut 3	FD30	FD	37.5322353734499
FD30_3_AGTTGCTAACGAGCTGTAAT	4	FD30_3	Astronaut 3	FD30	FD	36.1661468294124
FD30_3_ATCCTCGATTCAACTGCAAC	1	FD30_3	Astronaut 3	FD30	FD	37.5322355955603
FD30_3_ATCCTGGAGCATTGGGGTCC	5	FD30_3	Astronaut 3	FD30	FD	12.0833239776369
FD30_3_ATCCTGGCGTGCTGCGATAT	0	FD30_3	Astronaut 3	FD30	FD	29.2397620194666
FD30_3_ATGCGGCGAACGACCGCTGC	2	FD30_3	Astronaut 3	FD30	FD	36.7765182607147
FD30_3_ATGCGTGGACCGGATGCAAC	0	FD30_3	Astronaut 3	FD30	FD	30.4216883675805
FD30_3_ATGGCAACCGCGGATGCTTG	0	FD30_3	Astronaut 3	FD30	FD	37.5322358176707
FD30_3_ATGGCATCCTGATGAGATAT	4	FD30_3	Astronaut 3	FD30	FD	37.532236039781
FD30_3_ATGGCATGGCCTGGAGCCTT	2	FD30_3	Astronaut 3	FD30	FD	22.5134720366133
FD30_3_ATTACGCCTTGCGGTGATAT	4	FD30_3	Astronaut 3	FD30	FD	28.267183716058
FD30_3_ATTCAACTTCGGTCCGTCTA	4	FD30_3	Astronaut 3	FD30	FD	24.3744674787624
FD30_3_ATTCACAACTGCAGGGCAAC	0	FD30_3	Astronaut 3	FD30	FD	32.814326968726
FD30_3_ATTCACGTCGGGCAGGATAT	0	FD30_3	Astronaut 3	FD30	FD	39.1582470390023
FD30_3_ATTCACTAGTCGCCTGATGA	0	FD30_3	Astronaut 3	FD30	FD	9.51912680092679
FD30_3_ATTGGCTACGGCGGTGTCTA	2	FD30_3	Astronaut 3	FD30	FD	24.2374469253855
FD30_3_ATTGGGACTGCGGCAGGAGC	7	FD30_3	Astronaut 3	FD30	FD	12.0833241997473
FD30_3_ATTGGGAGCTCTGGAGCTGC	8	FD30_3	Astronaut 3	FD30	FD	19.7664256252535
FD30_3_ATTGGGTCTAGGTAAGCTGC	2	FD30_3	Astronaut 3	FD30	FD	24.2514377697028
FD30_3_ATTGGTCGCGCGCCTGTAAT	9	FD30_3	Astronaut 3	FD30	FD	36.2379800018739
FD30_3_CAACTCGTCGGAACCGCAAC	6	FD30_3	Astronaut 3	FD30	FD	25.2536450110389
FD30_3_CAACTTTATGCGCTCGTCTA	6	FD30_3	Astronaut 3	FD30	FD	25.9250227746892
FD30_3_CAATCGCTCTGGAGCGCTTG	5	FD30_3	Astronaut 3	FD30	FD	36.2379802239842
FD30_3_CAATCTATTGGCGAAGCCTT	7	FD30_3	Astronaut 3	FD30	FD	37.5322362618914
FD30_3_CAGAACGAAGCGTCGGGAGC	7	FD30_3	Astronaut 3	FD30	FD	35.0232876706869
FD30_3_CAGAACTACGGCTTGGATAT	0	FD30_3	Astronaut 3	FD30	FD	31.6151966813223
FD30_3_CAGAATAAGGGTATCGTAAT	3	FD30_3	Astronaut 3	FD30	FD	36.2379804460946
FD30_3_CAGCGCAGTTGATATGCTTG	7	FD30_3	Astronaut 3	FD30	FD	35.9954904666023
FD30_3_CAGCGCCATAGGTAAGGCGT	9	FD30_3	Astronaut 3	FD30	FD	34.7548180792974
FD30_3_CAGCGCGCTCCTGGAGGCGT	0	FD30_3	Astronaut 3	FD30	FD	36.0195317822909
FD30_3_CAGTTGCCTTGCGGTGCTTG	7	FD30_3	Astronaut 3	FD30	FD	28.3198759443453
FD30_3_CAGTTGGCAGGCTTGGGCGT	1	FD30_3	Astronaut 3	FD30	FD	37.4812780604115
FD30_3_CCATAATCTGGGCAGGTAAT	0	FD30_3	Astronaut 3	FD30	FD	24.362328152747
FD30_3_CCATACAGTTCTGGAGGAGC	0	FD30_3	Astronaut 3	FD30	FD	25.9250229967996
FD30_3_CCATACGGCAGGTAAGCTGC	3	FD30_3	Astronaut 3	FD30	FD	16.156450409243
FD30_3_CCATAGAGTCGCTCTGGCGT	0	FD30_3	Astronaut 3	FD30	FD	33.6063806953732
FD30_3_CCATAGTCCGGCAGGGCCTT	0	FD30_3	Astronaut 3	FD30	FD	26.8737798300797
FD30_3_CCATATATCTGCGGTGCTGC	0	FD30_3	Astronaut 3	FD30	FD	21.1998169414103
FD30_3_CCATATTCGACAATCGGAGC	6	FD30_3	Astronaut 3	FD30	FD	35.9663129789046
FD30_3_CCGCTCGATTGAACCGCTGC	7	FD30_3	Astronaut 3	FD30	FD	36.7465815072402
FD30_3_CCGCTGCTCTCTAGTGCAAC	0	FD30_3	Astronaut 3	FD30	FD	24.5589172676092
FD30_3_CCGCTGTATCCAATCGGCGT	5	FD30_3	Astronaut 3	FD30	FD	29.0402219923854
FD30_3_CCGCTGTCCGCAGCGGGTCC	7	FD30_3	Astronaut 3	FD30	FD	36.237980668205
FD30_3_CCTAGACCAGCGCCTGCCTT	6	FD30_3	Astronaut 3	FD30	FD	18.6604973770102
FD30_3_CCTAGGCTTGCAATCGTAAT	7	FD30_3	Astronaut 3	FD30	FD	33.7054753284243
FD30_3_CCTCAATCCTATTCAGCGGT	0	FD30_3	Astronaut 3	FD30	FD	28.5880188007141
FD30_3_CCTCATGCTACTCCAGATGA	0	FD30_3	Astronaut 3	FD30	FD	37.5322364840018
FD30_3_CCTCATGCTAGCAACGTCTA	6	FD30_3	Astronaut 3	FD30	FD	36.8698308211906
FD30_3_CGAAGATTGGCAGTTGTAAT	0	FD30_3	Astronaut 3	FD30	FD	37.4032684609596
FD30_3_CGAAGGGAGCGCTTGGTCTA	7	FD30_3	Astronaut 3	FD30	FD	34.8673312009477
FD30_3_CGACCATCTGGCTCTGCAAC	7	FD30_3	Astronaut 3	FD30	FD	37.5322367061122
FD30_3_CGACCCCATACTGGAGATAT	0	FD30_3	Astronaut 3	FD30	FD	34.8221793731308
FD30_3_CGACCGAACCGGCAGGCGGT	3	FD30_3	Astronaut 3	FD30	FD	24.5709306248839
FD30_3_CGATTGAACCCCATAGTCTA	0	FD30_3	Astronaut 3	FD30	FD	27.2852273878045
FD30_3_CGATTGCGAACTAACGGTCC	2	FD30_3	Astronaut 3	FD30	FD	33.3889737134902
FD30_3_CGATTGCTTGCGGCAGGTCC	7	FD30_3	Astronaut 3	FD30	FD	35.4982033573289
FD30_3_CGATTTATGCGGCGTGCCTT	0	FD30_3	Astronaut 3	FD30	FD	36.2523864709888
FD30_3_CGCAACGACCCCATAGCTTG	0	FD30_3	Astronaut 3	FD30	FD	29.2346407933908
FD30_3_CGCAAGTTAGGATATGGCGT	0	FD30_3	Astronaut 3	FD30	FD	29.0043359482911
FD30_3_CGCAATATCTCAGAAGGAGC	7	FD30_3	Astronaut 3	FD30	FD	35.0232878927973
FD30_3_CGCCTAGAGTCGAAGGATGA	4	FD30_3	Astronaut 3	FD30	FD	17.4504533244503
FD30_3_CGCCTTAGGACTAGTGCAAC	2	FD30_3	Astronaut 3	FD30	FD	37.5322369282226
FD30_3_CGCCTTCTACCCTAGGTAAT	2	FD30_3	Astronaut 3	FD30	FD	21.6147756584689
FD30_3_CGCTCCTACGCTAGTGCTGC	1	FD30_3	Astronaut 3	FD30	FD	8.73442735567024
FD30_3_CGCTCCTCCAGGAGCGTCTA	7	FD30_3	Astronaut 3	FD30	FD	35.9377855766863
FD30_3_CGCTCGCCTTGGTAAGCTTG	6	FD30_3	Astronaut 3	FD30	FD	17.4504535465607
FD30_3_CGGATAAGACCGGCAGCTTG	0	FD30_3	Astronaut 3	FD30	FD	25.2527970611159
FD30_3_CGGATCAGCGGTAGAGATAT	0	FD30_3	Astronaut 3	FD30	FD	29.0495137787419
FD30_3_CGGCAAACGAGGTCCGCAAC	6	FD30_3	Astronaut 3	FD30	FD	29.2759162506201
FD30_3_CGGCAACTCGCGATTGATAT	6	FD30_3	Astronaut 3	FD30	FD	36.2523866930992
FD30_3_CGGCAATCTGGATATGGAGC	1	FD30_3	Astronaut 3	FD30	FD	24.6312981323009
FD30_3_CGGCACAGTTGACTGGGAGC	4	FD30_3	Astronaut 3	FD30	FD	26.6850165904093
FD30_3_CGGCACCGCTGATATGCTTG	0	FD30_3	Astronaut 3	FD30	FD	39.3062195465718
FD30_3_CGGCATGGACGGTCCGATGA	7	FD30_3	Astronaut 3	FD30	FD	33.7054755505347
FD30_3_CGTCGCTACGCGCAAGTCTA	2	FD30_3	Astronaut 3	FD30	FD	29.0180370187678
FD30_3_CTAACAGCGGCGCCTGTAAT	2	FD30_3	Astronaut 3	FD30	FD	21.5377234031956
FD30_3_CTAACCGAAGCTAGTGGTCC	4	FD30_3	Astronaut 3	FD30	FD	21.6240834554629
FD30_3_CTAACGGTCCCTACGGCGGT	5	FD30_3	Astronaut 3	FD30	FD	14.5263869237689
FD30_3_CTAACTATGCGCTCTGCCTT	4	FD30_3	Astronaut 3	FD30	FD	19.8977345027412
FD30_3_CTAACTTATGCGGATGATAT	5	FD30_3	Astronaut 3	FD30	FD	32.1582765665549
FD30_3_CTACGACTTCATTCAGTAAT	8	FD30_3	Astronaut 3	FD30	FD	21.7150350236936
FD30_3_CTACGGAGCTCTGGAGTCTA	6	FD30_3	Astronaut 3	FD30	FD	22.6539264193982
FD30_3_CTACGGGTAACTACGGATGA	4	FD30_3	Astronaut 3	FD30	FD	33.8828380596401
FD30_3_CTACGGTCCGGTAGAGCCTT	0	FD30_3	Astronaut 3	FD30	FD	22.4555585575075
FD30_3_CTACGTAGAGGTAATGCTTG	4	FD30_3	Astronaut 3	FD30	FD	27.4752984028219
FD30_3_CTAGTACCTAGCAGGGCCTT	1	FD30_3	Astronaut 3	FD30	FD	16.1564506313534
FD30_3_CTAGTCTTAAGAGTCGGCGT	7	FD30_3	Astronaut 3	FD30	FD	33.8744954690335
FD30_3_CTCCACAGTTCCATAGTAAT	0	FD30_3	Astronaut 3	FD30	FD	25.92502321891
FD30_3_CTGGAAAGACCGATTGCCTT	6	FD30_3	Astronaut 3	FD30	FD	35.9377857987966
FD30_3_CTGGACTTAACGGCAGGAGC	2	FD30_3	Astronaut 3	FD30	FD	14.432925194912
FD30_3_CTTAAAACTCGCTCTGTCTA	2	FD30_3	Astronaut 3	FD30	FD	27.7306140726076
FD30_3_CTTAATGGACCAGCGGCCTT	6	FD30_3	Astronaut 3	FD30	FD	36.0061698875958
FD30_3_GAACCAACGACGCCTGCTTG	0	FD30_3	Astronaut 3	FD30	FD	26.1433330552085
FD30_3_GACTGAAGCAGGCAGGCCTT	2	FD30_3	Astronaut 3	FD30	FD	22.7431857431161
FD30_3_GACTGTAGGAGACTGGGAGC	0	FD30_3	Astronaut 3	FD30	FD	19.7031534120295
FD30_3_GACTGTCCGGGATGAGATGA	6	FD30_3	Astronaut 3	FD30	FD	26.880697374445
FD30_3_GACTGTGCGCCTAGTGCTGC	3	FD30_3	Astronaut 3	FD30	FD	12.0833244218577
FD30_3_GACTGTTCATCCGCTGCTGC	3	FD30_3	Astronaut 3	FD30	FD	33.5660200885816
FD30_3_GAGTCCCTCACAGAAGTCTA	7	FD30_3	Astronaut 3	FD30	FD	33.9390140223263
FD30_3_GAGTCCGCTCCTTAAGATAT	0	FD30_3	Astronaut 3	FD30	FD	37.532237150333
FD30_3_GATATCAGAAGGCAGGCTGC	0	FD30_3	Astronaut 3	FD30	FD	35.0232881149077
FD30_3_GATATCGGATGTAATGATAT	7	FD30_3	Astronaut 3	FD30	FD	33.69891252542
FD30_3_GATATGAACCGCTGCGATAT	0	FD30_3	Astronaut 3	FD30	FD	37.2979409936059
FD30_3_GATATGTCCGGGTCCGCTTG	0	FD30_3	Astronaut 3	FD30	FD	33.3764658595753
FD30_3_GATGAAAGGTGATATGATGA	8	FD30_3	Astronaut 3	FD30	FD	12.4642250169861
FD30_3_GATGACGGATGCTGCGTAAT	0	FD30_3	Astronaut 3	FD30	FD	31.1203335279688
FD30_3_GATGAGAGCTGCTGCGTCTA	3	FD30_3	Astronaut 3	FD30	FD	24.7467111788462
FD30_3_GCAACAAGACGTAATGTAAT	0	FD30_3	Astronaut 3	FD30	FD	35.6053190859323
FD30_3_GCAACGCAGGGACTGGCGGT	0	FD30_3	Astronaut 3	FD30	FD	31.9805671523932
FD30_3_GCAGGAGGCTCGGATGGTCC	0	FD30_3	Astronaut 3	FD30	FD	21.7612589284386
FD30_3_GCAGGGGTAAATTGGGCCTT	0	FD30_3	Astronaut 3	FD30	FD	24.2312569794055
FD30_3_GCAGGTCGCGCAGTTGGTCC	0	FD30_3	Astronaut 3	FD30	FD	33.0389608730492
FD30_3_GCAGGTGAGAGCTGCGGTCC	7	FD30_3	Astronaut 3	FD30	FD	24.7374987944562
FD30_3_GCCTTAGTTGCGATTGGCGT	6	FD30_3	Astronaut 3	FD30	FD	37.4081860011948
FD30_3_GCCTTCTAACGGCAGGGAGC	7	FD30_3	Astronaut 3	FD30	FD	35.9867796091564
FD30_3_GCCTTGTTAGGATGAGCGGT	2	FD30_3	Astronaut 3	FD30	FD	26.2685567411627
FD30_3_GCGAAAACCGCCTAGGCTTG	3	FD30_3	Astronaut 3	FD30	FD	38.5581808255643
FD30_3_GCGAACGAAGCAGAAGTCTA	0	FD30_3	Astronaut 3	FD30	FD	37.4836534947746
FD30_3_GCGAAGATGAGGCGTGCCTT	7	FD30_3	Astronaut 3	FD30	FD	36.0919280171072
FD30_3_GCGAATGGACATTCAGCCTT	7	FD30_3	Astronaut 3	FD30	FD	34.7528977311438
FD30_3_GCGGTTGCTAGATGAGCCTT	9	FD30_3	Astronaut 3	FD30	FD	12.0833246439681
FD30_3_GCGGTTGGACGCAACGTAAT	1	FD30_3	Astronaut 3	FD30	FD	24.7467114009566
FD30_3_GCTCTTCATCCTACGGATAT	0	FD30_3	Astronaut 3	FD30	FD	22.7431859652265
FD30_3_GCTGCAACTCCCTAGGGAGC	4	FD30_3	Astronaut 3	FD30	FD	12.0833248660785
FD30_3_GCTTGAGAGTGTAGAGTAAT	0	FD30_3	Astronaut 3	FD30	FD	18.5392601245407
FD30_3_GCTTGCCTAGCCTAGGCGGT	0	FD30_3	Astronaut 3	FD30	FD	35.4025295674023
FD30_3_GGAGCACCAGGGCAGGTCTA	3	FD30_3	Astronaut 3	FD30	FD	37.3121077283354
FD30_3_GGAGCGAACCCGATTGCCTT	5	FD30_3	Astronaut 3	FD30	FD	14.6647200447087
FD30_3_GGAGCGACTGGCGGTGCAAC	0	FD30_3	Astronaut 3	FD30	FD	35.3389342350525
FD30_3_GGAGCTAGAGGTATCGCGGT	1	FD30_3	Astronaut 3	FD30	FD	37.0752344998766
FD30_3_GGAGCTCAGTCAACTGGCGT	0	FD30_3	Astronaut 3	FD30	FD	37.5322373724434
FD30_3_GGAGCTGCTAGCTGCGCGGT	7	FD30_3	Astronaut 3	FD30	FD	36.5043055106429
FD30_3_GGCAGCGCCTCCTAGGCCTT	3	FD30_3	Astronaut 3	FD30	FD	10.6626266267524
FD30_3_GGCGTATTGGGGCGTGCCTT	0	FD30_3	Astronaut 3	FD30	FD	20.6334864903666
FD30_3_GGTAATCGCGCTACGGGAGC	0	FD30_3	Astronaut 3	FD30	FD	36.8729444280989
FD30_3_GGTCCCGGCACAGCGGTCTA	6	FD30_3	Astronaut 3	FD30	FD	37.075234721987
FD30_3_GGTCCCGTCGGAGCTGCGGT	0	FD30_3	Astronaut 3	FD30	FD	32.4822052829764
FD30_3_GTAATTCAGTGCTCTGCTTG	7	FD30_3	Astronaut 3	FD30	FD	34.8149625735136
FD30_3_GTAATTCGTAGGCAGGATGA	0	FD30_3	Astronaut 3	FD30	FD	29.2785097222696
FD30_3_GTAGAGCTGCCAGTTGCAAC	7	FD30_3	Astronaut 3	FD30	FD	36.0582702169301
FD30_3_GTATCCAGAACAGTTGCGGT	8	FD30_3	Astronaut 3	FD30	FD	34.7528979532542
FD30_3_GTATCGTCTACGAAGGCCTT	9	FD30_3	Astronaut 3	FD30	FD	14.5263871458793
FD30_3_GTATCTGAGAGAGTCGCGGT	0	FD30_3	Astronaut 3	FD30	FD	37.5322375945538
FD30_3_GTCCGCTCCACGCTCGATGA	0	FD30_3	Astronaut 3	FD30	FD	25.9250234410203
FD30_3_GTCCGCTCCAGAGCTGATGA	8	FD30_3	Astronaut 3	FD30	FD	24.2084320858915
FD30_3_GTCTAATGCGGTAGAGGTCC	0	FD30_3	Astronaut 3	FD30	FD	29.2068164143856
FD30_3_GTCTAGCGGTGCAACGTCTA	4	FD30_3	Astronaut 3	FD30	FD	25.8141159247183
FD30_3_GTCTAGGTCCGAACCGTAAT	0	FD30_3	Astronaut 3	FD30	FD	27.484195712909
FD30_3_GTCTATGAGAGAGCTGGTCC	4	FD30_3	Astronaut 3	FD30	FD	14.6647202668191
FD30_3_GTTAGCTACGGAGTCGTAAT	2	FD30_3	Astronaut 3	FD30	FD	35.937786020907
FD30_3_TAAGGACCAGGCCTTGCGGT	0	FD30_3	Astronaut 3	FD30	FD	24.6768266242218
FD30_3_TAAGGCTCCAGCGAAGTAAT	0	FD30_3	Astronaut 3	FD30	FD	25.2351725227139
FD30_3_TAAGGGCTTGCTGGAGGCGT	8	FD30_3	Astronaut 3	FD30	FD	36.6773940082689
FD30_3_TAAGGTATGCCTTAAGATGA	3	FD30_3	Astronaut 3	FD30	FD	36.2523869152096
FD30_3_TACGTAACCGGTAGAGTCTA	0	FD30_3	Astronaut 3	FD30	FD	22.9647483328568
FD30_3_TACGTACTCGGCAACGGCGT	7	FD30_3	Astronaut 3	FD30	FD	37.3705336435625
FD30_3_TACGTCCATAGTAATGGCGT	1	FD30_3	Astronaut 3	FD30	FD	27.4949436192591
FD30_3_TACGTCGGCACTAGTGATGA	0	FD30_3	Astronaut 3	FD30	FD	37.5322378166641
FD30_3_TAGAGCGCAACAGTTGGTCC	1	FD30_3	Astronaut 3	FD30	FD	35.9377862430174
FD30_3_TAGAGGTAATCGGATGATGA	7	FD30_3	Astronaut 3	FD30	FD	37.2979412157163
FD30_3_TAGAGTTGAACCTAGGGCGT	4	FD30_3	Astronaut 3	FD30	FD	14.5263873679897
FD30_3_TAGGACGACCCGCAAGGTCC	6	FD30_3	Astronaut 3	FD30	FD	18.6572152247424
FD30_3_TAGGACGCTCGCTGCGATGA	5	FD30_3	Astronaut 3	FD30	FD	27.0598553990107
FD30_3_TAGGATAGAGGGTAAGTCTA	8	FD30_3	Astronaut 3	FD30	FD	24.7126898485246
FD30_3_TATGCTACGTCCGCTGCCTT	5	FD30_3	Astronaut 3	FD30	FD	35.9377864651278
FD30_3_TATGCTTAGCGCAGGGGAGC	1	FD30_3	Astronaut 3	FD30	FD	16.0015754277461
FD30_3_TATTGACCAGCTTAAGCTGC	0	FD30_3	Astronaut 3	FD30	FD	37.5322380387745
FD30_3_TATTGCGGATCGCTCGCTGC	7	FD30_3	Astronaut 3	FD30	FD	35.9377866872382
FD30_3_TATTGTTCGAGGTAAGCTTG	8	FD30_3	Astronaut 3	FD30	FD	37.5322382608849
FD30_3_TATTGTTGAAGGTAAGGCGT	0	FD30_3	Astronaut 3	FD30	FD	28.4335870705637
FD30_3_TCAGTAACTCCAGCGGATGA	1	FD30_3	Astronaut 3	FD30	FD	30.5590826605979
FD30_3_TCAGTAACTCGGCAGGATGA	9	FD30_3	Astronaut 3	FD30	FD	33.3249607355668
FD30_3_TCAGTTAAGGCCTCAGTAAT	0	FD30_3	Astronaut 3	FD30	FD	35.0232883370181
FD30_3_TCATCCAACTCCATAGTCTA	3	FD30_3	Astronaut 3	FD30	FD	37.5322384829953
FD30_3_TCATCGACTGCAGTTGCCTT	0	FD30_3	Astronaut 3	FD30	FD	26.2427086492949
FD30_3_TCATCGCTCTGCAGGGATGA	0	FD30_3	Astronaut 3	FD30	FD	37.0752349440973
FD30_3_TCATCTAGGAGAGTCGATGA	0	FD30_3	Astronaut 3	FD30	FD	22.6539266415085
FD30_3_TCCGGATCTGCTTAAGCTGC	7	FD30_3	Astronaut 3	FD30	FD	34.7548183014078
FD30_3_TCGCGTCATCCTGGAGCTGC	0	FD30_3	Astronaut 3	FD30	FD	26.8867598459418
FD30_3_TCGCGTGCTACAGTTGTAAT	1	FD30_3	Astronaut 3	FD30	FD	20.526663287971
FD30_3_TCGTACCTAGGCAGGGCTTG	0	FD30_3	Astronaut 3	FD30	FD	36.1893036209685
FD30_3_TCGTAGTCCGCAATCGGAGC	6	FD30_3	Astronaut 3	FD30	FD	24.6717274627398
FD30_3_TCGTATTCATATTGGGGAGC	7	FD30_3	Astronaut 3	FD30	FD	37.5322387051057
FD30_3_TCTACACTCGCCTCAGCTGC	8	FD30_3	Astronaut 3	FD30	FD	36.0308122854302
FD30_3_TCTACCTACGCAGTTGCCTT	0	FD30_3	Astronaut 3	FD30	FD	25.2194348693038
FD30_3_TCTACTCGTACGGCAGCAAC	8	FD30_3	Astronaut 3	FD30	FD	36.7907565460712
FD30_3_TGAGACGACCGCAACGTCTA	1	FD30_3	Astronaut 3	FD30	FD	36.0755530879898
FD30_3_TGAGATAGGAGCGAAGCCTT	2	FD30_3	Astronaut 3	FD30	FD	28.5589153790858
FD30_3_TGAGATGAGAGACTGGCTGC	1	FD30_3	Astronaut 3	FD30	FD	23.726860356005
FD30_3_TGCGCCCGCTGCAACGGCGT	7	FD30_3	Astronaut 3	FD30	FD	36.0534127679827
FD30_3_TGCTAAAGACGCTGCGATAT	6	FD30_3	Astronaut 3	FD30	FD	37.515593375724
FD30_3_TGCTACTCCACGCTCGCGGT	1	FD30_3	Astronaut 3	FD30	FD	20.6184023373997
FD30_3_TGGACACGATCTACGGCCTT	6	FD30_3	Astronaut 3	FD30	FD	24.4028763967354
FD30_3_TGGACATGCGGCTCTGTAAT	0	FD30_3	Astronaut 3	FD30	FD	34.3219794274105
FD30_3_TGGACCAGTTGGTAAGGCGT	0	FD30_3	Astronaut 3	FD30	FD	20.623539017621
FD30_3_TGGACCGCAACGATTGTAAT	0	FD30_3	Astronaut 3	FD30	FD	37.5322389272161
FD30_3_TGGACGCGGTCCTAGGCTGC	6	FD30_3	Astronaut 3	FD30	FD	36.1294872908756
FD30_3_TGGACGCTCTGCTTGGATGA	5	FD30_3	Astronaut 3	FD30	FD	37.5322391493265
FD30_3_TTAGCATCCTCAGTTGCTGC	7	FD30_3	Astronaut 3	FD30	FD	12.0833250881889
FD30_3_TTAGCCAGCGGTAATGCTTG	4	FD30_3	Astronaut 3	FD30	FD	37.2979414378267
FD30_3_TTAGCCCTAGCTGGAGGAGC	0	FD30_3	Astronaut 3	FD30	FD	37.5322393714369
FD30_3_TTAGCGTCCGCTTAAGCCTT	7	FD30_3	Astronaut 3	FD30	FD	18.6604975991206
FD30_3_TTATGACTCGGAGTCGTCTA	1	FD30_3	Astronaut 3	FD30	FD	26.890876676992
FD30_3_TTATGCCTAGGCTGCGCAAC	0	FD30_3	Astronaut 3	FD30	FD	31.4360845639207
FD30_3_TTATGCGCTCCGAAGGTCTA	7	FD30_3	Astronaut 3	FD30	FD	37.5322395935472
FD30_3_TTATGTTGAACTACGGTCTA	2	FD30_3	Astronaut 3	FD30	FD	19.8025468068681
FD30_3_TTCATTAGGACAGTTGATGA	3	FD30_3	Astronaut 3	FD30	FD	35.6053193080427
FD30_3_TTCATTCATCCTAGTGCTGC	1	FD30_3	Astronaut 3	FD30	FD	34.9021376155386
FD30_3_TTCGAAACTCATTGGGCGGT	0	FD30_3	Astronaut 3	FD30	FD	37.2979416599371
FD30_3_TTCGAAGCGGCGCCTGCAAC	1	FD30_3	Astronaut 3	FD30	FD	32.0579995205451
FD30_3_TTCGACAATCGTAGAGCGGT	0	FD30_3	Astronaut 3	FD30	FD	24.2292234213576
FD30_3_TTCGACCATAGGTAAGGAGC	7	FD30_3	Astronaut 3	FD30	FD	32.0483392392622
FD30_3_TTCGAGCAACCGTCGGCAAC	0	FD30_3	Astronaut 3	FD30	FD	34.5454574898007
FD30_3_TTCGATGCGCCAGTTGCGGT	4	FD30_3	Astronaut 3	FD30	FD	29.0381778822353
FD30_3_TTGAAACGATCGACCGCTGC	0	FD30_3	Astronaut 3	FD30	FD	36.0214886067664
FD30_3_TTGAACTACGCAATCGTAAT	1	FD30_3	Astronaut 3	FD30	FD	32.4506414874822
FD30_3_TTGAACTTAAGATGAGTCTA	0	FD30_3	Astronaut 3	FD30	FD	19.7201059190705
FD30_3_TTGAAGCGAACCATAGATAT	6	FD30_3	Astronaut 3	FD30	FD	22.6539268636189
FD30_3_TTGAAGGAGCCGCAAGGTCC	0	FD30_3	Astronaut 3	FD30	FD	27.7277313904176
FD30_3_TTGAAGTTAGGTAATGCTTG	0	FD30_3	Astronaut 3	FD30	FD	12.0833253102993
FD90_1_AACCGACCTAGAGTCGATAT	0	FD90_1	Astronaut 1	FD90	FD	18.660497821231
FD90_1_AACCGCAGTTCCATAGTCTA	1	FD90_1	Astronaut 1	FD90	FD	22.0242500931998
FD90_1_AACCGCTCCACTGGAGGCGT	0	FD90_1	Astronaut 1	FD90	FD	16.9626637929598
FD90_1_AACCGGTAGAGCTCTGGCGT	3	FD90_1	Astronaut 1	FD90	FD	9.0992168881142
FD90_1_AACCGGTCCGCAGAAGTCTA	9	FD90_1	Astronaut 1	FD90	FD	11.0133690997648
FD90_1_AACCGTAAGGGAGTCGCAAC	9	FD90_1	Astronaut 1	FD90	FD	14.5263875901001
FD90_1_AACGAACGATGAGCTGATGA	1	FD90_1	Astronaut 1	FD90	FD	14.5029934929045
FD90_1_AACGAACGATGAGCTGCTGC	5	FD90_1	Astronaut 1	FD90	FD	15.1508481144903
FD90_1_AACGACTACGGCAACGCAAC	1	FD90_1	Astronaut 1	FD90	FD	16.0874850406308
FD90_1_AACGATGGACGGAGCGCTTG	0	FD90_1	Astronaut 1	FD90	FD	14.5263878122105
FD90_1_AACTCACTTCGAGTCGCGGT	1	FD90_1	Astronaut 1	FD90	FD	8.03623170759547
FD90_1_AACTCATTACGCAGGGATGA	9	FD90_1	Astronaut 1	FD90	FD	14.9952956502873
FD90_1_AACTCATTCAGGCGTGGCGT	3	FD90_1	Astronaut 1	FD90	FD	8.60350669454178
FD90_1_AACTCATTGGGCAGGGCCTT	4	FD90_1	Astronaut 1	FD90	FD	11.5172597362194
FD90_1_AACTCCGTCGCAACTGATAT	3	FD90_1	Astronaut 1	FD90	FD	14.6647204889295
FD90_1_AACTCGGCGTGCGGTGGCGT	2	FD90_1	Astronaut 1	FD90	FD	19.1808253430687
FD90_1_AACTCTGCTACTACGGATGA	0	FD90_1	Astronaut 1	FD90	FD	9.1897854736745
FD90_1_AACTCTTCGAGTAATGCGGT	4	FD90_1	Astronaut 1	FD90	FD	14.2818631075273
FD90_1_AAGACAACGAGCAACGATAT	2	FD90_1	Astronaut 1	FD90	FD	21.537723625306
FD90_1_AAGACAAGACGATGAGCTGC	1	FD90_1	Astronaut 1	FD90	FD	14.6647207110399
FD90_1_AAGACATCCTCTTAAGGTCC	3	FD90_1	Astronaut 1	FD90	FD	9.44316453528087
FD90_1_AAGACATGGCGTATCGGTCC	6	FD90_1	Astronaut 1	FD90	FD	9.70894957211538
FD90_1_AAGACCAGCGCAGAAGGCGT	0	FD90_1	Astronaut 1	FD90	FD	12.7715108961021
FD90_1_AAGACGATATCAGTTGATAT	3	FD90_1	Astronaut 1	FD90	FD	10.8068196268484
FD90_1_AAGACGATATCAGTTGTAAT	0	FD90_1	Astronaut 1	FD90	FD	27.7290317819192
FD90_1_AAGACGATATGGTAAGGCGT	0	FD90_1	Astronaut 1	FD90	FD	16.0874852627412
FD90_1_AAGCAAGCGGGGAGCGTCTA	6	FD90_1	Astronaut 1	FD90	FD	8.54611374635699
FD90_1_AAGCACTAGTGGCAGGGAGC	1	FD90_1	Astronaut 1	FD90	FD	7.12320414595137
FD90_1_AAGCAGGAGCCTTAAGCAAC	3	FD90_1	Astronaut 1	FD90	FD	9.67034055204051
FD90_1_AAGCAGGTCCGCAGGGTCTA	4	FD90_1	Astronaut 1	FD90	FD	20.3869135748283
FD90_1_AAGGTAACGAGAGTCGGCGT	0	FD90_1	Astronaut 1	FD90	FD	14.5263880343209
FD90_1_AAGGTAGGTCATTCAGCAAC	2	FD90_1	Astronaut 1	FD90	FD	9.86891572238657
FD90_1_AAGGTCAATCCGCCTGATGA	0	FD90_1	Astronaut 1	FD90	FD	7.8117718612233
FD90_1_AAGGTCCATAGCTCTGCCTT	4	FD90_1	Astronaut 1	FD90	FD	18.5462918142191
FD90_1_AAGGTCTTAAGCGGTGCTGC	2	FD90_1	Astronaut 1	FD90	FD	34.9673148085605
FD90_1_AAGGTGCAACCTAACGGTCC	9	FD90_1	Astronaut 1	FD90	FD	6.85592740995249
FD90_1_AAGGTTCAGTCGGCAGTAAT	5	FD90_1	Astronaut 1	FD90	FD	24.6378543243633
FD90_1_AAGGTTGGACCGTCGGCCTT	0	FD90_1	Astronaut 1	FD90	FD	17.2353180056187
FD90_1_AAGGTTTGAAGCCTTGCAAC	1	FD90_1	Astronaut 1	FD90	FD	19.7009743961165
FD90_1_ACCAGAGTTGGGTCCGCCTT	8	FD90_1	Astronaut 1	FD90	FD	7.12320436806176
FD90_1_ACCAGCAGCGCAGTTGTAAT	0	FD90_1	Astronaut 1	FD90	FD	15.1144892324223
FD90_1_ACCAGCCTCAGCCTTGCTGC	6	FD90_1	Astronaut 1	FD90	FD	10.6626268488628
FD90_1_ACCAGCCTCAGCCTTGCTTG	3	FD90_1	Astronaut 1	FD90	FD	8.53100313575705
FD90_1_ACCAGCGGCACTTAAGTAAT	1	FD90_1	Astronaut 1	FD90	FD	14.9379444586597
FD90_1_ACCAGCTAGTCGACCGCAAC	3	FD90_1	Astronaut 1	FD90	FD	7.11055851617873
FD90_1_ACCAGTGCTACGATTGCTTG	0	FD90_1	Astronaut 1	FD90	FD	14.5263882564313
FD90_1_ACCTAAAGCACTAGTGGCGT	0	FD90_1	Astronaut 1	FD90	FD	12.7715111182125
FD90_1_ACCTAACCTAATTCAGCAAC	9	FD90_1	Astronaut 1	FD90	FD	12.9505017703527
FD90_1_ACCTAACTCGGCAGGGGAGC	2	FD90_1	Astronaut 1	FD90	FD	8.79127922014617
FD90_1_ACCTAGCGGTCTACGGTCTA	0	FD90_1	Astronaut 1	FD90	FD	11.1165662038003
FD90_1_ACCTAGCTGCGAACCGGCGT	3	FD90_1	Astronaut 1	FD90	FD	10.790731267552
FD90_1_ACCTATACGTCTAGTGGAGC	0	FD90_1	Astronaut 1	FD90	FD	18.5504171909395
FD90_1_ACCTATCGCGCTTAAGGTCC	3	FD90_1	Astronaut 1	FD90	FD	9.09921711022458
FD90_1_ACCTATGCGCGCCTTGCGGT	5	FD90_1	Astronaut 1	FD90	FD	9.97882773181673
FD90_1_ACGATACCTACTAACGATAT	7	FD90_1	Astronaut 1	FD90	FD	11.0133693218752
FD90_1_ACGATAGAACGGCAGGTAAT	9	FD90_1	Astronaut 1	FD90	FD	13.9220905308147
FD90_1_ACGATATCCTCGAAGGATAT	4	FD90_1	Astronaut 1	FD90	FD	11.3784850540465
FD90_1_ACGATATCCTCGAAGGGCGT	0	FD90_1	Astronaut 1	FD90	FD	11.3501485258877
FD90_1_ACGATGATGACGAAGGATGA	1	FD90_1	Astronaut 1	FD90	FD	14.9977917697543
FD90_1_ACTAAAAGACCCTAGGTCTA	6	FD90_1	Astronaut 1	FD90	FD	16.7877724772807
FD90_1_ACTAAACTTCCAGAAGCTTG	0	FD90_1	Astronaut 1	FD90	FD	8.84134779187155
FD90_1_ACTAAGATATCGGCAGGCGT	0	FD90_1	Astronaut 1	FD90	FD	14.4480882749912
FD90_1_ACTAAGCCTTCGGATGCCTT	1	FD90_1	Astronaut 1	FD90	FD	12.59745324585
FD90_1_ACTCGAACCGCCTCAGATGA	1	FD90_1	Astronaut 1	FD90	FD	17.2353182277291
FD90_1_ACTCGACGATGCAACGTCTA	0	FD90_1	Astronaut 1	FD90	FD	18.7117102606487
FD90_1_ACTCGATTCACAGTTGGCGT	0	FD90_1	Astronaut 1	FD90	FD	8.60333076424218
FD90_1_ACTCGTACGTCCATAGCAAC	2	FD90_1	Astronaut 1	FD90	FD	11.3501487479981
FD90_1_ACTCGTACGTCGAAGGCTTG	3	FD90_1	Astronaut 1	FD90	FD	15.3586087850402
FD90_1_ACTTCACGATCGACCGGAGC	3	FD90_1	Astronaut 1	FD90	FD	14.4218148436505
FD90_1_ACTTCAGAACGGTCCGCTGC	5	FD90_1	Astronaut 1	FD90	FD	10.8145991256171
FD90_1_ACTTCCAGAACGTCGGCAAC	8	FD90_1	Astronaut 1	FD90	FD	17.4504537686711
FD90_1_ACTTCCAGCGCCTAGGGTCC	3	FD90_1	Astronaut 1	FD90	FD	7.22573189464367
FD90_1_ACTTCCAGCGGTAGAGGCGT	5	FD90_1	Astronaut 1	FD90	FD	18.6604980433414
FD90_1_ACTTCCGCAAGAGCTGCAAC	0	FD90_1	Astronaut 1	FD90	FD	11.3501489701085
FD90_1_ACTTCCTTAACCTAGGCCTT	1	FD90_1	Astronaut 1	FD90	FD	24.7303070599629
FD90_1_ACTTCGGCGTATTGGGCTGC	6	FD90_1	Astronaut 1	FD90	FD	14.4753194162878
FD90_1_ACTTCTAGGAGGTCCGCTGC	0	FD90_1	Astronaut 1	FD90	FD	14.6647209331503
FD90_1_ACTTCTATCTGAACCGTAAT	2	FD90_1	Astronaut 1	FD90	FD	11.0133695439855
FD90_1_AGAACACTCGCGATTGATGA	0	FD90_1	Astronaut 1	FD90	FD	13.0731269852955
FD90_1_AGAACAGTTGCGACCGATGA	0	FD90_1	Astronaut 1	FD90	FD	18.6604982654518
FD90_1_AGAACATCTGGGCGTGCTGC	6	FD90_1	Astronaut 1	FD90	FD	18.8112984440205
FD90_1_AGAACTATCTCCTAGGTCTA	1	FD90_1	Astronaut 1	FD90	FD	21.6303899538675
FD90_1_AGAACTCGCGCAACTGCTTG	2	FD90_1	Astronaut 1	FD90	FD	5.87322750434303
FD90_1_AGAGTAGGTCCTGGAGCAAC	2	FD90_1	Astronaut 1	FD90	FD	15.2293673673516
FD90_1_AGAGTATTGGGACTGGATAT	0	FD90_1	Astronaut 1	FD90	FD	17.4504539907815
FD90_1_AGAGTCAGCGCCTAGGTCTA	3	FD90_1	Astronaut 1	FD90	FD	19.7201061411809
FD90_1_AGAGTTCATCCGTCGGATAT	7	FD90_1	Astronaut 1	FD90	FD	7.61876929943386
FD90_1_AGAGTTGCGCATTGGGGTCC	5	FD90_1	Astronaut 1	FD90	FD	10.6626270709732
FD90_1_AGCGGAGGTCGGCAGGGCGT	0	FD90_1	Astronaut 1	FD90	FD	12.7715113403229
FD90_1_AGCGGATGCGCGCCTGATGA	1	FD90_1	Astronaut 1	FD90	FD	11.3501491922188
FD90_1_AGCGGGTAGACTCCAGGCGT	6	FD90_1	Astronaut 1	FD90	FD	17.4504542128919
FD90_1_AGGCTACTCGCCTAGGCGGT	3	FD90_1	Astronaut 1	FD90	FD	14.6647211552606
FD90_1_AGGCTAGAACGCGGTGCAAC	2	FD90_1	Astronaut 1	FD90	FD	14.664721377371
FD90_1_AGGCTATCTGCAATCGATGA	0	FD90_1	Astronaut 1	FD90	FD	17.4504544350023
FD90_1_AGGCTCGTCGGGTAAGGCGT	5	FD90_1	Astronaut 1	FD90	FD	14.9760844503238
FD90_1_AGGCTGCTCTCGAAGGCAAC	2	FD90_1	Astronaut 1	FD90	FD	19.4970813059477
FD90_1_AGGCTGGTCCCAGCGGTAAT	2	FD90_1	Astronaut 1	FD90	FD	24.3954226459484
FD90_1_AGGCTTATCTATTGGGCTTG	4	FD90_1	Astronaut 1	FD90	FD	10.7797345063314
FD90_1_AGGCTTATTGCGAAGGGCGT	5	FD90_1	Astronaut 1	FD90	FD	10.8333265196135
FD90_1_AGGTCACTCGGAGTCGGCGT	6	FD90_1	Astronaut 1	FD90	FD	20.6197618864294
FD90_1_AGGTCAGGTCATTGGGCTTG	2	FD90_1	Astronaut 1	FD90	FD	4.92876454002754
FD90_1_AGGTCATCCTCCATAGCCTT	5	FD90_1	Astronaut 1	FD90	FD	7.39679453203511
FD90_1_AGGTCATCTGGCTCTGCTTG	0	FD90_1	Astronaut 1	FD90	FD	19.8977347248515
FD90_1_AGGTCCGCCTGCAGGGATAT	9	FD90_1	Astronaut 1	FD90	FD	9.43624412157634
FD90_1_AGGTCCGGCACTAGTGGAGC	6	FD90_1	Astronaut 1	FD90	FD	14.2982627582418
FD90_1_AGGTCGAGCTATTCAGCCTT	0	FD90_1	Astronaut 1	FD90	FD	8.69986785167351
FD90_1_AGGTCGTATCCAGTTGTCTA	2	FD90_1	Astronaut 1	FD90	FD	14.1952211360111
FD90_1_AGGTCTAGGACGAAGGCAAC	2	FD90_1	Astronaut 1	FD90	FD	15.1508483366007
FD90_1_AGGTCTAGGAGTAATGATAT	1	FD90_1	Astronaut 1	FD90	FD	10.0148657600823
FD90_1_AGGTCTAGGAGTAATGGCGT	4	FD90_1	Astronaut 1	FD90	FD	37.5322398156576
FD90_1_AGGTCTTCGAGAACCGATGA	1	FD90_1	Astronaut 1	FD90	FD	12.1572492184373
FD90_1_AGTTGAACCGCGCTCGATGA	1	FD90_1	Astronaut 1	FD90	FD	10.8167440323401
FD90_1_AGTTGACCTACAGCGGCTTG	1	FD90_1	Astronaut 1	FD90	FD	12.7760790057881
FD90_1_AGTTGACTTCGCTCTGGCGT	6	FD90_1	Astronaut 1	FD90	FD	7.67996586954628
FD90_1_ATCCTTTAGCCAATCGGAGC	0	FD90_1	Astronaut 1	FD90	FD	7.12320459017215
FD90_1_ATCTGCGACCGCCTTGATGA	1	FD90_1	Astronaut 1	FD90	FD	8.76512483542024
FD90_1_ATCTGGGCGTGCTGCGGCGT	3	FD90_1	Astronaut 1	FD90	FD	11.614088561689
FD90_1_ATGCGAACCGCAGCGGATAT	3	FD90_1	Astronaut 1	FD90	FD	13.4348576713708
FD90_1_ATGCGAGCGGCAGAAGCAAC	9	FD90_1	Astronaut 1	FD90	FD	6.85482470993323
FD90_1_ATGCGAGTTGCCGCTGGAGC	1	FD90_1	Astronaut 1	FD90	FD	13.051129048661
FD90_1_ATGCGCCTCACAGTTGCCTT	0	FD90_1	Astronaut 1	FD90	FD	16.2650105649741
FD90_1_ATGGCACTAACGACCGGAGC	3	FD90_1	Astronaut 1	FD90	FD	14.6647215994814
FD90_1_ATGGCAGGTCGAGTCGATAT	1	FD90_1	Astronaut 1	FD90	FD	21.1469047163238
FD90_1_ATGGCAGTTGCGTCGGCAAC	2	FD90_1	Astronaut 1	FD90	FD	14.5648500121479
FD90_1_ATGGCGCTGCGAGTCGCCTT	2	FD90_1	Astronaut 1	FD90	FD	8.11501755151859
FD90_1_ATGGCTCTACGATATGCAAC	8	FD90_1	Astronaut 1	FD90	FD	19.7201063632912
FD90_1_ATTACCCTCAGGTAAGGCGT	3	FD90_1	Astronaut 1	FD90	FD	7.81980735020856
FD90_1_ATTACGAGCTCAGCGGCTTG	0	FD90_1	Astronaut 1	FD90	FD	12.4841464471372
FD90_1_ATTACTGGACGGAGCGTCTA	6	FD90_1	Astronaut 1	FD90	FD	19.8977349469619
FD90_1_ATTACTTCATGCCTTGCTGC	0	FD90_1	Astronaut 1	FD90	FD	8.57827114474131
FD90_1_ATTCAACTCGCGATTGTCTA	5	FD90_1	Astronaut 1	FD90	FD	20.633486712477
FD90_1_ATTCACTAGTATTGGGGCGT	6	FD90_1	Astronaut 1	FD90	FD	14.9317554318782
FD90_1_ATTCACTCCACAACTGTAAT	1	FD90_1	Astronaut 1	FD90	FD	8.53100335786744
FD90_1_ATTCACTTAAGGAGCGATAT	0	FD90_1	Astronaut 1	FD90	FD	8.56914524450899
FD90_1_ATTCAGCCTTCAGAAGCAAC	1	FD90_1	Astronaut 1	FD90	FD	10.7859598150163
FD90_1_ATTCAGCGGTGAGCTGCGGT	3	FD90_1	Astronaut 1	FD90	FD	10.2677106800918
FD90_1_ATTCATATTGCCTAGGATGA	0	FD90_1	Astronaut 1	FD90	FD	11.15005239332
FD90_1_ATTGGAACTCGGCGTGCAAC	9	FD90_1	Astronaut 1	FD90	FD	10.6626272930836
FD90_1_ATTGGCCATAGGAGCGGCGT	6	FD90_1	Astronaut 1	FD90	FD	22.9085003391113
FD90_1_ATTGGCTACGCAGCGGGCGT	0	FD90_1	Astronaut 1	FD90	FD	14.9952958723977
FD90_1_ATTGGGCCTTCTCCAGCGGT	8	FD90_1	Astronaut 1	FD90	FD	7.12320481228253
FD90_1_ATTGGGCTCTCAATCGGCGT	5	FD90_1	Astronaut 1	FD90	FD	14.9217578727184
FD90_1_ATTGGGCTCTCAATCGTCTA	3	FD90_1	Astronaut 1	FD90	FD	11.0692752034837
FD90_1_ATTGGGGCGTGTAGAGCTTG	6	FD90_1	Astronaut 1	FD90	FD	7.1471036847235
FD90_1_ATTGGTCGTACTACGGGCGT	6	FD90_1	Astronaut 1	FD90	FD	11.0929120056037
FD90_1_CAACTAAGGTCGATTGCTTG	5	FD90_1	Astronaut 1	FD90	FD	16.0874854848516
FD90_1_CAACTACCTAGTAGAGGCGT	0	FD90_1	Astronaut 1	FD90	FD	17.2353184498395
FD90_1_CAACTAGTTGGGTAAGTAAT	0	FD90_1	Astronaut 1	FD90	FD	16.7877726993911
FD90_1_CAACTAGTTGGGTAAGTCTA	6	FD90_1	Astronaut 1	FD90	FD	3.78285315951958
FD90_1_CAACTCAATCCTAACGGTCC	0	FD90_1	Astronaut 1	FD90	FD	7.81177208333368
FD90_1_CAACTGATATCTTAAGGAGC	6	FD90_1	Astronaut 1	FD90	FD	17.4504546571127
FD90_1_CAACTGCTCTGGCAGGTCTA	6	FD90_1	Astronaut 1	FD90	FD	7.64427632051861
FD90_1_CAACTTTCATGAGTCGGCGT	6	FD90_1	Astronaut 1	FD90	FD	7.12320503439292
FD90_1_CAATCACCAGCGATTGGAGC	0	FD90_1	Astronaut 1	FD90	FD	12.3925760393418
FD90_1_CAATCACGATCAGTTGCTTG	6	FD90_1	Astronaut 1	FD90	FD	13.5348745651223
FD90_1_CAATCCAGCGCCATAGCCTT	0	FD90_1	Astronaut 1	FD90	FD	11.0816406626221
FD90_1_CAATCCGGATGGTCCGATGA	2	FD90_1	Astronaut 1	FD90	FD	12.7715115624332
FD90_1_CAATCGCCTTGCCTTGCTTG	1	FD90_1	Astronaut 1	FD90	FD	10.7813677006262
FD90_1_CAATCGGCGTCGACCGCGGT	3	FD90_1	Astronaut 1	FD90	FD	11.0133697660959
FD90_1_CAATCTTCGAGATATGGTCC	7	FD90_1	Astronaut 1	FD90	FD	11.0587045278908
FD90_1_CAGAAAAGGTGAACCGCGGT	6	FD90_1	Astronaut 1	FD90	FD	8.53100357997782
FD90_1_CAGAAACTAACTTAAGCTTG	2	FD90_1	Astronaut 1	FD90	FD	19.7201065854016
FD90_1_CAGAAACTCGCAGTTGATAT	0	FD90_1	Astronaut 1	FD90	FD	13.1120382970381
FD90_1_CAGAAAGCGGGTAATGGCGT	0	FD90_1	Astronaut 1	FD90	FD	16.1564508534638
FD90_1_CAGAAAGGCTGAGCTGGCGT	1	FD90_1	Astronaut 1	FD90	FD	10.0038195047395
FD90_1_CAGAACGATTGAGCTGCTGC	1	FD90_1	Astronaut 1	FD90	FD	7.11055873828911
FD90_1_CAGAACGGCAGAGCTGCCTT	0	FD90_1	Astronaut 1	FD90	FD	19.720106807512
FD90_1_CAGAACTAACCCTCAGTCTA	0	FD90_1	Astronaut 1	FD90	FD	11.3501494143292
FD90_1_CAGAAGAGCTCTCCAGCTGC	2	FD90_1	Astronaut 1	FD90	FD	12.4529627507931
FD90_1_CAGAAGCTGCCTCCAGGTCC	0	FD90_1	Astronaut 1	FD90	FD	11.7233142056727
FD90_1_CAGAAGGCGTCGATTGCGGT	1	FD90_1	Astronaut 1	FD90	FD	12.575162821164
FD90_1_CAGAATCAGTGAACCGATGA	1	FD90_1	Astronaut 1	FD90	FD	8.53100380208821
FD90_1_CAGAATCTACGTAGAGGAGC	1	FD90_1	Astronaut 1	FD90	FD	9.98043001922336
FD90_1_CAGCGAGCGGGAACCGGTCC	8	FD90_1	Astronaut 1	FD90	FD	9.81662143939662
FD90_1_CAGCGAGTTGGATGAGCAAC	6	FD90_1	Astronaut 1	FD90	FD	12.7736322477125
FD90_1_CAGCGATTACGGAGCGGTCC	3	FD90_1	Astronaut 1	FD90	FD	12.772856907753
FD90_1_CAGCGCGCCTGCCTTGGAGC	1	FD90_1	Astronaut 1	FD90	FD	16.087485706962
FD90_1_CAGCGCGCTCGCGAAGCCTT	0	FD90_1	Astronaut 1	FD90	FD	9.91241006100929
FD90_1_CAGCGGAACCGATGAGATGA	1	FD90_1	Astronaut 1	FD90	FD	37.532240037768
FD90_1_CAGCGGGAGCATTCAGCGGT	1	FD90_1	Astronaut 1	FD90	FD	12.093517089772
FD90_1_CAGTTACCTACCGCTGATGA	3	FD90_1	Astronaut 1	FD90	FD	8.09756747418768
FD90_1_CAGTTATCCTGCTCTGGCGT	0	FD90_1	Astronaut 1	FD90	FD	9.26365846026701
FD90_1_CAGTTATTGGCGGCAGGAGC	0	FD90_1	Astronaut 1	FD90	FD	8.61742570686258
FD90_1_CAGTTCGAAGGCCTTGATAT	4	FD90_1	Astronaut 1	FD90	FD	7.32026211244341
FD90_1_CAGTTCGAAGGCCTTGATGA	3	FD90_1	Astronaut 1	FD90	FD	12.190068673073
FD90_1_CAGTTCGACCCCGCTGGCGT	1	FD90_1	Astronaut 1	FD90	FD	10.6626275151939
FD90_1_CAGTTCGATTGCAGGGGCGT	5	FD90_1	Astronaut 1	FD90	FD	10.6626277373043
FD90_1_CAGTTCTCCACTCCAGTAAT	5	FD90_1	Astronaut 1	FD90	FD	10.0213397344739
FD90_1_CAGTTGCTCTGAGCTGCGGT	0	FD90_1	Astronaut 1	FD90	FD	9.94328111172702
FD90_1_CAGTTGGAGCCGACCGATAT	5	FD90_1	Astronaut 1	FD90	FD	9.09921733233497
FD90_1_CAGTTGGAGCGACTGGCTTG	6	FD90_1	Astronaut 1	FD90	FD	20.6300859712195
FD90_1_CAGTTGTCCGCTTAAGCCTT	2	FD90_1	Astronaut 1	FD90	FD	11.0133699882063
FD90_1_CAGTTTCAGTCAATCGCGGT	5	FD90_1	Astronaut 1	FD90	FD	9.918009434141
FD90_1_CAGTTTCGTACAGAAGATGA	0	FD90_1	Astronaut 1	FD90	FD	9.79987800312587
FD90_1_CCATAATGCGGCGAAGCAAC	3	FD90_1	Astronaut 1	FD90	FD	11.0533834613071
FD90_1_CCATACGTCGGCAACGCAAC	4	FD90_1	Astronaut 1	FD90	FD	18.6604984875621
FD90_1_CCATACTAGTGAGTCGTCTA	2	FD90_1	Astronaut 1	FD90	FD	6.83803982708451
FD90_1_CCATAGACTGATTGGGCTTG	3	FD90_1	Astronaut 1	FD90	FD	12.3860171178027
FD90_1_CCATAGGCAGGCGAAGGCGT	1	FD90_1	Astronaut 1	FD90	FD	16.698914970481
FD90_1_CCATAGTCTACAATCGGAGC	4	FD90_1	Astronaut 1	FD90	FD	21.1085251655568
FD90_1_CCATATAGAGGATGAGCAAC	1	FD90_1	Astronaut 1	FD90	FD	17.1749510375374
FD90_1_CCATATAGGACAATCGCCTT	1	FD90_1	Astronaut 1	FD90	FD	19.4892535552954
FD90_1_CCATATTCATCAGCGGCTGC	3	FD90_1	Astronaut 1	FD90	FD	13.8351336173206
FD90_1_CCGCTATCTGGCTTGGGCGT	8	FD90_1	Astronaut 1	FD90	FD	8.05816209970393
FD90_1_CCGCTGCGGTGCAGGGCGGT	8	FD90_1	Astronaut 1	FD90	FD	6.85482493204362
FD90_1_CCGCTTACGTGCAGGGCAAC	2	FD90_1	Astronaut 1	FD90	FD	14.9353499736942
FD90_1_CCTAGACTCGCGATTGATAT	0	FD90_1	Astronaut 1	FD90	FD	7.86551727019587
FD90_1_CCTAGGCTTGGAGCTGCTGC	2	FD90_1	Astronaut 1	FD90	FD	7.1105589603995
FD90_1_CCTAGGTTAGGATGAGCGGT	1	FD90_1	Astronaut 1	FD90	FD	24.4145267231601
FD90_1_CCTAGGTTAGGATGAGGTCC	0	FD90_1	Astronaut 1	FD90	FD	24.746711623067
FD90_1_CCTAGTCATCATTGGGGCGT	3	FD90_1	Astronaut 1	FD90	FD	13.0456622149746
FD90_1_CCTAGTCGCGATTGGGGTCC	6	FD90_1	Astronaut 1	FD90	FD	12.7715117845436
FD90_1_CCTCAACCTAGGTAAGCAAC	2	FD90_1	Astronaut 1	FD90	FD	7.16707120409118
FD90_1_CCTCAAGTTGATTCAGCCTT	0	FD90_1	Astronaut 1	FD90	FD	12.771512006654
FD90_1_CCTCAATTGGGGAGCGCTTG	2	FD90_1	Astronaut 1	FD90	FD	37.5322402598784
FD90_1_CCTCAGTCCGGTAATGCCTT	9	FD90_1	Astronaut 1	FD90	FD	12.4834540891713
FD90_1_CCTCATAGAGCAGTTGCAAC	5	FD90_1	Astronaut 1	FD90	FD	17.9840582991586
FD90_1_CCTCATCATCGGAGCGCCTT	0	FD90_1	Astronaut 1	FD90	FD	11.6669091757552
FD90_1_CGAAGATGGCATTCAGCCTT	6	FD90_1	Astronaut 1	FD90	FD	12.4390943152015
FD90_1_CGAAGCAACTATTGGGATAT	1	FD90_1	Astronaut 1	FD90	FD	17.2353186719499
FD90_1_CGAAGCGAAGCTTAAGGCGT	0	FD90_1	Astronaut 1	FD90	FD	7.61876952154425
FD90_1_CGAAGCTACGATTCAGATAT	0	FD90_1	Astronaut 1	FD90	FD	25.689595282811
FD90_1_CGAAGCTTAAGGCAGGTCTA	6	FD90_1	Astronaut 1	FD90	FD	11.6769251317562
FD90_1_CGAAGTTCATGGTCCGCTGC	5	FD90_1	Astronaut 1	FD90	FD	15.410513457428
FD90_1_CGACCACCAGGCTTGGTCTA	2	FD90_1	Astronaut 1	FD90	FD	7.23518754700579
FD90_1_CGACCACCTACGCCTGTAAT	6	FD90_1	Astronaut 1	FD90	FD	12.5923132942844
FD90_1_CGACCACTAAGCGAAGATGA	1	FD90_1	Astronaut 1	FD90	FD	15.2525725297846
FD90_1_CGACCCTACGGTAATGCCTT	1	FD90_1	Astronaut 1	FD90	FD	14.4796396612942
FD90_1_CGACCCTTAACCTCAGATGA	5	FD90_1	Astronaut 1	FD90	FD	15.7201583053667
FD90_1_CGACCGCAACCGGATGCAAC	5	FD90_1	Astronaut 1	FD90	FD	8.6989350807432
FD90_1_CGACCGTTAGCAACTGCGGT	7	FD90_1	Astronaut 1	FD90	FD	7.21836334755418
FD90_1_CGACCTACGTCAGAAGGCGT	0	FD90_1	Astronaut 1	FD90	FD	8.07486185111174
FD90_1_CGACCTCTACCGCCTGCTTG	3	FD90_1	Astronaut 1	FD90	FD	5.99853938496567
FD90_1_CGATTACGATGATATGTCTA	6	FD90_1	Astronaut 1	FD90	FD	17.450454879223
FD90_1_CGATTCGCCTCAGAAGCGGT	4	FD90_1	Astronaut 1	FD90	FD	8.58715295210852
FD90_1_CGATTGGTAAGCAGGGCCTT	0	FD90_1	Astronaut 1	FD90	FD	14.6647218215918
FD90_1_CGATTGGTAAGCAGGGGCGT	0	FD90_1	Astronaut 1	FD90	FD	14.43228567148
FD90_1_CGCAAACCTACAGCGGATAT	1	FD90_1	Astronaut 1	FD90	FD	12.7715122287644
FD90_1_CGCAAACTAAGAACCGTCTA	0	FD90_1	Astronaut 1	FD90	FD	23.7135130693214
FD90_1_CGCAAATCCTGGCAGGGAGC	0	FD90_1	Astronaut 1	FD90	FD	24.6778246128676
FD90_1_CGCCTACCTACAGTTGCTGC	1	FD90_1	Astronaut 1	FD90	FD	12.7760940195569
FD90_1_CGCCTACGATCTAACGTCTA	0	FD90_1	Astronaut 1	FD90	FD	23.3438782425215
FD90_1_CGCCTACTAACTGGAGCAAC	9	FD90_1	Astronaut 1	FD90	FD	17.2353188940603
FD90_1_CGCCTCAGAACTGGAGTCTA	6	FD90_1	Astronaut 1	FD90	FD	7.81177230544407
FD90_1_CGCCTCAGCGGTAATGATAT	0	FD90_1	Astronaut 1	FD90	FD	26.2473882658157
FD90_1_CGCCTGCGAACGTCGGATAT	3	FD90_1	Astronaut 1	FD90	FD	14.2641872689861
FD90_1_CGCCTTTCGACGGATGTCTA	6	FD90_1	Astronaut 1	FD90	FD	7.81177252755445
FD90_1_CGCTCCCTCACAGCGGCAAC	5	FD90_1	Astronaut 1	FD90	FD	12.7761421535571
FD90_1_CGCTCGGAGCCAGTTGCTGC	1	FD90_1	Astronaut 1	FD90	FD	7.16052320924883
FD90_1_CGCTCGTAATCGAAGGATGA	2	FD90_1	Astronaut 1	FD90	FD	5.64190663986354
FD90_1_CGCTCGTAGAGATGAGCGGT	1	FD90_1	Astronaut 1	FD90	FD	10.7974677440389
FD90_1_CGCTCTACGTGAGTCGCAAC	0	FD90_1	Astronaut 1	FD90	FD	7.26754146743266
FD90_1_CGGATAACGAGCAGGGCCTT	1	FD90_1	Astronaut 1	FD90	FD	12.7715124508748
FD90_1_CGGATGTTAGGCGGTGCAAC	2	FD90_1	Astronaut 1	FD90	FD	9.43624434368673
FD90_1_CGGATTATCTGCTCTGCTGC	2	FD90_1	Astronaut 1	FD90	FD	11.1250320653313
FD90_1_CGGCACCTCACTAGTGCTTG	1	FD90_1	Astronaut 1	FD90	FD	15.1263615371406
FD90_1_CGGCACTAGTCTGGAGATGA	1	FD90_1	Astronaut 1	FD90	FD	15.1508485587111
FD90_1_CGGCAGAGTCGAGCTGCAAC	2	FD90_1	Astronaut 1	FD90	FD	11.0610527915851
FD90_1_CGGCAGCAGGCAGTTGGCGT	5	FD90_1	Astronaut 1	FD90	FD	13.0742091985453
FD90_1_CGGCAGGCAGCGGATGCGGT	1	FD90_1	Astronaut 1	FD90	FD	18.7086718672017
FD90_1_CGGCAGTAGAGTAATGCTGC	1	FD90_1	Astronaut 1	FD90	FD	9.94088964001698
FD90_1_CGGCATATTGCGCTCGTCTA	4	FD90_1	Astronaut 1	FD90	FD	7.61876974365463
FD90_1_CGGCATCTACCGACCGCTGC	1	FD90_1	Astronaut 1	FD90	FD	11.7193464928633
FD90_1_CTAACAGGTCGGTCCGATGA	5	FD90_1	Astronaut 1	FD90	FD	15.4050775570967
FD90_1_CTAACGGCGTGAACCGCTTG	2	FD90_1	Astronaut 1	FD90	FD	9.71395273090329
FD90_1_CTAACTATGCCAACTGGAGC	6	FD90_1	Astronaut 1	FD90	FD	19.4969253155938
FD90_1_CTAACTCGCGGACTGGATGA	2	FD90_1	Astronaut 1	FD90	FD	11.3501496364396
FD90_1_CTAACTTGAACTAACGCAAC	7	FD90_1	Astronaut 1	FD90	FD	6.29541824279779
FD90_1_CTACGAACCGCAGCGGCAAC	9	FD90_1	Astronaut 1	FD90	FD	8.62334185452582
FD90_1_CTACGACCTACGGATGGCGT	0	FD90_1	Astronaut 1	FD90	FD	21.5792578877652
FD90_1_CTACGACCTAGGCGTGCCTT	9	FD90_1	Astronaut 1	FD90	FD	9.35501643810655
FD90_1_CTACGAGAACCGGCAGTCTA	0	FD90_1	Astronaut 1	FD90	FD	19.8977351690723
FD90_1_CTACGCAGCGGTAATGATAT	4	FD90_1	Astronaut 1	FD90	FD	12.7734087688044
FD90_1_CTACGCCATACGCCTGGCGT	0	FD90_1	Astronaut 1	FD90	FD	17.4504551013334
FD90_1_CTACGCCATACGCCTGTCTA	2	FD90_1	Astronaut 1	FD90	FD	21.0020748230533
FD90_1_CTACGGTAATCAGTTGATGA	0	FD90_1	Astronaut 1	FD90	FD	8.78427456941965
FD90_1_CTACGTAGAGGTAATGGCGT	0	FD90_1	Astronaut 1	FD90	FD	14.5263884785416
FD90_1_CTACGTTAGCGATGAGCTGC	5	FD90_1	Astronaut 1	FD90	FD	6.89162565725554
FD90_1_CTAGTAACTCCGACCGTAAT	2	FD90_1	Astronaut 1	FD90	FD	26.1433332773189
FD90_1_CTAGTAAGGTGAGTCGATGA	0	FD90_1	Astronaut 1	FD90	FD	7.31023264053318
FD90_1_CTAGTACGATCTACGGCTTG	4	FD90_1	Astronaut 1	FD90	FD	18.6305275558109
FD90_1_CTAGTACTTCCCTCAGATGA	2	FD90_1	Astronaut 1	FD90	FD	14.47546111016
FD90_1_CTAGTATCTGCCATAGATGA	1	FD90_1	Astronaut 1	FD90	FD	14.4645380259358
FD90_1_CTAGTCAGAACCATAGGTCC	6	FD90_1	Astronaut 1	FD90	FD	19.4009454307956
FD90_1_CTAGTGATATCGACCGCTTG	1	FD90_1	Astronaut 1	FD90	FD	12.7715561372993
FD90_1_CTAGTGGAGCCTGGAGCTTG	5	FD90_1	Astronaut 1	FD90	FD	18.6604987096725
FD90_1_CTAGTGGCGTGCAACGATGA	9	FD90_1	Astronaut 1	FD90	FD	7.21602866153025
FD90_1_CTCCAATCCTCTTAAGTAAT	2	FD90_1	Astronaut 1	FD90	FD	27.4797799157076
FD90_1_CTCCACGGCAGATGAGCCTT	0	FD90_1	Astronaut 1	FD90	FD	12.1907809898651
FD90_1_CTCCACTTAACAGAAGCTTG	0	FD90_1	Astronaut 1	FD90	FD	9.2564781614074
FD90_1_CTCCATTATGGGCAGGATAT	0	FD90_1	Astronaut 1	FD90	FD	24.7296936788036
FD90_1_CTGGAAACCGGATATGTAAT	1	FD90_1	Astronaut 1	FD90	FD	21.5377238474164
FD90_1_CTGGAAACGAGTAGAGTAAT	0	FD90_1	Astronaut 1	FD90	FD	21.5377240695268
FD90_1_CTGGAAGTTGGGTAAGCAAC	1	FD90_1	Astronaut 1	FD90	FD	15.2005722602045
FD90_1_CTGGACGAAGGTATCGGCGT	8	FD90_1	Astronaut 1	FD90	FD	12.2137822295098
FD90_1_CTGGACTCCACGTCGGCTTG	0	FD90_1	Astronaut 1	FD90	FD	8.74110032096348
FD90_1_CTGGACTTAACCTCAGATGA	3	FD90_1	Astronaut 1	FD90	FD	11.7442019310768
FD90_1_CTTAAACGATCAGTTGCTTG	4	FD90_1	Astronaut 1	FD90	FD	12.7715126729852
FD90_1_CTTAACGATTCGACCGGTCC	7	FD90_1	Astronaut 1	FD90	FD	7.61876996576502
FD90_1_CTTAAGCTCTCTGGAGCTTG	8	FD90_1	Astronaut 1	FD90	FD	6.85482515415401
FD90_1_CTTAATCAGTGCTCTGCAAC	5	FD90_1	Astronaut 1	FD90	FD	9.33268862364863
FD90_1_CTTAATTAGCGCAGGGATAT	0	FD90_1	Astronaut 1	FD90	FD	17.2353191161707
FD90_1_GAACCACCTAGCCTTGCTGC	4	FD90_1	Astronaut 1	FD90	FD	11.35014985855
FD90_1_GAACCATGCGGGTAAGCAAC	9	FD90_1	Astronaut 1	FD90	FD	10.4790911752154
FD90_1_GAACCATTACCGAAGGATGA	8	FD90_1	Astronaut 1	FD90	FD	6.9040687985194
FD90_1_GAACCCAATCCCGCTGGAGC	0	FD90_1	Astronaut 1	FD90	FD	19.1301329276899
FD90_1_GAACCGATATCGATTGCTTG	2	FD90_1	Astronaut 1	FD90	FD	17.4504553234438
FD90_1_GAACCGGAGCCGCAAGCCTT	0	FD90_1	Astronaut 1	FD90	FD	13.0537654539793
FD90_1_GAACCTAAGGATTGGGATGA	3	FD90_1	Astronaut 1	FD90	FD	12.4962738520878
FD90_1_GAACCTTATGGGTAAGCCTT	0	FD90_1	Astronaut 1	FD90	FD	15.9779242025937
FD90_1_GACTGCAACTCGCTCGGCGT	3	FD90_1	Astronaut 1	FD90	FD	7.34538042535347
FD90_1_GACTGGTATCGCCTTGGTCC	3	FD90_1	Astronaut 1	FD90	FD	6.85482537626439
FD90_1_GAGCTTTGAAGCCTTGATGA	2	FD90_1	Astronaut 1	FD90	FD	15.5152583596388
FD90_1_GAGTCAGGTCCCATAGGCGT	0	FD90_1	Astronaut 1	FD90	FD	14.526388700652
FD90_1_GAGTCAGGTCCTCCAGATAT	5	FD90_1	Astronaut 1	FD90	FD	10.2677109022022
FD90_1_GAGTCAGTTGGCAGGGCTGC	7	FD90_1	Astronaut 1	FD90	FD	7.61877018787541
FD90_1_GAGTCCTAACGGCAGGATGA	4	FD90_1	Astronaut 1	FD90	FD	6.85482559837478
FD90_1_GAGTCTCATCGCAACGGCGT	2	FD90_1	Astronaut 1	FD90	FD	16.6458873655404
FD90_1_GAGTCTCGTACTTAAGCAAC	2	FD90_1	Astronaut 1	FD90	FD	14.6647220437022
FD90_1_GATATAACCGGACTGGTCTA	2	FD90_1	Astronaut 1	FD90	FD	26.8737800521901
FD90_1_GATATAGAACGGTCCGCCTT	1	FD90_1	Astronaut 1	FD90	FD	14.4223724331346
FD90_1_GATATCGCAACGATTGATGA	4	FD90_1	Astronaut 1	FD90	FD	7.1232052565033
FD90_1_GATATCGCCTCTGGAGGCGT	0	FD90_1	Astronaut 1	FD90	FD	15.3524013365356
FD90_1_GATATCTAGTCAGTTGCGGT	0	FD90_1	Astronaut 1	FD90	FD	10.843277919553
FD90_1_GATATGCCTTGACTGGCAAC	3	FD90_1	Astronaut 1	FD90	FD	4.49759790783655
FD90_1_GATATGGAGCGGAGCGCGGT	1	FD90_1	Astronaut 1	FD90	FD	12.1990392404231
FD90_1_GATGAATTGGCTAGTGCTTG	0	FD90_1	Astronaut 1	FD90	FD	21.5377242916372
FD90_1_GATGACAACTCAGCGGCTTG	0	FD90_1	Astronaut 1	FD90	FD	16.0874859290724
FD90_1_GATGAGCAACCTCCAGGCGT	0	FD90_1	Astronaut 1	FD90	FD	18.0158257312829
FD90_1_GCAACCAGCGCGTCGGTAAT	3	FD90_1	Astronaut 1	FD90	FD	12.4035199754532
FD90_1_GCAACCGATTCTGGAGGCGT	4	FD90_1	Astronaut 1	FD90	FD	11.024230173385
FD90_1_GCAACGCTTGATTCAGCCTT	7	FD90_1	Astronaut 1	FD90	FD	7.61877040998579
FD90_1_GCAACGTAATCAGCGGTCTA	3	FD90_1	Astronaut 1	FD90	FD	12.5167812105609
FD90_1_GCAGGCAGCGCTACGGCCTT	2	FD90_1	Astronaut 1	FD90	FD	16.7507353249041
FD90_1_GCAGGGTAGAGTAGAGTCTA	5	FD90_1	Astronaut 1	FD90	FD	7.61877063209618
FD90_1_GCAGGGTCCGGGTAAGTCTA	4	FD90_1	Astronaut 1	FD90	FD	18.6604989317829
FD90_1_GCAGGTAGAGGCTCTGCCTT	4	FD90_1	Astronaut 1	FD90	FD	13.6962216521022
FD90_1_GCAGGTTAGCCTTAAGATGA	9	FD90_1	Astronaut 1	FD90	FD	12.375861018327
FD90_1_GCAGGTTCGAGCTTGGCGGT	5	FD90_1	Astronaut 1	FD90	FD	14.4766470789055
FD90_1_GCCTTAGAACCAGTTGCGGT	9	FD90_1	Astronaut 1	FD90	FD	16.0874861511827
FD90_1_GCCTTCGATTGTATCGATAT	0	FD90_1	Astronaut 1	FD90	FD	19.7201070296224
FD90_1_GCCTTGCTTGCGAAGGATGA	3	FD90_1	Astronaut 1	FD90	FD	15.609358231958
FD90_1_GCCTTTATCTCTAGTGATGA	9	FD90_1	Astronaut 1	FD90	FD	18.1261043131079
FD90_1_GCCTTTCGTAGCTGCGGTCC	6	FD90_1	Astronaut 1	FD90	FD	12.9455591480596
FD90_1_GCGAAGCGAACGAAGGGCGT	0	FD90_1	Astronaut 1	FD90	FD	19.8977353911827
FD90_1_GCGAATTCGACTAACGCAAC	9	FD90_1	Astronaut 1	FD90	FD	6.39523004250272
FD90_1_GCGGTACTAACTAACGCAAC	3	FD90_1	Astronaut 1	FD90	FD	4.91511651197223
FD90_1_GCGGTAGTTGCGGCAGATGA	1	FD90_1	Astronaut 1	FD90	FD	14.489943201314
FD90_1_GCGGTCGAAGCCTAGGGAGC	0	FD90_1	Astronaut 1	FD90	FD	11.3501500806604
FD90_1_GCGGTCGTCGCGGATGGTCC	1	FD90_1	Astronaut 1	FD90	FD	8.57597442869557
FD90_1_GCGGTCTAACCCTCAGCTTG	6	FD90_1	Astronaut 1	FD90	FD	15.1508487808215
FD90_1_GCGGTGTCCGCGTCGGCGGT	3	FD90_1	Astronaut 1	FD90	FD	15.9480180098528
FD90_1_GCGGTTACGTGAGCTGCTGC	4	FD90_1	Astronaut 1	FD90	FD	7.81177274966484
FD90_1_GCGGTTATTGGCGAAGCGGT	5	FD90_1	Astronaut 1	FD90	FD	14.3408537305612
FD90_1_GCGGTTCCGGGCTGCGTAAT	7	FD90_1	Astronaut 1	FD90	FD	6.88755016156493
FD90_1_GCGGTTCGTAGATGAGCTTG	3	FD90_1	Astronaut 1	FD90	FD	6.37998684231226
FD90_1_GCGGTTGAGACGACCGGAGC	0	FD90_1	Astronaut 1	FD90	FD	8.58331491731871
FD90_1_GCGGTTGAGAGCTGCGCTGC	5	FD90_1	Astronaut 1	FD90	FD	12.7761423756675
FD90_1_GCTCTATTACCGACCGGCGT	0	FD90_1	Astronaut 1	FD90	FD	19.4031037252634
FD90_1_GCTGCAGGTCGCGAAGCAAC	2	FD90_1	Astronaut 1	FD90	FD	15.7568396503907
FD90_1_GCTGCATTACCTCCAGCCTT	2	FD90_1	Astronaut 1	FD90	FD	10.2677111243126
FD90_1_GCTGCCTAGTGGTAAGGCGT	8	FD90_1	Astronaut 1	FD90	FD	4.49759812994694
FD90_1_GCTGCGGAGCCCATAGGCGT	0	FD90_1	Astronaut 1	FD90	FD	7.11055918250989
FD90_1_GCTGCGGCGTCCTCAGGCGT	3	FD90_1	Astronaut 1	FD90	FD	14.6647222658126
FD90_1_GCTGCTAGAGCTGGAGGCGT	7	FD90_1	Astronaut 1	FD90	FD	5.74106118459711
FD90_1_GCTTGAAGCACAGCGGATGA	1	FD90_1	Astronaut 1	FD90	FD	16.9626640150702
FD90_1_GCTTGAAGCACAGCGGCAAC	9	FD90_1	Astronaut 1	FD90	FD	13.4738667583782
FD90_1_GCTTGACGATATTGGGCCTT	7	FD90_1	Astronaut 1	FD90	FD	14.664722487923
FD90_1_GCTTGAGGCTCTAGTGCAAC	3	FD90_1	Astronaut 1	FD90	FD	15.1508490029319
FD90_1_GCTTGATCCTCCTAGGCTGC	1	FD90_1	Astronaut 1	FD90	FD	5.8313677969432
FD90_1_GCTTGATCCTCCTAGGTCTA	2	FD90_1	Astronaut 1	FD90	FD	10.3598973560007
FD90_1_GCTTGGCCTTCGCCTGCTTG	0	FD90_1	Astronaut 1	FD90	FD	21.0730847637164
FD90_1_GCTTGGCGAAGCCTTGCTGC	8	FD90_1	Astronaut 1	FD90	FD	6.85482582048516
FD90_1_GCTTGGGCAGCAGAAGCTTG	0	FD90_1	Astronaut 1	FD90	FD	11.0263367261708
FD90_1_GCTTGTAGAGCTCCAGGTCC	9	FD90_1	Astronaut 1	FD90	FD	16.0874863732931
FD90_1_GGAGCAAGCACCGCTGATGA	1	FD90_1	Astronaut 1	FD90	FD	8.75359691478936
FD90_1_GGAGCAGGTCGCAACGCAAC	1	FD90_1	Astronaut 1	FD90	FD	16.1713473785308
FD90_1_GGAGCCAGAAATTGGGATGA	2	FD90_1	Astronaut 1	FD90	FD	11.3501503027708
FD90_1_GGAGCGACTGGAGCTGATGA	5	FD90_1	Astronaut 1	FD90	FD	8.07973517303125
FD90_1_GGAGCGACTGGAGCTGGCGT	6	FD90_1	Astronaut 1	FD90	FD	21.5377245137476
FD90_1_GGAGCGACTGGGAGCGGCGT	0	FD90_1	Astronaut 1	FD90	FD	21.5377247358579
FD90_1_GGAGCTAAGGCCATAGTAAT	0	FD90_1	Astronaut 1	FD90	FD	29.2347040087263
FD90_1_GGAGCTACGTGCTCTGCTTG	0	FD90_1	Astronaut 1	FD90	FD	24.3515686099858
FD90_1_GGAGCTGAGACGTCGGGAGC	0	FD90_1	Astronaut 1	FD90	FD	12.8536005529058
FD90_1_GGCAGAGGCTCGGATGTAAT	3	FD90_1	Astronaut 1	FD90	FD	9.49043473878542
FD90_1_GGCAGCGATTCCATAGATGA	9	FD90_1	Astronaut 1	FD90	FD	13.0544579528804
FD90_1_GGCAGGTTAGGAGCTGCTTG	9	FD90_1	Astronaut 1	FD90	FD	9.17139064883255
FD90_1_GGCAGTAAGGGCAGGGGCGT	4	FD90_1	Astronaut 1	FD90	FD	14.4508267021086
FD90_1_GGCAGTACGTCTTAAGTAAT	1	FD90_1	Astronaut 1	FD90	FD	17.9407311412351
FD90_1_GGCGTAGTTGCAGTTGCAAC	2	FD90_1	Astronaut 1	FD90	FD	14.580952147293
FD90_1_GGCGTCAGCGCAACTGGCGT	0	FD90_1	Astronaut 1	FD90	FD	9.19976475324461
FD90_1_GGCGTCTAGTATTGGGGCGT	3	FD90_1	Astronaut 1	FD90	FD	9.41682680759437
FD90_1_GGCGTCTGGACGAAGGATAT	2	FD90_1	Astronaut 1	FD90	FD	8.61242965268851
FD90_1_GGCGTCTGGAGAGCTGCGGT	6	FD90_1	Astronaut 1	FD90	FD	14.5263889227624
FD90_1_GGCGTTTATGGACTGGATAT	7	FD90_1	Astronaut 1	FD90	FD	10.6626279594147
FD90_1_GGTAAAACGAGTAGAGCTTG	0	FD90_1	Astronaut 1	FD90	FD	8.63344237303687
FD90_1_GGTAAAGAGTGATATGATGA	0	FD90_1	Astronaut 1	FD90	FD	11.1530305489308
FD90_1_GGTAAATCCTCCTCAGCAAC	0	FD90_1	Astronaut 1	FD90	FD	17.4908425355211
FD90_1_GGTAACAGCGCAGCGGCTTG	0	FD90_1	Astronaut 1	FD90	FD	9.21322366780356
FD90_1_GGTAAGGTCCCGAAGGCAAC	9	FD90_1	Astronaut 1	FD90	FD	22.0446474178026
FD90_1_GGTAATTGAACTTAAGTAAT	4	FD90_1	Astronaut 1	FD90	FD	24.3774302671628
FD90_1_GGTCCAGAACCGCTCGCAAC	2	FD90_1	Astronaut 1	FD90	FD	17.4504555455542
FD90_1_GGTCCAGCGGCGCTCGATGA	4	FD90_1	Astronaut 1	FD90	FD	7.18728419891828
FD90_1_GGTCCAGGCTGCGAAGATAT	1	FD90_1	Astronaut 1	FD90	FD	11.6456915051879
FD90_1_GGTCCGTCCGCGTCGGATAT	0	FD90_1	Astronaut 1	FD90	FD	17.4504557676646
FD90_1_GGTCCTCAGTGCGAAGGCGT	5	FD90_1	Astronaut 1	FD90	FD	18.6604991538933
FD90_1_GGTCCTCTACCAGTTGTCTA	4	FD90_1	Astronaut 1	FD90	FD	14.9217580948287
FD90_1_GTAATAGAGTGAGTCGTCTA	3	FD90_1	Astronaut 1	FD90	FD	7.61877085420656
FD90_1_GTAATAGTTGGTAGAGATAT	0	FD90_1	Astronaut 1	FD90	FD	21.5377249579683
FD90_1_GTAATATTACGAACCGGAGC	2	FD90_1	Astronaut 1	FD90	FD	12.5067546105057
FD90_1_GTAATATTGGCAGAAGGCGT	9	FD90_1	Astronaut 1	FD90	FD	19.862909357705
FD90_1_GTAATCGTCGGCGGTGCTGC	5	FD90_1	Astronaut 1	FD90	FD	14.9217583169391
FD90_1_GTAATGCTCTCCATAGCAAC	6	FD90_1	Astronaut 1	FD90	FD	16.2337891915708
FD90_1_GTAATTATCTCAGTTGCAAC	0	FD90_1	Astronaut 1	FD90	FD	12.1461848594529
FD90_1_GTAGAAAGACGTAATGCGGT	0	FD90_1	Astronaut 1	FD90	FD	10.8072325629358
FD90_1_GTAGAACTCGGAGCTGCAAC	2	FD90_1	Astronaut 1	FD90	FD	15.9785101987044
FD90_1_GTAGAACTTCGAACCGATGA	0	FD90_1	Astronaut 1	FD90	FD	14.2162590070862
FD90_1_GTAGAAGAACCAGAAGTAAT	1	FD90_1	Astronaut 1	FD90	FD	14.9357112126475
FD90_1_GTAGACGACCGGAGCGATGA	0	FD90_1	Astronaut 1	FD90	FD	5.73955809454664
FD90_1_GTAGACGCTCGAGTCGCCTT	6	FD90_1	Astronaut 1	FD90	FD	12.7715128950956
FD90_1_GTAGACTACGGTAATGGCGT	0	FD90_1	Astronaut 1	FD90	FD	17.2353193382811
FD90_1_GTAGAGCAGGATTGGGCAAC	0	FD90_1	Astronaut 1	FD90	FD	14.6647227100334
FD90_1_GTAGAGTAATCGCTCGCCTT	0	FD90_1	Astronaut 1	FD90	FD	8.61936489777851
FD90_1_GTAGAGTCCGGATGAGCTTG	1	FD90_1	Astronaut 1	FD90	FD	7.61877107631695
FD90_1_GTATCAACCGCGACCGCTGC	9	FD90_1	Astronaut 1	FD90	FD	12.7761425977779
FD90_1_GTATCAACCGGCAACGTCTA	0	FD90_1	Astronaut 1	FD90	FD	11.3501505248812
FD90_1_GTATCAAGCACAGCGGATGA	4	FD90_1	Astronaut 1	FD90	FD	21.0405854378754
FD90_1_GTATCAGGCTGCTTGGATGA	3	FD90_1	Astronaut 1	FD90	FD	14.5263891448728
FD90_1_GTATCAGTTGGGAGCGCTGC	2	FD90_1	Astronaut 1	FD90	FD	5.7656155915522
FD90_1_GTATCCGCCTCCTAGGCCTT	9	FD90_1	Astronaut 1	FD90	FD	9.99950018445185
FD90_1_GTATCCGCCTCCTAGGCGGT	3	FD90_1	Astronaut 1	FD90	FD	16.9626642371806
FD90_1_GTATCCTTAACGCAAGATAT	0	FD90_1	Astronaut 1	FD90	FD	12.2208999712569
FD90_1_GTATCGAACCCCGCTGCGGT	1	FD90_1	Astronaut 1	FD90	FD	9.86996918801409
FD90_1_GTATCGGTCCCAGTTGTAAT	0	FD90_1	Astronaut 1	FD90	FD	12.3212423202663
FD90_1_GTATCTATTGCAATCGTCTA	0	FD90_1	Astronaut 1	FD90	FD	23.738177774053
FD90_1_GTATCTTGAACTAACGGTCC	0	FD90_1	Astronaut 1	FD90	FD	17.9407313633455
FD90_1_GTCCGACTAACTAGTGGAGC	2	FD90_1	Astronaut 1	FD90	FD	22.4535399064283
FD90_1_GTCCGCGAAGGTAGAGCTGC	2	FD90_1	Astronaut 1	FD90	FD	19.5237792339508
FD90_1_GTCCGCTTAACTAACGTCTA	0	FD90_1	Astronaut 1	FD90	FD	16.0874865954035
FD90_1_GTCCGGATATCAGTTGTAAT	3	FD90_1	Astronaut 1	FD90	FD	6.85482604259555
FD90_1_GTCCGGCAACCCATAGATGA	3	FD90_1	Astronaut 1	FD90	FD	13.5712812634306
FD90_1_GTCCGGCTGCGAACCGCTGC	1	FD90_1	Astronaut 1	FD90	FD	12.7761428198883
FD90_1_GTCCGGTATCGAGCTGCGGT	8	FD90_1	Astronaut 1	FD90	FD	19.0493911390772
FD90_1_GTCCGTAAGGGCTGCGCTTG	6	FD90_1	Astronaut 1	FD90	FD	9.43624456579712
FD90_1_GTCCGTAGAGCTAACGATAT	1	FD90_1	Astronaut 1	FD90	FD	6.87060884852836
FD90_1_GTCCGTGCTACAACTGATGA	0	FD90_1	Astronaut 1	FD90	FD	19.5072767262238
FD90_1_GTCTAACTAACTGGAGATGA	4	FD90_1	Astronaut 1	FD90	FD	11.4697399677462
FD90_1_GTCTAGTAGAGATATGATGA	0	FD90_1	Astronaut 1	FD90	FD	17.9407315854559
FD90_1_GTCTAGTATCCCGCTGATGA	0	FD90_1	Astronaut 1	FD90	FD	13.5383422567772
FD90_1_GTCTATAGAGCAGAAGTCTA	2	FD90_1	Astronaut 1	FD90	FD	6.85482626470594
FD90_1_GTCTATGGACCGACCGCAAC	9	FD90_1	Astronaut 1	FD90	FD	16.682525195647
FD90_1_GTCTATTGAAGTAGAGGCGT	0	FD90_1	Astronaut 1	FD90	FD	9.4362447879075
FD90_1_GTTAGAGCGGGACTGGCTTG	8	FD90_1	Astronaut 1	FD90	FD	5.85919354065232
FD90_1_GTTAGCAGTTGCGAAGGCGT	0	FD90_1	Astronaut 1	FD90	FD	10.267711346423
FD90_1_GTTAGCGTCGGACTGGATGA	8	FD90_1	Astronaut 1	FD90	FD	12.3818344105687
FD90_1_GTTAGTAAGGCGGCAGATGA	3	FD90_1	Astronaut 1	FD90	FD	8.61265980001989
FD90_1_GTTAGTTGAACTAACGATAT	0	FD90_1	Astronaut 1	FD90	FD	18.5670992404409
FD90_1_TAAGGAGTTGCCGCTGCTGC	6	FD90_1	Astronaut 1	FD90	FD	9.99304185857655
FD90_1_TAAGGCGTCGCCATAGCTTG	0	FD90_1	Astronaut 1	FD90	FD	9.22900042199274
FD90_1_TAAGGCTCCACAATCGATGA	2	FD90_1	Astronaut 1	FD90	FD	14.3343297548658
FD90_1_TAAGGGAGCTGCCTTGCTTG	3	FD90_1	Astronaut 1	FD90	FD	21.0789186420667
FD90_1_TAAGGTTCGACCTCAGCAAC	1	FD90_1	Astronaut 1	FD90	FD	14.6647229321437
FD90_1_TACGTAACTCATTGGGTCTA	1	FD90_1	Astronaut 1	FD90	FD	7.61877129842734
FD90_1_TACGTAACTCCCATAGCTTG	0	FD90_1	Astronaut 1	FD90	FD	16.1564510755741
FD90_1_TACGTATCTGGTAATGCTGC	1	FD90_1	Astronaut 1	FD90	FD	8.54780258933964
FD90_1_TACGTCAGAACGGATGATAT	0	FD90_1	Astronaut 1	FD90	FD	26.2098951381854
FD90_1_TACGTGATATGGCAGGCTGC	6	FD90_1	Astronaut 1	FD90	FD	9.77191401458734
FD90_1_TACGTGTCTACAATCGCTTG	9	FD90_1	Astronaut 1	FD90	FD	11.3501507469916
FD90_1_TACGTTAGAGCTAACGCTTG	1	FD90_1	Astronaut 1	FD90	FD	8.08978704361372
FD90_1_TACGTTTAGCGCTGCGCAAC	9	FD90_1	Astronaut 1	FD90	FD	4.49759835205732
FD90_1_TAGAGCGATTGCTGCGGCGT	1	FD90_1	Astronaut 1	FD90	FD	15.5808265039701
FD90_1_TAGAGTCGCGGCTCTGCGGT	3	FD90_1	Astronaut 1	FD90	FD	8.78963773333211
FD90_1_TAGAGTGAGACGTCGGCAAC	4	FD90_1	Astronaut 1	FD90	FD	8.11715540031837
FD90_1_TAGAGTGCGCCGATTGCGGT	1	FD90_1	Astronaut 1	FD90	FD	14.6647231542541
FD90_1_TAGGAAACCGCGCTCGCAAC	9	FD90_1	Astronaut 1	FD90	FD	18.0999149820213
FD90_1_TAGGAAAGACCTTAAGTAAT	2	FD90_1	Astronaut 1	FD90	FD	7.77020027128029
FD90_1_TAGGACGCAAGCGGTGTCTA	0	FD90_1	Astronaut 1	FD90	FD	21.7121539166355
FD90_1_TAGGAGGCAGGACTGGCCTT	5	FD90_1	Astronaut 1	FD90	FD	24.1077824767416
FD90_1_TAGGATACGTCAATCGCTGC	4	FD90_1	Astronaut 1	FD90	FD	36.81660514944
FD90_1_TATCTATTGGCTAGTGCTTG	9	FD90_1	Astronaut 1	FD90	FD	20.4154164525097
FD90_1_TATCTCAGAACCTCAGCCTT	9	FD90_1	Astronaut 1	FD90	FD	4.44220772166659e-06
FD90_1_TATCTCGCCTCGCAAGCAAC	8	FD90_1	Astronaut 1	FD90	FD	18.1791261619482
FD90_1_TATCTGAGCTCAGTTGCTGC	1	FD90_1	Astronaut 1	FD90	FD	9.9612709348843
FD90_1_TATCTGAGTCCCTCAGGAGC	1	FD90_1	Astronaut 1	FD90	FD	14.5263893669832
FD90_1_TATCTGGCGTGCGAAGCTGC	4	FD90_1	Astronaut 1	FD90	FD	19.4336859768847
FD90_1_TATCTGTAATGTAATGCCTT	9	FD90_1	Astronaut 1	FD90	FD	7.81177297177523
FD90_1_TATGCAGTTGGCTCTGGTCC	6	FD90_1	Astronaut 1	FD90	FD	14.5189634986058
FD90_1_TATGCCGTCGGTAATGTCTA	3	FD90_1	Astronaut 1	FD90	FD	6.37405889780162
FD90_1_TATGCCTACGCAGAAGGAGC	0	FD90_1	Astronaut 1	FD90	FD	16.0874868175139
FD90_1_TATGCCTACGGCGGTGCTTG	9	FD90_1	Astronaut 1	FD90	FD	29.2636745116798
FD90_1_TATGCGCTCTGGCGTGTCTA	0	FD90_1	Astronaut 1	FD90	FD	14.6647233763645
FD90_1_TATGCTTGAACTACGGCGGT	1	FD90_1	Astronaut 1	FD90	FD	7.81177319388561
FD90_1_TATTGAACCGCAGTTGCAAC	2	FD90_1	Astronaut 1	FD90	FD	10.78499928797
FD90_1_TATTGCGATTGCTGCGATGA	1	FD90_1	Astronaut 1	FD90	FD	9.99454891350159
FD90_1_TATTGGGCGTGCTTGGCTTG	5	FD90_1	Astronaut 1	FD90	FD	12.8480104727149
FD90_1_TATTGGTTAGGTAATGGAGC	6	FD90_1	Astronaut 1	FD90	FD	7.811773415996
FD90_1_TATTGTTAGCGATGAGCTGC	1	FD90_1	Astronaut 1	FD90	FD	17.2353195603915
FD90_1_TCAGTAACGACCTAGGCAAC	1	FD90_1	Astronaut 1	FD90	FD	8.59883533577933
FD90_1_TCAGTACCAGCTCCAGGCGT	3	FD90_1	Astronaut 1	FD90	FD	9.43624501001789
FD90_1_TCAGTAGAGTCAACTGATGA	8	FD90_1	Astronaut 1	FD90	FD	13.0578868418714
FD90_1_TCAGTATTGGGCAACGATGA	0	FD90_1	Astronaut 1	FD90	FD	12.3763813064576
FD90_1_TCAGTCGGATGAACCGATGA	9	FD90_1	Astronaut 1	FD90	FD	10.1221334737719
FD90_1_TCATCAAGGTGCTCTGCTGC	3	FD90_1	Astronaut 1	FD90	FD	15.6806222283832
FD90_1_TCATCAGAGTGTAATGTCTA	4	FD90_1	Astronaut 1	FD90	FD	16.3182045891156
FD90_1_TCATCCGCAACCATAGCCTT	1	FD90_1	Astronaut 1	FD90	FD	26.877791545738
FD90_1_TCATCGCGGTGCAGGGATAT	3	FD90_1	Astronaut 1	FD90	FD	14.5263895890936
FD90_1_TCATCTCTACCGCTCGTAAT	6	FD90_1	Astronaut 1	FD90	FD	12.8263983712059
FD90_1_TCATCTGAGACGTCGGATGA	6	FD90_1	Astronaut 1	FD90	FD	17.2353197825018
FD90_1_TCCGGACTCGCAGTTGTCTA	1	FD90_1	Astronaut 1	FD90	FD	7.81177363810638
FD90_1_TCCGGACTTCGTAGAGATGA	0	FD90_1	Astronaut 1	FD90	FD	7.14461992451699
FD90_1_TCCGGAGCGGCGCCTGTCTA	0	FD90_1	Astronaut 1	FD90	FD	23.7207264290214
FD90_1_TCCGGATTGGGCGAAGTCTA	0	FD90_1	Astronaut 1	FD90	FD	8.5310040241986
FD90_1_TCCGGCCATAGGTAAGATGA	2	FD90_1	Astronaut 1	FD90	FD	10.6626281815251
FD90_1_TCCGGCCTCAGTAATGCTTG	0	FD90_1	Astronaut 1	FD90	FD	21.0817989726039
FD90_1_TCCGGGCTTGGGCAGGATAT	7	FD90_1	Astronaut 1	FD90	FD	14.526389811204
FD90_1_TCCGGTGAGAGCTCTGCTGC	0	FD90_1	Astronaut 1	FD90	FD	21.5377251800787
FD90_1_TCGCGACCAGGAACCGATAT	0	FD90_1	Astronaut 1	FD90	FD	8.54187469658969
FD90_1_TCGCGACTCGCCTAGGATAT	1	FD90_1	Astronaut 1	FD90	FD	21.5377254021891
FD90_1_TCGCGCAGAACAGTTGTAAT	8	FD90_1	Astronaut 1	FD90	FD	13.9087521387586
FD90_1_TCGCGCTCCACTAACGGTCC	3	FD90_1	Astronaut 1	FD90	FD	8.12987437707751
FD90_1_TCGCGCTCCAGAGTCGGCGT	2	FD90_1	Astronaut 1	FD90	FD	12.7761430419987
FD90_1_TCGCGGCTTGCGCTCGTAAT	0	FD90_1	Astronaut 1	FD90	FD	37.5322404819888
FD90_1_TCGCGGGAGCCGGATGTCTA	0	FD90_1	Astronaut 1	FD90	FD	32.3982771298994
FD90_1_TCGCGGTCCGGCAGGGCAAC	3	FD90_1	Astronaut 1	FD90	FD	14.6647235984749
FD90_1_TCGTAATGGCCAGTTGGCGT	0	FD90_1	Astronaut 1	FD90	FD	12.7718960361048
FD90_1_TCGTAATTGGCAGTTGCAAC	9	FD90_1	Astronaut 1	FD90	FD	14.4951541056947
FD90_1_TCGTAATTGGCAGTTGTCTA	0	FD90_1	Astronaut 1	FD90	FD	13.0694534846795
FD90_1_TCGTATATCTGAGTCGCTTG	3	FD90_1	Astronaut 1	FD90	FD	14.6647238205853
FD90_1_TCGTATCGTACAGAAGGCGT	0	FD90_1	Astronaut 1	FD90	FD	26.9233029403782
FD90_1_TCGTATTCATCAGAAGTAAT	9	FD90_1	Astronaut 1	FD90	FD	11.0133702103167
FD90_1_TCTACAACCGCGGCAGATGA	1	FD90_1	Astronaut 1	FD90	FD	11.0133704324271
FD90_1_TCTACAACTCATTGGGGCGT	0	FD90_1	Astronaut 1	FD90	FD	13.9647487041156
FD90_1_TCTACACTAACAGCGGCTTG	0	FD90_1	Astronaut 1	FD90	FD	12.317539332211
FD90_1_TCTACAGAGTGCGGTGATGA	0	FD90_1	Astronaut 1	FD90	FD	17.9407318075663
FD90_1_TCTACAGGTCCGCAAGTAAT	8	FD90_1	Astronaut 1	FD90	FD	12.2393102042877
FD90_1_TCTACATTACCAGCGGATAT	0	FD90_1	Astronaut 1	FD90	FD	12.776143264109
FD90_1_TCTACCCTAGCAGTTGATGA	4	FD90_1	Astronaut 1	FD90	FD	17.9407320296767
FD90_1_TCTACCCTAGCGACCGGAGC	6	FD90_1	Astronaut 1	FD90	FD	14.5263900333143
FD90_1_TCTACGAGCTCGGCAGCAAC	0	FD90_1	Astronaut 1	FD90	FD	10.0327366922486
FD90_1_TCTACGATATGGCGTGTAAT	0	FD90_1	Astronaut 1	FD90	FD	22.3891472468327
FD90_1_TCTACTCAGTCTCCAGCAAC	1	FD90_1	Astronaut 1	FD90	FD	16.5955910070455
FD90_1_TGAGAACTTCGGAGCGGCGT	0	FD90_1	Astronaut 1	FD90	FD	6.32920584254753
FD90_1_TGAGACCTAGGGCGTGATGA	0	FD90_1	Astronaut 1	FD90	FD	12.5419878528048
FD90_1_TGAGAGGAGCCGCCTGTAAT	2	FD90_1	Astronaut 1	FD90	FD	10.6626284036355
FD90_1_TGAGAGGCAGCGCCTGCTGC	5	FD90_1	Astronaut 1	FD90	FD	15.3231050593278
FD90_1_TGAGATCTACGCTGCGATAT	0	FD90_1	Astronaut 1	FD90	FD	23.2519971949841
FD90_1_TGAGATTAGCGCTGCGCAAC	2	FD90_1	Astronaut 1	FD90	FD	12.5974534679604
FD90_1_TGCGCAGGCTCTGGAGCTTG	0	FD90_1	Astronaut 1	FD90	FD	19.4034629611546
FD90_1_TGCGCATCCTCGCAAGCAAC	2	FD90_1	Astronaut 1	FD90	FD	17.450455989775
FD90_1_TGCGCATCCTGATATGGCGT	1	FD90_1	Astronaut 1	FD90	FD	9.31791180944302
FD90_1_TGCGCGCAACGATGAGATGA	1	FD90_1	Astronaut 1	FD90	FD	9.15952364208165
FD90_1_TGCGCTGCTACCATAGTCTA	1	FD90_1	Astronaut 1	FD90	FD	9.20241381985438
FD90_1_TGCTAAACGACCATAGCTGC	6	FD90_1	Astronaut 1	FD90	FD	12.7715131172059
FD90_1_TGCTAACCAGCCTAGGCTGC	0	FD90_1	Astronaut 1	FD90	FD	19.4288584862241
FD90_1_TGCTACGGATGATATGCTGC	3	FD90_1	Astronaut 1	FD90	FD	8.02345292112038
FD90_1_TGCTATGCGCCGAAGGCCTT	1	FD90_1	Astronaut 1	FD90	FD	23.3825607434376
FD90_1_TGGACAGGCTCAACTGATAT	3	FD90_1	Astronaut 1	FD90	FD	21.8271702763207
FD90_1_TGGACCTCCAGTAGAGCCTT	0	FD90_1	Astronaut 1	FD90	FD	8.57544471971403
FD90_1_TGGACTCTACGTATCGCGGT	3	FD90_1	Astronaut 1	FD90	FD	15.2556229311652
FD90_1_TTAGCACGATGCGGTGCGGT	1	FD90_1	Astronaut 1	FD90	FD	11.0913167176624
FD90_1_TTAGCAGTTGGCTCTGGTCC	0	FD90_1	Astronaut 1	FD90	FD	22.9621957724915
FD90_1_TTAGCTACGTCTACGGCTTG	2	FD90_1	Astronaut 1	FD90	FD	8.56861504632937
FD90_1_TTAGCTCCGGCGATTGCCTT	8	FD90_1	Astronaut 1	FD90	FD	6.42245972504577
FD90_1_TTATGACCAGGATATGATAT	3	FD90_1	Astronaut 1	FD90	FD	10.6626286257459
FD90_1_TTATGACTAACGGATGATGA	3	FD90_1	Astronaut 1	FD90	FD	10.176103576167
FD90_1_TTATGAGTTGGCGAAGGCGT	0	FD90_1	Astronaut 1	FD90	FD	27.2659947673632
FD90_1_TTATGCCGCTATTGGGGCGT	5	FD90_1	Astronaut 1	FD90	FD	12.7715133393163
FD90_1_TTATGCGGATGCCTTGTCTA	4	FD90_1	Astronaut 1	FD90	FD	10.8292010791881
FD90_1_TTATGGGTAACGGCAGGCGT	1	FD90_1	Astronaut 1	FD90	FD	12.4182749470469
FD90_1_TTATGGTCCGCGTCGGATGA	5	FD90_1	Astronaut 1	FD90	FD	7.1110337976239
FD90_1_TTATGGTCCGCGTCGGTCTA	0	FD90_1	Astronaut 1	FD90	FD	14.5263902554247
FD90_1_TTATGTCCGGGTATCGCTGC	0	FD90_1	Astronaut 1	FD90	FD	20.6334869345874
FD90_1_TTATGTCGCGCGATTGCTTG	4	FD90_1	Astronaut 1	FD90	FD	17.4504562118854
FD90_1_TTATGTTAGCGATGAGCTGC	0	FD90_1	Astronaut 1	FD90	FD	14.4226572312296
FD90_1_TTATGTTAGCGGCAGGATAT	2	FD90_1	Astronaut 1	FD90	FD	10.6626288478563
FD90_1_TTCATATGGCCTACGGATAT	1	FD90_1	Astronaut 1	FD90	FD	21.5377256242995
FD90_1_TTCATCGATTCAGCGGTCTA	6	FD90_1	Astronaut 1	FD90	FD	5.19277466866867
FD90_1_TTCATGATATCAGCGGCAAC	5	FD90_1	Astronaut 1	FD90	FD	11.0133706545375
FD90_1_TTCATGGAGCCCATAGTAAT	9	FD90_1	Astronaut 1	FD90	FD	12.9578841412098
FD90_1_TTCATTAGGACCTCAGTCTA	7	FD90_1	Astronaut 1	FD90	FD	6.49872927731545
FD90_1_TTCATTGAGAGAGTCGATAT	2	FD90_1	Astronaut 1	FD90	FD	25.9250236631307
FD90_1_TTCGAATTCAGCAACGGAGC	1	FD90_1	Astronaut 1	FD90	FD	12.7829230170069
FD90_1_TTCGACCATACTTAAGCTGC	1	FD90_1	Astronaut 1	FD90	FD	12.2441751952442
FD90_1_TTCGATCGTAGCAGGGATGA	0	FD90_1	Astronaut 1	FD90	FD	20.3344519552018
FD90_1_TTCGATGGACCGGCAGCGGT	0	FD90_1	Astronaut 1	FD90	FD	12.1161180860476
FD90_1_TTGAACAATCCAGCGGATGA	8	FD90_1	Astronaut 1	FD90	FD	8.58437797320772
FD90_1_TTGAACTAACCAGAAGCCTT	0	FD90_1	Astronaut 1	FD90	FD	14.4189189568043
FD90_1_TTGAACTAGTCGTCGGGCGT	0	FD90_1	Astronaut 1	FD90	FD	12.4328250608855
FD90_1_TTGAAGCAGGGCAACGGAGC	4	FD90_1	Astronaut 1	FD90	FD	21.6474992492088
FD90_1_TTGAAGGTCCGCCTTGCTTG	8	FD90_1	Astronaut 1	FD90	FD	4.49759857416771
FD90_1_TTGAATGAGACTAGTGATGA	2	FD90_1	Astronaut 1	FD90	FD	20.2069463437362
FD90_2_AACCGTATCTGCAACGTCTA	4	FD90_2	Astronaut 2	FD90	FD	7.12320547861369
FD90_2_AACGAAACGAGTATCGATGA	4	FD90_2	Astronaut 2	FD90	FD	29.0385405951612
FD90_2_AACGAAGGCTCTACGGATAT	0	FD90_2	Astronaut 2	FD90	FD	35.9377869093486
FD90_2_AACGAAGGCTGAACCGCCTT	2	FD90_2	Astronaut 2	FD90	FD	36.869831043301
FD90_2_AACGAATTGGGAACCGGCGT	2	FD90_2	Astronaut 2	FD90	FD	29.2543241875139
FD90_2_AACGACTCCACTGGAGTCTA	5	FD90_2	Astronaut 2	FD90	FD	23.5003818998881
FD90_2_AACGATGCTACTGGAGCGGT	0	FD90_2	Astronaut 2	FD90	FD	32.8164547245179
FD90_2_AACTCCTAGTCCTAGGATGA	0	FD90_2	Astronaut 2	FD90	FD	31.7173566908196
FD90_2_AACTCGACTGCCTAGGCTTG	3	FD90_2	Astronaut 2	FD90	FD	26.7194332206956
FD90_2_AACTCGCGGTGATATGGCGT	1	FD90_2	Astronaut 2	FD90	FD	30.0284609383332
FD90_2_AACTCGCTGCCGACCGGCGT	1	FD90_2	Astronaut 2	FD90	FD	29.2123250512296
FD90_2_AACTCGGCAGGGAGCGTCTA	1	FD90_2	Astronaut 2	FD90	FD	26.4029739674322
FD90_2_AACTCTAGAGGGTAAGCTTG	0	FD90_2	Astronaut 2	FD90	FD	25.2534040907345
FD90_2_AACTCTCAGTCGCAAGCTTG	0	FD90_2	Astronaut 2	FD90	FD	33.0592386422144
FD90_2_AAGCAAGAACCGACCGCCTT	0	FD90_2	Astronaut 2	FD90	FD	6.85482648681632
FD90_2_AAGCAGCTCTGTATCGCTTG	8	FD90_2	Astronaut 2	FD90	FD	25.2194350914142
FD90_2_AAGGTAAGCACCGCTGATAT	0	FD90_2	Astronaut 2	FD90	FD	8.75111066536862
FD90_2_AAGGTTAAGGCGCAAGGCGT	3	FD90_2	Astronaut 2	FD90	FD	9.51912702303717
FD90_2_AAGGTTCTACCGCTCGCCTT	0	FD90_2	Astronaut 2	FD90	FD	34.3274618409849
FD90_2_ACCAGTAGGACGTCGGCTTG	5	FD90_2	Astronaut 2	FD90	FD	22.8482064662126
FD90_2_ACCTACGATTGATATGCTTG	8	FD90_2	Astronaut 2	FD90	FD	21.5377258464099
FD90_2_ACGATAACTCCGATTGATGA	1	FD90_2	Astronaut 2	FD90	FD	28.3840696249052
FD90_2_ACGATAAGGTCTTAAGTCTA	0	FD90_2	Astronaut 2	FD90	FD	31.4873985686605
FD90_2_ACGATAGCGGCTCCAGTCTA	6	FD90_2	Astronaut 2	FD90	FD	33.7054757726451
FD90_2_ACGATATTCAGGCGTGTAAT	0	FD90_2	Astronaut 2	FD90	FD	26.1433334994293
FD90_2_ACGATCGAAGATTGGGATAT	0	FD90_2	Astronaut 2	FD90	FD	9.49500179747519
FD90_2_ACGATTAGGAGCCTTGATAT	0	FD90_2	Astronaut 2	FD90	FD	9.96522190682638
FD90_2_ACTAAGTAGACGAAGGATGA	0	FD90_2	Astronaut 2	FD90	FD	27.4752986249322
FD90_2_ACTCGCCATACGGATGCTTG	0	FD90_2	Astronaut 2	FD90	FD	32.2473313640108
FD90_2_ACTTCACTTCCGCAAGCTTG	1	FD90_2	Astronaut 2	FD90	FD	28.2712289837024
FD90_2_ACTTCCGGATCTCCAGCCTT	3	FD90_2	Astronaut 2	FD90	FD	19.7187374155444
FD90_2_ACTTCTCGTAGGTCCGATGA	1	FD90_2	Astronaut 2	FD90	FD	33.5719893484965
FD90_2_AGAACCAGAACTAACGATAT	0	FD90_2	Astronaut 2	FD90	FD	25.2194353135245
FD90_2_AGAACGATATCGTCGGATAT	0	FD90_2	Astronaut 2	FD90	FD	32.2045892191959
FD90_2_AGAACGGTAACTGGAGGCGT	1	FD90_2	Astronaut 2	FD90	FD	25.9250238852411
FD90_2_AGAGTCTGGAGTAGAGGCGT	1	FD90_2	Astronaut 2	FD90	FD	29.2199402063608
FD90_2_AGCGGTAAGGCGAAGGGTCC	5	FD90_2	Astronaut 2	FD90	FD	19.7201072517328
FD90_2_AGGCTAACGAGGTAAGCCTT	0	FD90_2	Astronaut 2	FD90	FD	26.4029741895426
FD90_2_AGGCTAGTTGCTACGGATGA	2	FD90_2	Astronaut 2	FD90	FD	28.3905900475258
FD90_2_AGGCTCGCCTGCTCTGCGGT	1	FD90_2	Astronaut 2	FD90	FD	22.6539270857293
FD90_2_AGGCTCTGGACGCTCGGCGT	1	FD90_2	Astronaut 2	FD90	FD	21.09689791121
FD90_2_AGGCTTGCTAGAGTCGCCTT	0	FD90_2	Astronaut 2	FD90	FD	39.3062197686822
FD90_2_AGGTCCAGCGCGATTGGTCC	4	FD90_2	Astronaut 2	FD90	FD	25.8746416636885
FD90_2_AGGTCGTAGACGGCAGCTTG	4	FD90_2	Astronaut 2	FD90	FD	29.6707414121031
FD90_2_AGTTGGATGAGTAGAGGCGT	6	FD90_2	Astronaut 2	FD90	FD	7.21039728663553
FD90_2_AGTTGGGCAGGAGCTGCTTG	6	FD90_2	Astronaut 2	FD90	FD	18.6604993760037
FD90_2_ATCCTTCATCGATATGTAAT	4	FD90_2	Astronaut 2	FD90	FD	32.5730004982756
FD90_2_ATGCGCAGTTGCCTTGGCGT	1	FD90_2	Astronaut 2	FD90	FD	27.7341376933697
FD90_2_ATGCGGCCTTCCATAGATGA	0	FD90_2	Astronaut 2	FD90	FD	23.6539464528009
FD90_2_ATTACGACTGATTGGGGTCC	0	FD90_2	Astronaut 2	FD90	FD	30.1450391583194
FD90_2_ATTACGATATGAGTCGATAT	0	FD90_2	Astronaut 2	FD90	FD	29.0165010338828
FD90_2_ATTACTCATCCTTAAGTCTA	0	FD90_2	Astronaut 2	FD90	FD	9.06772591811795
FD90_2_ATTCATACGTGGTCCGATGA	1	FD90_2	Astronaut 2	FD90	FD	27.527598984912
FD90_2_ATTCATATCTATTCAGATAT	2	FD90_2	Astronaut 2	FD90	FD	27.4914262543312
FD90_2_ATTGGAGTTGCAATCGGCGT	7	FD90_2	Astronaut 2	FD90	FD	32.1255615683337
FD90_2_ATTGGTTGAACTAACGCTGC	9	FD90_2	Astronaut 2	FD90	FD	20.3669494529677
FD90_2_CAACTAGTTGCTACGGATGA	8	FD90_2	Astronaut 2	FD90	FD	8.08372396846693
FD90_2_CAGAACAGTTCAGTTGCTTG	2	FD90_2	Astronaut 2	FD90	FD	31.8574725319897
FD90_2_CAGAAGAGCTGAACCGGTCC	0	FD90_2	Astronaut 2	FD90	FD	31.8888893253281
FD90_2_CAGAAGCGGTCGTCGGGCGT	5	FD90_2	Astronaut 2	FD90	FD	8.62285213808632
FD90_2_CAGCGACTCGGACTGGATAT	0	FD90_2	Astronaut 2	FD90	FD	30.1428845064982
FD90_2_CAGCGGAGCTCAGTTGATGA	4	FD90_2	Astronaut 2	FD90	FD	27.4908291098401
FD90_2_CAGTTTAAGGGATATGCTGC	5	FD90_2	Astronaut 2	FD90	FD	24.6129340694887
FD90_2_CCATAACGATGGTAAGATAT	0	FD90_2	Astronaut 2	FD90	FD	31.5996277661255
FD90_2_CCATAACTAAGATGAGGTCC	0	FD90_2	Astronaut 2	FD90	FD	25.2964518638728
FD90_2_CCATATAGAGGCAGGGCTGC	1	FD90_2	Astronaut 2	FD90	FD	23.2711348136961
FD90_2_CCGCTGCAACCTAACGGTCC	6	FD90_2	Astronaut 2	FD90	FD	22.6006634592804
FD90_2_CCGCTTGCTAGAGCTGATGA	0	FD90_2	Astronaut 2	FD90	FD	35.937787131459
FD90_2_CCTAGCAATCCTGGAGATGA	1	FD90_2	Astronaut 2	FD90	FD	24.7315216050368
FD90_2_CCTAGCGGATGCTGCGCGGT	4	FD90_2	Astronaut 2	FD90	FD	33.4026969885774
FD90_2_CCTCAAAGGTCGAAGGGCGT	2	FD90_2	Astronaut 2	FD90	FD	28.2866887071081
FD90_2_CCTCACGGCACGAAGGATGA	3	FD90_2	Astronaut 2	FD90	FD	19.1672203841193
FD90_2_CCTCATTATGGCAACGATGA	5	FD90_2	Astronaut 2	FD90	FD	31.4289684084333
FD90_2_CGAAGTATCTGCTGCGGAGC	0	FD90_2	Astronaut 2	FD90	FD	22.7431861873369
FD90_2_CGAAGTATTGCCTAGGATAT	1	FD90_2	Astronaut 2	FD90	FD	29.2588650408956
FD90_2_CGACCATCTGGGTAAGATAT	1	FD90_2	Astronaut 2	FD90	FD	38.794644079637
FD90_2_CGACCCGGCAGGTAAGGTCC	2	FD90_2	Astronaut 2	FD90	FD	28.3993096301499
FD90_2_CGATTAGAACCAATCGATGA	1	FD90_2	Astronaut 2	FD90	FD	27.0684410998896
FD90_2_CGATTAGTTGGGCGTGCCTT	8	FD90_2	Astronaut 2	FD90	FD	31.6271838063035
FD90_2_CGATTTATGCGCAACGTCTA	0	FD90_2	Astronaut 2	FD90	FD	27.4783201095351
FD90_2_CGATTTTATGGTATCGATGA	0	FD90_2	Astronaut 2	FD90	FD	27.0069649319067
FD90_2_CGCAAAACCGGCAACGCTGC	0	FD90_2	Astronaut 2	FD90	FD	27.5563223701088
FD90_2_CGCCTACTAACGGATGTCTA	0	FD90_2	Astronaut 2	FD90	FD	36.016339373791
FD90_2_CGCCTATTACATTGGGCCTT	0	FD90_2	Astronaut 2	FD90	FD	7.98394355046334
FD90_2_CGCCTATTGGCTACGGCCTT	0	FD90_2	Astronaut 2	FD90	FD	31.4721528274287
FD90_2_CGCCTTGGACCTAGTGCTTG	2	FD90_2	Astronaut 2	FD90	FD	22.5894084349903
FD90_2_CGGATCTACGGTAATGCCTT	0	FD90_2	Astronaut 2	FD90	FD	29.2634191711046
FD90_2_CGGATTAGGAGGCGTGTCTA	2	FD90_2	Astronaut 2	FD90	FD	24.7467118451774
FD90_2_CGGCAATGGCCAACTGCCTT	0	FD90_2	Astronaut 2	FD90	FD	26.3292208892965
FD90_2_CGGCACAATCGAGCTGATAT	2	FD90_2	Astronaut 2	FD90	FD	26.1433337215396
FD90_2_CGTCGTATTGCTAACGGAGC	0	FD90_2	Astronaut 2	FD90	FD	17.1627401146256
FD90_2_CTAGTCGCCTGCTTGGATAT	2	FD90_2	Astronaut 2	FD90	FD	36.969970350762
FD90_2_CTAGTCGGCACGATTGGAGC	9	FD90_2	Astronaut 2	FD90	FD	33.4096795714998
FD90_2_CTAGTGACTGGGTAAGATGA	2	FD90_2	Astronaut 2	FD90	FD	21.5377260685203
FD90_2_CTAGTTAAGGCAGCGGATGA	4	FD90_2	Astronaut 2	FD90	FD	30.0911626597262
FD90_2_CTCCAAAGACCGACCGGCGT	0	FD90_2	Astronaut 2	FD90	FD	23.6493529168642
FD90_2_CTGGACGACCCCTCAGCTGC	0	FD90_2	Astronaut 2	FD90	FD	35.6053195301531
FD90_2_CTGGACGCAACAATCGCTTG	0	FD90_2	Astronaut 2	FD90	FD	35.3222885127785
FD90_2_CTTAAAAGGTCTAGTGGTCC	1	FD90_2	Astronaut 2	FD90	FD	24.5559407366922
FD90_2_CTTAAAGGCTCTTAAGGTCC	3	FD90_2	Astronaut 2	FD90	FD	26.14333394365
FD90_2_GAACCCCTAGCGAAGGATAT	3	FD90_2	Astronaut 2	FD90	FD	29.2751312569621
FD90_2_GACTGATCTGGGTAAGCTTG	0	FD90_2	Astronaut 2	FD90	FD	36.8698312654113
FD90_2_GACTGGGTCCGCAGGGTCTA	1	FD90_2	Astronaut 2	FD90	FD	35.4000911284276
FD90_2_GAGCTATTCACTGGAGATGA	4	FD90_2	Astronaut 2	FD90	FD	31.6190992513669
FD90_2_GAGCTGGTAAGAGCTGATAT	0	FD90_2	Astronaut 2	FD90	FD	38.1795644304458
FD90_2_GAGTCAGGTCCTAGTGGTCC	1	FD90_2	Astronaut 2	FD90	FD	34.7528981753646
FD90_2_GAGTCTAAGGCAGAAGATGA	0	FD90_2	Astronaut 2	FD90	FD	28.9973704339942
FD90_2_GATGAACTCGATTGGGCTGC	5	FD90_2	Astronaut 2	FD90	FD	28.5523794354767
FD90_2_GCAACTATGCGATATGATAT	5	FD90_2	Astronaut 2	FD90	FD	26.3247036671935
FD90_2_GCAACTTATGCGGCAGGCGT	1	FD90_2	Astronaut 2	FD90	FD	22.4187959446763
FD90_2_GCAGGGGTCCGGAGCGGAGC	0	FD90_2	Astronaut 2	FD90	FD	29.9944837974426
FD90_2_GCCTTAACTCCGGCAGATAT	0	FD90_2	Astronaut 2	FD90	FD	36.8698314875217
FD90_2_GCGAACAACTCGAAGGGCGT	1	FD90_2	Astronaut 2	FD90	FD	28.2667444867955
FD90_2_GCGGTCAGAACGAAGGCTTG	0	FD90_2	Astronaut 2	FD90	FD	21.6413429961298
FD90_2_GCGGTCTTAACTTAAGCTGC	1	FD90_2	Astronaut 2	FD90	FD	21.0721030518645
FD90_2_GCGGTTATTGCTCCAGGAGC	0	FD90_2	Astronaut 2	FD90	FD	33.5941116565466
FD90_2_GCTCTATTACGCTCTGCGGT	5	FD90_2	Astronaut 2	FD90	FD	19.7201074738432
FD90_2_GCTCTGAGTCCAATCGGCGT	7	FD90_2	Astronaut 2	FD90	FD	34.9726288467413
FD90_2_GCTCTGTTAGGGAGCGATGA	1	FD90_2	Astronaut 2	FD90	FD	24.5297152833901
FD90_2_GGAGCAAGACGGTCCGATAT	4	FD90_2	Astronaut 2	FD90	FD	34.5596911984919
FD90_2_GGAGCAGGTCCAGTTGATAT	8	FD90_2	Astronaut 2	FD90	FD	32.5014343399697
FD90_2_GGAGCTGGACGTATCGCTTG	4	FD90_2	Astronaut 2	FD90	FD	29.206816636496
FD90_2_GGCGTATTCACAGAAGCTTG	1	FD90_2	Astronaut 2	FD90	FD	22.8220797070384
FD90_2_GGCGTGGCAGGGCAGGATAT	0	FD90_2	Astronaut 2	FD90	FD	29.2070795792404
FD90_2_GGCGTTCATCGCTTGGATAT	0	FD90_2	Astronaut 2	FD90	FD	33.024056654961
FD90_2_GGTAACTACGGGCAGGCGGT	0	FD90_2	Astronaut 2	FD90	FD	27.4809509247665
FD90_2_GGTAAGGCAGGTAGAGGAGC	3	FD90_2	Astronaut 2	FD90	FD	28.268785319676
FD90_2_GGTCCCAATCGTATCGATGA	0	FD90_2	Astronaut 2	FD90	FD	27.7327513160865
FD90_2_GTAATGAGTCCGCCTGCGGT	0	FD90_2	Astronaut 2	FD90	FD	19.7122185380266
FD90_2_GTAATTGCGCGGCAGGTAAT	3	FD90_2	Astronaut 2	FD90	FD	33.7054759947554
FD90_2_GTAGAACTCGCTTAAGGCGT	1	FD90_2	Astronaut 2	FD90	FD	30.160370617635
FD90_2_GTATCAGGCTCGCTCGATGA	1	FD90_2	Astronaut 2	FD90	FD	35.3222887348889
FD90_2_GTCCGTGGACGTAATGCGGT	0	FD90_2	Astronaut 2	FD90	FD	24.7467120672878
FD90_2_GTCTATCTACGATGAGATAT	1	FD90_2	Astronaut 2	FD90	FD	25.2194355356349
FD90_2_GTTAGCAATCCGCCTGATAT	0	FD90_2	Astronaut 2	FD90	FD	33.6051381530873
FD90_2_TAAGGAACTCGGCAGGCTTG	0	FD90_2	Astronaut 2	FD90	FD	27.4752988470426
FD90_2_TACGTAAGGTGAGTCGATAT	0	FD90_2	Astronaut 2	FD90	FD	31.7359181401816
FD90_2_TACGTAGTTGCAGCGGCCTT	5	FD90_2	Astronaut 2	FD90	FD	23.7598298387758
FD90_2_TACGTTTAGCCCTCAGGAGC	0	FD90_2	Astronaut 2	FD90	FD	22.9058900255279
FD90_2_TAGAGCGATTCTGGAGCTGC	1	FD90_2	Astronaut 2	FD90	FD	26.9770531461032
FD90_2_TAGAGTTATGGCCTTGCTTG	1	FD90_2	Astronaut 2	FD90	FD	24.0733542356983
FD90_2_TAGGAACTTCGGTCCGGCGT	6	FD90_2	Astronaut 2	FD90	FD	27.7372219735964
FD90_2_TAGGAGCAACCTACGGGCGT	6	FD90_2	Astronaut 2	FD90	FD	25.3140772056977
FD90_2_TAGGATTATGCCTAGGCCTT	0	FD90_2	Astronaut 2	FD90	FD	38.5581810476747
FD90_2_TAGGATTGAAGATGAGATGA	1	FD90_2	Astronaut 2	FD90	FD	38.578423535339
FD90_2_TATGCAGTTGGCAACGCTGC	3	FD90_2	Astronaut 2	FD90	FD	14.3716466811002
FD90_2_TATTGGTTAGCGCCTGTAAT	1	FD90_2	Astronaut 2	FD90	FD	29.52899506846
FD90_2_TCAGTAGTTGGGAGCGCTGC	2	FD90_2	Astronaut 2	FD90	FD	34.752898397475
FD90_2_TCAGTCTCCACGGCAGCTTG	2	FD90_2	Astronaut 2	FD90	FD	38.558181269785
FD90_2_TCAGTTAAGGGAGTCGATAT	3	FD90_2	Astronaut 2	FD90	FD	22.7431864094473
FD90_2_TCAGTTATGCGAACCGCCTT	2	FD90_2	Astronaut 2	FD90	FD	28.3256272676259
FD90_2_TCATCTGAGACGCTCGCTTG	6	FD90_2	Astronaut 2	FD90	FD	27.4874554526703
FD90_2_TCATCTTCATCCATAGATAT	5	FD90_2	Astronaut 2	FD90	FD	25.8395682006164
FD90_2_TCCGGATTGGGTAATGATAT	0	FD90_2	Astronaut 2	FD90	FD	8.11007781410362
FD90_2_TCCGGTCATCGGAGCGATAT	5	FD90_2	Astronaut 2	FD90	FD	29.5481813211902
FD90_2_TCGCGGTATCGTAATGATAT	6	FD90_2	Astronaut 2	FD90	FD	22.4091942428574
FD90_2_TCTACATTACCAGTTGTCTA	4	FD90_2	Astronaut 2	FD90	FD	25.8927685933611
FD90_2_TCTACTATCTCGATTGCTTG	1	FD90_2	Astronaut 2	FD90	FD	26.8874197102852
FD90_2_TCTACTCTACCTAACGCGGT	1	FD90_2	Astronaut 2	FD90	FD	36.8698317096321
FD90_2_TGAGAATCCTCTCCAGATGA	0	FD90_2	Astronaut 2	FD90	FD	14.9515464234625
FD90_2_TGAGACCATAGCCTTGATAT	0	FD90_2	Astronaut 2	FD90	FD	31.4771182157933
FD90_2_TGAGACGGATCAATCGCGGT	9	FD90_2	Astronaut 2	FD90	FD	26.773556195941
FD90_2_TGAGAGCGAAGGCAGGCCTT	0	FD90_2	Astronaut 2	FD90	FD	8.84714871928315
FD90_2_TGCGCTTGAAATTGGGATAT	2	FD90_2	Astronaut 2	FD90	FD	38.8020208583475
FD90_2_TGCTAAACTCGGTAAGCTTG	2	FD90_2	Astronaut 2	FD90	FD	39.3062199907926
FD90_2_TGCTACAGTTCAGAAGATAT	0	FD90_2	Astronaut 2	FD90	FD	25.2194357577453
FD90_2_TGCTACAGTTCAGAAGCTGC	4	FD90_2	Astronaut 2	FD90	FD	16.1564512976845
FD90_2_TGCTAGGAGCGCTCTGCCTT	2	FD90_2	Astronaut 2	FD90	FD	18.5385447198042
FD90_2_TGCTATCGTAGTAGAGCTGC	3	FD90_2	Astronaut 2	FD90	FD	27.5433671184423
FD90_2_TGCTATTCATGCCTTGATAT	0	FD90_2	Astronaut 2	FD90	FD	23.4833326629197
FD90_2_TTAGCATCCTGGTAAGATGA	1	FD90_2	Astronaut 2	FD90	FD	26.3200633705979
FD90_2_TTAGCGGCGTCTTAAGGCGT	2	FD90_2	Astronaut 2	FD90	FD	27.7214055222524
FD90_2_TTATGAAGGTCCTAGGCGGT	0	FD90_2	Astronaut 2	FD90	FD	30.6773299256198
FD90_2_TTATGACCAGGTAATGCCTT	0	FD90_2	Astronaut 2	FD90	FD	8.83430079445123
FD90_2_TTATGATCCTCGTCGGCTGC	1	FD90_2	Astronaut 2	FD90	FD	33.9390142444367
FD90_2_TTCGAGACTGGAGTCGATGA	1	FD90_2	Astronaut 2	FD90	FD	17.4504564339958
FD90_2_TTGAAACGATCTACGGATGA	2	FD90_2	Astronaut 2	FD90	FD	36.2379808903154
FD90_3_AACCGCCTCACAATCGATGA	3	FD90_3	Astronaut 3	FD90	FD	30.6778061605056
FD90_3_AACCGCGACCGCGGTGATAT	3	FD90_3	Astronaut 3	FD90	FD	12.813219179451
FD90_3_AACCGCGCTCCAGCGGATGA	4	FD90_3	Astronaut 3	FD90	FD	12.0980894720542
FD90_3_AACCGGAGTCGGTAAGCAAC	8	FD90_3	Astronaut 3	FD90	FD	12.9477676493345
FD90_3_AACCGGCGAACGGATGATGA	3	FD90_3	Astronaut 3	FD90	FD	26.2296175930062
FD90_3_AACCGGGTCCCTGGAGGCGT	7	FD90_3	Astronaut 3	FD90	FD	37.5322407040992
FD90_3_AACGAAACCGGTAGAGTAAT	2	FD90_3	Astronaut 3	FD90	FD	33.9390144665471
FD90_3_AACGAAACGACCATAGCCTT	7	FD90_3	Astronaut 3	FD90	FD	37.5322409262096
FD90_3_AACGACGATTGGTCCGTCTA	1	FD90_3	Astronaut 3	FD90	FD	9.10624811520597
FD90_3_AACGAGATGACAACTGATGA	3	FD90_3	Astronaut 3	FD90	FD	22.7431866315577
FD90_3_AACGAGATGACAACTGGAGC	0	FD90_3	Astronaut 3	FD90	FD	37.0752351662077
FD90_3_AACGAGCAGGGATATGCCTT	6	FD90_3	Astronaut 3	FD90	FD	14.4273948235976
FD90_3_AACGAGTCCGGGTAAGTAAT	0	FD90_3	Astronaut 3	FD90	FD	33.5832062371595
FD90_3_AACGATACGTGGAGCGCTTG	5	FD90_3	Astronaut 3	FD90	FD	14.5263904775351
FD90_3_AACGATCCGGGCCTTGATGA	0	FD90_3	Astronaut 3	FD90	FD	33.0592388643248
FD90_3_AACGATTATGCCTAGGGTCC	2	FD90_3	Astronaut 3	FD90	FD	10.9709824019805
FD90_3_AACTCACTAAGCAACGCTGC	0	FD90_3	Astronaut 3	FD90	FD	26.6850168125197
FD90_3_AACTCAGTTGGTAATGTCTA	0	FD90_3	Astronaut 3	FD90	FD	35.0232885591285
FD90_3_AACTCCGCCTCGTCGGCTTG	1	FD90_3	Astronaut 3	FD90	FD	32.5850664657068
FD90_3_AACTCCGCTCCGATTGCTGC	0	FD90_3	Astronaut 3	FD90	FD	35.1220738086678
FD90_3_AACTCCGTCGATTCAGCTTG	0	FD90_3	Astronaut 3	FD90	FD	25.2528120615821
FD90_3_AACTCCTACGCAACTGTAAT	0	FD90_3	Astronaut 3	FD90	FD	29.5624353989626
FD90_3_AACTCGAGCTGATGAGTCTA	0	FD90_3	Astronaut 3	FD90	FD	38.5581814918954
FD90_3_AACTCGATGACCATAGGTCC	8	FD90_3	Astronaut 3	FD90	FD	33.7054762168658
FD90_3_AACTCGCAACCAGAAGCAAC	0	FD90_3	Astronaut 3	FD90	FD	24.6177875885038
FD90_3_AACTCGCGAACGCTCGGCGT	2	FD90_3	Astronaut 3	FD90	FD	8.14353002707906
FD90_3_AACTCGCGAACGCTCGTCTA	0	FD90_3	Astronaut 3	FD90	FD	24.5649993437377
FD90_3_AACTCGCGAAGGTCCGCTTG	5	FD90_3	Astronaut 3	FD90	FD	31.4315868442721
FD90_3_AACTCGGCAGGGCAGGGTCC	1	FD90_3	Astronaut 3	FD90	FD	32.9952793049703
FD90_3_AACTCTATGCCTTAAGCCTT	6	FD90_3	Astronaut 3	FD90	FD	26.9867419167329
FD90_3_AACTCTGAGAGCTCTGCGGT	7	FD90_3	Astronaut 3	FD90	FD	36.0419577343323
FD90_3_AAGACCGATTGCGGTGGAGC	8	FD90_3	Astronaut 3	FD90	FD	14.5263906996455
FD90_3_AAGACCGGATCGCTCGATGA	0	FD90_3	Astronaut 3	FD90	FD	35.1268384977472
FD90_3_AAGCAAGGTCGCAGGGCAAC	0	FD90_3	Astronaut 3	FD90	FD	32.3632993708403
FD90_3_AAGCACGCCTCAACTGGTCC	0	FD90_3	Astronaut 3	FD90	FD	37.2979418820475
FD90_3_AAGCACGCCTGCTGCGGTCC	5	FD90_3	Astronaut 3	FD90	FD	35.5043587726677
FD90_3_AAGCACTACGGGTCCGCGGT	6	FD90_3	Astronaut 3	FD90	FD	11.0081156951656
FD90_3_AAGCAGCAACCTTAAGCAAC	2	FD90_3	Astronaut 3	FD90	FD	29.2291017073932
FD90_3_AAGCAGCGGTGGTCCGATAT	5	FD90_3	Astronaut 3	FD90	FD	36.8698319317425
FD90_3_AAGCAGGCGTCTGGAGCCTT	3	FD90_3	Astronaut 3	FD90	FD	35.3222889569993
FD90_3_AAGCAGTCCGCGATTGCCTT	4	FD90_3	Astronaut 3	FD90	FD	19.7201076959536
FD90_3_AAGGTCAACTCAGTTGATGA	0	FD90_3	Astronaut 3	FD90	FD	29.2567626374563
FD90_3_AAGGTGCAGGCTACGGGCGT	1	FD90_3	Astronaut 3	FD90	FD	26.8949820797601
FD90_3_ACCAGAACTCGAGTCGCTGC	4	FD90_3	Astronaut 3	FD90	FD	37.5322411483199
FD90_3_ACCAGAAGCACAGTTGCTGC	0	FD90_3	Astronaut 3	FD90	FD	29.2809191085965
FD90_3_ACCAGACTAACTAGTGGCGT	0	FD90_3	Astronaut 3	FD90	FD	37.5306093887924
FD90_3_ACCAGACTCGGAGTCGCGGT	1	FD90_3	Astronaut 3	FD90	FD	24.7467122893981
FD90_3_ACCAGAGGTCCCGCTGCGGT	7	FD90_3	Astronaut 3	FD90	FD	36.1133309236792
FD90_3_ACCAGAGGTCGAGTCGCTTG	0	FD90_3	Astronaut 3	FD90	FD	39.306220212903
FD90_3_ACCAGCGCCTCCATAGATGA	1	FD90_3	Astronaut 3	FD90	FD	33.0592390864352
FD90_3_ACCAGCTTAACCATAGGCGT	2	FD90_3	Astronaut 3	FD90	FD	38.5581817140058
FD90_3_ACCAGGCAGGGGCAGGTAAT	4	FD90_3	Astronaut 3	FD90	FD	4.49759879627809
FD90_3_ACCAGGCTTGCAGCGGCTGC	3	FD90_3	Astronaut 3	FD90	FD	25.231943605933
FD90_3_ACCTAATCTGGAGTCGTAAT	2	FD90_3	Astronaut 3	FD90	FD	33.4173127172593
FD90_3_ACCTACTAGTCTCCAGCCTT	6	FD90_3	Astronaut 3	FD90	FD	25.2512163931307
FD90_3_ACCTAGAGTCCTAGTGTCTA	7	FD90_3	Astronaut 3	FD90	FD	32.5850666878172
FD90_3_ACCTAGAGTCGTATCGCGGT	1	FD90_3	Astronaut 3	FD90	FD	33.566020310692
FD90_3_ACCTAGTCTAGCTGCGCAAC	0	FD90_3	Astronaut 3	FD90	FD	27.7284645295963
FD90_3_ACCTATCGTACAGTTGTCTA	7	FD90_3	Astronaut 3	FD90	FD	22.4661452630092
FD90_3_ACGATAAGCACTGGAGATGA	4	FD90_3	Astronaut 3	FD90	FD	27.5064269278819
FD90_3_ACTAACCATACGATTGATGA	6	FD90_3	Astronaut 3	FD90	FD	32.3966192468166
FD90_3_ACTAACGTCGGCGGTGATGA	0	FD90_3	Astronaut 3	FD90	FD	32.0872421294741
FD90_3_ACTAAGGCAGGATATGCTTG	0	FD90_3	Astronaut 3	FD90	FD	35.6053197522635
FD90_3_ACTAAGTCTAGCTGCGCAAC	2	FD90_3	Astronaut 3	FD90	FD	25.6486923556617
FD90_3_ACTAAGTTAGGCAGGGTCTA	6	FD90_3	Astronaut 3	FD90	FD	39.3062204350134
FD90_3_ACTAATCGCGGCAACGCTGC	0	FD90_3	Astronaut 3	FD90	FD	33.7753336283033
FD90_3_ACTAATGAGAGGTAAGTAAT	0	FD90_3	Astronaut 3	FD90	FD	36.4614854814087
FD90_3_ACTAATGGACCAGCGGATGA	0	FD90_3	Astronaut 3	FD90	FD	33.3285852274318
FD90_3_ACTAATGGACGGCAGGATGA	1	FD90_3	Astronaut 3	FD90	FD	33.7688701577748
FD90_3_ACTCGAAGCAGTATCGCTGC	1	FD90_3	Astronaut 3	FD90	FD	21.5410849615166
FD90_3_ACTCGAGTTGCGCCTGCAAC	2	FD90_3	Astronaut 3	FD90	FD	10.3004285710399
FD90_3_ACTCGCAGCGATTGGGGTCC	6	FD90_3	Astronaut 3	FD90	FD	9.41838238124567
FD90_3_ACTTCAGAACGAACCGTAAT	0	FD90_3	Astronaut 3	FD90	FD	35.5635600496865
FD90_3_ACTTCCGACCGGAGCGGTCC	0	FD90_3	Astronaut 3	FD90	FD	33.8990707553787
FD90_3_ACTTCGAACCCTGGAGGAGC	7	FD90_3	Astronaut 3	FD90	FD	37.5322413704303
FD90_3_ACTTCTCGCGGCTTGGCCTT	7	FD90_3	Astronaut 3	FD90	FD	33.673183709994
FD90_3_AGAACAAGCACTTAAGGCGT	0	FD90_3	Astronaut 3	FD90	FD	29.2136483695315
FD90_3_AGAACCGATTGTAATGTCTA	0	FD90_3	Astronaut 3	FD90	FD	32.1094385838074
FD90_3_AGAACGGAGCCGCTCGCTTG	4	FD90_3	Astronaut 3	FD90	FD	29.2374980599248
FD90_3_AGAACTCATCGGCGTGGAGC	0	FD90_3	Astronaut 3	FD90	FD	27.7345449150544
FD90_3_AGAACTCGCGCCATAGCAAC	3	FD90_3	Astronaut 3	FD90	FD	38.5581819361162
FD90_3_AGAACTTCATGTATCGCTGC	4	FD90_3	Astronaut 3	FD90	FD	34.7528986195853
FD90_3_AGAGTAACCGCGCAAGCCTT	6	FD90_3	Astronaut 3	FD90	FD	19.0711635993233
FD90_3_AGAGTAACCGGCAGGGCTGC	0	FD90_3	Astronaut 3	FD90	FD	24.545372142489
FD90_3_AGAGTACGATCGAAGGGAGC	0	FD90_3	Astronaut 3	FD90	FD	28.2766967269061
FD90_3_AGAGTGACTGCGACCGGCGT	7	FD90_3	Astronaut 3	FD90	FD	37.5322415925407
FD90_3_AGAGTGGTAAGCTGCGCTGC	7	FD90_3	Astronaut 3	FD90	FD	37.5322418146511
FD90_3_AGAGTTCCGGGCCTTGATGA	1	FD90_3	Astronaut 3	FD90	FD	35.3222891791097
FD90_3_AGAGTTCGCGGATATGGAGC	1	FD90_3	Astronaut 3	FD90	FD	22.6539273078397
FD90_3_AGCGGAACGAGCAACGTAAT	4	FD90_3	Astronaut 3	FD90	FD	26.1433341657604
FD90_3_AGCGGAAGCACAGTTGGTCC	2	FD90_3	Astronaut 3	FD90	FD	21.2119021149479
FD90_3_AGCGGCCGCTGGTAAGGTCC	4	FD90_3	Astronaut 3	FD90	FD	34.3219796495209
FD90_3_AGCGGCTAGTCAGTTGCAAC	4	FD90_3	Astronaut 3	FD90	FD	37.4438778454798
FD90_3_AGCGGTGCTACGCCTGTAAT	4	FD90_3	Astronaut 3	FD90	FD	27.0598220170323
FD90_3_AGGCTATCCTGAACCGCTTG	7	FD90_3	Astronaut 3	FD90	FD	12.0833255324096
FD90_3_AGGCTGTCCGCAACTGTAAT	0	FD90_3	Astronaut 3	FD90	FD	7.84274427745799
FD90_3_AGGCTTCCGGCTAACGCAAC	4	FD90_3	Astronaut 3	FD90	FD	38.5581821582266
FD90_3_AGGTCAACTCGCGAAGATGA	1	FD90_3	Astronaut 3	FD90	FD	35.9076897284553
FD90_3_AGGTCACTAAGCCTTGGAGC	6	FD90_3	Astronaut 3	FD90	FD	34.545457711911
FD90_3_AGGTCACTTCGATATGCGGT	1	FD90_3	Astronaut 3	FD90	FD	30.6773301477302
FD90_3_AGGTCACTTCGGCGTGCGGT	0	FD90_3	Astronaut 3	FD90	FD	32.4747084214623
FD90_3_AGGTCGGCAGCGCCTGTCTA	3	FD90_3	Astronaut 3	FD90	FD	34.5454579340214
FD90_3_AGGTCGGCGTCAATCGTAAT	0	FD90_3	Astronaut 3	FD90	FD	38.8282328951513
FD90_3_AGGTCGTTAGGACTGGATAT	0	FD90_3	Astronaut 3	FD90	FD	34.3219798716313
FD90_3_AGGTCTATCTCTGGAGGCGT	0	FD90_3	Astronaut 3	FD90	FD	24.9621686674173
FD90_3_AGGTCTGAGACAACTGCTTG	6	FD90_3	Astronaut 3	FD90	FD	21.043832001259
FD90_3_AGGTCTGGACGATGAGCGGT	1	FD90_3	Astronaut 3	FD90	FD	36.532905224118
FD90_3_AGTTGGTATCCGCAAGCCTT	1	FD90_3	Astronaut 3	FD90	FD	34.8812922558144
FD90_3_AGTTGTAGAGGCTGCGCAAC	1	FD90_3	Astronaut 3	FD90	FD	35.6053199743739
FD90_3_AGTTGTCGCGCGGCAGCAAC	0	FD90_3	Astronaut 3	FD90	FD	39.3062206571238
FD90_3_ATCCTAAGACGCAACGTCTA	0	FD90_3	Astronaut 3	FD90	FD	29.994484019553
FD90_3_ATCCTAGCGGCGGCAGATAT	0	FD90_3	Astronaut 3	FD90	FD	38.558182380337
FD90_3_ATCCTATCCTGAACCGGCGT	4	FD90_3	Astronaut 3	FD90	FD	28.2633621899127
FD90_3_ATCCTGAACCCCTAGGCAAC	2	FD90_3	Astronaut 3	FD90	FD	39.3062208792342
FD90_3_ATCCTGTCTACTCCAGCCTT	1	FD90_3	Astronaut 3	FD90	FD	34.7528988416957
FD90_3_ATCCTTAGGAGTAATGGCGT	0	FD90_3	Astronaut 3	FD90	FD	39.3062211013446
FD90_3_ATCCTTTGAAGATGAGTAAT	0	FD90_3	Astronaut 3	FD90	FD	26.2003235916373
FD90_3_ATCTGCGCTCCGGCAGCAAC	2	FD90_3	Astronaut 3	FD90	FD	35.0212215770648
FD90_3_ATCTGCTCCAGTAGAGCCTT	2	FD90_3	Astronaut 3	FD90	FD	25.3300130023136
FD90_3_ATCTGGGCGTCCTCAGTAAT	6	FD90_3	Astronaut 3	FD90	FD	26.884381848272
FD90_3_ATGCGATTGGCAGAAGCCTT	0	FD90_3	Astronaut 3	FD90	FD	37.4485539915997
FD90_3_ATGCGCCATAGATATGATGA	4	FD90_3	Astronaut 3	FD90	FD	10.0298161547804
FD90_3_ATGCGCGGCACAGAAGCTTG	2	FD90_3	Astronaut 3	FD90	FD	30.6778872929083
FD90_3_ATGCGGGTCCGCAGGGTCTA	0	FD90_3	Astronaut 3	FD90	FD	10.6626290699666
FD90_3_ATGCGTCTACCAGTTGCTTG	0	FD90_3	Astronaut 3	FD90	FD	37.0752353883181
FD90_3_ATGCGTTGAACTAACGCTTG	3	FD90_3	Astronaut 3	FD90	FD	14.5263909217559
FD90_3_ATGGCCTAGTCTTAAGCGGT	0	FD90_3	Astronaut 3	FD90	FD	29.2281318306094
FD90_3_ATGGCTCATCGAGTCGTCTA	2	FD90_3	Astronaut 3	FD90	FD	37.3146163126492
FD90_3_ATTACAGGTCGATATGTAAT	0	FD90_3	Astronaut 3	FD90	FD	26.2883910037206
FD90_3_ATTACGGTCCCAGTTGCTTG	2	FD90_3	Astronaut 3	FD90	FD	25.2194359798557
FD90_3_ATTACTGAGAGGAGCGCCTT	6	FD90_3	Astronaut 3	FD90	FD	37.0752356104285
FD90_3_ATTCAACCAGATTGGGGTCC	2	FD90_3	Astronaut 3	FD90	FD	35.9377873535693
FD90_3_ATTCACCGCTCAACTGGCGT	2	FD90_3	Astronaut 3	FD90	FD	35.4847590795533
FD90_3_ATTCACTAGTCGACCGCTGC	8	FD90_3	Astronaut 3	FD90	FD	37.5322420367615
FD90_3_ATTCAGAGCTCGACCGTAAT	7	FD90_3	Astronaut 3	FD90	FD	37.0752358325389
FD90_3_ATTCATATTGCCTAGGATAT	4	FD90_3	Astronaut 3	FD90	FD	36.8698321538529
FD90_3_ATTGGAAGACGCGAAGTAAT	0	FD90_3	Astronaut 3	FD90	FD	34.6147188942735
FD90_3_ATTGGACTCGCTAACGATGA	0	FD90_3	Astronaut 3	FD90	FD	9.05416609312802
FD90_3_ATTGGAGTTGGAGCTGTAAT	0	FD90_3	Astronaut 3	FD90	FD	35.6053201964843
FD90_3_ATTGGCAACTCAATCGCAAC	0	FD90_3	Astronaut 3	FD90	FD	28.2633624120231
FD90_3_ATTGGCAACTGCTTGGCAAC	2	FD90_3	Astronaut 3	FD90	FD	38.8282331172617
FD90_3_ATTGGCGCCTCGCCTGCTGC	0	FD90_3	Astronaut 3	FD90	FD	8.52138999160543
FD90_3_CAACTACCAGCTACGGGCGT	8	FD90_3	Astronaut 3	FD90	FD	22.6539275299501
FD90_3_CAACTCTACGCAGCGGCCTT	1	FD90_3	Astronaut 3	FD90	FD	8.751110887479
FD90_3_CAACTCTGGAGTAATGATGA	4	FD90_3	Astronaut 3	FD90	FD	38.5581826024474
FD90_3_CAACTGCTTGCGATTGCAAC	1	FD90_3	Astronaut 3	FD90	FD	39.3062213234549
FD90_3_CAACTGTCTACTCCAGTCTA	0	FD90_3	Astronaut 3	FD90	FD	30.3098960841908
FD90_3_CAACTTCGCGGCTGCGTAAT	0	FD90_3	Astronaut 3	FD90	FD	37.0752360546493
FD90_3_CAATCCCTAGGAACCGGCGT	1	FD90_3	Astronaut 3	FD90	FD	36.2379811124258
FD90_3_CAATCCGCAACCTAGGCGGT	2	FD90_3	Astronaut 3	FD90	FD	37.5618490100702
FD90_3_CAATCGCGGTGTAATGATGA	3	FD90_3	Astronaut 3	FD90	FD	25.2194362019661
FD90_3_CAATCTTAGCGCTTGGGTCC	1	FD90_3	Astronaut 3	FD90	FD	32.5850669099276
FD90_3_CAGAAAAGCAGCAGGGGAGC	1	FD90_3	Astronaut 3	FD90	FD	8.5445946438576
FD90_3_CAGAAACCTAGAGTCGCAAC	2	FD90_3	Astronaut 3	FD90	FD	8.85630375781246
FD90_3_CAGAAAGGTCCTGGAGCTTG	0	FD90_3	Astronaut 3	FD90	FD	29.2219540288318
FD90_3_CAGAAAGGTCGAGCTGATAT	0	FD90_3	Astronaut 3	FD90	FD	32.396619468927
FD90_3_CAGAAAGTTGCGCTCGCGGT	2	FD90_3	Astronaut 3	FD90	FD	18.6604995981141
FD90_3_CAGAAATTGGATTCAGCGGT	2	FD90_3	Astronaut 3	FD90	FD	38.8282333393721
FD90_3_CAGAACGAAGGTATCGGCGT	8	FD90_3	Astronaut 3	FD90	FD	28.3132390410378
FD90_3_CAGAACGATTGCAGGGCTTG	7	FD90_3	Astronaut 3	FD90	FD	34.7528990638061
FD90_3_CAGAACGATTGTAATGCTTG	7	FD90_3	Astronaut 3	FD90	FD	37.0752362767597
FD90_3_CAGAAGTCTACGGCAGCAAC	0	FD90_3	Astronaut 3	FD90	FD	33.6547096593835
FD90_3_CAGCGGGCGTCGATTGGAGC	6	FD90_3	Astronaut 3	FD90	FD	37.07523649887
FD90_3_CAGCGTGCGCGAGTCGCTTG	8	FD90_3	Astronaut 3	FD90	FD	34.7528992859165
FD90_3_CAGTTAACTCCAACTGCTGC	7	FD90_3	Astronaut 3	FD90	FD	37.5322422588719
FD90_3_CAGTTAAGGTGCGGTGCCTT	2	FD90_3	Astronaut 3	FD90	FD	21.0281284819689
FD90_3_CAGTTCGCCTCCATAGCAAC	2	FD90_3	Astronaut 3	FD90	FD	15.8889879149752
FD90_3_CAGTTCTAGTGTAATGTCTA	6	FD90_3	Astronaut 3	FD90	FD	17.4504566561061
FD90_3_CAGTTCTTAACAATCGCGGT	4	FD90_3	Astronaut 3	FD90	FD	29.9944842416634
FD90_3_CAGTTGCGGTCCATAGCCTT	4	FD90_3	Astronaut 3	FD90	FD	11.026770837631
FD90_3_CAGTTGCTGCCAGCGGATGA	0	FD90_3	Astronaut 3	FD90	FD	29.2223026200188
FD90_3_CAGTTTTCATCTGGAGGAGC	0	FD90_3	Astronaut 3	FD90	FD	36.8735733715293
FD90_3_CCGCTATTGGCGCTCGATGA	1	FD90_3	Astronaut 3	FD90	FD	32.5589982554553
FD90_3_CCTAGCTCCAGCGGTGCTTG	0	FD90_3	Astronaut 3	FD90	FD	39.3062215455653
FD90_3_CCTAGTGCTAGGCAGGGAGC	1	FD90_3	Astronaut 3	FD90	FD	36.8698323759633
FD90_3_CCTCACGTCGATTGGGCAAC	0	FD90_3	Astronaut 3	FD90	FD	32.9436252852664
FD90_3_CCTCAGCAGGCGAAGGCGGT	7	FD90_3	Astronaut 3	FD90	FD	25.8292369817494
FD90_3_CCTCAGGTCCGCTCTGCTGC	1	FD90_3	Astronaut 3	FD90	FD	27.4833159257656
FD90_3_CCTCAGTTAGGCAACGATAT	4	FD90_3	Astronaut 3	FD90	FD	32.008651613613
FD90_3_CGAAGGAGTCGTAGAGGAGC	3	FD90_3	Astronaut 3	FD90	FD	37.2979421041579
FD90_3_CGAAGGCGGTGGTCCGTAAT	0	FD90_3	Astronaut 3	FD90	FD	37.4713324311619
FD90_3_CGAAGGGTCCCGATTGTAAT	0	FD90_3	Astronaut 3	FD90	FD	32.5791962081105
FD90_3_CGACCCTAGTCGTCGGCTGC	4	FD90_3	Astronaut 3	FD90	FD	36.5851127124038
FD90_3_CGACCGCGAAGGAGCGGTCC	6	FD90_3	Astronaut 3	FD90	FD	24.699698783814
FD90_3_CGACCTAGGACGACCGCGGT	1	FD90_3	Astronaut 3	FD90	FD	28.278343433078
FD90_3_CGATTAACCGCCTAGGCTTG	5	FD90_3	Astronaut 3	FD90	FD	29.2473556008422
FD90_3_CGATTGAGCTCGTCGGGCGT	3	FD90_3	Astronaut 3	FD90	FD	35.9377875756797
FD90_3_CGATTGGCAGGCAGGGTCTA	0	FD90_3	Astronaut 3	FD90	FD	39.3062217676757
FD90_3_CGATTTAGGACGATTGCTTG	1	FD90_3	Astronaut 3	FD90	FD	26.1433343878708
FD90_3_CGATTTTGAACGTCGGGTCC	4	FD90_3	Astronaut 3	FD90	FD	6.90260813834974
FD90_3_CGATTTTGAAGTAGAGCCTT	6	FD90_3	Astronaut 3	FD90	FD	21.5431368981721
FD90_3_CGCAAAACCGCGTCGGCCTT	6	FD90_3	Astronaut 3	FD90	FD	37.2979423262683
FD90_3_CGCAAACTTCCGATTGCCTT	7	FD90_3	Astronaut 3	FD90	FD	37.5322424809823
FD90_3_CGCAACGCTCGATGAGCTTG	5	FD90_3	Astronaut 3	FD90	FD	33.0592393085456
FD90_3_CGCAATAAGGGGAGCGATGA	1	FD90_3	Astronaut 3	FD90	FD	19.7115385264189
FD90_3_CGCAATCTACCTCCAGATAT	4	FD90_3	Astronaut 3	FD90	FD	34.3219800937417
FD90_3_CGCCTACTAAGATATGCCTT	6	FD90_3	Astronaut 3	FD90	FD	22.9372084667213
FD90_3_CGCCTCCATACCTAGGCTGC	1	FD90_3	Astronaut 3	FD90	FD	32.0190671554079
FD90_3_CGCCTCGAAGGGTAAGTCTA	0	FD90_3	Astronaut 3	FD90	FD	27.2913669064127
FD90_3_CGCCTCTCCACGCCTGCTGC	0	FD90_3	Astronaut 3	FD90	FD	36.8698325980737
FD90_3_CGCCTGGCAGCAGCGGCTTG	0	FD90_3	Astronaut 3	FD90	FD	33.4776626732095
FD90_3_CGCTCAGGTCGCTTGGCAAC	0	FD90_3	Astronaut 3	FD90	FD	9.65398129330387
FD90_3_CGCTCAGTTGCGCCTGCGGT	7	FD90_3	Astronaut 3	FD90	FD	37.5322427030927
FD90_3_CGCTCGATGAATTGGGATGA	7	FD90_3	Astronaut 3	FD90	FD	37.2384615586226
FD90_3_CGCTCTCATCCTACGGCTGC	0	FD90_3	Astronaut 3	FD90	FD	37.4047898864876
FD90_3_CGGATCGACCGACTGGCAAC	9	FD90_3	Astronaut 3	FD90	FD	27.7302956848972
FD90_3_CGGATTTCGACCGCTGGAGC	2	FD90_3	Astronaut 3	FD90	FD	17.4504568782165
FD90_3_CGGCAAGCGGGCTGCGGCGT	0	FD90_3	Astronaut 3	FD90	FD	38.5581828245578
FD90_3_CGGCACAATCCGAAGGGAGC	5	FD90_3	Astronaut 3	FD90	FD	23.7819765109028
FD90_3_CGGCATCGTAGGCGTGTCTA	2	FD90_3	Astronaut 3	FD90	FD	35.9377877977901
FD90_3_CGTCGACTCGGCAACGGTCC	7	FD90_3	Astronaut 3	FD90	FD	37.532242925203
FD90_3_CGTCGGATGAGCGAAGATGA	1	FD90_3	Astronaut 3	FD90	FD	39.3062219897861
FD90_3_CGTCGGCAGGCGACCGGAGC	1	FD90_3	Astronaut 3	FD90	FD	26.1433346099812
FD90_3_CGTCGTTCATGTAATGCTTG	1	FD90_3	Astronaut 3	FD90	FD	33.5016734367408
FD90_3_CTAACAAGCAGTATCGGAGC	0	FD90_3	Astronaut 3	FD90	FD	29.2068168586064
FD90_3_CTAACTAGAGGACTGGCTGC	0	FD90_3	Astronaut 3	FD90	FD	36.6023666228755
FD90_3_CTAACTATTGCGACCGTAAT	0	FD90_3	Astronaut 3	FD90	FD	25.9250241073515
FD90_3_CTAACTCAGTGCTTGGGTCC	2	FD90_3	Astronaut 3	FD90	FD	32.2107791326748
FD90_3_CTACGCGATTATTGGGCTTG	1	FD90_3	Astronaut 3	FD90	FD	36.8698328201841
FD90_3_CTACGGCCTTGCAGGGGAGC	0	FD90_3	Astronaut 3	FD90	FD	32.7740223372866
FD90_3_CTACGTGCGCCAACTGTCTA	0	FD90_3	Astronaut 3	FD90	FD	35.9377880199005
FD90_3_CTCCAAGAACCGATTGATAT	0	FD90_3	Astronaut 3	FD90	FD	28.9803087721845
FD90_3_CTCCAATTACGTATCGCGGT	3	FD90_3	Astronaut 3	FD90	FD	25.8975813082362
FD90_3_CTCCACCATAGTATCGCGGT	1	FD90_3	Astronaut 3	FD90	FD	29.2556654005074
FD90_3_CTCCACGTCGCTTAAGCGGT	7	FD90_3	Astronaut 3	FD90	FD	28.2633626341335
FD90_3_CTGGAACTTCGAGCTGTCTA	8	FD90_3	Astronaut 3	FD90	FD	35.3539478638424
FD90_3_CTGGAGCAGGCGACCGCAAC	0	FD90_3	Astronaut 3	FD90	FD	35.0926137600607
FD90_3_CTGGAGCGAAGCCTTGGTCC	2	FD90_3	Astronaut 3	FD90	FD	32.5102911018372
FD90_3_CTGGAGGAGCCTACGGATGA	0	FD90_3	Astronaut 3	FD90	FD	33.34569185782
FD90_3_CTTAACTGGAGAGCTGTAAT	7	FD90_3	Astronaut 3	FD90	FD	26.9599154395438
FD90_3_CTTAATAGGAGGTCCGATAT	0	FD90_3	Astronaut 3	FD90	FD	33.551711128592
FD90_3_GAACCAGAACCTACGGGTCC	6	FD90_3	Astronaut 3	FD90	FD	26.8830120321735
FD90_3_GAACCAGCGGGTATCGGCGT	0	FD90_3	Astronaut 3	FD90	FD	29.2250482600536
FD90_3_GAACCCAGAACAGCGGCTGC	0	FD90_3	Astronaut 3	FD90	FD	17.4504571003269
FD90_3_GAACCCAGAACTTAAGTAAT	2	FD90_3	Astronaut 3	FD90	FD	35.514838915762
FD90_3_GAACCGCAGGGCGAAGCCTT	0	FD90_3	Astronaut 3	FD90	FD	10.2078470368299
FD90_3_GAACCTACGTGATATGCCTT	0	FD90_3	Astronaut 3	FD90	FD	14.5062185916575
FD90_3_GAACCTACGTGTAGAGCCTT	0	FD90_3	Astronaut 3	FD90	FD	23.371350809732
FD90_3_GACTGCGCTCATTGGGGTCC	1	FD90_3	Astronaut 3	FD90	FD	32.5122452622405
FD90_3_GACTGCGCTCATTGGGTCTA	0	FD90_3	Astronaut 3	FD90	FD	23.6937449251175
FD90_3_GACTGCGTCGGAACCGTAAT	0	FD90_3	Astronaut 3	FD90	FD	31.6190994734773
FD90_3_GACTGCTCCAGCTGCGGCGT	0	FD90_3	Astronaut 3	FD90	FD	23.513610798039
FD90_3_GACTGTAGAGCCTAGGGTCC	0	FD90_3	Astronaut 3	FD90	FD	13.4358184798443
FD90_3_GACTGTCGTAGCTCTGGTCC	7	FD90_3	Astronaut 3	FD90	FD	37.1348656463797
FD90_3_GAGCTAACCGCCTAGGTAAT	4	FD90_3	Astronaut 3	FD90	FD	36.2379813345362
FD90_3_GAGCTCCGCTCCATAGCGGT	3	FD90_3	Astronaut 3	FD90	FD	25.6696854777998
FD90_3_GAGCTTCTACCAGTTGATGA	7	FD90_3	Astronaut 3	FD90	FD	36.8729446502093
FD90_3_GAGCTTTCGAGCGGTGCAAC	5	FD90_3	Astronaut 3	FD90	FD	37.5322431473134
FD90_3_GAGTCAAGCAGAGTCGCAAC	1	FD90_3	Astronaut 3	FD90	FD	35.9700546655897
FD90_3_GAGTCGAGTCCAGTTGGCGT	7	FD90_3	Astronaut 3	FD90	FD	37.5322433694238
FD90_3_GAGTCGCCTTGCAGGGATGA	3	FD90_3	Astronaut 3	FD90	FD	35.5204730051194
FD90_3_GAGTCGGTCCCGCCTGCTGC	9	FD90_3	Astronaut 3	FD90	FD	25.9250243294619
FD90_3_GAGTCTCGCGCGAAGGATGA	1	FD90_3	Astronaut 3	FD90	FD	28.2633628562439
FD90_3_GAGTCTTCATCGCTCGGCGT	0	FD90_3	Astronaut 3	FD90	FD	33.4173129393696
FD90_3_GATATACTAACGATTGTAAT	8	FD90_3	Astronaut 3	FD90	FD	26.8783730915482
FD90_3_GATATGATGAGAGTCGCGGT	8	FD90_3	Astronaut 3	FD90	FD	38.1458072885755
FD90_3_GATATTTGAACTTAAGATGA	1	FD90_3	Astronaut 3	FD90	FD	33.44041140324
FD90_3_GATGACGACCGAGCTGCCTT	7	FD90_3	Astronaut 3	FD90	FD	37.3073785061112
FD90_3_GATGAGCAGGCTGGAGCGGT	0	FD90_3	Astronaut 3	FD90	FD	29.654601794457
FD90_3_GATGATACGTCAACTGCTTG	7	FD90_3	Astronaut 3	FD90	FD	10.9669794421677
FD90_3_GATGATTAGCCGCAAGATGA	5	FD90_3	Astronaut 3	FD90	FD	10.9669796642781
FD90_3_GCAACAAGCAATTGGGCTGC	0	FD90_3	Astronaut 3	FD90	FD	32.7839314013546
FD90_3_GCAACACTAACAGTTGATGA	0	FD90_3	Astronaut 3	FD90	FD	25.7347027076989
FD90_3_GCAACATCTGCTAACGATAT	4	FD90_3	Astronaut 3	FD90	FD	10.4605945414057
FD90_3_GCAACCGGATCTAACGCTTG	2	FD90_3	Astronaut 3	FD90	FD	31.9620188612865
FD90_3_GCAACGAGCTCTGGAGCAAC	0	FD90_3	Astronaut 3	FD90	FD	30.6780201731716
FD90_3_GCAACGATGAGGTAAGCTTG	2	FD90_3	Astronaut 3	FD90	FD	12.7407019725607
FD90_3_GCAGGCTTAACTCCAGTCTA	0	FD90_3	Astronaut 3	FD90	FD	29.2107860183778
FD90_3_GCAGGTAAGGGTAATGATGA	7	FD90_3	Astronaut 3	FD90	FD	37.5230423934454
FD90_3_GCCTTAGGTCCAGAAGGTCC	1	FD90_3	Astronaut 3	FD90	FD	29.2144667749153
FD90_3_GCCTTCGACCCGACCGCTGC	1	FD90_3	Astronaut 3	FD90	FD	23.7819767330132
FD90_3_GCCTTCTAACATTCAGTAAT	4	FD90_3	Astronaut 3	FD90	FD	32.0929322081835
FD90_3_GCCTTTACGTGATGAGCCTT	2	FD90_3	Astronaut 3	FD90	FD	29.2748829125628
FD90_3_GCGAAACGATCGCAAGCGGT	1	FD90_3	Astronaut 3	FD90	FD	28.2771729596666
FD90_3_GCGAATATTGCTGGAGGAGC	5	FD90_3	Astronaut 3	FD90	FD	18.5624871927048
FD90_3_GCGGTGCAGGCTAGTGTAAT	1	FD90_3	Astronaut 3	FD90	FD	10.9669798863885
FD90_3_GCGGTTGAGACGCCTGGCGT	7	FD90_3	Astronaut 3	FD90	FD	37.0752367209804
FD90_3_GCTCTCGACCGGCAGGCTTG	7	FD90_3	Astronaut 3	FD90	FD	33.0085613759384
FD90_3_GCTCTTTAGCATTGGGTCTA	5	FD90_3	Astronaut 3	FD90	FD	28.5398667694359
FD90_3_GCTGCAGAACCCATAGTAAT	6	FD90_3	Astronaut 3	FD90	FD	38.7268064029644
FD90_3_GCTGCCCATAGTAATGTCTA	4	FD90_3	Astronaut 3	FD90	FD	31.1237892615232
FD90_3_GCTGCCGCCTGTAATGCTGC	1	FD90_3	Astronaut 3	FD90	FD	8.05460723249526
FD90_3_GCTGCCGCTCGTAGAGCTTG	0	FD90_3	Astronaut 3	FD90	FD	35.0946687876583
FD90_3_GCTGCGATATGGAGCGGCGT	0	FD90_3	Astronaut 3	FD90	FD	8.75111110958939
FD90_3_GCTTGAACGAGCTTGGCTGC	2	FD90_3	Astronaut 3	FD90	FD	27.5158850527383
FD90_3_GCTTGATGGCCGCTCGGTCC	0	FD90_3	Astronaut 3	FD90	FD	39.3924173140995
FD90_3_GCTTGCTCCAGCCTTGCCTT	6	FD90_3	Astronaut 3	FD90	FD	37.5987458350393
FD90_3_GCTTGGAGTCATTCAGCTGC	1	FD90_3	Astronaut 3	FD90	FD	29.2156604301819
FD90_3_GCTTGGCTCTGGCAGGCCTT	0	FD90_3	Astronaut 3	FD90	FD	39.3062222118965
FD90_3_GCTTGTCAGTCCTAGGGCGT	0	FD90_3	Astronaut 3	FD90	FD	37.3565666618894
FD90_3_GCTTGTGCGCGGCGTGCTGC	2	FD90_3	Astronaut 3	FD90	FD	22.0385770995518
FD90_3_GGAGCCGACCGACTGGATGA	0	FD90_3	Astronaut 3	FD90	FD	34.5454581561318
FD90_3_GGAGCGATATGAACCGCCTT	7	FD90_3	Astronaut 3	FD90	FD	37.4889730763944
FD90_3_GGAGCTCGTAGGTCCGCTGC	7	FD90_3	Astronaut 3	FD90	FD	35.9377882420109
FD90_3_GGCAGATGCGCAGTTGGTCC	1	FD90_3	Astronaut 3	FD90	FD	33.41731316148
FD90_3_GGCAGCAGCGGCGGTGTCTA	2	FD90_3	Astronaut 3	FD90	FD	7.79439337795495
FD90_3_GGCAGCCTCAGGCAGGATGA	1	FD90_3	Astronaut 3	FD90	FD	31.5054081017388
FD90_3_GGCAGCTCCACGATTGCTGC	1	FD90_3	Astronaut 3	FD90	FD	24.7467125115085
FD90_3_GGCAGGATGAGTAGAGGTCC	7	FD90_3	Astronaut 3	FD90	FD	37.5322435915342
FD90_3_GGCAGTACGTGAACCGCCTT	4	FD90_3	Astronaut 3	FD90	FD	32.7708245473294
FD90_3_GGCGTTGGACCGACCGCTTG	1	FD90_3	Astronaut 3	FD90	FD	9.17761132643336
FD90_3_GGCGTTGGACGTAGAGATGA	0	FD90_3	Astronaut 3	FD90	FD	33.5739296451039
FD90_3_GGTAAATCTGCGACCGCTGC	2	FD90_3	Astronaut 3	FD90	FD	32.7746563108269
FD90_3_GGTAACAATCCGAAGGCAAC	0	FD90_3	Astronaut 3	FD90	FD	39.3062224340069
FD90_3_GGTAACGATTCGCTCGTCTA	0	FD90_3	Astronaut 3	FD90	FD	28.9833065635614
FD90_3_GGTCCAGTTGCGCAAGGTCC	3	FD90_3	Astronaut 3	FD90	FD	37.5322438136446
FD90_3_GTAATAAGGTCGAAGGGCGT	0	FD90_3	Astronaut 3	FD90	FD	24.7709185973303
FD90_3_GTAATACTCGGTAGAGCTGC	1	FD90_3	Astronaut 3	FD90	FD	18.6599916831965
FD90_3_GTAATATTACGGTAAGGCGT	1	FD90_3	Astronaut 3	FD90	FD	25.2194364240765
FD90_3_GTAATCAGCGGCTCTGGCGT	0	FD90_3	Astronaut 3	FD90	FD	24.9274905237097
FD90_3_GTAATCGCCTCGCTCGCTGC	4	FD90_3	Astronaut 3	FD90	FD	19.720107918064
FD90_3_GTAATGGTCCCTGGAGTCTA	7	FD90_3	Astronaut 3	FD90	FD	33.9390146886574
FD90_3_GTAGAACTAACCTAGGATAT	0	FD90_3	Astronaut 3	FD90	FD	37.0752369430908
FD90_3_GTAGAACTAAGTAATGATAT	7	FD90_3	Astronaut 3	FD90	FD	37.3746225223272
FD90_3_GTAGACCATACGGATGATGA	0	FD90_3	Astronaut 3	FD90	FD	29.5919028212622
FD90_3_GTAGACGCTCATTCAGCGGT	2	FD90_3	Astronaut 3	FD90	FD	37.532244035755
FD90_3_GTAGAGGCAGCAGCGGCTTG	0	FD90_3	Astronaut 3	FD90	FD	26.8791338788335
FD90_3_GTAGATGAGAGAGTCGGCGT	2	FD90_3	Astronaut 3	FD90	FD	26.2546373865804
FD90_3_GTAGATTCGAGAACCGCTGC	1	FD90_3	Astronaut 3	FD90	FD	39.2117768630834
FD90_3_GTATCAAGCAGCCTTGCCTT	2	FD90_3	Astronaut 3	FD90	FD	30.158267570434
FD90_3_GTATCCAGCGCAGAAGGCGT	2	FD90_3	Astronaut 3	FD90	FD	36.4038463199173
FD90_3_GTATCCGACCGAGTCGTAAT	4	FD90_3	Astronaut 3	FD90	FD	23.5631644040714
FD90_3_GTATCCGTCGCTACGGCTTG	2	FD90_3	Astronaut 3	FD90	FD	37.0752371652012
FD90_3_GTATCCTACGCAGTTGCAAC	6	FD90_3	Astronaut 3	FD90	FD	33.4921533321454
FD90_3_GTATCTATTGCGAAGGCTTG	4	FD90_3	Astronaut 3	FD90	FD	25.3346281100198
FD90_3_GTCCGAGAGTGGTAAGATAT	3	FD90_3	Astronaut 3	FD90	FD	8.39425056393732
FD90_3_GTCCGATCCTCCATAGTAAT	4	FD90_3	Astronaut 3	FD90	FD	37.3580157364676
FD90_3_GTCCGTCAGTCGCCTGGCGT	8	FD90_3	Astronaut 3	FD90	FD	37.4475865101648
FD90_3_GTCCGTTAGCGTAATGCTTG	1	FD90_3	Astronaut 3	FD90	FD	9.55414539927206
FD90_3_GTCTAACGATCGCAAGCAAC	2	FD90_3	Astronaut 3	FD90	FD	36.2379815566466
FD90_3_GTCTAAGAGTCAGAAGCTGC	0	FD90_3	Astronaut 3	FD90	FD	36.8698330422944
FD90_3_GTCTACCTAGCTGGAGCAAC	0	FD90_3	Astronaut 3	FD90	FD	33.3369708312334
FD90_3_GTCTACGGCACGAAGGCAAC	2	FD90_3	Astronaut 3	FD90	FD	22.0204487874299
FD90_3_GTCTACTCCACGAAGGATGA	1	FD90_3	Astronaut 3	FD90	FD	29.2068170807168
FD90_3_GTCTAGAGTCCTGGAGGAGC	6	FD90_3	Astronaut 3	FD90	FD	34.8588453410604
FD90_3_GTCTAGCCTTCGCTCGATAT	0	FD90_3	Astronaut 3	FD90	FD	38.5870596024974
FD90_3_GTCTAGCCTTCGTCGGTAAT	0	FD90_3	Astronaut 3	FD90	FD	34.3015574611507
FD90_3_GTCTAGCTTGCGATTGGCGT	0	FD90_3	Astronaut 3	FD90	FD	35.3224779228071
FD90_3_GTTAGCGCTCCTAACGCAAC	2	FD90_3	Astronaut 3	FD90	FD	32.0157884697859
FD90_3_GTTAGGCAACGCGAAGCTGC	2	FD90_3	Astronaut 3	FD90	FD	22.7468437625553
FD90_3_GTTAGGGTCCCGATTGCTTG	6	FD90_3	Astronaut 3	FD90	FD	10.2078472589402
FD90_3_GTTAGTCCGGCGACCGATGA	7	FD90_3	Astronaut 3	FD90	FD	34.5454583782422
FD90_3_GTTAGTCGCGGTAATGCAAC	7	FD90_3	Astronaut 3	FD90	FD	38.5581830466681
FD90_3_TAAGGAAGACGAGTCGCTTG	1	FD90_3	Astronaut 3	FD90	FD	34.7528995080269
FD90_3_TAAGGACCAGCCATAGTCTA	5	FD90_3	Astronaut 3	FD90	FD	34.7528997301373
FD90_3_TAAGGGAACCGATGAGGCGT	5	FD90_3	Astronaut 3	FD90	FD	35.10622711282
FD90_3_TAAGGGCAACGCAACGCGGT	4	FD90_3	Astronaut 3	FD90	FD	29.2068173028272
FD90_3_TAAGGTATGCGAGTCGTAAT	6	FD90_3	Astronaut 3	FD90	FD	28.2759026714676
FD90_3_TAAGGTGCGCGTAATGGTCC	0	FD90_3	Astronaut 3	FD90	FD	33.9390149107678
FD90_3_TACGTATTACGCGAAGTCTA	7	FD90_3	Astronaut 3	FD90	FD	26.2362992922465
FD90_3_TACGTCAGCGGACTGGATGA	7	FD90_3	Astronaut 3	FD90	FD	14.5263911438663
FD90_3_TACGTCGATTGATATGATAT	8	FD90_3	Astronaut 3	FD90	FD	10.9796509428332
FD90_3_TACGTCGCCTCTGGAGCTTG	5	FD90_3	Astronaut 3	FD90	FD	26.994295538038
FD90_3_TACGTGTATCGACTGGATAT	4	FD90_3	Astronaut 3	FD90	FD	34.7528999522477
FD90_3_TAGAGGCAGGGGTAAGATGA	0	FD90_3	Astronaut 3	FD90	FD	30.1094883637773
FD90_3_TAGAGGCGAACAGTTGTCTA	4	FD90_3	Astronaut 3	FD90	FD	31.614542863349
FD90_3_TAGAGGGTAAGATATGCCTT	0	FD90_3	Astronaut 3	FD90	FD	36.8698332644048
FD90_3_TAGAGGGTAAGCCTTGGTCC	4	FD90_3	Astronaut 3	FD90	FD	31.9620190833969
FD90_3_TAGAGTAGAGCCTAGGCTTG	0	FD90_3	Astronaut 3	FD90	FD	35.9377884641213
FD90_3_TAGAGTATTGCAATCGGTCC	4	FD90_3	Astronaut 3	FD90	FD	19.403545506701
FD90_3_TAGGAAAGGTCGACCGTCTA	0	FD90_3	Astronaut 3	FD90	FD	32.1304100312183
FD90_3_TAGGAACTTCCTTAAGGAGC	4	FD90_3	Astronaut 3	FD90	FD	37.5322442578654
FD90_3_TAGGAGCTTGCTGGAGTCTA	1	FD90_3	Astronaut 3	FD90	FD	31.4755886833387
FD90_3_TAGGAGGTAAGCTTGGGTCC	6	FD90_3	Astronaut 3	FD90	FD	34.752900174358
FD90_3_TATCTACGATCAACTGGCGT	1	FD90_3	Astronaut 3	FD90	FD	9.70789322130198
FD90_3_TATCTATCTGCCTCAGCGGT	1	FD90_3	Astronaut 3	FD90	FD	35.9569303700688
FD90_3_TATCTATCTGGCCTTGCGGT	0	FD90_3	Astronaut 3	FD90	FD	34.7529003964684
FD90_3_TATCTGGAGCCCTCAGATAT	6	FD90_3	Astronaut 3	FD90	FD	33.4646710282665
FD90_3_TATCTTCAGTGGTAAGCGGT	5	FD90_3	Astronaut 3	FD90	FD	30.4774332433784
FD90_3_TATGCACCAGGATATGTCTA	0	FD90_3	Astronaut 3	FD90	FD	39.3062226561173
FD90_3_TATGCCCATACGCCTGCGGT	7	FD90_3	Astronaut 3	FD90	FD	35.2306906700778
FD90_3_TATTGATTACCCTCAGCTGC	2	FD90_3	Astronaut 3	FD90	FD	32.5107928867078
FD90_3_TATTGATTGGCTAGTGCTTG	2	FD90_3	Astronaut 3	FD90	FD	33.7054764389762
FD90_3_TATTGCCATAATTGGGATGA	1	FD90_3	Astronaut 3	FD90	FD	37.0752373873116
FD90_3_TATTGCTCCACGGATGGTCC	0	FD90_3	Astronaut 3	FD90	FD	35.0787760626874
FD90_3_TATTGGGAGCCGACCGCTGC	0	FD90_3	Astronaut 3	FD90	FD	12.8231951316352
FD90_3_TATTGGGAGCGCGGTGGTCC	7	FD90_3	Astronaut 3	FD90	FD	37.2979425483787
FD90_3_TATTGGGCGTGCAACGCAAC	2	FD90_3	Astronaut 3	FD90	FD	34.7529006185788
FD90_3_TCAGTATTGGGTATCGTAAT	8	FD90_3	Astronaut 3	FD90	FD	21.5377262906307
FD90_3_TCAGTCGTCGCGACCGCCTT	2	FD90_3	Astronaut 3	FD90	FD	10.5041951365553
FD90_3_TCAGTTCCGGCCATAGCCTT	0	FD90_3	Astronaut 3	FD90	FD	28.4269758498799
FD90_3_TCATCATTGGCAGTTGATAT	0	FD90_3	Astronaut 3	FD90	FD	12.8231953537455
FD90_3_TCATCATTGGCAGTTGCGGT	0	FD90_3	Astronaut 3	FD90	FD	11.1318269861376
FD90_3_TCATCATTGGCAGTTGGCGT	1	FD90_3	Astronaut 3	FD90	FD	11.6860407496434
FD90_3_TCATCCGGCACGAAGGGTCC	1	FD90_3	Astronaut 3	FD90	FD	31.4739161498429
FD90_3_TCATCGAACCCAATCGCAAC	0	FD90_3	Astronaut 3	FD90	FD	25.2529442067075
FD90_3_TCATCGATATCAGTTGCTGC	3	FD90_3	Astronaut 3	FD90	FD	27.4832193041818
FD90_3_TCCGGAGCGGCGGATGCGGT	1	FD90_3	Astronaut 3	FD90	FD	15.9488447071389
FD90_3_TCCGGAGGTCCGCCTGCTTG	1	FD90_3	Astronaut 3	FD90	FD	33.3369710533438
FD90_3_TCCGGATTGGGGTAAGCTGC	1	FD90_3	Astronaut 3	FD90	FD	24.4315835455826
FD90_3_TCCGGCGCCTGCTCTGCGGT	4	FD90_3	Astronaut 3	FD90	FD	27.7284905030211
FD90_3_TCCGGCTACGCGTCGGGAGC	1	FD90_3	Astronaut 3	FD90	FD	16.7877729215015
FD90_3_TCCGGGCTGCCTACGGCTGC	2	FD90_3	Astronaut 3	FD90	FD	34.321980315852
FD90_3_TCCGGGGCAGCGATTGATAT	8	FD90_3	Astronaut 3	FD90	FD	33.9390151328782
FD90_3_TCCGGGGCAGGAGTCGCCTT	6	FD90_3	Astronaut 3	FD90	FD	30.0961654129706
FD90_3_TCCGGTAGGAGGTAAGCTTG	5	FD90_3	Astronaut 3	FD90	FD	10.2179852133606
FD90_3_TCCGGTCCGGCGAAGGGCGT	7	FD90_3	Astronaut 3	FD90	FD	33.8108200403976
FD90_3_TCCGGTGAGAGCTTGGTCTA	1	FD90_3	Astronaut 3	FD90	FD	36.9919737039713
FD90_3_TCCGGTTCGACTCCAGCAAC	0	FD90_3	Astronaut 3	FD90	FD	11.5261968373369
FD90_3_TCGCGAAGGTCTCCAGCCTT	1	FD90_3	Astronaut 3	FD90	FD	36.1408803789434
FD90_3_TCGCGATTACGGTCCGGCGT	3	FD90_3	Astronaut 3	FD90	FD	34.7548185235182
FD90_3_TCTACAGAACGACTGGCTGC	2	FD90_3	Astronaut 3	FD90	FD	33.3885559441954
FD90_3_TCTACAGTTGGTAATGTCTA	8	FD90_3	Astronaut 3	FD90	FD	36.120127649151
FD90_3_TCTACATTGGATTGGGATAT	0	FD90_3	Astronaut 3	FD90	FD	33.6235064828052
FD90_3_TCTACGAGTCCGCCTGTAAT	4	FD90_3	Astronaut 3	FD90	FD	10.3250810709996
FD90_3_TCTACGTTAGGCTGCGATGA	3	FD90_3	Astronaut 3	FD90	FD	37.075237609422
FD90_3_TCTACTACGTCGCTCGTAAT	1	FD90_3	Astronaut 3	FD90	FD	37.3271502748117
FD90_3_TCTACTATGCCAGTTGATGA	0	FD90_3	Astronaut 3	FD90	FD	39.3062228782277
FD90_3_TGAGAAGGTCCTACGGATAT	4	FD90_3	Astronaut 3	FD90	FD	33.4309917879555
FD90_3_TGAGAGTCCGGAACCGATGA	1	FD90_3	Astronaut 3	FD90	FD	12.2123666498889
FD90_3_TGAGATATCTCGAAGGTCTA	3	FD90_3	Astronaut 3	FD90	FD	10.4455192880883
FD90_3_TGCGCAGTTGCTAGTGGTCC	2	FD90_3	Astronaut 3	FD90	FD	24.7467127336189
FD90_3_TGCGCCGAAGGAACCGCTGC	7	FD90_3	Astronaut 3	FD90	FD	33.9390153549886
FD90_3_TGCGCCGCTCGCTTGGCTTG	6	FD90_3	Astronaut 3	FD90	FD	36.8698334865152
FD90_3_TGCGCCGGCAGCAACGCTGC	2	FD90_3	Astronaut 3	FD90	FD	37.9929582128754
FD90_3_TGCGCGACTGGGTAAGGCGT	1	FD90_3	Astronaut 3	FD90	FD	34.1774896357868
FD90_3_TGCGCGGCAGCGGATGATGA	0	FD90_3	Astronaut 3	FD90	FD	32.585067132038
FD90_3_TGCGCTAAGGGCGAAGGTCC	0	FD90_3	Astronaut 3	FD90	FD	21.0020750451637
FD90_3_TGCGCTATTGGCAACGCCTT	2	FD90_3	Astronaut 3	FD90	FD	17.4802843993135
FD90_3_TGCGCTTATGCGATTGCTGC	1	FD90_3	Astronaut 3	FD90	FD	16.9953555781783
FD90_3_TGCTACAACTCAGTTGATGA	0	FD90_3	Astronaut 3	FD90	FD	25.2919704287589
FD90_3_TGCTAGCTGCCTGGAGGCGT	1	FD90_3	Astronaut 3	FD90	FD	33.7054766610866
FD90_3_TGCTAGGTCCGACTGGGCGT	7	FD90_3	Astronaut 3	FD90	FD	35.9377886862317
FD90_3_TGCTATAGGAGCAACGGCGT	0	FD90_3	Astronaut 3	FD90	FD	28.2633630783542
FD90_3_TGCTATATGCGCTTGGCTGC	4	FD90_3	Astronaut 3	FD90	FD	24.6837000331881
FD90_3_TGCTATGCTAGCTCTGGCGT	5	FD90_3	Astronaut 3	FD90	FD	35.9377889083421
FD90_3_TGGACAGAGTGATATGGTCC	3	FD90_3	Astronaut 3	FD90	FD	23.633547343001
FD90_3_TGGACCAGAAGGCAGGATGA	0	FD90_3	Astronaut 3	FD90	FD	11.9392763773411
FD90_3_TGGACCGTCGGATGAGCGGT	3	FD90_3	Astronaut 3	FD90	FD	22.6539277520605
FD90_3_TGGACGAGTCCTTAAGATAT	0	FD90_3	Astronaut 3	FD90	FD	33.4875066834172
FD90_3_TGGACGTAATGCAGGGCTGC	2	FD90_3	Astronaut 3	FD90	FD	12.1154019148976
FD90_3_TGGACTTGAACCGCTGCTTG	0	FD90_3	Astronaut 3	FD90	FD	22.0222516343869
FD90_3_TTAGCCTCCACTAACGCAAC	2	FD90_3	Astronaut 3	FD90	FD	27.7127045580271
FD90_3_TTAGCGCCTTGCTGCGTAAT	0	FD90_3	Astronaut 3	FD90	FD	20.6322747153441
FD90_3_TTAGCGTCTAGCAACGATGA	0	FD90_3	Astronaut 3	FD90	FD	36.4038465420277
FD90_3_TTATGAGCGGCAGAAGTAAT	6	FD90_3	Astronaut 3	FD90	FD	12.8231955758559
FD90_3_TTATGCGTCGCTACGGGAGC	9	FD90_3	Astronaut 3	FD90	FD	36.0648091518315
FD90_3_TTATGCTGGAGTAATGCCTT	1	FD90_3	Astronaut 3	FD90	FD	33.461303391516
FD90_3_TTATGGCTTGCGCCTGCGGT	1	FD90_3	Astronaut 3	FD90	FD	25.8687827794307
FD90_3_TTCATTGAGACGCCTGGAGC	1	FD90_3	Astronaut 3	FD90	FD	9.60967907691825
FD90_3_TTCGACGCAACAGTTGCTGC	7	FD90_3	Astronaut 3	FD90	FD	14.4067172861662
FD90_3_TTCGACGCAAGATATGCTGC	6	FD90_3	Astronaut 3	FD90	FD	14.5263913659767
FD90_3_TTCGACGGCAGCGGTGGAGC	0	FD90_3	Astronaut 3	FD90	FD	39.306223100338
FD90_3_TTCGACGTCGGAACCGCAAC	8	FD90_3	Astronaut 3	FD90	FD	11.7999356857337
FD90_3_TTCGATGCTAGACTGGGCGT	4	FD90_3	Astronaut 3	FD90	FD	29.2791448848733
FD90_3_TTGAAAACGACAGTTGCAAC	2	FD90_3	Astronaut 3	FD90	FD	35.6053204185947
FD90_3_TTGAAACGATGCGGTGGCGT	6	FD90_3	Astronaut 3	FD90	FD	23.2519974170945
FD90_3_TTGAAATCTGCAACTGGCGT	2	FD90_3	Astronaut 3	FD90	FD	33.345248391007
FD90_3_TTGAACTACGCGGCAGGCGT	1	FD90_3	Astronaut 3	FD90	FD	26.1433348320916
FD90_3_TTGAAGGTCCCAGTTGCTTG	8	FD90_3	Astronaut 3	FD90	FD	15.8939596084061
FD90_3_TTGAATATTGGGCAGGGCGT	0	FD90_3	Astronaut 3	FD90	FD	35.659542741757
FD90_3_TTGAATCAGTGAACCGATGA	3	FD90_3	Astronaut 3	FD90	FD	9.10309484058495
FD90_3_TTGAATTATGGGTCCGGCGT	1	FD90_3	Astronaut 3	FD90	FD	34.5454586003526
L-30_1_AACCGCCATACCTAGGATAT	0	L-30_1	Astronaut 1	L-30	L	32.1069559532157
L-30_1_AACCGCCTAGGACTGGGCGT	3	L-30_1	Astronaut 1	L-30	L	27.4851296083532
L-30_1_AACCGCTTAACCATAGCAGG	8	L-30_1	Astronaut 1	L-30	L	21.537726512741
L-30_1_AACCGTAGAGGAACCGTAAT	3	L-30_1	Astronaut 1	L-30	L	19.7073768204975
L-30_1_AACCGTCCGGGATATGCAAC	1	L-30_1	Astronaut 1	L-30	L	28.4322998747352
L-30_1_AACGAAGCGGCTCCAGGCGT	5	L-30_1	Astronaut 1	L-30	L	27.499937099959
L-30_1_AACGACGGATCTGGAGCAAC	9	L-30_1	Astronaut 1	L-30	L	29.2112728665588
L-30_1_AACGAGATATGTAGAGCGAA	6	L-30_1	Astronaut 1	L-30	L	9.47410324722563
L-30_1_AACGAGCGGTCGCAAGGCAG	6	L-30_1	Astronaut 1	L-30	L	25.9250245515723
L-30_1_AACTCTACGTCAACTGATAT	0	L-30_1	Astronaut 1	L-30	L	29.2068175249376
L-30_1_AACTCTCGCGGGAGCGGCGT	0	L-30_1	Astronaut 1	L-30	L	28.2633633004646
L-30_1_AAGACCGGATCCGCTGCGAA	0	L-30_1	Astronaut 1	L-30	L	27.4880848834144
L-30_1_AAGACCTTAACCTAGGCGAA	2	L-30_1	Astronaut 1	L-30	L	30.2940558348485
L-30_1_AAGCATGCGCCGCCTGGCGT	1	L-30_1	Astronaut 1	L-30	L	26.7960452285994
L-30_1_AAGCATTAGCCTTAAGCAAC	1	L-30_1	Astronaut 1	L-30	L	26.8737802743005
L-30_1_AAGGTATGGCCTACGGATAT	0	L-30_1	Astronaut 1	L-30	L	25.7598327418969
L-30_1_AAGGTATTACCGATTGATGA	4	L-30_1	Astronaut 1	L-30	L	27.4843465922041
L-30_1_AAGGTATTGGCGGCAGATAT	0	L-30_1	Astronaut 1	L-30	L	34.5805769440711
L-30_1_AAGGTCAATCGTAATGGCGT	3	L-30_1	Astronaut 1	L-30	L	29.2306861770678
L-30_1_AAGGTCGCAACTACGGATAT	0	L-30_1	Astronaut 1	L-30	L	30.6773303698406
L-30_1_AAGGTTATGCCGGCAGCGAA	2	L-30_1	Astronaut 1	L-30	L	30.0961763536865
L-30_1_AAGGTTGAGACGCAAGATAT	0	L-30_1	Astronaut 1	L-30	L	34.5278518310802
L-30_1_ACCAGATGCGCTAACGGCGT	1	L-30_1	Astronaut 1	L-30	L	28.2771107626148
L-30_1_ACCAGGAGTCCTCCAGGCAG	1	L-30_1	Astronaut 1	L-30	L	22.6539279741709
L-30_1_ACCTAAAGACCTTAAGCGAA	2	L-30_1	Astronaut 1	L-30	L	28.2749904846834
L-30_1_ACCTAACCTAGAGCTGATAT	0	L-30_1	Astronaut 1	L-30	L	25.7787148517221
L-30_1_ACCTAGAGTCCAACTGGCAG	8	L-30_1	Astronaut 1	L-30	L	26.143335054202
L-30_1_ACCTATAAGGCGAAGGCGAA	0	L-30_1	Astronaut 1	L-30	L	21.9381919850634
L-30_1_ACCTATAAGGGATATGATAT	0	L-30_1	Astronaut 1	L-30	L	22.7804111478286
L-30_1_ACCTATTATGGACTGGCAGG	1	L-30_1	Astronaut 1	L-30	L	25.9250247736827
L-30_1_ACGATAGAGTCCGCTGGCGT	1	L-30_1	Astronaut 1	L-30	L	28.6184349357829
L-30_1_ACGATCGGATCCATAGGCGT	3	L-30_1	Astronaut 1	L-30	L	28.5396595623085
L-30_1_ACTAAACGATCGGCAGATGA	2	L-30_1	Astronaut 1	L-30	L	24.703942214794
L-30_1_ACTAAACTCGGCAACGTAAT	0	L-30_1	Astronaut 1	L-30	L	28.2994464368014
L-30_1_ACTAACGGATCTAGTGATAT	6	L-30_1	Astronaut 1	L-30	L	26.2936366593394
L-30_1_ACTAAGATGAGCTTGGATGA	0	L-30_1	Astronaut 1	L-30	L	25.8395684227268
L-30_1_ACTAATGCTAGCTCTGTAAT	5	L-30_1	Astronaut 1	L-30	L	29.0495140008523
L-30_1_ACTCGGCTCTCAACTGCAAC	4	L-30_1	Astronaut 1	L-30	L	32.2863418949693
L-30_1_ACTCGTAGAGCGATTGCAGG	6	L-30_1	Astronaut 1	L-30	L	24.7378974316157
L-30_1_ACTTCGCTCTGGTAAGGCAG	4	L-30_1	Astronaut 1	L-30	L	28.6197448575647
L-30_1_ACTTCGGTAACTGGAGATAT	1	L-30_1	Astronaut 1	L-30	L	29.011264577697
L-30_1_ACTTCTCATCCTCCAGATAT	0	L-30_1	Astronaut 1	L-30	L	36.8698337086256
L-30_1_AGAACGCAGGGCTTGGCGAA	1	L-30_1	Astronaut 1	L-30	L	24.4288507159072
L-30_1_AGAACTTCGAGGTCCGATGA	0	L-30_1	Astronaut 1	L-30	L	26.9281727173087
L-30_1_AGAGTACCAGGCGAAGCAAC	4	L-30_1	Astronaut 1	L-30	L	33.5660205328024
L-30_1_AGAGTCGCTCCGGCAGGCGT	0	L-30_1	Astronaut 1	L-30	L	30.6778259329939
L-30_1_AGAGTTATTGGAACCGGCGT	3	L-30_1	Astronaut 1	L-30	L	34.3219805379624
L-30_1_AGAGTTGCTAGCTCTGATAT	4	L-30_1	Astronaut 1	L-30	L	28.5838102076856
L-30_1_AGAGTTGCTAGCTCTGATGA	1	L-30_1	Astronaut 1	L-30	L	34.8559353750809
L-30_1_AGCGGAGAGTGGTAAGCAAC	4	L-30_1	Astronaut 1	L-30	L	27.7235430051535
L-30_1_AGCGGTCGCGGCAACGATGA	0	L-30_1	Astronaut 1	L-30	L	24.689618740964
L-30_1_AGGCTATCTGGAGCTGGCGT	0	L-30_1	Astronaut 1	L-30	L	22.9625731928567
L-30_1_AGGCTGCGGTGGAGCGGCAG	6	L-30_1	Astronaut 1	L-30	L	20.5174431184639
L-30_1_AGGCTGCTCTGATGAGGCAG	6	L-30_1	Astronaut 1	L-30	L	26.6850170346301
L-30_1_AGGCTGTAGAGTAGAGATGA	1	L-30_1	Astronaut 1	L-30	L	34.3221625440629
L-30_1_AGGCTTCTACCCATAGATAT	0	L-30_1	Astronaut 1	L-30	L	28.3403793966903
L-30_1_AGGTCGAACCGGAGCGGCGT	1	L-30_1	Astronaut 1	L-30	L	29.2202515094906
L-30_1_AGGTCGATATCCGCTGCGAA	9	L-30_1	Astronaut 1	L-30	L	28.3920151215244
L-30_1_ATCCTAGGTCGCAGGGCGAA	1	L-30_1	Astronaut 1	L-30	L	30.8974874085705
L-30_1_ATCCTATGGCGGCAGGCGAA	4	L-30_1	Astronaut 1	L-30	L	23.6585530469742
L-30_1_ATCCTGCCTTCAGTTGATGA	4	L-30_1	Astronaut 1	L-30	L	30.2541880938892
L-30_1_ATCCTGGCAGCTACGGATAT	0	L-30_1	Astronaut 1	L-30	L	26.7769763287829
L-30_1_ATCCTGTCCGGTATCGGCGT	2	L-30_1	Astronaut 1	L-30	L	25.3212490776343
L-30_1_ATCCTTTATGGCTCTGCAGG	1	L-30_1	Astronaut 1	L-30	L	36.237981778757
L-30_1_ATCTGAAGGTGCTTGGCAGG	1	L-30_1	Astronaut 1	L-30	L	27.3109748345097
L-30_1_ATCTGAGGTCGCGAAGCGAA	4	L-30_1	Astronaut 1	L-30	L	25.9250249957931
L-30_1_ATCTGATCTGCCATAGATAT	0	L-30_1	Astronaut 1	L-30	L	32.3966196910374
L-30_1_ATCTGCGAAGGCGAAGTAAT	3	L-30_1	Astronaut 1	L-30	L	30.1274550360471
L-30_1_ATCTGGCTCTGATATGGCAG	9	L-30_1	Astronaut 1	L-30	L	32.9508810537218
L-30_1_ATGGCAACGACGGCAGATAT	0	L-30_1	Astronaut 1	L-30	L	30.4960050682522
L-30_1_ATGGCCGCCTCTGGAGGCGT	6	L-30_1	Astronaut 1	L-30	L	20.4523500622272
L-30_1_ATGGCTAGAGCTCCAGATAT	3	L-30_1	Astronaut 1	L-30	L	34.6168270419245
L-30_1_ATTACAAGACGACTGGGCAG	1	L-30_1	Astronaut 1	L-30	L	28.263363522575
L-30_1_ATTACACCTACAGCGGCAGG	1	L-30_1	Astronaut 1	L-30	L	18.9900526251699
L-30_1_ATTACTTATGCGATTGGCAG	0	L-30_1	Astronaut 1	L-30	L	23.6511910025335
L-30_1_ATTACTTCGACAATCGCGAA	1	L-30_1	Astronaut 1	L-30	L	22.743186853668
L-30_1_ATTCAACCTACTACGGATGA	8	L-30_1	Astronaut 1	L-30	L	33.4896111964705
L-30_1_ATTCACGATTGACTGGGCGT	0	L-30_1	Astronaut 1	L-30	L	24.6661805580656
L-30_1_ATTCATATGCCGCAAGCAAC	6	L-30_1	Astronaut 1	L-30	L	29.0451640649164
L-30_1_ATTCATATGCGGAGCGGCAG	9	L-30_1	Astronaut 1	L-30	L	23.6586694705454
L-30_1_ATTCATGCGCGGCAGGCAGG	7	L-30_1	Astronaut 1	L-30	L	7.26331008927551
L-30_1_ATTGGTAAGGCCATAGGCGT	2	L-30_1	Astronaut 1	L-30	L	25.2194366461869
L-30_1_ATTGGTATGCGCCTTGGCAG	1	L-30_1	Astronaut 1	L-30	L	32.1512006414534
L-30_1_CAACTATCCTCAACTGCGAA	0	L-30_1	Astronaut 1	L-30	L	30.0911628818366
L-30_1_CAACTATTCAGTAGAGTAAT	0	L-30_1	Astronaut 1	L-30	L	19.8210629132615
L-30_1_CAACTCCATAGCTGCGATAT	1	L-30_1	Astronaut 1	L-30	L	32.1397806727595
L-30_1_CAACTCCATAGCTGCGCAAC	0	L-30_1	Astronaut 1	L-30	L	33.5609860562113
L-30_1_CAACTCTACGGGTCCGCAAC	7	L-30_1	Astronaut 1	L-30	L	28.3213013050976
L-30_1_CAACTGACTGGATATGGCAG	6	L-30_1	Astronaut 1	L-30	L	27.716548073138
L-30_1_CAACTGGTCCCGACCGATGA	1	L-30_1	Astronaut 1	L-30	L	32.0961455625712
L-30_1_CAATCAACCGCGTCGGATAT	6	L-30_1	Astronaut 1	L-30	L	29.6190379084922
L-30_1_CAATCCGAAGGGAGCGATAT	0	L-30_1	Astronaut 1	L-30	L	33.3480265079038
L-30_1_CAATCGGTCCCCGCTGCAGG	0	L-30_1	Astronaut 1	L-30	L	25.3563208778243
L-30_1_CAGAAAAGCAGTATCGCGAA	4	L-30_1	Astronaut 1	L-30	L	29.2699235561538
L-30_1_CAGAACTCCACGCTCGCAGG	9	L-30_1	Astronaut 1	L-30	L	27.2791098162061
L-30_1_CAGAAGTAATCTACGGCAAC	2	L-30_1	Astronaut 1	L-30	L	33.939015577099
L-30_1_CAGCGAACTCGCTGCGTAAT	9	L-30_1	Astronaut 1	L-30	L	30.677330591951
L-30_1_CAGCGGGTAACAATCGATAT	2	L-30_1	Astronaut 1	L-30	L	28.3516894543441
L-30_1_CAGTTAGAGTGTAATGCAGG	1	L-30_1	Astronaut 1	L-30	L	33.9390157992094
L-30_1_CCATAAACCGCGGCAGATGA	0	L-30_1	Astronaut 1	L-30	L	28.5559745034415
L-30_1_CCATACCGCTCGCAAGGCAG	1	L-30_1	Astronaut 1	L-30	L	36.247305400428
L-30_1_CCATAGAACCGCAACGATAT	4	L-30_1	Astronaut 1	L-30	L	9.5207109430844
L-30_1_CCGCTACTCGGAACCGATAT	0	L-30_1	Astronaut 1	L-30	L	22.6006636813908
L-30_1_CCGCTAGTTGATTCAGCAAC	5	L-30_1	Astronaut 1	L-30	L	17.2353200046122
L-30_1_CCGCTGCGAAGAACCGGCGT	8	L-30_1	Astronaut 1	L-30	L	20.3236490155976
L-30_1_CCTAGACGATCAGTTGCAGG	2	L-30_1	Astronaut 1	L-30	L	25.9250252179034
L-30_1_CCTAGATCTGCAGAAGCAGG	6	L-30_1	Astronaut 1	L-30	L	32.5137533424471
L-30_1_CCTAGCCTCAGCAACGTAAT	5	L-30_1	Astronaut 1	L-30	L	34.8420609025611
L-30_1_CCTAGCGATTCAGCGGGCAG	5	L-30_1	Astronaut 1	L-30	L	21.5377267348514
L-30_1_CCTAGGAGCTGCAACGCGAA	2	L-30_1	Astronaut 1	L-30	L	31.7667843910668
L-30_1_CCTAGGATATCTCCAGATGA	2	L-30_1	Astronaut 1	L-30	L	10.662629292077
L-30_1_CCTAGTGCGCCCATAGCAGG	0	L-30_1	Astronaut 1	L-30	L	30.2225407187226
L-30_1_CCTCAAACGACCATAGATGA	0	L-30_1	Astronaut 1	L-30	L	32.4974282477791
L-30_1_CCTCACGGCAGATGAGATAT	5	L-30_1	Astronaut 1	L-30	L	30.091163103947
L-30_1_CCTCATGGACCCATAGTAAT	0	L-30_1	Astronaut 1	L-30	L	25.8162492452774
L-30_1_CGAAGAACTCCGATTGATGA	3	L-30_1	Astronaut 1	L-30	L	25.8395686448372
L-30_1_CGAAGAGAACGACTGGATGA	1	L-30_1	Astronaut 1	L-30	L	26.1433352763123
L-30_1_CGAAGCTACGCTTAAGATGA	0	L-30_1	Astronaut 1	L-30	L	34.7529008406892
L-30_1_CGAAGTAGAGGGCAGGTAAT	1	L-30_1	Astronaut 1	L-30	L	24.7467129557293
L-30_1_CGAAGTATTGGCAGGGGCGT	9	L-30_1	Astronaut 1	L-30	L	17.5235228564376
L-30_1_CGACCAACGAGCTCTGCAAC	9	L-30_1	Astronaut 1	L-30	L	36.869833930736
L-30_1_CGACCCGTCGCAATCGCGAA	2	L-30_1	Astronaut 1	L-30	L	34.4575260721973
L-30_1_CGACCCTGGAGACTGGCAGG	2	L-30_1	Astronaut 1	L-30	L	25.2372256044844
L-30_1_CGACCGACTGCAGAAGATAT	3	L-30_1	Astronaut 1	L-30	L	31.6203217612739
L-30_1_CGACCGTCTAGCGAAGCAAC	1	L-30_1	Astronaut 1	L-30	L	7.25042382614492
L-30_1_CGACCTAGGAGCAGGGATAT	9	L-30_1	Astronaut 1	L-30	L	37.4325908369971
L-30_1_CGACCTATTGATTGGGCAGG	2	L-30_1	Astronaut 1	L-30	L	20.6175219897028
L-30_1_CGACCTCTACCTAACGTAAT	6	L-30_1	Astronaut 1	L-30	L	24.7467131778397
L-30_1_CGATTACCAGGCTTGGCGAA	4	L-30_1	Astronaut 1	L-30	L	34.7529010627996
L-30_1_CGATTACTTCCTAACGATAT	0	L-30_1	Astronaut 1	L-30	L	32.440431639339
L-30_1_CGATTATGCGGATATGTAAT	3	L-30_1	Astronaut 1	L-30	L	26.1433354984227
L-30_1_CGATTGAGTCCCTCAGATAT	4	L-30_1	Astronaut 1	L-30	L	27.4942231156039
L-30_1_CGCAAACCAGGTATCGCAGG	5	L-30_1	Astronaut 1	L-30	L	24.7461816770138
L-30_1_CGCAACGGCAGGCGTGTAAT	1	L-30_1	Astronaut 1	L-30	L	37.0305918639829
L-30_1_CGCAAGGAGCCGTCGGATGA	0	L-30_1	Astronaut 1	L-30	L	32.1920006171941
L-30_1_CGCCTAACGAATTCAGCGAA	1	L-30_1	Astronaut 1	L-30	L	37.0752378315324
L-30_1_CGCCTCGCCTCCTAGGATGA	0	L-30_1	Astronaut 1	L-30	L	26.8765784859241
L-30_1_CGCCTCGCCTCTACGGATAT	3	L-30_1	Astronaut 1	L-30	L	26.3384138017567
L-30_1_CGCCTTATCTCGCCTGGCGT	0	L-30_1	Astronaut 1	L-30	L	27.7101538110726
L-30_1_CGCTCATTCACAGAAGGCGT	1	L-30_1	Astronaut 1	L-30	L	20.3226040069292
L-30_1_CGCTCCGGATGCTTGGTAAT	5	L-30_1	Astronaut 1	L-30	L	25.785015180164
L-30_1_CGCTCGATATGGAGCGGCGT	2	L-30_1	Astronaut 1	L-30	L	22.3598384147859
L-30_1_CGCTCGTTAGCGCCTGATGA	9	L-30_1	Astronaut 1	L-30	L	32.9669048062795
L-30_1_CGCTCTTCGACCATAGCGAA	7	L-30_1	Astronaut 1	L-30	L	9.22272179395331
L-30_1_CGGATGCAGGCCTAGGCAGG	1	L-30_1	Astronaut 1	L-30	L	20.4705706732883
L-30_1_CGGATGCTCTGATATGATGA	2	L-30_1	Astronaut 1	L-30	L	29.0379123413933
L-30_1_CGGATTCATCCAGAAGGCGT	0	L-30_1	Astronaut 1	L-30	L	20.4249397481895
L-30_1_CGGCAAGAACGGCAGGCGAA	4	L-30_1	Astronaut 1	L-30	L	29.9944844637738
L-30_1_CGTCGCAGAAATTGGGGCAG	9	L-30_1	Astronaut 1	L-30	L	24.7467133999501
L-30_1_CGTCGGAACCCGACCGGCAG	9	L-30_1	Astronaut 1	L-30	L	34.7548187456286
L-30_1_CGTCGGGTAACGACCGGCAG	0	L-30_1	Astronaut 1	L-30	L	27.2663053328487
L-30_1_CGTCGTCAGTCTGGAGATAT	4	L-30_1	Astronaut 1	L-30	L	36.7337193240656
L-30_1_CTAACCGCAACGACCGGCAG	3	L-30_1	Astronaut 1	L-30	L	17.4504573224373
L-30_1_CTAACGTTAGCAGTTGTAAT	1	L-30_1	Astronaut 1	L-30	L	33.9390160213198
L-30_1_CTACGATTCAATTGGGATAT	1	L-30_1	Astronaut 1	L-30	L	34.7548189677389
L-30_1_CTACGTTCGAGACTGGCAAC	0	L-30_1	Astronaut 1	L-30	L	24.7038926949047
L-30_1_CTAGTCAACTCGTCGGCGAA	3	L-30_1	Astronaut 1	L-30	L	25.8395688669476
L-30_1_CTAGTGCGGTGGAGCGATGA	0	L-30_1	Astronaut 1	L-30	L	28.602467740683
L-30_1_CTAGTGTATCGAACCGGCGT	0	L-30_1	Astronaut 1	L-30	L	25.9250254400138
L-30_1_CTCCAAAGACCTCCAGATGA	5	L-30_1	Astronaut 1	L-30	L	22.0259846209634
L-30_1_CTCCATATCTCAGAAGGCGT	0	L-30_1	Astronaut 1	L-30	L	20.4216000253262
L-30_1_CTGGAAGAGTCCATAGATGA	7	L-30_1	Astronaut 1	L-30	L	36.0350555840461
L-30_1_CTGGAAGGCTCTACGGATAT	5	L-30_1	Astronaut 1	L-30	L	33.4173133835904
L-30_1_CTGGACGGCAGTATCGTAAT	5	L-30_1	Astronaut 1	L-30	L	14.5263915880871
L-30_1_CTGGACGTCGGGTAAGGCGT	3	L-30_1	Astronaut 1	L-30	L	24.5788310658096
L-30_1_CTGGAGCTGCGCTCTGCAAC	4	L-30_1	Astronaut 1	L-30	L	4.49759901838848
L-30_1_CTGGAGTATCATTCAGTAAT	2	L-30_1	Astronaut 1	L-30	L	26.342363827064
L-30_1_CTGGATACGTCTAGTGTAAT	2	L-30_1	Astronaut 1	L-30	L	26.3394276385138
L-30_1_CTGGATATGCGGCGTGATGA	8	L-30_1	Astronaut 1	L-30	L	27.4822796017166
L-30_1_CTGGATCCGGCTAGTGCAAC	9	L-30_1	Astronaut 1	L-30	L	21.5410353046001
L-30_1_CTTAAATCCTGTATCGTAAT	6	L-30_1	Astronaut 1	L-30	L	35.8202745407485
L-30_1_CTTAACGCAACTACGGATGA	9	L-30_1	Astronaut 1	L-30	L	29.2278851807922
L-30_1_CTTAAGAACCCGGATGGCGT	0	L-30_1	Astronaut 1	L-30	L	26.2899050602105
L-30_1_CTTAAGAGCTCAGAAGCAGG	4	L-30_1	Astronaut 1	L-30	L	31.9620193055073
L-30_1_CTTAAGGCAGGCGAAGCGAA	8	L-30_1	Astronaut 1	L-30	L	20.6282896799026
L-30_1_GAACCATTCACGATTGCAGG	4	L-30_1	Astronaut 1	L-30	L	34.3219807600728
L-30_1_GAACCCTGGAGGCGTGCAGG	0	L-30_1	Astronaut 1	L-30	L	19.7952837469473
L-30_1_GAACCGGTCCGATGAGCAGG	1	L-30_1	Astronaut 1	L-30	L	28.2633637446854
L-30_1_GAACCGTCTACAATCGGCAG	9	L-30_1	Astronaut 1	L-30	L	17.4504575445477
L-30_1_GAACCTCAGTCTTAAGCAAC	9	L-30_1	Astronaut 1	L-30	L	34.7829916031782
L-30_1_GAACCTCATCCAGCGGCAAC	6	L-30_1	Astronaut 1	L-30	L	24.4186540220838
L-30_1_GAGCTAAGACCGATTGTAAT	6	L-30_1	Astronaut 1	L-30	L	32.8111456492212
L-30_1_GAGCTCGACCCAATCGCAAC	1	L-30_1	Astronaut 1	L-30	L	29.2421831081072
L-30_1_GAGCTCGGATCTGGAGCGAA	0	L-30_1	Astronaut 1	L-30	L	32.8208124395839
L-30_1_GAGCTGCAACGCGGTGATGA	1	L-30_1	Astronaut 1	L-30	L	30.0951083128371
L-30_1_GAGCTGTAATGAGTCGTAAT	9	L-30_1	Astronaut 1	L-30	L	31.1602897947975
L-30_1_GAGTCCAGTTGTATCGATGA	1	L-30_1	Astronaut 1	L-30	L	25.9250256621242
L-30_1_GAGTCCCTCACGATTGGCGT	6	L-30_1	Astronaut 1	L-30	L	21.5377269569618
L-30_1_GAGTCGCCTTGACTGGCAAC	1	L-30_1	Astronaut 1	L-30	L	29.2756881976977
L-30_1_GATATCTTAAGCTTGGATAT	0	L-30_1	Astronaut 1	L-30	L	29.9944846858842
L-30_1_GATATGGTCCGCTCTGATGA	5	L-30_1	Astronaut 1	L-30	L	27.7180236626829
L-30_1_GATGATTATGCCTAGGGCAG	6	L-30_1	Astronaut 1	L-30	L	34.8996471518941
L-30_1_GCAACCGTCGGAACCGATGA	0	L-30_1	Astronaut 1	L-30	L	32.370423121606
L-30_1_GCAACGAACCGTAGAGCAGG	1	L-30_1	Astronaut 1	L-30	L	34.8510243653816
L-30_1_GCCTTCAACTCTAACGATGA	5	L-30_1	Astronaut 1	L-30	L	22.9137396647034
L-30_1_GCCTTGAGCTATTCAGCAGG	1	L-30_1	Astronaut 1	L-30	L	20.4916434318625
L-30_1_GCGAACGACCCTTAAGATAT	5	L-30_1	Astronaut 1	L-30	L	34.3219809821832
L-30_1_GCGAATACGTGAGTCGCAAC	2	L-30_1	Astronaut 1	L-30	L	28.3305714603697
L-30_1_GCTCTCAATCGCAGGGATGA	0	L-30_1	Astronaut 1	L-30	L	21.8866037907521
L-30_1_GCTCTCGAAGGGCGTGCAAC	0	L-30_1	Astronaut 1	L-30	L	32.0156496665362
L-30_1_GCTCTCTGGAGATATGATGA	0	L-30_1	Astronaut 1	L-30	L	25.9250258842346
L-30_1_GCTCTGCAGGCTAGTGATAT	3	L-30_1	Astronaut 1	L-30	L	35.6855302090683
L-30_1_GCTCTTGCTAGGTCCGGCGT	0	L-30_1	Astronaut 1	L-30	L	29.2194985635146
L-30_1_GCTGCAACTCCGATTGATAT	6	L-30_1	Astronaut 1	L-30	L	26.1433357205331
L-30_1_GCTGCAAGACGATATGATGA	4	L-30_1	Astronaut 1	L-30	L	25.3268259436522
L-30_1_GCTGCAGGCTGCAGGGATGA	8	L-30_1	Astronaut 1	L-30	L	23.7819769551236
L-30_1_GCTGCCGATTCTTAAGCGAA	0	L-30_1	Astronaut 1	L-30	L	33.9390162434301
L-30_1_GCTGCCGGCAGCTCTGGCGT	1	L-30_1	Astronaut 1	L-30	L	17.2349496227412
L-30_1_GCTGCCTTAACTGGAGATAT	0	L-30_1	Astronaut 1	L-30	L	29.2118064678486
L-30_1_GCTGCGGCAGGACTGGATAT	7	L-30_1	Astronaut 1	L-30	L	26.8948285649188
L-30_1_GCTTGATCCTCTGGAGGCGT	0	L-30_1	Astronaut 1	L-30	L	24.7789713564515
L-30_1_GCTTGTCCGGGTATCGATAT	8	L-30_1	Astronaut 1	L-30	L	27.4778398844576
L-30_1_GGAGCCAGTTGAGTCGATGA	3	L-30_1	Astronaut 1	L-30	L	25.6486925777721
L-30_1_GGAGCGCTTGCTTAAGCGAA	5	L-30_1	Astronaut 1	L-30	L	27.2721180923531
L-30_1_GGAGCTCCGGGAGCTGGCAG	0	L-30_1	Astronaut 1	L-30	L	30.424266193149
L-30_1_GGAGCTTGAAGCGGTGCAAC	2	L-30_1	Astronaut 1	L-30	L	24.6767503879753
L-30_1_GGCAGCGTCGGCAGGGATAT	0	L-30_1	Astronaut 1	L-30	L	21.0769669352956
L-30_1_GGCAGTGAGAGAACCGCAGG	8	L-30_1	Astronaut 1	L-30	L	14.5263918101974
L-30_1_GGCGTCGATTGAACCGGCGT	6	L-30_1	Astronaut 1	L-30	L	20.4342747121639
L-30_1_GGTAATGAGAGCTTGGATGA	1	L-30_1	Astronaut 1	L-30	L	26.402974411653
L-30_1_GGTAATTAGCCCGCTGCGAA	4	L-30_1	Astronaut 1	L-30	L	29.9944849079946
L-30_1_GGTAATTCGAATTGGGCAGG	1	L-30_1	Astronaut 1	L-30	L	30.0911633260574
L-30_1_GGTCCATCCTCGCTCGCGAA	3	L-30_1	Astronaut 1	L-30	L	28.3204364469103
L-30_1_GGTCCCAACTGCGGTGGCGT	0	L-30_1	Astronaut 1	L-30	L	7.29327628744479
L-30_1_GGTCCCTCCACAGTTGGCGT	3	L-30_1	Astronaut 1	L-30	L	27.4913847108065
L-30_1_GGTCCTATTGGTATCGATGA	0	L-30_1	Astronaut 1	L-30	L	32.5850673541484
L-30_1_GGTCCTGAGACAGCGGGCAG	8	L-30_1	Astronaut 1	L-30	L	28.4348372418981
L-30_1_GTAATCAGCGCGACCGGCAG	3	L-30_1	Astronaut 1	L-30	L	30.2019852789906
L-30_1_GTAATGCAGGGATATGCGAA	9	L-30_1	Astronaut 1	L-30	L	7.2554990133902
L-30_1_GTAGACGGCACTACGGCAGG	0	L-30_1	Astronaut 1	L-30	L	20.1107019219464
L-30_1_GTAGAGCTTGCTAACGATAT	7	L-30_1	Astronaut 1	L-30	L	28.3666965068021
L-30_1_GTAGAGGTAAGATATGCGAA	5	L-30_1	Astronaut 1	L-30	L	30.1431355597992
L-30_1_GTAGAGTTAGGGTCCGGCGT	4	L-30_1	Astronaut 1	L-30	L	17.4504577666581
L-30_1_GTATCCGCAAGGCAGGGCAG	1	L-30_1	Astronaut 1	L-30	L	26.2304747401522
L-30_1_GTATCCTAACCCATAGCAAC	2	L-30_1	Astronaut 1	L-30	L	28.2633639667958
L-30_1_GTATCGTTAGCTAACGATAT	0	L-30_1	Astronaut 1	L-30	L	33.5660207549128
L-30_1_GTATCTAGGACTAGTGCAAC	0	L-30_1	Astronaut 1	L-30	L	27.5455981855421
L-30_1_GTATCTCTACGGTCCGCAGG	3	L-30_1	Astronaut 1	L-30	L	25.230074546218
L-30_1_GTCCGATCTGGTATCGCGAA	4	L-30_1	Astronaut 1	L-30	L	32.0795517474439
L-30_1_GTCCGATGGCCAGCGGATGA	3	L-30_1	Astronaut 1	L-30	L	23.640801537721
L-30_1_GTCCGTCCGGCCGCTGATAT	5	L-30_1	Astronaut 1	L-30	L	26.8737804964109
L-30_1_GTCTAAGAGTCCTAGGCAGG	2	L-30_1	Astronaut 1	L-30	L	11.3501509691019
L-30_1_GTCTATAGGAGAGCTGCGAA	1	L-30_1	Astronaut 1	L-30	L	35.7022445564946
L-30_1_GTCTATATCTGCGAAGCAAC	1	L-30_1	Astronaut 1	L-30	L	36.5678612114822
L-30_1_GTCTATATTGCCTCAGATAT	0	L-30_1	Astronaut 1	L-30	L	30.1170704745048
L-30_1_GTCTATTCATGCTGCGATAT	0	L-30_1	Astronaut 1	L-30	L	34.8227207289635
L-30_1_GTTAGACTTCCGCTCGATAT	0	L-30_1	Astronaut 1	L-30	L	30.2107809785116
L-30_1_GTTAGCTCCAGTATCGATGA	0	L-30_1	Astronaut 1	L-30	L	27.4936838359867
L-30_1_GTTAGGCCTTATTCAGATGA	0	L-30_1	Astronaut 1	L-30	L	33.0023590599476
L-30_1_TAAGGCCGCTCCGCTGATGA	1	L-30_1	Astronaut 1	L-30	L	25.925026106345
L-30_1_TAAGGCGGCAGCTCTGGCAG	1	L-30_1	Astronaut 1	L-30	L	23.3833825535022
L-30_1_TAAGGGCCTTGCTCTGGCGT	9	L-30_1	Astronaut 1	L-30	L	16.6864035087745
L-30_1_TAAGGGGCGTGTAATGGCAG	4	L-30_1	Astronaut 1	L-30	L	34.3219812042936
L-30_1_TACGTACTCGGTATCGCGAA	1	L-30_1	Astronaut 1	L-30	L	34.5676350547281
L-30_1_TACGTCCGCTCAGCGGGCGT	3	L-30_1	Astronaut 1	L-30	L	21.0747238638624
L-30_1_TACGTTCAGTCTTAAGATAT	6	L-30_1	Astronaut 1	L-30	L	32.5850675762588
L-30_1_TAGAGAACGACTCCAGATAT	3	L-30_1	Astronaut 1	L-30	L	33.0213505736954
L-30_1_TAGAGATCCTGGCAGGGCAG	1	L-30_1	Astronaut 1	L-30	L	25.6486927998825
L-30_1_TAGAGCGCCTGAGTCGGCAG	1	L-30_1	Astronaut 1	L-30	L	27.5147446842082
L-30_1_TAGAGGCTGCCTACGGATGA	0	L-30_1	Astronaut 1	L-30	L	31.9620195276177
L-30_1_TAGAGGCTGCGGTCCGCAGG	2	L-30_1	Astronaut 1	L-30	L	36.8698341528464
L-30_1_TAGGAAGTTGCGAAGGCAAC	6	L-30_1	Astronaut 1	L-30	L	26.6850172567405
L-30_1_TAGGACGCCTCAGAAGGCAG	9	L-30_1	Astronaut 1	L-30	L	29.0041482450534
L-30_1_TAGGACGGCACCTAGGATGA	0	L-30_1	Astronaut 1	L-30	L	26.3605332291045
L-30_1_TAGGACTCCACCATAGGCGT	1	L-30_1	Astronaut 1	L-30	L	7.24235563339055
L-30_1_TAGGACTCCACTAACGGCGT	9	L-30_1	Astronaut 1	L-30	L	26.6850174788509
L-30_1_TAGGAGACTGGCTGCGTAAT	1	L-30_1	Astronaut 1	L-30	L	30.0911635481678
L-30_1_TAGGATCTACGCAGGGATGA	5	L-30_1	Astronaut 1	L-30	L	25.2529444288179
L-30_1_TATCTATTCACAGTTGATGA	1	L-30_1	Astronaut 1	L-30	L	27.2623871920784
L-30_1_TATCTGCGAAATTCAGGCAG	7	L-30_1	Astronaut 1	L-30	L	30.1172696446436
L-30_1_TATCTTATTGGACTGGATGA	4	L-30_1	Astronaut 1	L-30	L	27.2680436929276
L-30_1_TATGCAGCGGGCGAAGCAGG	0	L-30_1	Astronaut 1	L-30	L	20.3308633305212
L-30_1_TATGCATCTGATTGGGATAT	4	L-30_1	Astronaut 1	L-30	L	32.5090299176473
L-30_1_TATGCGGCGTGCCTTGATAT	0	L-30_1	Astronaut 1	L-30	L	21.5377271790722
L-30_1_TATGCTCTACCAGCGGATAT	4	L-30_1	Astronaut 1	L-30	L	22.0336656634678
L-30_1_TATTGAACGAGCAACGGCAG	0	L-30_1	Astronaut 1	L-30	L	25.839569089058
L-30_1_TATTGCCATACTACGGATGA	2	L-30_1	Astronaut 1	L-30	L	27.2677410745685
L-30_1_TATTGGAGTCCTGGAGCGAA	9	L-30_1	Astronaut 1	L-30	L	28.2633641889062
L-30_1_TCAGTGATATGGAGCGCAAC	2	L-30_1	Astronaut 1	L-30	L	27.7125417024017
L-30_1_TCAGTTGCTACGCAAGATGA	4	L-30_1	Astronaut 1	L-30	L	22.6539281962813
L-30_1_TCATCATGCGGCTGCGGCGT	0	L-30_1	Astronaut 1	L-30	L	29.0171374333814
L-30_1_TCATCCAGCGCCTAGGATGA	4	L-30_1	Astronaut 1	L-30	L	33.4889029393287
L-30_1_TCATCGCGAACGATTGCGAA	6	L-30_1	Astronaut 1	L-30	L	17.7396252181087
L-30_1_TCATCTATCTGCTGCGATGA	5	L-30_1	Astronaut 1	L-30	L	29.270861472842
L-30_1_TCATCTCATCATTCAGATGA	0	L-30_1	Astronaut 1	L-30	L	35.8287811860641
L-30_1_TCCGGGATATCGGATGCAGG	6	L-30_1	Astronaut 1	L-30	L	7.25840473191803
L-30_1_TCCGGGCCTTGGCAGGATGA	0	L-30_1	Astronaut 1	L-30	L	28.5852115914751
L-30_1_TCCGGTGGACCCGCTGGCAG	9	L-30_1	Astronaut 1	L-30	L	34.585890556558
L-30_1_TCGCGCGAAGCTACGGCGAA	1	L-30_1	Astronaut 1	L-30	L	34.321981426404
L-30_1_TCGCGCGGCACGACCGATGA	7	L-30_1	Astronaut 1	L-30	L	27.715595154846
L-30_1_TCGCGGACTGCGCCTGATAT	5	L-30_1	Astronaut 1	L-30	L	27.4896263111014
L-30_1_TCGCGTCGTAGGTAAGGCAG	5	L-30_1	Astronaut 1	L-30	L	30.5799921518243
L-30_1_TCGTAACCAGGCAACGCGAA	5	L-30_1	Astronaut 1	L-30	L	25.6676460293976
L-30_1_TCGTAGGTCCCCGCTGCAGG	9	L-30_1	Astronaut 1	L-30	L	33.9390164655405
L-30_1_TCGTATAGGAGCTGCGATGA	4	L-30_1	Astronaut 1	L-30	L	29.0037371151897
L-30_1_TCTACGAGCTGCTTGGCAGG	2	L-30_1	Astronaut 1	L-30	L	32.5130361636894
L-30_1_TCTACGCAACGGAGCGCAAC	0	L-30_1	Astronaut 1	L-30	L	10.6626295141874
L-30_1_TCTACTAAGGGTATCGCGAA	4	L-30_1	Astronaut 1	L-30	L	26.295997465786
L-30_1_TGAGATCTACCGACCGCGAA	9	L-30_1	Astronaut 1	L-30	L	28.9711405770387
L-30_1_TGAGATGCGCGGTAAGCGAA	6	L-30_1	Astronaut 1	L-30	L	25.2314154309895
L-30_1_TGCGCCCGCTCCATAGATGA	4	L-30_1	Astronaut 1	L-30	L	29.22283181707
L-30_1_TGCGCGCTTGGTATCGGCGT	6	L-30_1	Astronaut 1	L-30	L	23.4913460705504
L-30_1_TGCTAACTAACTTAAGATGA	5	L-30_1	Astronaut 1	L-30	L	29.2114249313308
L-30_1_TGCTAATCTGCTACGGGCAG	1	L-30_1	Astronaut 1	L-30	L	36.5677036776354
L-30_1_TGCTACTACGGCCTTGCGAA	1	L-30_1	Astronaut 1	L-30	L	30.1163364808924
L-30_1_TGCTAGCGGTCCTCAGGCGT	9	L-30_1	Astronaut 1	L-30	L	26.8737807185213
L-30_1_TGCTAGCTCTCTACGGATAT	0	L-30_1	Astronaut 1	L-30	L	22.3792921081244
L-30_1_TGGACATGCGGCAACGCGAA	4	L-30_1	Astronaut 1	L-30	L	35.9304355684484
L-30_1_TGGACCGATTCGATTGCGAA	0	L-30_1	Astronaut 1	L-30	L	32.9480346209211
L-30_1_TGGACCGCCTCGGCAGGCAG	2	L-30_1	Astronaut 1	L-30	L	7.22481414528039
L-30_1_TGGACCTTAACTCCAGTAAT	5	L-30_1	Astronaut 1	L-30	L	32.5850677983691
L-30_1_TTAGCATTACCTAGTGATAT	0	L-30_1	Astronaut 1	L-30	L	32.5850680204795
L-30_1_TTAGCGCGAAGAGTCGCGAA	4	L-30_1	Astronaut 1	L-30	L	25.9163547973839
L-30_1_TTAGCGCGGTCCATAGGCGT	0	L-30_1	Astronaut 1	L-30	L	24.3786760787159
L-30_1_TTAGCGGTCCGAGCTGATGA	5	L-30_1	Astronaut 1	L-30	L	27.4906534662821
L-30_1_TTAGCTTCATCTTAAGCGAA	0	L-30_1	Astronaut 1	L-30	L	32.4177688603144
L-30_1_TTATGCCTCAGCAGGGGCGT	0	L-30_1	Astronaut 1	L-30	L	28.2813053320818
L-30_1_TTATGCGCTCCCATAGTAAT	5	L-30_1	Astronaut 1	L-30	L	29.0189216639151
L-30_1_TTATGCTTAACCATAGATGA	9	L-30_1	Astronaut 1	L-30	L	31.9620197497281
L-30_1_TTATGGACTGGCAGGGATGA	0	L-30_1	Astronaut 1	L-30	L	22.8588278891928
L-30_1_TTATGGCCTTCGACCGGCGT	0	L-30_1	Astronaut 1	L-30	L	34.3219816485144
L-30_1_TTATGGGTAAGGTCCGATAT	0	L-30_1	Astronaut 1	L-30	L	27.2806888902546
L-30_1_TTATGTATGCCTAGTGCGAA	9	L-30_1	Astronaut 1	L-30	L	33.4046379397973
L-30_1_TTATGTCCGGCGGCAGATAT	3	L-30_1	Astronaut 1	L-30	L	37.5322444799758
L-30_1_TTCATACTCGGTAATGATAT	1	L-30_1	Astronaut 1	L-30	L	38.5581832687785
L-30_1_TTCATATTACCCGCTGGCGT	4	L-30_1	Astronaut 1	L-30	L	25.2817515461314
L-30_1_TTCATCGATTCAGTTGCAAC	4	L-30_1	Astronaut 1	L-30	L	30.1141332412791
L-30_1_TTCATGAGTCGAGTCGTAAT	1	L-30_1	Astronaut 1	L-30	L	24.3073860748262
L-30_1_TTCATGTAGACGGATGATGA	5	L-30_1	Astronaut 1	L-30	L	26.8793967712205
L-30_1_TTCGAAAGACCAATCGATAT	5	L-30_1	Astronaut 1	L-30	L	27.5349877365385
L-30_1_TTCGAATCTGCAGAAGATAT	1	L-30_1	Astronaut 1	L-30	L	28.2734368456353
L-30_1_TTCGACGCAAGTAATGATAT	5	L-30_1	Astronaut 1	L-30	L	30.1131357108803
L-30_1_TTCGACGTCGCTACGGCAGG	5	L-30_1	Astronaut 1	L-30	L	24.7467136220605
L-30_1_TTCGAGTCCGGCCTTGGCGT	0	L-30_1	Astronaut 1	L-30	L	34.4036775829075
L-30_1_TTCGAGTTAGGATGAGCGAA	6	L-30_1	Astronaut 1	L-30	L	37.0752380536428
L-30_1_TTCGATTCATGCGGTGCAGG	1	L-30_1	Astronaut 1	L-30	L	29.6756138631827
L-30_1_TTGAAATTGGCCTCAGATGA	1	L-30_1	Astronaut 1	L-30	L	28.3479793125603
L-30_1_TTGAACAGCGCCTAGGCGAA	1	L-30_1	Astronaut 1	L-30	L	28.9832783505967
L-30_1_TTGAAGCGGTCAGAAGCGAA	2	L-30_1	Astronaut 1	L-30	L	26.6850177009613
L-30_1_TTGAAGCGGTCGAAGGGCGT	7	L-30_1	Astronaut 1	L-30	L	10.2677115685333
L-30_1_TTGAATTATGCCATAGGCGT	2	L-30_1	Astronaut 1	L-30	L	34.5183814082991
L-30_1_TTGAATTATGCGACCGGCGT	0	L-30_1	Astronaut 1	L-30	L	29.994485130105
L-30_2_ACCAGAGCGGCAGCGGGCGTC	8	L-30_2	Astronaut 2	L-30	L	14.5263920323078
L-30_2_ACCTAATTACGCAGGGGTAAC	3	L-30_2	Astronaut 2	L-30	L	34.3219818706248
L-30_2_ACTTCTACGTGATATGTATCC	5	L-30_2	Astronaut 2	L-30	L	33.0253124967831
L-30_2_AGGTCGAGCTCGACCTACGTC	1	L-30_2	Astronaut 2	L-30	L	37.751376005258
L-30_2_ATCTGATCCTGATATTATCTC	1	L-30_2	Astronaut 2	L-30	L	37.5322447020861
L-30_2_ATTCAATTGGCTCCATCATCC	8	L-30_2	Astronaut 2	L-30	L	37.0752382757531
L-30_2_CAACTTAAGGCAGCGTCGCGC	2	L-30_2	Astronaut 2	L-30	L	37.297942770489
L-30_2_CAGCGAACGACGATTTGAGAC	1	L-30_2	Astronaut 2	L-30	L	34.3219820927351
L-30_2_CAGCGTAGGACGATTTGAGAC	1	L-30_2	Astronaut 2	L-30	L	36.8698343749568
L-30_2_CAGTTATCCTGAGTCTGCGCC	4	L-30_2	Astronaut 2	L-30	L	37.2979429925994
L-30_2_CAGTTTAGAGCTAACTGCGCC	2	L-30_2	Astronaut 2	L-30	L	34.3219823148455
L-30_2_CCGCTGATATCGGCATGGACC	0	L-30_2	Astronaut 2	L-30	L	34.7548191898493
L-30_2_CGCCTATGGCGGCGTAACGAC	1	L-30_2	Astronaut 2	L-30	L	33.5660209770232
L-30_2_CGGCATATCTCGATTAAGCAC	0	L-30_2	Astronaut 2	L-30	L	39.3062233224484
L-30_2_CGTCGGCCTTGGCAGAAGGTC	1	L-30_2	Astronaut 2	L-30	L	35.5799457854147
L-30_2_CTAACTTAGCCGGATACCAGC	2	L-30_2	Astronaut 2	L-30	L	37.2979030934605
L-30_2_CTCCAAACCGCGCTCACTAAC	3	L-30_2	Astronaut 2	L-30	L	30.1457085441108
L-30_2_CTGGACCGCTGTATCACTCGC	5	L-30_2	Astronaut 2	L-30	L	10.6626297362978
L-30_2_CTTAAAACCGGATATACTTCC	1	L-30_2	Astronaut 2	L-30	L	37.2979432147098
L-30_2_GAACCGACTGCGACCAGAACC	0	L-30_2	Astronaut 2	L-30	L	26.1433359426435
L-30_2_GCAACCAATCCTACGATCCTC	2	L-30_2	Astronaut 2	L-30	L	33.5180978100626
L-30_2_GCGGTAGTTGGCGAAATTACC	0	L-30_2	Astronaut 2	L-30	L	33.3494071678876
L-30_2_GCTGCCGACCGCCTTATTGGC	0	L-30_2	Astronaut 2	L-30	L	36.8292681095096
L-30_2_GCTGCGTAGAGCGAAATTGGC	4	L-30_2	Astronaut 2	L-30	L	37.0752384978635
L-30_2_GGAGCGCTTGGATGACAATCC	0	L-30_2	Astronaut 2	L-30	L	34.3219825369559
L-30_2_GGCGTCTGGACTAACCAGCGC	4	L-30_2	Astronaut 2	L-30	L	37.2979434368202
L-30_2_GTAATCGCCTGAACCCCGCTC	5	L-30_2	Astronaut 2	L-30	L	29.2181237286681
L-30_2_GTAATGACTGCTAACCCGCTC	1	L-30_2	Astronaut 2	L-30	L	37.0752387199739
L-30_2_GTCCGTAGGACAACTCGAAGC	2	L-30_2	Astronaut 2	L-30	L	34.9261649152945
L-30_2_GTTAGATCCTCCTAGCGATTC	0	L-30_2	Astronaut 2	L-30	L	37.5322449241965
L-30_2_TAAGGAAGGTCAGTTCGCAAC	1	L-30_2	Astronaut 2	L-30	L	32.417920470421
L-30_2_TAAGGGCTCTGATGACGCAAC	5	L-30_2	Astronaut 2	L-30	L	37.7157902827723
L-30_2_TAGGATGCGCGCTGCCGGATC	2	L-30_2	Astronaut 2	L-30	L	32.5850682425899
L-30_2_TATGCGGCAGATTCACGTCGC	8	L-30_2	Astronaut 2	L-30	L	32.5850684647003
L-30_2_TCTACCGTCGGGTAAGAACCC	0	L-30_2	Astronaut 2	L-30	L	33.6631299621851
L-30_2_TTCATCGCTCCGACCGCAGGC	0	L-30_2	Astronaut 2	L-30	L	33.705476883197
L-30_3_AACCGCAATCCTAACGATGA	1	L-30_3	Astronaut 3	L-30	L	37.2979436589306
L-30_3_AACTCAGTTGCGCTCGATGA	0	L-30_3	Astronaut 3	L-30	L	39.3062235445588
L-30_3_ACCAGTTATGCAACTGTAAT	0	L-30_3	Astronaut 3	L-30	L	39.3062237666692
L-30_3_ACTTCTTCATGCGGTGCAAC	0	L-30_3	Astronaut 3	L-30	L	37.5322451463069
L-30_3_AGAGTCCTAGGCCTTGCAAC	0	L-30_3	Astronaut 3	L-30	L	37.5322453684173
L-30_3_ATCTGTAGAGGATGAGCTTG	0	L-30_3	Astronaut 3	L-30	L	37.5322455905277
L-30_3_ATGCGGAGTCGGCAGTAAGG	4	L-30_3	Astronaut 3	L-30	L	21.5979970483245
L-30_3_ATTCAGGAGCCTCCAGTAAT	1	L-30_3	Astronaut 3	L-30	L	37.5322458126381
L-30_3_ATTGGCAATCGAGTCGATAT	0	L-30_3	Astronaut 3	L-30	L	39.3062239887796
L-30_3_CCGCTGCTCTGAACCGATGA	0	L-30_3	Astronaut 3	L-30	L	37.0752389420843
L-30_3_CGATTGTCTACCATAGGCGT	9	L-30_3	Astronaut 3	L-30	L	37.5322460347485
L-30_3_CTAACATCTGCTCCAGGCGT	2	L-30_3	Astronaut 3	L-30	L	37.5322462568588
L-30_3_CTAACTCGTACCTCAGCAGG	1	L-30_3	Astronaut 3	L-30	L	37.5322464789692
L-30_3_CTAGTTGCTAGCTCTGCAGG	9	L-30_3	Astronaut 3	L-30	L	37.297943881041
L-30_3_CTAGTTTGAAGCGAAGATGA	5	L-30_3	Astronaut 3	L-30	L	33.7054771053074
L-30_3_CTCCAGGCAGGTAATGGCGT	4	L-30_3	Astronaut 3	L-30	L	37.5322467010796
L-30_3_GAGTCACTAAGGCGTGGCAG	9	L-30_3	Astronaut 3	L-30	L	37.53224692319
L-30_3_GAGTCAGTTGCCGCTGGCGT	0	L-30_3	Astronaut 3	L-30	L	37.5322471453004
L-30_3_GCAACGTATCCAGCGGGCAG	1	L-30_3	Astronaut 3	L-30	L	35.4752863629324
L-30_3_GCGGTCGTCGGGAGCGGCGT	0	L-30_3	Astronaut 3	L-30	L	37.0752391641947
L-30_3_GCTGCGGAGCGTAATGATAT	2	L-30_3	Astronaut 3	L-30	L	37.5322473674108
L-30_3_GCTTGCGATTGCAACGCGAA	0	L-30_3	Astronaut 3	L-30	L	33.7054773274178
L-30_3_GGAGCATCCTCCTAGGCTCT	1	L-30_3	Astronaut 3	L-30	L	33.7054775495281
L-30_3_GGCAGAGAACGCCTTGGCGT	0	L-30_3	Astronaut 3	L-30	L	33.7054777716385
L-30_3_GGCAGGTTAGGCGGTGCTTG	2	L-30_3	Astronaut 3	L-30	L	34.3459147054114
L-30_3_GGCGTGAGCTCGATTGATAT	0	L-30_3	Astronaut 3	L-30	L	33.7054779937489
L-30_3_GGTCCGACTGCGCTCGATGA	7	L-30_3	Astronaut 3	L-30	L	37.0752393863051
L-30_3_GTAGACTAACCGCTCGTAAT	0	L-30_3	Astronaut 3	L-30	L	37.0752396084155
L-30_3_GTAGAGAGTCCGCAAGGCGT	2	L-30_3	Astronaut 3	L-30	L	37.5322475895212
L-30_3_GTATCATCTGCTAGTGATGA	4	L-30_3	Astronaut 3	L-30	L	37.5322478116316
L-30_3_GTATCATGGCGCGGTTAAGG	0	L-30_3	Astronaut 3	L-30	L	37.5322480337419
L-30_3_GTATCGTAATCCATAGGCAG	8	L-30_3	Astronaut 3	L-30	L	37.5322482558523
L-30_3_TACGTCGCCTCAGAAGATAT	2	L-30_3	Astronaut 3	L-30	L	34.5718258077279
L-30_3_TAGAGGCGAAGCTTGGGCAG	0	L-30_3	Astronaut 3	L-30	L	37.305975748096
L-30_3_TATTGAAGGTGCGAAGATAT	5	L-30_3	Astronaut 3	L-30	L	37.5322484779627
L-30_3_TCAGTTCGTACGGCAGCAGG	1	L-30_3	Astronaut 3	L-30	L	37.0752398305259
L-30_3_TGAGAATGCGCAGTTGATAT	0	L-30_3	Astronaut 3	L-30	L	37.5373950898421
L-30_3_TGCGCCTAACCAGCGGGCGT	7	L-30_3	Astronaut 3	L-30	L	37.5322487000731
L-30_3_TGCGCTGCGCGCGAAGGCGT	3	L-30_3	Astronaut 3	L-30	L	37.0752400526362
L-30_3_TTCATCTTAAATTGGGCAGG	0	L-30_3	Astronaut 3	L-30	L	34.8877980433501
L-30_3_TTCGACGATTCTGGAGATAT	0	L-30_3	Astronaut 3	L-30	L	33.7054782158593
L-30_3_TTCGATTGAAGATATGATGA	2	L-30_3	Astronaut 3	L-30	L	37.5322489221835
L-60_1_AACCGAGCGGGGCGTGTAAT	8	L-60_1	Astronaut 1	L-60	L	31.8944038077044
L-60_1_AACCGATTGGCAATCGCAGG	1	L-60_1	Astronaut 1	L-60	L	34.6938632891981
L-60_1_AACCGGTATCCGAAGGATAT	1	L-60_1	Astronaut 1	L-60	L	34.7921602918968
L-60_1_AACGATTCATCTACGGCAGG	9	L-60_1	Astronaut 1	L-60	L	33.4173136057008
L-60_1_AACTCCAGAAGACTGGGCGT	1	L-60_1	Astronaut 1	L-60	L	37.7157905048827
L-60_1_AAGACTAGAGCGCCTGATAT	0	L-60_1	Astronaut 1	L-60	L	38.2153043229081
L-60_1_AAGCAGTAGAGAGTCGCAGG	4	L-60_1	Astronaut 1	L-60	L	38.0683412345397
L-60_1_AAGGTCGGCAGCGAAGGCGT	0	L-60_1	Astronaut 1	L-60	L	39.1160762363294
L-60_1_ACCAGATCCTGCTCTGTAAT	0	L-60_1	Astronaut 1	L-60	L	38.0683414566501
L-60_1_ACGATCCTAGCAATCGGCGT	1	L-60_1	Astronaut 1	L-60	L	36.3372444380809
L-60_1_ACTTCAACCGCTAACGATGA	0	L-60_1	Astronaut 1	L-60	L	34.6407676717088
L-60_1_AGAACACTTCGCGGTGCAAC	4	L-60_1	Astronaut 1	L-60	L	37.0752402747466
L-60_1_AGAACCTCCAGCTGCGTAAT	1	L-60_1	Astronaut 1	L-60	L	36.5572156408677
L-60_1_AGGCTGCGGTCGCCTGTAAT	0	L-60_1	Astronaut 1	L-60	L	29.5831992962986
L-60_1_AGGTCTAAGGATTCAGCGAA	4	L-60_1	Astronaut 1	L-60	L	39.2293290754056
L-60_1_AGTTGTTCGACTGGAGATAT	0	L-60_1	Astronaut 1	L-60	L	34.7294795790021
L-60_1_ATCTGGCTCTCCTCAGATGA	0	L-60_1	Astronaut 1	L-60	L	37.7110061120816
L-60_1_ATGGCATTGGCTAACGATAT	0	L-60_1	Astronaut 1	L-60	L	34.6494210313064
L-60_1_ATTACTATGCCAGCGGCGAA	0	L-60_1	Astronaut 1	L-60	L	39.30622421089
L-60_1_CAACTCGCTCCAGAAGGCAG	2	L-60_1	Astronaut 1	L-60	L	7.30201332436296
L-60_1_CAATCAACGACAGAAGGCGT	6	L-60_1	Astronaut 1	L-60	L	35.8316184068995
L-60_1_CAATCAAGGTCAGTTGGCGT	3	L-60_1	Astronaut 1	L-60	L	32.3800482654984
L-60_1_CAATCTATTGGCCTTGGCAG	1	L-60_1	Astronaut 1	L-60	L	32.5084173834338
L-60_1_CAGAAGTTAGGCTTGGATAT	0	L-60_1	Astronaut 1	L-60	L	38.0683416787604
L-60_1_CAGTTCAGTTGATGAGCGAA	4	L-60_1	Astronaut 1	L-60	L	35.8243567177916
L-60_1_CCTAGCGCAACCGCTGATGA	0	L-60_1	Astronaut 1	L-60	L	38.2677171122119
L-60_1_CGATTGTCCGCTACGGCAGG	8	L-60_1	Astronaut 1	L-60	L	28.2715924292372
L-60_1_CGCAAAAGCAATTGGGATAT	1	L-60_1	Astronaut 1	L-60	L	36.353047607783
L-60_1_CGCCTAGAACCTGGAGGCGT	0	L-60_1	Astronaut 1	L-60	L	37.6338628271427
L-60_1_CGGATAAGACGCAGGGATAT	0	L-60_1	Astronaut 1	L-60	L	7.83489592513066
L-60_1_CGGATATCTGCCTAGGCGAA	0	L-60_1	Astronaut 1	L-60	L	35.3222894012201
L-60_1_CGGATGCTTGGATATGCGAA	4	L-60_1	Astronaut 1	L-60	L	36.6199233696618
L-60_1_CGGCAAGCGGGTAGAGGCGT	3	L-60_1	Astronaut 1	L-60	L	33.6324798084198
L-60_1_CGGCATCATCCAGTTGGCAG	0	L-60_1	Astronaut 1	L-60	L	36.9572275441756
L-60_1_CGTCGACGATGCTTGGATAT	0	L-60_1	Astronaut 1	L-60	L	36.3645029670414
L-60_1_CTAACTAAGGATTGGGCGAA	1	L-60_1	Astronaut 1	L-60	L	37.075240496857
L-60_1_CTACGAGAACCGCCTGGCAG	4	L-60_1	Astronaut 1	L-60	L	34.8289320264507
L-60_1_CTACGGGTAACAGCGGATAT	0	L-60_1	Astronaut 1	L-60	L	38.1072869730981
L-60_1_CTCCATCCGGCTTAAGATGA	2	L-60_1	Astronaut 1	L-60	L	34.545458822463
L-60_1_CTTAAACTCGCTCCAGCAGG	2	L-60_1	Astronaut 1	L-60	L	37.1052373587797
L-60_1_CTTAATCAGTCTGGAGATAT	0	L-60_1	Astronaut 1	L-60	L	36.4038467641381
L-60_1_GACTGCGCAAGACTGGATGA	0	L-60_1	Astronaut 1	L-60	L	36.5953159308876
L-60_1_GAGTCATGGCGCTTGGTAAT	6	L-60_1	Astronaut 1	L-60	L	36.6491100082342
L-60_1_GAGTCCGCCTCGACCGCGAA	4	L-60_1	Astronaut 1	L-60	L	37.7157907269931
L-60_1_GCAACTGAGACAGCGGATAT	0	L-60_1	Astronaut 1	L-60	L	37.7157909491035
L-60_1_GCAACTGAGACGCTCGCAGG	4	L-60_1	Astronaut 1	L-60	L	35.9952431249045
L-60_1_GCCTTCAGTTGTAATGGCGT	0	L-60_1	Astronaut 1	L-60	L	39.3062244330004
L-60_1_GCTTGAACGACGACCGATAT	0	L-60_1	Astronaut 1	L-60	L	36.4634945104111
L-60_1_GGAGCTCGCGCAGCGGATAT	0	L-60_1	Astronaut 1	L-60	L	35.8092739462048
L-60_1_GGCAGACCAGCCTCAGATAT	0	L-60_1	Astronaut 1	L-60	L	35.7952221682852
L-60_1_GGCAGGTATCATTCAGATAT	8	L-60_1	Astronaut 1	L-60	L	35.9322470160603
L-60_1_GGTCCTCAGTCCTCAGGCGT	0	L-60_1	Astronaut 1	L-60	L	34.2920179472154
L-60_1_GTAATCAGCGGCGGTGGCAG	0	L-60_1	Astronaut 1	L-60	L	32.8037889971536
L-60_1_GTAGACAGTTGAGCTGGCGT	3	L-60_1	Astronaut 1	L-60	L	35.4034063288941
L-60_1_GTAGAGTAATCCTAGGATGA	0	L-60_1	Astronaut 1	L-60	L	38.167688765878
L-60_1_GTCTACCATAGTAGAGCAAC	1	L-60_1	Astronaut 1	L-60	L	37.6184113854216
L-60_1_GTCTATATGCCGTCGGCAAC	2	L-60_1	Astronaut 1	L-60	L	35.7952223903956
L-60_1_GTTAGAAGCAATTCAGATGA	6	L-60_1	Astronaut 1	L-60	L	32.9607333374662
L-60_1_GTTAGACCAGCTTAAGGCAG	0	L-60_1	Astronaut 1	L-60	L	32.1671477393327
L-60_1_GTTAGCTGGAGTATCGCAGG	7	L-60_1	Astronaut 1	L-60	L	38.1240700711072
L-60_1_TAAGGAGGCTCCTCAGCAAC	2	L-60_1	Astronaut 1	L-60	L	36.3513425313366
L-60_1_TAAGGCGAAGCTAACGATGA	5	L-60_1	Astronaut 1	L-60	L	31.9901667831906
L-60_1_TAGAGTCCGGGGTCCGATAT	4	L-60_1	Astronaut 1	L-60	L	34.6807590156584
L-60_1_TATCTAGCGGCGATTGCAGG	3	L-60_1	Astronaut 1	L-60	L	32.5850686868107
L-60_1_TATCTTGAGACGCAAGGCAG	0	L-60_1	Astronaut 1	L-60	L	32.5120697301276
L-60_1_TATGCGCTCTGGTCCGCAAC	7	L-60_1	Astronaut 1	L-60	L	36.8698345970672
L-60_1_TCTACCGCCTCGGCAGGCAG	0	L-60_1	Astronaut 1	L-60	L	37.9672542235761
L-60_1_TCTACCTTAACGCCTGCAAC	2	L-60_1	Astronaut 1	L-60	L	37.8988963165299
L-60_1_TCTACTAAGGGTAGAGCAAC	0	L-60_1	Astronaut 1	L-60	L	35.9465206850763
L-60_1_TGCGCACTAAGCAGGGATGA	0	L-60_1	Astronaut 1	L-60	L	32.8208126616942
L-60_1_TGCTAACCTACCATAGGCGT	1	L-60_1	Astronaut 1	L-60	L	34.6433199150741
L-60_1_TTAGCACTAACAACTGATGA	8	L-60_1	Astronaut 1	L-60	L	32.7677302004382
L-60_1_TTCATGGCAGCAGCGGCAAC	4	L-60_1	Astronaut 1	L-60	L	35.8034105974285
L-60_1_TTCATGGCAGCTAGTGCAGG	4	L-60_1	Astronaut 1	L-60	L	36.0247719427112
L-60_2_CCTAGTTGAACAGTTGGCAG	0	L-60_2	Astronaut 2	L-60	L	34.1774898578972
L-60_2_CGGCACCTCACTGGAGATAT	0	L-60_2	Astronaut 2	L-60	L	34.1774900800076
L-60_2_CTTAATATTGCGTCGGCAGG	0	L-60_2	Astronaut 2	L-60	L	34.5613594926103
L-60_2_GCAACTCATCCTAACGGCGT	0	L-60_2	Astronaut 2	L-60	L	34.177490302118
L-60_2_GGCGTTCCGGGCAGGGCAGG	0	L-60_2	Astronaut 2	L-60	L	34.1774905242283
L-60_2_TATGCCCTAGGGTCCGATGA	0	L-60_2	Astronaut 2	L-60	L	34.1774907463387
L-60_3_AACTCAGTTGCGCTCGATGA	0	L-60_3	Astronaut 3	L-60	L	7.79439360006534
L-60_3_AAGCAATTACCTACGGTAAT	2	L-60_3	Astronaut 3	L-60	L	33.3369712754542
L-60_3_ACCAGATTACCCTAGGATGA	7	L-60_3	Astronaut 3	L-60	L	35.0232887812389
L-60_3_ACCAGTTATGCAACTGTAAT	0	L-60_3	Astronaut 3	L-60	L	7.79439382217572
L-60_3_ACTCGTTAGCGCGGTGATAT	0	L-60_3	Astronaut 3	L-60	L	38.6289157903064
L-60_3_ACTTCGCAACCAGTTGTAAT	4	L-60_3	Astronaut 3	L-60	L	36.2379820008673
L-60_3_ACTTCTTAGCCCGCTGCGAA	0	L-60_3	Astronaut 3	L-60	L	37.2979441031514
L-60_3_ACTTCTTCATGCGGTGCAAC	0	L-60_3	Astronaut 3	L-60	L	37.5322491442939
L-60_3_AGAACTGCTACTGGAGATGA	4	L-60_3	Astronaut 3	L-60	L	37.349584818982
L-60_3_AGAGTAACGACGACCGATAT	0	L-60_3	Astronaut 3	L-60	L	32.5850689089211
L-60_3_AGAGTCCTAGGCCTTGCAAC	0	L-60_3	Astronaut 3	L-60	L	37.5322493664043
L-60_3_ATCTGTAGAGGATGAGCTTG	2	L-60_3	Astronaut 3	L-60	L	37.5322495885147
L-60_3_ATGCGGAGTCGGCAGTAAGG	0	L-60_3	Astronaut 3	L-60	L	34.75290128491
L-60_3_ATGGCCCTAGGAGCTGCAAC	0	L-60_3	Astronaut 3	L-60	L	33.4173138278112
L-60_3_ATTACACGATGCGAAGCAAC	9	L-60_3	Astronaut 3	L-60	L	34.7529015070204
L-60_3_ATTCAGGAGCCTCCAGTAAT	1	L-60_3	Astronaut 3	L-60	L	37.532249810625
L-60_3_ATTGGCAATCGAGTCGATAT	0	L-60_3	Astronaut 3	L-60	L	34.531495065251
L-60_3_CAATCCCTAGGCTGCGGCAG	2	L-60_3	Astronaut 3	L-60	L	37.7157911712139
L-60_3_CCATAGACTGGCGGTGCAGG	8	L-60_3	Astronaut 3	L-60	L	34.7548194119597
L-60_3_CCGCTGCTCTGAACCGATGA	0	L-60_3	Astronaut 3	L-60	L	37.0752407189674
L-60_3_CCTCAACTCGGCTGCGCAGG	9	L-60_3	Astronaut 3	L-60	L	37.0752409410778
L-60_3_CCTCATTAGCGAACCGTAAT	0	L-60_3	Astronaut 3	L-60	L	37.0752411631882
L-60_3_CGATTCGTCGCTAACGATGA	0	L-60_3	Astronaut 3	L-60	L	37.0752413852986
L-60_3_CGATTGTCTACCATAGGCGT	9	L-60_3	Astronaut 3	L-60	L	37.5322500327354
L-60_3_CGCAAAACGAGCTGCGCAGG	3	L-60_3	Astronaut 3	L-60	L	10.6626299584082
L-60_3_CGCCTCCTCACAACTGATAT	2	L-60_3	Astronaut 3	L-60	L	39.3002622357086
L-60_3_CGCCTTCAGTCGATTGGCGT	2	L-60_3	Astronaut 3	L-60	L	37.5322502548458
L-60_3_CGCTCTCGTAGGTAAGCGAA	0	L-60_3	Astronaut 3	L-60	L	33.7054784379697
L-60_3_CGGCAAACTCCGTCGGTAAT	0	L-60_3	Astronaut 3	L-60	L	36.4016521161948
L-60_3_CTAACATCTGCTCCAGGCGT	2	L-60_3	Astronaut 3	L-60	L	37.5322504769562
L-60_3_CTAACTCGTACCTCAGCAGG	1	L-60_3	Astronaut 3	L-60	L	37.0752416074089
L-60_3_CTAGTTGCTAGCTCTGCAGG	2	L-60_3	Astronaut 3	L-60	L	36.2379822229777
L-60_3_CTAGTTTGAAGCGAAGATGA	5	L-60_3	Astronaut 3	L-60	L	33.7054786600801
L-60_3_CTCCAGGCAGGTAATGGCGT	4	L-60_3	Astronaut 3	L-60	L	37.2979443252618
L-60_3_CTGGACTGGAGCCTTGGCGT	2	L-60_3	Astronaut 3	L-60	L	33.7054788821905
L-60_3_GACTGCTCCAGCTTGGCAAC	0	L-60_3	Astronaut 3	L-60	L	35.605320640705
L-60_3_GAGTCACTAAGGCGTGGCAG	6	L-60_3	Astronaut 3	L-60	L	37.5322506990666
L-60_3_GAGTCAGTTGCCGCTGGCGT	0	L-60_3	Astronaut 3	L-60	L	33.7054791043009
L-60_3_GCAACCTTAACAGCGGTAAT	5	L-60_3	Astronaut 3	L-60	L	37.532250921177
L-60_3_GCAACGTATCCAGCGGGCAG	4	L-60_3	Astronaut 3	L-60	L	37.5322511432874
L-60_3_GCAACGTCTAGGCAGGCAAC	7	L-60_3	Astronaut 3	L-60	L	37.5322513653977
L-60_3_GCGGTCGTCGGGAGCGGCGT	0	L-60_3	Astronaut 3	L-60	L	32.5850691310315
L-60_3_GCGGTTGGACGGCAGGATAT	0	L-60_3	Astronaut 3	L-60	L	33.7054793264112
L-60_3_GCTGCGGAGCGTAATGATAT	0	L-60_3	Astronaut 3	L-60	L	37.5322515875081
L-60_3_GCTTGCGATTGCAACGCGAA	0	L-60_3	Astronaut 3	L-60	L	33.7054795485216
L-60_3_GGCAGAGAACGCCTTGGCGT	0	L-60_3	Astronaut 3	L-60	L	38.0774959473974
L-60_3_GGCAGGTTAGGCGGTGCTTG	0	L-60_3	Astronaut 3	L-60	L	34.7529017291308
L-60_3_GGCGTGAGCTCGATTGATAT	0	L-60_3	Astronaut 3	L-60	L	33.705479770632
L-60_3_GGTCCGACTGCGCTCGATGA	7	L-60_3	Astronaut 3	L-60	L	37.0752418295193
L-60_3_GTAGAACTCGCTAGTGTAAT	6	L-60_3	Astronaut 3	L-60	L	37.2979445473721
L-60_3_GTAGACTAACCGCTCGTAAT	0	L-60_3	Astronaut 3	L-60	L	33.7054799927424
L-60_3_GTAGAGAGTCCGCAAGGCGT	2	L-60_3	Astronaut 3	L-60	L	37.5322518096185
L-60_3_GTATCATCTGCTAGTGATGA	5	L-60_3	Astronaut 3	L-60	L	37.5322520317289
L-60_3_GTATCATGGCGCGGTTAAGG	0	L-60_3	Astronaut 3	L-60	L	37.5322522538393
L-60_3_GTATCGCAACCGAAGGGCGT	5	L-60_3	Astronaut 3	L-60	L	37.2979447694825
L-60_3_GTATCGTAATCCATAGGCAG	5	L-60_3	Astronaut 3	L-60	L	37.5322524759497
L-60_3_GTCTACCTCAGTATCGCGAA	0	L-60_3	Astronaut 3	L-60	L	37.68608318944
L-60_3_GTTAGTATTGGTATCGATAT	0	L-60_3	Astronaut 3	L-60	L	33.5660211991335
L-60_3_TACGTCGCCTCAGAAGATAT	2	L-60_3	Astronaut 3	L-60	L	37.5322526980601
L-60_3_TACGTGCTGCCTTAAGCGAA	2	L-60_3	Astronaut 3	L-60	L	37.5322529201705
L-60_3_TATTGAAGGTGCGAAGATAT	5	L-60_3	Astronaut 3	L-60	L	37.2979449915929
L-60_3_TCAGTTCGTACGGCAGCAGG	0	L-60_3	Astronaut 3	L-60	L	34.9787150309318
L-60_3_TGAGAATGCGCAGTTGATAT	0	L-60_3	Astronaut 3	L-60	L	37.2600901427361
L-60_3_TGCGCTGCGCGCGAAGGCGT	0	L-60_3	Astronaut 3	L-60	L	37.2979452137033
L-60_3_TTCATCTTAAATTGGGCAGG	0	L-60_3	Astronaut 3	L-60	L	35.5865544366678
L-60_3_TTCGACGATTCTGGAGATAT	0	L-60_3	Astronaut 3	L-60	L	37.0752420516297
L-60_3_TTCGATTGAAGATATGATGA	2	L-60_3	Astronaut 3	L-60	L	37.5322531422808
R+1_1_AACCGGGTCCGGCGTGTAAT	1	R+1_1	Astronaut 1	R+1	R	29.2357449674967
R+1_1_AACCGGTAGAGGCAGGTCTA	2	R+1_1	Astronaut 1	R+1	R	33.6460433619115
R+1_1_AACCGTATTGGATGAGCTTG	1	R+1_1	Astronaut 1	R+1	R	8.75111133169978
R+1_1_AACTCGAGCTGTAGAGGCGT	2	R+1_1	Astronaut 1	R+1	R	32.3155361006477
R+1_1_AACTCTAAGGGATATGCTGC	1	R+1_1	Astronaut 1	R+1	R	22.0194843276688
R+1_1_AAGACGACTGGGCAGGCAAC	4	R+1_1	Astronaut 1	R+1	R	14.7922453309449
R+1_1_AAGACGCTCTGGCGTGCCTT	0	R+1_1	Astronaut 1	R+1	R	34.5454590445734
R+1_1_AAGCAAAGCACGGATGTCTA	1	R+1_1	Astronaut 1	R+1	R	31.0660287604632
R+1_1_AAGCAAGCGGCAGCGGCAAC	4	R+1_1	Astronaut 1	R+1	R	34.8111131775911
R+1_1_AAGGTTTCGAGGTCCGATGA	1	R+1_1	Astronaut 1	R+1	R	26.1433361647539
R+1_1_ACCAGATTACGTAGAGATAT	9	R+1_1	Astronaut 1	R+1	R	38.5810332879011
R+1_1_ACCTAATCCTGTATCGATAT	1	R+1_1	Astronaut 1	R+1	R	33.4559555972392
R+1_1_ACCTACTTAACGCAAGGAGC	3	R+1_1	Astronaut 1	R+1	R	9.94117280481567
R+1_1_ACTAATCGTAATTCAGCGGT	5	R+1_1	Astronaut 1	R+1	R	16.1339714310526
R+1_1_ACTAATTATGCAACTGATGA	5	R+1_1	Astronaut 1	R+1	R	9.15625908382584
R+1_1_ACTTCCCTCAGGAGCGGTCC	2	R+1_1	Astronaut 1	R+1	R	9.66864527009895
R+1_1_ACTTCCGATTGCGGTGCTTG	8	R+1_1	Astronaut 1	R+1	R	23.6430998263247
R+1_1_AGAACAAGACCAGCGGATGA	1	R+1_1	Astronaut 1	R+1	R	13.3642955851089
R+1_1_AGAACTATTGATTCAGCCTT	4	R+1_1	Astronaut 1	R+1	R	39.3062246551107
R+1_1_AGAACTGGACCGCAAGGTCC	0	R+1_1	Astronaut 1	R+1	R	11.5415518396813
R+1_1_AGAGTGATGAGAACCGATAT	0	R+1_1	Astronaut 1	R+1	R	35.3222896233305
R+1_1_AGCGGAGAACCGGATGATAT	9	R+1_1	Astronaut 1	R+1	R	12.9314521346611
R+1_1_AGCGGGCCTTGATGAGATAT	0	R+1_1	Astronaut 1	R+1	R	31.6775750168957
R+1_1_AGCGGGGTCCCCATAGCAAC	9	R+1_1	Astronaut 1	R+1	R	16.3968796512625
R+1_1_AGGTCGGAGCGAACCGCGGT	3	R+1_1	Astronaut 1	R+1	R	10.6626301805186
R+1_1_AGTTGTTCATCAGCGGCAAC	2	R+1_1	Astronaut 1	R+1	R	10.9687880634914
R+1_1_ATCCTAAGCACAGAAGCGGT	4	R+1_1	Astronaut 1	R+1	R	11.8664958343458
R+1_1_ATCCTCCTCACGTCGGGCGT	0	R+1_1	Astronaut 1	R+1	R	7.87092595649511
R+1_1_ATCTGTTATGCCATAGCTGC	1	R+1_1	Astronaut 1	R+1	R	37.8425488947596
R+1_1_ATTACTTGAACAGCGGCTGC	2	R+1_1	Astronaut 1	R+1	R	8.75111155381017
R+1_1_ATTCAAGGCTGCGAAGGTCC	0	R+1_1	Astronaut 1	R+1	R	36.6491102303446
R+1_1_ATTCAGGAGCCGACCGCTGC	4	R+1_1	Astronaut 1	R+1	R	35.6053208628154
R+1_1_ATTGGACTCGCAATCGATGA	5	R+1_1	Astronaut 1	R+1	R	14.0137435087263
R+1_1_ATTGGCAGAACGATTGCTGC	1	R+1_1	Astronaut 1	R+1	R	22.6539284183916
R+1_1_ATTGGGTAATGGCGTGGTCC	4	R+1_1	Astronaut 1	R+1	R	12.9417829348214
R+1_1_ATTGGGTCCGGCTTGGTAAT	1	R+1_1	Astronaut 1	R+1	R	39.3062248772211
R+1_1_ATTGGTAGAGCAACTGTAAT	3	R+1_1	Astronaut 1	R+1	R	26.1433363868643
R+1_1_CAATCAGGCTCGGATGCTGC	1	R+1_1	Astronaut 1	R+1	R	12.8231957979663
R+1_1_CAATCGATGAGCTTGGCCTT	8	R+1_1	Astronaut 1	R+1	R	38.5581834908889
R+1_1_CAGCGAGTTGCGCTCGATGA	7	R+1_1	Astronaut 1	R+1	R	14.5263922544182
R+1_1_CAGCGCAGTTGATGAGTAAT	1	R+1_1	Astronaut 1	R+1	R	35.5576887086189
R+1_1_CAGTTAGTTGCGCTCGATAT	1	R+1_1	Astronaut 1	R+1	R	4.49759924049887
R+1_1_CAGTTATCCTATTCAGATAT	4	R+1_1	Astronaut 1	R+1	R	36.5572158629781
R+1_1_CCATACCTAGCTGGAGATGA	0	R+1_1	Astronaut 1	R+1	R	12.8231960200767
R+1_1_CCATACTACGGCAACGATAT	0	R+1_1	Astronaut 1	R+1	R	39.3062250993315
R+1_1_CCATACTTAAATTGGGATAT	2	R+1_1	Astronaut 1	R+1	R	35.9377891304524
R+1_1_CCGCTAACTCGTAATGATAT	4	R+1_1	Astronaut 1	R+1	R	12.08332575452
R+1_1_CCGCTGAGTCGAACCGATAT	9	R+1_1	Astronaut 1	R+1	R	37.1269728750334
R+1_1_CCGCTGCGGTCGATTGCAAC	5	R+1_1	Astronaut 1	R+1	R	12.7980809586666
R+1_1_CCTAGCTCCAATTGGGTCTA	6	R+1_1	Astronaut 1	R+1	R	36.4915611666577
R+1_1_CCTCACGACCCCTAGGGAGC	9	R+1_1	Astronaut 1	R+1	R	12.1089451116165
R+1_1_CCTCAGGCAGGCGAAGCTTG	4	R+1_1	Astronaut 1	R+1	R	38.5581837129993
R+1_1_CCTCAGTAGACCATAGCCTT	2	R+1_1	Astronaut 1	R+1	R	32.5850693531419
R+1_1_CGAAGATTACGGTCCGTCTA	4	R+1_1	Astronaut 1	R+1	R	38.0468176870224
R+1_1_CGAAGTATCTGCTCTGATAT	0	R+1_1	Astronaut 1	R+1	R	9.09153469150468
R+1_1_CGAAGTCATCCAGTTGATAT	1	R+1_1	Astronaut 1	R+1	R	13.3326037227995
R+1_1_CGACCCAGAACCGCTGCTTG	0	R+1_1	Astronaut 1	R+1	R	35.6053210849258
R+1_1_CGACCGAACCGATGAGATGA	9	R+1_1	Astronaut 1	R+1	R	17.0894798894135
R+1_1_CGACCGTCCGGCTGCGATAT	1	R+1_1	Astronaut 1	R+1	R	14.5263924765286
R+1_1_CGATTGCAACCAGCGGCTGC	2	R+1_1	Astronaut 1	R+1	R	4.49759946260925
R+1_1_CGCAACGCAAGTATCGGCGT	0	R+1_1	Astronaut 1	R+1	R	4.49759968471964
R+1_1_CGCAATCAGTCGACCGCCTT	3	R+1_1	Astronaut 1	R+1	R	38.5581839351097
R+1_1_CGCAATTCATGCGAAGGCGT	2	R+1_1	Astronaut 1	R+1	R	13.8094991143238
R+1_1_CGCCTCGCAACCTAGGCGGT	0	R+1_1	Astronaut 1	R+1	R	39.3062253214419
R+1_1_CGCCTCTGGAGAGCTGATAT	8	R+1_1	Astronaut 1	R+1	R	14.655231414324
R+1_1_CGCCTCTTAAGGTAAGGCGT	2	R+1_1	Astronaut 1	R+1	R	11.008115917276
R+1_1_CGCCTGACTGCAATCGATGA	2	R+1_1	Astronaut 1	R+1	R	8.16678349173324
R+1_1_CGCTCACTTCCAGCGGATGA	1	R+1_1	Astronaut 1	R+1	R	2.10853001215365
R+1_1_CGGATCGATTCTAACGTAAT	3	R+1_1	Astronaut 1	R+1	R	2.8795166232678
R+1_1_CGGCAACTAAGGAGCGCAAC	8	R+1_1	Astronaut 1	R+1	R	29.2674467139638
R+1_1_CGGCATATTGGGTAAGTAAT	2	R+1_1	Astronaut 1	R+1	R	37.5322533643912
R+1_1_CGGCATTATGCTGGAGCAAC	2	R+1_1	Astronaut 1	R+1	R	34.5454592666837
R+1_1_CGTCGCCGCTGCTTGGGCGT	2	R+1_1	Astronaut 1	R+1	R	10.995180379745
R+1_1_CGTCGTCTACGCCTTGATGA	2	R+1_1	Astronaut 1	R+1	R	15.5911619131875
R+1_1_CTAACGCTTGCGCAAGATAT	1	R+1_1	Astronaut 1	R+1	R	22.653928640502
R+1_1_CTAACTTATGGCGGTGATGA	4	R+1_1	Astronaut 1	R+1	R	37.3009464133981
R+1_1_CTACGCGATTCGAAGGATAT	0	R+1_1	Astronaut 1	R+1	R	27.5430684211259
R+1_1_CTACGCTACGGCAGGGGTCC	3	R+1_1	Astronaut 1	R+1	R	25.8395693111684
R+1_1_CTAGTTCGTACCATAGATGA	3	R+1_1	Astronaut 1	R+1	R	31.8130505743424
R+1_1_CTGGAGTTAGCCTCAGCAAC	0	R+1_1	Astronaut 1	R+1	R	11.5224557107065
R+1_1_CTGGATAGAGGGCGTGTAAT	2	R+1_1	Astronaut 1	R+1	R	13.9616490409093
R+1_1_CTTAAATCCTGTATCGGCGT	2	R+1_1	Astronaut 1	R+1	R	18.3850836826921
R+1_1_GAACCGTAATGCAACGATGA	4	R+1_1	Astronaut 1	R+1	R	38.5581841572201
R+1_1_GAACCTCTACCCATAGCAAC	2	R+1_1	Astronaut 1	R+1	R	36.9284314274153
R+1_1_GACTGCTAGTCAGTTGATGA	4	R+1_1	Astronaut 1	R+1	R	38.5581843793305
R+1_1_GACTGGATGACTGGAGGAGC	0	R+1_1	Astronaut 1	R+1	R	33.7054802148528
R+1_1_GACTGGTAGACAACTGATGA	0	R+1_1	Astronaut 1	R+1	R	33.9390166876509
R+1_1_GAGTCTAAGGCAGCGGCGGT	5	R+1_1	Astronaut 1	R+1	R	12.1097983687637
R+1_1_GAGTCTCAGTCCATAGATGA	3	R+1_1	Astronaut 1	R+1	R	39.3062255435523
R+1_1_GATATTCAGTGCTGCGTAAT	6	R+1_1	Astronaut 1	R+1	R	39.3062257656627
R+1_1_GATATTCATCGCTGCGCAAC	2	R+1_1	Astronaut 1	R+1	R	14.7199723965145
R+1_1_GATGAGCAACGGCGTGGTCC	0	R+1_1	Astronaut 1	R+1	R	30.8974876306809
R+1_1_GCAGGAGAACGCAACGATAT	2	R+1_1	Astronaut 1	R+1	R	12.1861773580101
R+1_1_GCAGGCAATCGCGAAGGTCC	0	R+1_1	Astronaut 1	R+1	R	39.2331902437496
R+1_1_GCAGGGCAACCGGCAGATGA	4	R+1_1	Astronaut 1	R+1	R	26.1433366089747
R+1_1_GCCTTTATTGGAACCGCTTG	5	R+1_1	Astronaut 1	R+1	R	14.1333337008194
R+1_1_GCGAAGTAATCTGGAGATGA	3	R+1_1	Astronaut 1	R+1	R	13.43715057805
R+1_1_GCGAATAAGGCGTCGGCTGC	3	R+1_1	Astronaut 1	R+1	R	8.3140525963675
R+1_1_GCGGTAACGACTCCAGATAT	0	R+1_1	Astronaut 1	R+1	R	31.6190996955877
R+1_1_GCGGTCAATCATTCAGCTGC	1	R+1_1	Astronaut 1	R+1	R	9.90544226137596
R+1_1_GCGGTGACTGGATATGATGA	5	R+1_1	Astronaut 1	R+1	R	32.5850695752522
R+1_1_GCTCTAACTCCCGCTGTCTA	0	R+1_1	Astronaut 1	R+1	R	29.6735659692646
R+1_1_GCTCTCGGATCCGCTGCCTT	0	R+1_1	Astronaut 1	R+1	R	33.059239530656
R+1_1_GCTCTCTACGCCTCAGTCTA	2	R+1_1	Astronaut 1	R+1	R	25.2194368682972
R+1_1_GCTGCACCTACAATCGGAGC	5	R+1_1	Astronaut 1	R+1	R	13.7649028167125
R+1_1_GCTGCGCAGGCCTAGGGCGT	0	R+1_1	Astronaut 1	R+1	R	21.5377274011826
R+1_1_GCTGCTTAGCCTCCAGGCGT	0	R+1_1	Astronaut 1	R+1	R	28.5376595256027
R+1_1_GGAGCCGATTGACTGGGTCC	4	R+1_1	Astronaut 1	R+1	R	38.5581846014408
R+1_1_GGCAGATTACGGCAGGATAT	1	R+1_1	Astronaut 1	R+1	R	32.1254941799197
R+1_1_GGCAGGATATCTCCAGTAAT	1	R+1_1	Astronaut 1	R+1	R	37.2979454358137
R+1_1_GGCGTAAGGTGCAACGCAAC	0	R+1_1	Astronaut 1	R+1	R	34.8584260514078
R+1_1_GGCGTACCAGCCTCAGCAAC	4	R+1_1	Astronaut 1	R+1	R	17.6714147599621
R+1_1_GGTAAATGGCGCCTTGATAT	1	R+1_1	Astronaut 1	R+1	R	21.537727623293
R+1_1_GGTAAGAGCTGACTGGATAT	4	R+1_1	Astronaut 1	R+1	R	12.157448373866
R+1_1_GGTAAGGTCCCCATAGATGA	8	R+1_1	Astronaut 1	R+1	R	38.5581848235512
R+1_1_GTAATCGACCGTAATGATGA	3	R+1_1	Astronaut 1	R+1	R	37.5322535865016
R+1_1_GTAATGCTCTCTCCAGATAT	8	R+1_1	Astronaut 1	R+1	R	10.662630402629
R+1_1_GTAGAGCGGTGCAACGGCGT	0	R+1_1	Astronaut 1	R+1	R	10.8263578404901
R+1_1_GTATCATCCTGCTCTGCAAC	8	R+1_1	Astronaut 1	R+1	R	37.6104097149802
R+1_1_GTCCGTTCATCCTCAGCAAC	6	R+1_1	Astronaut 1	R+1	R	3.75303410953478
R+1_1_GTCTAGATGACGGCAGCTGC	1	R+1_1	Astronaut 1	R+1	R	14.1343721642821
R+1_1_GTCTAGGAGCGCTGCGGAGC	3	R+1_1	Astronaut 1	R+1	R	27.475299069153
R+1_1_GTTAGAGCGGGCGGTGATGA	2	R+1_1	Astronaut 1	R+1	R	37.4795984183507
R+1_1_GTTAGCGCCTCTAACGTAAT	2	R+1_1	Astronaut 1	R+1	R	14.4103134262749
R+1_1_GTTAGGATGAATTGGGGCGT	1	R+1_1	Astronaut 1	R+1	R	34.437204609955
R+1_1_GTTAGTTAGCCTCCAGGCGT	3	R+1_1	Astronaut 1	R+1	R	29.9944853522153
R+1_1_TAAGGACTTCGGAGCGGAGC	9	R+1_1	Astronaut 1	R+1	R	13.8991131995541
R+1_1_TAAGGATCTGCGACCGCAAC	0	R+1_1	Astronaut 1	R+1	R	36.8698348191775
R+1_1_TAAGGCAATCCCTCAGTAAT	9	R+1_1	Astronaut 1	R+1	R	37.2979456579241
R+1_1_TAAGGTTGAACGGCAGATGA	2	R+1_1	Astronaut 1	R+1	R	14.9507113321408
R+1_1_TACGTCGCCTGCGAAGGTCC	6	R+1_1	Astronaut 1	R+1	R	35.3222898454408
R+1_1_TAGAGGAACCATTCAGATGA	9	R+1_1	Astronaut 1	R+1	R	34.8289322485611
R+1_1_TAGAGTCGTACTCCAGCGGT	3	R+1_1	Astronaut 1	R+1	R	14.526392698639
R+1_1_TAGGAACCTACCATAGCTGC	2	R+1_1	Astronaut 1	R+1	R	38.5929254409929
R+1_1_TAGGAGCCTTCGGCAGATAT	0	R+1_1	Astronaut 1	R+1	R	22.6539288626124
R+1_1_TAGGATTCGAATTCAGATAT	0	R+1_1	Astronaut 1	R+1	R	14.0449974941005
R+1_1_TATCTGAGCTCCTAGGCTGC	9	R+1_1	Astronaut 1	R+1	R	11.0483990496024
R+1_1_TATCTTCGTAATTGGGATAT	3	R+1_1	Astronaut 1	R+1	R	24.579361753417
R+1_1_TCATCTATCTCTACGGATGA	8	R+1_1	Astronaut 1	R+1	R	32.1175861719321
R+1_1_TCCGGAACTCCTTAAGCAAC	3	R+1_1	Astronaut 1	R+1	R	31.0254817395701
R+1_1_TCCGGATTGGCGATTGATGA	0	R+1_1	Astronaut 1	R+1	R	38.0974253140337
R+1_1_TCCGGTAGGACCATAGATGA	0	R+1_1	Astronaut 1	R+1	R	8.28454180136241
R+1_1_TCGCGACGATGCTGCGCCTT	2	R+1_1	Astronaut 1	R+1	R	35.9377893525628
R+1_1_TCGCGTAGAGCAACTGATGA	3	R+1_1	Astronaut 1	R+1	R	7.30269559264851
R+1_1_TCGTACGGCACGTCGGGAGC	1	R+1_1	Astronaut 1	R+1	R	10.2819304706554
R+1_1_TCTACGAGCTATTCAGTAAT	8	R+1_1	Astronaut 1	R+1	R	12.7956825433076
R+1_1_TGAGAAACGACTTAAGTAAT	0	R+1_1	Astronaut 1	R+1	R	26.1433368310851
R+1_1_TGCGCATGGCGCAGGGGTCC	1	R+1_1	Astronaut 1	R+1	R	27.4752992912634
R+1_1_TGCTAATGGCCGTCGGCAAC	4	R+1_1	Astronaut 1	R+1	R	30.5637717309111
R+1_1_TGCTACTAGTGTATCGGAGC	1	R+1_1	Astronaut 1	R+1	R	28.5426262491897
R+1_1_TGCTAGCTCTCAGTTGATAT	1	R+1_1	Astronaut 1	R+1	R	37.2979458800345
R+1_1_TGGACACCTAGAGTCGATGA	3	R+1_1	Astronaut 1	R+1	R	38.5581850456616
R+1_1_TGGACCAATCGGAGCGCAAC	9	R+1_1	Astronaut 1	R+1	R	14.0560503092441
R+1_1_TTAGCGCGAAGATGAGATAT	0	R+1_1	Astronaut 1	R+1	R	39.3062259877731
R+1_1_TTAGCTTCGAGATGAGATAT	4	R+1_1	Astronaut 1	R+1	R	38.8212820991288
R+1_1_TTCGACAACTCTAGTGCAAC	0	R+1_1	Astronaut 1	R+1	R	25.8395695332788
R+1_1_TTCGACGACCCCGCTGCAAC	3	R+1_1	Astronaut 1	R+1	R	37.9970870819815
R+1_1_TTCGACTGGAGCCTTGATAT	4	R+1_1	Astronaut 1	R+1	R	11.9284349163627
R+1_1_TTCGAGTCTAGATGAGATGA	4	R+1_1	Astronaut 1	R+1	R	13.3947841823279
R+1_1_TTGAAAACTCGTAATGATAT	1	R+1_1	Astronaut 1	R+1	R	26.1433370531954
R+1_1_TTGAACTACGCAGAAGATGA	3	R+1_1	Astronaut 1	R+1	R	33.9390169097613
R+1_2_AACGACTACGCCTCAGATAT	0	R+1_2	Astronaut 2	R+1	R	34.8289324706715
R+1_2_AAGACAAGACCCATAGCTTG	2	R+1_2	Astronaut 2	R+1	R	27.2636197155767
R+1_2_AAGGTTGAGAGCTCTGCTTG	0	R+1_2	Astronaut 2	R+1	R	37.2979461021448
R+1_2_ACCTAGAGCTGGTCCGTAAT	2	R+1_2	Astronaut 2	R+1	R	38.0094005588695
R+1_2_ACTAATAGAGGATGAGATAT	7	R+1_2	Astronaut 2	R+1	R	33.4836242235296
R+1_2_ACTTCGTTAGCGAAGGGAGC	3	R+1_2	Astronaut 2	R+1	R	31.7281388408316
R+1_2_AGAACACTCGGGTAAGCAAC	2	R+1_2	Astronaut 2	R+1	R	33.3435057336745
R+1_2_AGAACTCAGTCGACCGCTGC	0	R+1_2	Astronaut 2	R+1	R	38.558185267772
R+1_2_AGAGTAAGCACGACCGATAT	0	R+1_2	Astronaut 2	R+1	R	38.8020210804579
R+1_2_AGAGTCGTCGCTAACGATGA	0	R+1_2	Astronaut 2	R+1	R	31.9620199718385
R+1_2_AGGCTCGAAGCGAAGGGTCC	0	R+1_2	Astronaut 2	R+1	R	38.0094007809799
R+1_2_AGGCTCGATTCCTCAGGCGT	0	R+1_2	Astronaut 2	R+1	R	33.4173140499216
R+1_2_AGGCTCTAGTGTAATGGCGT	0	R+1_2	Astronaut 2	R+1	R	32.5850697973626
R+1_2_AGGTCACTCGCGCCTGGTCC	8	R+1_2	Astronaut 2	R+1	R	33.6051915789597
R+1_2_AGTTGGTCTAATTGGGCGGT	9	R+1_2	Astronaut 2	R+1	R	33.3280449648894
R+1_2_AGTTGTGCGCCGTCGGATAT	0	R+1_2	Astronaut 2	R+1	R	36.600550172077
R+1_2_ATCCTCCTCAGGTCCGCCTT	3	R+1_2	Astronaut 2	R+1	R	23.5510028088543
R+1_2_ATGCGTATGCCCTCAGTAAT	3	R+1_2	Astronaut 2	R+1	R	32.8208128838046
R+1_2_ATGGCCCTAGCAGTTGATAT	0	R+1_2	Astronaut 2	R+1	R	33.5772556691143
R+1_2_ATTCAGCTTGCTAGTGATGA	2	R+1_2	Astronaut 2	R+1	R	34.9113368434033
R+1_2_ATTGGGCTTGCGTCGGGAGC	2	R+1_2	Astronaut 2	R+1	R	34.911163572035
R+1_2_CAACTCAACTCGGCAGATAT	0	R+1_2	Astronaut 2	R+1	R	33.7054804369632
R+1_2_CAGTTAAGGTCCTAGGGTCC	2	R+1_2	Astronaut 2	R+1	R	33.417314272032
R+1_2_CAGTTTCTACGTATCGGCGT	0	R+1_2	Astronaut 2	R+1	R	32.5014295421583
R+1_2_CAGTTTGCGCCGCAAGGCGT	0	R+1_2	Astronaut 2	R+1	R	26.3036338781945
R+1_2_CCGCTAGGCTGAACCGCAAC	2	R+1_2	Astronaut 2	R+1	R	29.9944855743257
R+1_2_CCTAGAACGAGCAGGGCGGT	9	R+1_2	Astronaut 2	R+1	R	32.1395545110734
R+1_2_CCTAGACTTCCGCTCGCTGC	1	R+1_2	Astronaut 2	R+1	R	29.2380572777365
R+1_2_CCTCAAAGGTGGTCCGGCGT	1	R+1_2	Astronaut 2	R+1	R	32.7727880367875
R+1_2_CCTCACAGAAGATGAGATAT	0	R+1_2	Astronaut 2	R+1	R	34.28673157239
R+1_2_CCTCAGTTAGATTCAGATAT	3	R+1_2	Astronaut 2	R+1	R	31.8683350782025
R+1_2_CCTCATGAGACCATAGATGA	9	R+1_2	Astronaut 2	R+1	R	28.6054620817908
R+1_2_CGATTATCCTGTAATGGAGC	3	R+1_2	Astronaut 2	R+1	R	35.3222900675512
R+1_2_CGATTGATGAGGCAGGGAGC	4	R+1_2	Astronaut 2	R+1	R	31.8419145130291
R+1_2_CGCCTAACCGCTAACGCTGC	1	R+1_2	Astronaut 2	R+1	R	33.3830037903499
R+1_2_CGGCAGACTGGCTTGGGCGT	0	R+1_2	Astronaut 2	R+1	R	34.7891456040781
R+1_2_CGGCAGAGCTCTACGGATGA	0	R+1_2	Astronaut 2	R+1	R	34.6598535310282
R+1_2_CGGCAGAGCTCTACGGTCTA	3	R+1_2	Astronaut 2	R+1	R	30.8974878527913
R+1_2_CGTCGAACTCGACTGGATGA	3	R+1_2	Astronaut 2	R+1	R	31.5934756402341
R+1_2_CTAACAACGACTGGAGTAAT	1	R+1_2	Astronaut 2	R+1	R	34.5454594887941
R+1_2_CTAACGTAATGCTTGGGCGT	4	R+1_2	Astronaut 2	R+1	R	28.5772578549198
R+1_2_CTAACGTATCCGTCGGCGGT	0	R+1_2	Astronaut 2	R+1	R	32.2863421170797
R+1_2_CTACGATCCTCAGTTGCAAC	8	R+1_2	Astronaut 2	R+1	R	29.2170906355812
R+1_2_CTACGGAGTCCCATAGGCGT	6	R+1_2	Astronaut 2	R+1	R	25.7848573393074
R+1_2_CTACGTTCATCGCAAGATAT	4	R+1_2	Astronaut 2	R+1	R	37.4096734187026
R+1_2_CTAGTAGGTCCTGGAGGAGC	2	R+1_2	Astronaut 2	R+1	R	31.5213383332707
R+1_2_CTAGTAGTTGGCTGCGCTTG	1	R+1_2	Astronaut 2	R+1	R	36.2561478454611
R+1_2_CTTAAAAGACCGATTGATGA	0	R+1_2	Astronaut 2	R+1	R	35.7968339845578
R+1_2_CTTAATCGTACAACTGCTGC	1	R+1_2	Astronaut 2	R+1	R	32.4012973624043
R+1_2_GAACCGACTGGCGAAGATGA	4	R+1_2	Astronaut 2	R+1	R	33.58345073352
R+1_2_GACTGATTCAGCTGCGCGGT	1	R+1_2	Astronaut 2	R+1	R	32.4601084313798
R+1_2_GAGCTAGAACCTCCAGGCGT	0	R+1_2	Astronaut 2	R+1	R	32.3486855929868
R+1_2_GAGTCCTTAACCTAGGATAT	0	R+1_2	Astronaut 2	R+1	R	32.5005594779196
R+1_2_GATATCGCAACCGCTGATAT	0	R+1_2	Astronaut 2	R+1	R	31.4642595394226
R+1_2_GATGAGATATCCATAGGCGT	0	R+1_2	Astronaut 2	R+1	R	39.3062262098835
R+1_2_GCAACGCGAAGCTGCGTAAT	1	R+1_2	Astronaut 2	R+1	R	33.4527463330332
R+1_2_GCAGGACCAGCGTCGGTCTA	1	R+1_2	Astronaut 2	R+1	R	34.9000519227441
R+1_2_GCTCTACCAGGAGCTGGAGC	1	R+1_2	Astronaut 2	R+1	R	32.585070019473
R+1_2_GCTCTACCAGGATGAGCTGC	0	R+1_2	Astronaut 2	R+1	R	32.5038003162506
R+1_2_GCTGCACCTACGTCGGCTGC	1	R+1_2	Astronaut 2	R+1	R	22.3968785157813
R+1_2_GCTGCGCCTTGCGGTGATGA	8	R+1_2	Astronaut 2	R+1	R	26.3390513197784
R+1_2_GCTGCGGCAGGCTGCGGTCC	7	R+1_2	Astronaut 2	R+1	R	33.0592397527664
R+1_2_GCTGCTGCTACCTAGGCAAC	3	R+1_2	Astronaut 2	R+1	R	28.2633644110166
R+1_2_GGCAGATTCACGAAGGGAGC	0	R+1_2	Astronaut 2	R+1	R	32.2693472228211
R+1_2_GGTCCCGAAGGCTGCGATAT	1	R+1_2	Astronaut 2	R+1	R	31.1655825335068
R+1_2_GTAATACGATGCCTTGATGA	2	R+1_2	Astronaut 2	R+1	R	31.5043191086293
R+1_2_GTCCGGCTTGATTCAGATAT	0	R+1_2	Astronaut 2	R+1	R	32.7834140746776
R+1_2_TAAGGGTAATGCAGGGATAT	0	R+1_2	Astronaut 2	R+1	R	34.5403139467784
R+1_2_TAGAGAGGCTGGCGTGATAT	0	R+1_2	Astronaut 2	R+1	R	32.5132551064627
R+1_2_TAGAGAGTTGGACTGGATAT	0	R+1_2	Astronaut 2	R+1	R	32.7635002090672
R+1_2_TAGAGGTAGACTCCAGCAAC	2	R+1_2	Astronaut 2	R+1	R	39.3062264319938
R+1_2_TAGGAATTACCGCCTGCTTG	2	R+1_2	Astronaut 2	R+1	R	34.7529019512411
R+1_2_TAGGAGGCGTCTAACGATGA	2	R+1_2	Astronaut 2	R+1	R	34.3155985666857
R+1_2_TCATCACCAGCCTCAGATGA	0	R+1_2	Astronaut 2	R+1	R	32.1273180014869
R+1_2_TCATCGCAGGCAGTTGCGGT	1	R+1_2	Astronaut 2	R+1	R	27.4844380569595
R+1_2_TCGCGGCGAAGAGCTGTAAT	2	R+1_2	Astronaut 2	R+1	R	34.7891392270181
R+1_2_TGAGATGCTACGCTCGATGA	5	R+1_2	Astronaut 2	R+1	R	34.3132907169461
R+1_2_TGGACCGGATCTACGGATGA	3	R+1_2	Astronaut 2	R+1	R	37.0752422737401
R+1_2_TTAGCGATGACGATTGATAT	0	R+1_2	Astronaut 2	R+1	R	32.5030276027851
R+1_2_TTATGTCGTAGACTGGATGA	0	R+1_2	Astronaut 2	R+1	R	34.6024089576945
R+1_2_TTCGAAGGTCGATATGCCTT	3	R+1_2	Astronaut 2	R+1	R	21.0020752672741
R+1_3_AACCGACTAAGTAGAGATAT	2	R+1_3	Astronaut 3	R+1	R	7.11055940462027
R+1_3_AACCGAGGCTCAGCGGGAGC	5	R+1_3	Astronaut 3	R+1	R	36.0640449130321
R+1_3_AACCGAGGCTCTACGGCTGC	0	R+1_3	Astronaut 3	R+1	R	31.5494463285037
R+1_3_AACCGAGGCTGCGGTGATGA	0	R+1_3	Astronaut 3	R+1	R	26.1433372753058
R+1_3_AACCGAGGCTGCTGCGATAT	0	R+1_3	Astronaut 3	R+1	R	32.5122052222633
R+1_3_AACCGAGGCTGGCGTGCTTG	2	R+1_3	Astronaut 3	R+1	R	22.6539290847228
R+1_3_AACCGAGGTCCGCCTGGTCC	0	R+1_3	Astronaut 3	R+1	R	4.49759990683002
R+1_3_AACCGCAGCGGAACCGTAAT	0	R+1_3	Astronaut 3	R+1	R	36.2119855202924
R+1_3_AACCGCGTCGCAGCGGATGA	2	R+1_3	Astronaut 3	R+1	R	29.2184540633821
R+1_3_AACCGCGTCGGTAGAGGAGC	5	R+1_3	Astronaut 3	R+1	R	30.094602847551
R+1_3_AACCGGAACCGCCTTGCTTG	2	R+1_3	Astronaut 3	R+1	R	28.2633646331269
R+1_3_AACCGGAGCTGATATGTAAT	2	R+1_3	Astronaut 3	R+1	R	4.49760012894041
R+1_3_AACCGGAGTCGGCGTGATGA	1	R+1_3	Astronaut 3	R+1	R	3.37882000081072
R+1_3_AACCGGATATCGCCTGCAAC	2	R+1_3	Astronaut 3	R+1	R	36.1126582578693
R+1_3_AACCGGATATCTACGGCAAC	0	R+1_3	Astronaut 3	R+1	R	36.3554157945612
R+1_3_AACCGGATATGCAGGGCTGC	1	R+1_3	Astronaut 3	R+1	R	26.7356643726926
R+1_3_AACCGGTAGACAGTTGTAAT	7	R+1_3	Astronaut 3	R+1	R	9.20282926821175
R+1_3_AACCGGTATCCTAGTGTCTA	7	R+1_3	Astronaut 3	R+1	R	32.930967082937
R+1_3_AACCGGTCCGGCAGGGTCTA	0	R+1_3	Astronaut 3	R+1	R	35.5409270638663
R+1_3_AACCGTATGCCCGCTGTAAT	8	R+1_3	Astronaut 3	R+1	R	4.43137320785421
R+1_3_AACCGTCGTAGTAGAGGTCC	6	R+1_3	Astronaut 3	R+1	R	3.35996924332277
R+1_3_AACCGTGCTACTAGTGGAGC	4	R+1_3	Astronaut 3	R+1	R	32.0915563919958
R+1_3_AACGAACGATCGCCTGGCGT	0	R+1_3	Astronaut 3	R+1	R	30.0911637702782
R+1_3_AACGAACTAAATTCAGTCTA	0	R+1_3	Astronaut 3	R+1	R	35.4543795840862
R+1_3_AACGAACTTCCAACTGGCGT	2	R+1_3	Astronaut 3	R+1	R	4.4976003510508
R+1_3_AACGAATCTGGGAGCGCAAC	1	R+1_3	Astronaut 3	R+1	R	8.08300016687959
R+1_3_AACGAATGCGGAGCTGGAGC	1	R+1_3	Astronaut 3	R+1	R	31.5802937138096
R+1_3_AACGAATGGCATTGGGCGGT	3	R+1_3	Astronaut 3	R+1	R	21.1558268236869
R+1_3_AACGAATGGCCGCCTGGCGT	0	R+1_3	Astronaut 3	R+1	R	7.20917978783115
R+1_3_AACGACCGCTATTCAGTAAT	1	R+1_3	Astronaut 3	R+1	R	29.206817747048
R+1_3_AACGACCGCTCTGGAGCTTG	0	R+1_3	Astronaut 3	R+1	R	31.5503087420998
R+1_3_AACGACCTAGGCGAAGTAAT	4	R+1_3	Astronaut 3	R+1	R	39.2944899293277
R+1_3_AACGACGACCCGATTGATAT	2	R+1_3	Astronaut 3	R+1	R	3.28094035466958
R+1_3_AACGACGACCCGATTGATGA	3	R+1_3	Astronaut 3	R+1	R	2.14494123804322
R+1_3_AACGACGCCTCAACTGTAAT	6	R+1_3	Astronaut 3	R+1	R	22.6539293068332
R+1_3_AACGAGATGAGGCGTGTAAT	6	R+1_3	Astronaut 3	R+1	R	7.21778226552647
R+1_3_AACGAGCGAACTAACGATGA	0	R+1_3	Astronaut 3	R+1	R	1.7013276558904
R+1_3_AACGAGCTTGCTAACGGAGC	2	R+1_3	Astronaut 3	R+1	R	34.3219827590663
R+1_3_AACGATATCTGTAATGATAT	0	R+1_3	Astronaut 3	R+1	R	32.819649028763
R+1_3_AACGATCATCCCGCTGATGA	1	R+1_3	Astronaut 3	R+1	R	12.9250507755545
R+1_3_AACTCAACCGGGTAAGATGA	1	R+1_3	Astronaut 3	R+1	R	36.5616088307543
R+1_3_AACTCAAGGTCCTAGGCCTT	0	R+1_3	Astronaut 3	R+1	R	25.7984912888588
R+1_3_AACTCACTCGCTAACGATGA	4	R+1_3	Astronaut 3	R+1	R	4.57282833995646
R+1_3_AACTCAGGCTGCAGGGCTGC	0	R+1_3	Astronaut 3	R+1	R	2.10853023426404
R+1_3_AACTCAGTTGCTTAAGTAAT	1	R+1_3	Astronaut 3	R+1	R	37.4931459825945
R+1_3_AACTCATCTGGGCAGGCCTT	1	R+1_3	Astronaut 3	R+1	R	28.2724600685005
R+1_3_AACTCATTCAGCGAAGATGA	4	R+1_3	Astronaut 3	R+1	R	2.87218558609261
R+1_3_AACTCCAACTGACTGGCTTG	3	R+1_3	Astronaut 3	R+1	R	30.6783807833374
R+1_3_AACTCCAGAACGCAAGCTTG	7	R+1_3	Astronaut 3	R+1	R	37.5315874127622
R+1_3_AACTCCCATACTTAAGGAGC	0	R+1_3	Astronaut 3	R+1	R	9.34752074293668
R+1_3_AACTCCGACCCCTCAGCGGT	6	R+1_3	Astronaut 3	R+1	R	24.3640817083739
R+1_3_AACTCCTGGACGCTCGTAAT	0	R+1_3	Astronaut 3	R+1	R	39.3062266541042
R+1_3_AACTCGAACCGATGAGCAAC	0	R+1_3	Astronaut 3	R+1	R	17.4504579887685
R+1_3_AACTCGAACCGTATCGCTGC	4	R+1_3	Astronaut 3	R+1	R	35.9377895746732
R+1_3_AACTCGCCTTCGAAGGGCGT	0	R+1_3	Astronaut 3	R+1	R	33.3764201986266
R+1_3_AACTCGCGAACGCAAGCTGC	0	R+1_3	Astronaut 3	R+1	R	26.4029746337634
R+1_3_AACTCGCGGTCAGCGGGAGC	0	R+1_3	Astronaut 3	R+1	R	29.4820918646564
R+1_3_AACTCGGAGCGAGCTGTCTA	6	R+1_3	Astronaut 3	R+1	R	32.0646027675848
R+1_3_AACTCTAGAGCGTCGGATGA	1	R+1_3	Astronaut 3	R+1	R	10.6626306247394
R+1_3_AACTCTAGAGCTGGAGATGA	2	R+1_3	Astronaut 3	R+1	R	26.6850179230717
R+1_3_AACTCTAGGACGATTGGCGT	4	R+1_3	Astronaut 3	R+1	R	38.5642212232687
R+1_3_AACTCTATGCCGCAAGCTTG	4	R+1_3	Astronaut 3	R+1	R	25.2394605609539
R+1_3_AACTCTATGCCTGGAGCTGC	8	R+1_3	Astronaut 3	R+1	R	4.17234304693537
R+1_3_AACTCTCTACCTCCAGGTCC	1	R+1_3	Astronaut 3	R+1	R	28.4059950754013
R+1_3_AACTCTCTACGAACCGCTTG	2	R+1_3	Astronaut 3	R+1	R	24.3034118053425
R+1_3_AACTCTGGACCAGCGGCTGC	3	R+1_3	Astronaut 3	R+1	R	27.7165154153191
R+1_3_AACTCTGGACCGCAAGATGA	5	R+1_3	Astronaut 3	R+1	R	1.75287123158323
R+1_3_AAGACAACCGGGAGCGTCTA	0	R+1_3	Astronaut 3	R+1	R	25.8395697553891
R+1_3_AAGACAAGGTCTAACGGAGC	8	R+1_3	Astronaut 3	R+1	R	35.1121908833191
R+1_3_AAGACACCTACAGAAGTCTA	0	R+1_3	Astronaut 3	R+1	R	22.6539295289436
R+1_3_AAGACACCTAGTAATGGTCC	0	R+1_3	Astronaut 3	R+1	R	28.5805454605858
R+1_3_AAGACACGATCCATAGGTCC	0	R+1_3	Astronaut 3	R+1	R	3.70758857226542
R+1_3_AAGACACGATGCAACGCAAC	0	R+1_3	Astronaut 3	R+1	R	3.31205286850936
R+1_3_AAGACACTAACCTCAGATAT	0	R+1_3	Astronaut 3	R+1	R	28.3635131745627
R+1_3_AAGACAGGTCGGAGCGGCGT	1	R+1_3	Astronaut 3	R+1	R	7.81177386021677
R+1_3_AAGACAGTTGGCAACGCAAC	8	R+1_3	Astronaut 3	R+1	R	3.69867394453107
R+1_3_AAGACATCCTCTTAAGTAAT	8	R+1_3	Astronaut 3	R+1	R	6.85482670892671
R+1_3_AAGACATCCTGTATCGTAAT	8	R+1_3	Astronaut 3	R+1	R	4.46942240670426
R+1_3_AAGACCAATCGCTGCGTCTA	6	R+1_3	Astronaut 3	R+1	R	4.35284075191707
R+1_3_AAGACCGGCACAGAAGGAGC	2	R+1_3	Astronaut 3	R+1	R	18.7002271765757
R+1_3_AAGACCGTCGCGGATGATGA	1	R+1_3	Astronaut 3	R+1	R	32.3791708827767
R+1_3_AAGACCTAGTCAATCGATGA	4	R+1_3	Astronaut 3	R+1	R	32.5850702415834
R+1_3_AAGACCTAGTCTTAAGCGGT	7	R+1_3	Astronaut 3	R+1	R	35.9573579636864
R+1_3_AAGACCTGGAGCTCTGTCTA	1	R+1_3	Astronaut 3	R+1	R	7.81177408232716
R+1_3_AAGACGAGCTCAATCGCCTT	0	R+1_3	Astronaut 3	R+1	R	28.2633648552373
R+1_3_AAGACGCGAAGACTGGCTGC	2	R+1_3	Astronaut 3	R+1	R	22.5867530434935
R+1_3_AAGACGGCAGGCGAAGCTTG	4	R+1_3	Astronaut 3	R+1	R	25.2324247077902
R+1_3_AAGACGTCTACTAGTGGTCC	0	R+1_3	Astronaut 3	R+1	R	33.5660214212439
R+1_3_AAGACGTTAGCTAGTGCGGT	2	R+1_3	Astronaut 3	R+1	R	30.2646292610984
R+1_3_AAGACTATTGCAGTTGGAGC	0	R+1_3	Astronaut 3	R+1	R	27.053735535452
R+1_3_AAGACTTGAACAGCGGGAGC	4	R+1_3	Astronaut 3	R+1	R	4.59590692518578
R+1_3_AAGCAACTAAGCGGTGCAAC	1	R+1_3	Astronaut 3	R+1	R	38.5581854898824
R+1_3_AAGCAAGCGGGATGAGGCGT	4	R+1_3	Astronaut 3	R+1	R	31.101941460596
R+1_3_AAGCAATTCAGAGTCGATAT	0	R+1_3	Astronaut 3	R+1	R	32.0607471080966
R+1_3_AAGCACAGAAGCAGGGATAT	4	R+1_3	Astronaut 3	R+1	R	1.72441342445945
R+1_3_AAGCACAGTTGTAATGTAAT	0	R+1_3	Astronaut 3	R+1	R	29.0442051509023
R+1_3_AAGCACCTAGGCAACGTCTA	1	R+1_3	Astronaut 3	R+1	R	7.34424127496374
R+1_3_AAGCACGGCACTTAAGCCTT	2	R+1_3	Astronaut 3	R+1	R	4.23786979363267
R+1_3_AAGCACTGGAGCGGTGCTTG	0	R+1_3	Astronaut 3	R+1	R	29.2463449640375
R+1_3_AAGCAGCGGTCTGGAGCAAC	0	R+1_3	Astronaut 3	R+1	R	34.7657030342624
R+1_3_AAGCAGTTAGGGTCCGTCTA	3	R+1_3	Astronaut 3	R+1	R	3.61149143089838
R+1_3_AAGCATATCTCGATTGTCTA	1	R+1_3	Astronaut 3	R+1	R	2.39696067239236
R+1_3_AAGCATCTACGACTGGCTTG	4	R+1_3	Astronaut 3	R+1	R	33.387133216554
R+1_3_AAGCATGAGACAGCGGGCGT	4	R+1_3	Astronaut 3	R+1	R	35.4752865850428
R+1_3_AAGCATGAGACTAGTGCTGC	8	R+1_3	Astronaut 3	R+1	R	3.7254556191315
R+1_3_AAGCATTCATGTAATGGCGT	0	R+1_3	Astronaut 3	R+1	R	6.85482693103709
R+1_3_AAGGTACCTACTGGAGATAT	1	R+1_3	Astronaut 3	R+1	R	32.5850704636938
R+1_3_AAGGTACTCGCCGCTGCAAC	0	R+1_3	Astronaut 3	R+1	R	26.8843110887436
R+1_3_AAGGTAGGCTCGGATGTAAT	0	R+1_3	Astronaut 3	R+1	R	28.2926804313511
R+1_3_AAGGTAGGCTGATATGCTGC	1	R+1_3	Astronaut 3	R+1	R	3.25334308357445
R+1_3_AAGGTAGGTCGCGAAGCTGC	1	R+1_3	Astronaut 3	R+1	R	3.80004919745605
R+1_3_AAGGTATCCTGGTCCGCAAC	0	R+1_3	Astronaut 3	R+1	R	33.9390171318717
R+1_3_AAGGTCAATCGCGGTGCGGT	4	R+1_3	Astronaut 3	R+1	R	26.685018145182
R+1_3_AAGGTCGCTCGCTTGGTAAT	0	R+1_3	Astronaut 3	R+1	R	31.9620201939488
R+1_3_AAGGTCTAACCGGCAGTAAT	0	R+1_3	Astronaut 3	R+1	R	35.4413954704164
R+1_3_AAGGTCTTAACGGCAGTAAT	2	R+1_3	Astronaut 3	R+1	R	38.0946042920446
R+1_3_AAGGTGCTCTGGTAAGGTCC	1	R+1_3	Astronaut 3	R+1	R	4.49252224755847
R+1_3_AAGGTGGAGCCAATCGGTCC	4	R+1_3	Astronaut 3	R+1	R	27.7165511317027
R+1_3_AAGGTGGCGTGCTGCGCAAC	5	R+1_3	Astronaut 3	R+1	R	22.653929751054
R+1_3_AAGGTGTCCGGCGGTGATGA	1	R+1_3	Astronaut 3	R+1	R	36.7643373354168
R+1_3_AAGGTTCATCCCTCAGCAAC	0	R+1_3	Astronaut 3	R+1	R	3.66384943634662
R+1_3_AAGGTTCGTACGAAGGGAGC	4	R+1_3	Astronaut 3	R+1	R	3.71419839785788
R+1_3_AAGGTTGCGCCTGGAGATGA	1	R+1_3	Astronaut 3	R+1	R	14.5263929207494
R+1_3_AAGGTTTCATGAGCTGCAAC	8	R+1_3	Astronaut 3	R+1	R	38.5581857119928
R+1_3_ACCAGAAGCACGTCGGCTGC	7	R+1_3	Astronaut 3	R+1	R	25.7533579578825
R+1_3_ACCAGACTCGCCTAGGATGA	1	R+1_3	Astronaut 3	R+1	R	30.6776116885282
R+1_3_ACCAGCTAACGAACCGCTTG	5	R+1_3	Astronaut 3	R+1	R	4.71228443815925
R+1_3_ACCAGCTACGATTGGGTCTA	7	R+1_3	Astronaut 3	R+1	R	35.9377897967836
R+1_3_ACCAGCTACGCGTCGGGTCC	5	R+1_3	Astronaut 3	R+1	R	25.2267324223949
R+1_3_ACCAGCTACGGGTAAGATAT	5	R+1_3	Astronaut 3	R+1	R	27.717971727304
R+1_3_ACCAGCTACGGGTAAGCGGT	1	R+1_3	Astronaut 3	R+1	R	8.84207965279833
R+1_3_ACCAGCTTAACGGCAGATAT	0	R+1_3	Astronaut 3	R+1	R	4.68203615108116
R+1_3_ACCAGGAACCCTTAAGCAAC	0	R+1_3	Astronaut 3	R+1	R	34.5454597109045
R+1_3_ACCAGGACTGGCGAAGCGGT	5	R+1_3	Astronaut 3	R+1	R	26.689689736726
R+1_3_ACCAGGATGAGCTGCGCTGC	0	R+1_3	Astronaut 3	R+1	R	3.73004217566627
R+1_3_ACCAGGCGAAGCTGCGCTGC	1	R+1_3	Astronaut 3	R+1	R	26.8854204463076
R+1_3_ACCAGGCGAAGCTGCGGCGT	4	R+1_3	Astronaut 3	R+1	R	3.27310070044473
R+1_3_ACCAGGCTTGCCTCAGATGA	0	R+1_3	Astronaut 3	R+1	R	2.85775217979662
R+1_3_ACCAGTAGGAGCGAAGCTGC	2	R+1_3	Astronaut 3	R+1	R	22.5611436407873
R+1_3_ACCAGTATCTCTGGAGCTTG	3	R+1_3	Astronaut 3	R+1	R	6.85482715314748
R+1_3_ACCAGTCCGGGTAGAGGAGC	2	R+1_3	Astronaut 3	R+1	R	16.3968798733728
R+1_3_ACCAGTCGCGGTAATGATGA	2	R+1_3	Astronaut 3	R+1	R	7.11055962673066
R+1_3_ACCAGTTCGAGGCGTGATAT	2	R+1_3	Astronaut 3	R+1	R	36.6258904633959
R+1_3_ACCTAACTCGATTGGGCCTT	0	R+1_3	Astronaut 3	R+1	R	29.2379759894294
R+1_3_ACCTAAGGTCCAATCGATAT	3	R+1_3	Astronaut 3	R+1	R	4.58851350185056
R+1_3_ACCTAATCCTGGAGCGCAAC	7	R+1_3	Astronaut 3	R+1	R	24.3084886086399
R+1_3_ACCTAATGGCGTAGAGCGGT	0	R+1_3	Astronaut 3	R+1	R	21.5377278454034
R+1_3_ACCTACAGTTGTAGAGCAAC	2	R+1_3	Astronaut 3	R+1	R	36.9493885456817
R+1_3_ACCTACCGCTCTAACGGTCC	2	R+1_3	Astronaut 3	R+1	R	21.0020754893844
R+1_3_ACCTACGATTGCAACGTAAT	7	R+1_3	Astronaut 3	R+1	R	22.6539299731644
R+1_3_ACCTACGGCACCATAGCTTG	0	R+1_3	Astronaut 3	R+1	R	3.67620454080042
R+1_3_ACCTACGTCGGCGAAGCTGC	2	R+1_3	Astronaut 3	R+1	R	26.2340659170173
R+1_3_ACCTACTAACCAGCGGCGGT	0	R+1_3	Astronaut 3	R+1	R	3.29840154139052
R+1_3_ACCTAGCTTGGAGTCGCAAC	2	R+1_3	Astronaut 3	R+1	R	4.56197461014889
R+1_3_ACCTATAAGGCAGAAGGTCC	2	R+1_3	Astronaut 3	R+1	R	22.6539301952747
R+1_3_ACCTATCATCCGACCGCTGC	5	R+1_3	Astronaut 3	R+1	R	30.5753322293085
R+1_3_ACCTATGGACGGTCCGATGA	0	R+1_3	Astronaut 3	R+1	R	37.0273553372195
R+1_3_ACGATAACTCGGCAGGCTGC	1	R+1_3	Astronaut 3	R+1	R	35.937790018894
R+1_3_ACGATAACTCGTAATGGCGT	4	R+1_3	Astronaut 3	R+1	R	32.163199533592
R+1_3_ACGATAAGCACGCAAGCTTG	9	R+1_3	Astronaut 3	R+1	R	32.1534825869831
R+1_3_ACGATAAGGTCAGAAGATGA	0	R+1_3	Astronaut 3	R+1	R	33.3390061254463
R+1_3_ACGATACTCGGCTCTGGCGT	1	R+1_3	Astronaut 3	R+1	R	22.6539304173851
R+1_3_ACGATAGAGTCTAACGCGGT	2	R+1_3	Astronaut 3	R+1	R	25.6486930219929
R+1_3_ACGATATGGCCAGAAGATGA	1	R+1_3	Astronaut 3	R+1	R	37.532253808612
R+1_3_ACGATCGAAGGAGCTGCCTT	4	R+1_3	Astronaut 3	R+1	R	26.3947152523532
R+1_3_ACGATCGACCGGCGTGATGA	3	R+1_3	Astronaut 3	R+1	R	26.1433374974162
R+1_3_ACGATCGATTCGACCGGCGT	0	R+1_3	Astronaut 3	R+1	R	13.7649030388229
R+1_3_ACGATGCTTGCGTCGGCAAC	8	R+1_3	Astronaut 3	R+1	R	31.5214869630482
R+1_3_ACGATTCATCCAGTTGTAAT	2	R+1_3	Astronaut 3	R+1	R	21.3079713228416
R+1_3_ACGATTCATCCCTAGGATGA	2	R+1_3	Astronaut 3	R+1	R	26.2495612611284
R+1_3_ACGATTTCGACGAAGGATAT	2	R+1_3	Astronaut 3	R+1	R	3.66885974182677
R+1_3_ACGATTTCGACGAAGGCTGC	0	R+1_3	Astronaut 3	R+1	R	21.5377280675138
R+1_3_ACTAAAACCGCTTAAGGTCC	3	R+1_3	Astronaut 3	R+1	R	25.8279380567892
R+1_3_ACTAAAAGGTGAGCTGGCGT	0	R+1_3	Astronaut 3	R+1	R	4.26303262081663
R+1_3_ACTAAACCAGGCTGCGATGA	1	R+1_3	Astronaut 3	R+1	R	33.2835858544477
R+1_3_ACTAAACGATGCTTGGGCGT	1	R+1_3	Astronaut 3	R+1	R	33.4173144941423
R+1_3_ACTAAACTCGGCAACGCAAC	8	R+1_3	Astronaut 3	R+1	R	26.1433377195266
R+1_3_ACTAAATTGGGCGAAGGCGT	6	R+1_3	Astronaut 3	R+1	R	4.59903887115146
R+1_3_ACTAACGATTGAGCTGCGGT	8	R+1_3	Astronaut 3	R+1	R	2.90980875939552
R+1_3_ACTAACTAGTCAGTTGGTCC	0	R+1_3	Astronaut 3	R+1	R	3.80553089806047
R+1_3_ACTAACTAGTCTTAAGTCTA	0	R+1_3	Astronaut 3	R+1	R	36.4038469862484
R+1_3_ACTAAGATATGGTCCGCAAC	4	R+1_3	Astronaut 3	R+1	R	29.0449071663659
R+1_3_ACTAAGCTTGCGGATGCGGT	0	R+1_3	Astronaut 3	R+1	R	22.6539306394955
R+1_3_ACTAAGTCCGCAGAAGCGGT	0	R+1_3	Astronaut 3	R+1	R	3.68139179722816
R+1_3_ACTAAGTCCGCTACGGCAAC	2	R+1_3	Astronaut 3	R+1	R	29.2230274910005
R+1_3_ACTAAGTCCGGCTTGGCGGT	5	R+1_3	Astronaut 3	R+1	R	24.7460204234217
R+1_3_ACTAAGTCCGGCTTGGCTTG	8	R+1_3	Astronaut 3	R+1	R	27.4752995133738
R+1_3_ACTAAGTTAGGGTCCGCTTG	2	R+1_3	Astronaut 3	R+1	R	3.25894271778195
R+1_3_ACTAATAGGACGGATGGTCC	2	R+1_3	Astronaut 3	R+1	R	21.5464331579493
R+1_3_ACTAATATCTATTGGGTCTA	6	R+1_3	Astronaut 3	R+1	R	2.47529296550744
R+1_3_ACTAATCTACCTGGAGATAT	0	R+1_3	Astronaut 3	R+1	R	33.7054806590736
R+1_3_ACTAATGGACGCCTTGCAAC	2	R+1_3	Astronaut 3	R+1	R	26.143337941637
R+1_3_ACTAATTCGACGCCTGCTTG	1	R+1_3	Astronaut 3	R+1	R	4.58225338838689
R+1_3_ACTCGACCTAGCAACGTAAT	0	R+1_3	Astronaut 3	R+1	R	36.5572160850885
R+1_3_ACTCGACGATCCGCTGCCTT	7	R+1_3	Astronaut 3	R+1	R	36.2379824450881
R+1_3_ACTCGACGATCCGCTGCGGT	1	R+1_3	Astronaut 3	R+1	R	35.0224522037111
R+1_3_ACTCGACTTCCGACCGTAAT	4	R+1_3	Astronaut 3	R+1	R	31.9620204160592
R+1_3_ACTCGAGAACCTCCAGGCGT	2	R+1_3	Astronaut 3	R+1	R	30.1663108066062
R+1_3_ACTCGAGGTCCTACGGATGA	3	R+1_3	Astronaut 3	R+1	R	21.5663668260801
R+1_3_ACTCGAGTTGCTACGGGCGT	4	R+1_3	Astronaut 3	R+1	R	6.85482737525787
R+1_3_ACTCGAGTTGGCAGGGTCTA	1	R+1_3	Astronaut 3	R+1	R	30.4854752059208
R+1_3_ACTCGATTGGCTACGGTAAT	0	R+1_3	Astronaut 3	R+1	R	4.49760057316118
R+1_3_ACTCGCCATAGTATCGGAGC	0	R+1_3	Astronaut 3	R+1	R	36.8698350412879
R+1_3_ACTCGCGCCTGCTGCGCAAC	2	R+1_3	Astronaut 3	R+1	R	33.9390173539821
R+1_3_ACTCGCTAGTCCTAGGCCTT	0	R+1_3	Astronaut 3	R+1	R	32.5850706858042
R+1_3_ACTCGGACTGCTACGGATGA	0	R+1_3	Astronaut 3	R+1	R	29.2068968472597
R+1_3_ACTCGGAGTCCCTAGGCCTT	2	R+1_3	Astronaut 3	R+1	R	24.7467138441708
R+1_3_ACTCGTAGAGCGCTCGATGA	1	R+1_3	Astronaut 3	R+1	R	35.5225396993528
R+1_3_ACTCGTAGGAGCTCTGCAAC	1	R+1_3	Astronaut 3	R+1	R	10.6626308468497
R+1_3_ACTCGTATTGCCGCTGATGA	2	R+1_3	Astronaut 3	R+1	R	34.3219829811767
R+1_3_ACTCGTGCGCCGGATGGCGT	8	R+1_3	Astronaut 3	R+1	R	27.4752997354842
R+1_3_ACTCGTGCGCCTTAAGTCTA	5	R+1_3	Astronaut 3	R+1	R	36.0318401275366
R+1_3_ACTTCACCTAGACTGGCGGT	4	R+1_3	Astronaut 3	R+1	R	2.37336239885648
R+1_3_ACTTCAGTTGCGGATGCAAC	9	R+1_3	Astronaut 3	R+1	R	25.6510011598334
R+1_3_ACTTCAGTTGGCGGTGCAAC	4	R+1_3	Astronaut 3	R+1	R	32.4070597312761
R+1_3_ACTTCATTCACGACCGCCTT	0	R+1_3	Astronaut 3	R+1	R	22.6539308616059
R+1_3_ACTTCCCTCACGAAGGCAAC	0	R+1_3	Astronaut 3	R+1	R	34.563990650922
R+1_3_ACTTCCGGCACCTCAGCAAC	1	R+1_3	Astronaut 3	R+1	R	36.8698352633983
R+1_3_ACTTCCGGCACCTCAGCCTT	1	R+1_3	Astronaut 3	R+1	R	25.2329496305987
R+1_3_ACTTCGCAACGTATCGCTGC	9	R+1_3	Astronaut 3	R+1	R	26.1433381637474
R+1_3_ACTTCGCAACGTATCGGAGC	2	R+1_3	Astronaut 3	R+1	R	3.74796547722327
R+1_3_ACTTCGCAGGGCTGCGCTTG	0	R+1_3	Astronaut 3	R+1	R	35.2536768206648
R+1_3_ACTTCGCTGCGTAATGATAT	2	R+1_3	Astronaut 3	R+1	R	1.19169726477386
R+1_3_ACTTCGCTTGCCTAGGCGGT	6	R+1_3	Astronaut 3	R+1	R	37.0219913167073
R+1_3_ACTTCGCTTGGTAGAGATAT	4	R+1_3	Astronaut 3	R+1	R	21.5409476581118
R+1_3_ACTTCGTAGACCTCAGATAT	3	R+1_3	Astronaut 3	R+1	R	2.88277359086417
R+1_3_ACTTCGTAGACGACCGGAGC	3	R+1_3	Astronaut 3	R+1	R	24.7057464690977
R+1_3_ACTTCGTATCCTTAAGGCGT	2	R+1_3	Astronaut 3	R+1	R	25.9192678201618
R+1_3_ACTTCGTCTAGTAATGATGA	0	R+1_3	Astronaut 3	R+1	R	2.60323033650825
R+1_3_ACTTCTAAGGCGCAAGATGA	3	R+1_3	Astronaut 3	R+1	R	27.4916062334557
R+1_3_ACTTCTACGTGTAGAGGCGT	4	R+1_3	Astronaut 3	R+1	R	2.89243227744665
R+1_3_ACTTCTCGCGCGTCGGCAAC	2	R+1_3	Astronaut 3	R+1	R	34.9194215288554
R+1_3_ACTTCTGAGACCTAGGGCGT	8	R+1_3	Astronaut 3	R+1	R	21.5377282896241
R+1_3_AGAACAAGCACAATCGATGA	4	R+1_3	Astronaut 3	R+1	R	1.25527539428457
R+1_3_AGAACAAGCAGTATCGTCTA	4	R+1_3	Astronaut 3	R+1	R	2.35217486271177
R+1_3_AGAACACCAGCAGCGGCAAC	6	R+1_3	Astronaut 3	R+1	R	26.1433383858578
R+1_3_AGAACACCAGCAGCGGGTCC	4	R+1_3	Astronaut 3	R+1	R	34.6486474731009
R+1_3_AGAACACCAGGCAGGGGCGT	0	R+1_3	Astronaut 3	R+1	R	36.649110452455
R+1_3_AGAACACGATCAATCGGAGC	0	R+1_3	Astronaut 3	R+1	R	17.5655777412834
R+1_3_AGAACATCTGCCATAGCAAC	0	R+1_3	Astronaut 3	R+1	R	33.5953356662856
R+1_3_AGAACATGCGGAGTCGCAAC	5	R+1_3	Astronaut 3	R+1	R	4.18018954451142
R+1_3_AGAACCGTCGGCGGTGCTTG	0	R+1_3	Astronaut 3	R+1	R	32.3564933523593
R+1_3_AGAACCTCCAGGAGCGCAAC	2	R+1_3	Astronaut 3	R+1	R	32.5105592811522
R+1_3_AGAACGACTGGCGAAGGTCC	3	R+1_3	Astronaut 3	R+1	R	28.2670011487518
R+1_3_AGAACGAGCTCAGAAGATAT	0	R+1_3	Astronaut 3	R+1	R	34.5378741176614
R+1_3_AGAACGAGTCCAGCGGGAGC	5	R+1_3	Astronaut 3	R+1	R	4.49760079527157
R+1_3_AGAACGATATGTATCGTCTA	3	R+1_3	Astronaut 3	R+1	R	35.4957764655848
R+1_3_AGAACGGCAGCCATAGCCTT	2	R+1_3	Astronaut 3	R+1	R	3.37194002187042
R+1_3_AGAACGGCAGGTAATGGAGC	4	R+1_3	Astronaut 3	R+1	R	32.411620877197
R+1_3_AGAACTACGTGATATGCAAC	2	R+1_3	Astronaut 3	R+1	R	18.6604998202245
R+1_3_AGAACTAGGACAACTGCTTG	1	R+1_3	Astronaut 3	R+1	R	3.77919206076021
R+1_3_AGAACTAGGACGCCTGCAAC	5	R+1_3	Astronaut 3	R+1	R	22.6539310837163
R+1_3_AGAACTATGCCTAACGCTTG	0	R+1_3	Astronaut 3	R+1	R	3.60855187872281
R+1_3_AGAACTCATCCCTAGGGCGT	2	R+1_3	Astronaut 3	R+1	R	28.5528905930462
R+1_3_AGAACTCCGGCCTCAGGTCC	0	R+1_3	Astronaut 3	R+1	R	33.2696111720718
R+1_3_AGAACTCCGGGATATGTAAT	0	R+1_3	Astronaut 3	R+1	R	25.7996484482314
R+1_3_AGAACTCTACATTCAGATAT	2	R+1_3	Astronaut 3	R+1	R	39.3062268762146
R+1_3_AGAACTGAGACTCCAGGTCC	7	R+1_3	Astronaut 3	R+1	R	34.7529021733515
R+1_3_AGAACTTGAAGCCTTGCGGT	0	R+1_3	Astronaut 3	R+1	R	6.88050362233862
R+1_3_AGAGTAACCGGCGAAGCAAC	2	R+1_3	Astronaut 3	R+1	R	22.6312019067785
R+1_3_AGAGTAACGAGCTTGGCTGC	3	R+1_3	Astronaut 3	R+1	R	14.6647240426957
R+1_3_AGAGTAACTCGCAGGGGTCC	0	R+1_3	Astronaut 3	R+1	R	3.7751167352804
R+1_3_AGAGTACCAGGCAGGGCTTG	1	R+1_3	Astronaut 3	R+1	R	3.70139301413019
R+1_3_AGAGTACTTCGAGCTGGCGT	0	R+1_3	Astronaut 3	R+1	R	28.969391301885
R+1_3_AGAGTAGAGTCTCCAGTCTA	7	R+1_3	Astronaut 3	R+1	R	20.4120633581209
R+1_3_AGAGTCGAAGCAGCGGCAAC	0	R+1_3	Astronaut 3	R+1	R	25.223557332346
R+1_3_AGAGTCGACCGCGAAGGTCC	1	R+1_3	Astronaut 3	R+1	R	25.6903878537265
R+1_3_AGAGTCGCTCGCAGGGATGA	3	R+1_3	Astronaut 3	R+1	R	22.8742222098419
R+1_3_AGAGTGCCTTGATATGCAAC	2	R+1_3	Astronaut 3	R+1	R	35.6053213070362
R+1_3_AGAGTGCTGCGTAATGCTTG	4	R+1_3	Astronaut 3	R+1	R	4.49760101738195
R+1_3_AGAGTGGAGCGGTAAGCTTG	0	R+1_3	Astronaut 3	R+1	R	27.4814375768125
R+1_3_AGAGTTAAGGCAATCGCAAC	3	R+1_3	Astronaut 3	R+1	R	3.90077743146464
R+1_3_AGAGTTCATCCTACGGTAAT	1	R+1_3	Astronaut 3	R+1	R	6.85482759736825
R+1_3_AGAGTTTATGCGCCTGTCTA	2	R+1_3	Astronaut 3	R+1	R	3.73487023735072
R+1_3_AGAGTTTATGCTTAAGCAAC	0	R+1_3	Astronaut 3	R+1	R	36.5572163071988
R+1_3_AGAGTTTATGGTAATGTAAT	1	R+1_3	Astronaut 3	R+1	R	30.5307054385
R+1_3_AGCGGAACTCGGTCCGCTGC	5	R+1_3	Astronaut 3	R+1	R	26.8900531277712
R+1_3_AGCGGAAGGTCGCAAGCTTG	1	R+1_3	Astronaut 3	R+1	R	29.2133845445039
R+1_3_AGCGGAAGGTGAGCTGTAAT	2	R+1_3	Astronaut 3	R+1	R	22.6539313058267
R+1_3_AGCGGAAGGTGCGAAGCGGT	4	R+1_3	Astronaut 3	R+1	R	22.4871677167661
R+1_3_AGCGGACCTAGACTGGTCTA	0	R+1_3	Astronaut 3	R+1	R	34.5454599330149
R+1_3_AGCGGCAGAAGCCTTGCAAC	0	R+1_3	Astronaut 3	R+1	R	32.7691637137514
R+1_3_AGCGGCGACCGGTAAGTAAT	4	R+1_3	Astronaut 3	R+1	R	27.4884197333435
R+1_3_AGCGGCGGCACAACTGCAAC	4	R+1_3	Astronaut 3	R+1	R	2.8093428847989
R+1_3_AGCGGCTAGTCTACGGCTTG	1	R+1_3	Astronaut 3	R+1	R	33.3957202987418
R+1_3_AGCGGCTTAAATTGGGATAT	0	R+1_3	Astronaut 3	R+1	R	4.49760123949234
R+1_3_AGCGGGCAACCTAGTGGCGT	0	R+1_3	Astronaut 3	R+1	R	4.49760146160273
R+1_3_AGCGGGGTAAGCTGCGCTTG	0	R+1_3	Astronaut 3	R+1	R	36.8698354855087
R+1_3_AGCGGTACGTCAATCGATGA	6	R+1_3	Astronaut 3	R+1	R	29.2723673023519
R+1_3_AGCGGTCGTAATTCAGTCTA	4	R+1_3	Astronaut 3	R+1	R	26.4029748558738
R+1_3_AGCGGTGCGCGATGAGCTGC	3	R+1_3	Astronaut 3	R+1	R	30.4892318272376
R+1_3_AGCGGTTAGCCTGGAGCAAC	1	R+1_3	Astronaut 3	R+1	R	33.5660216433543
R+1_3_AGGCTAAGCAGAACCGGAGC	0	R+1_3	Astronaut 3	R+1	R	4.32003770972944
R+1_3_AGGCTACTAAGCCTTGATAT	3	R+1_3	Astronaut 3	R+1	R	28.2805632984805
R+1_3_AGGCTAGAACGCGAAGGTCC	7	R+1_3	Astronaut 3	R+1	R	37.0752424958505
R+1_3_AGGCTCAGTTCTCCAGATAT	2	R+1_3	Astronaut 3	R+1	R	13.7812522686169
R+1_3_AGGCTCCTAGGCAACGCTTG	0	R+1_3	Astronaut 3	R+1	R	28.2673158851715
R+1_3_AGGCTCCTCACCTAGGCCTT	9	R+1_3	Astronaut 3	R+1	R	3.30117612079994
R+1_3_AGGCTCGATTGACTGGCAAC	1	R+1_3	Astronaut 3	R+1	R	3.69867416664146
R+1_3_AGGCTCTAGTCGCCTGGAGC	6	R+1_3	Astronaut 3	R+1	R	34.6589408532507
R+1_3_AGGCTGCTTGGCTGCGCTGC	1	R+1_3	Astronaut 3	R+1	R	19.4288408111431
R+1_3_AGGCTTATGCCAATCGCCTT	0	R+1_3	Astronaut 3	R+1	R	22.6539315279371
R+1_3_AGGCTTCATCCAGTTGCAAC	2	R+1_3	Astronaut 3	R+1	R	39.306227098325
R+1_3_AGGCTTCATCCAGTTGGCGT	1	R+1_3	Astronaut 3	R+1	R	30.0911639923886
R+1_3_AGGTCAAGCACGGCAGGCGT	1	R+1_3	Astronaut 3	R+1	R	6.85482781947864
R+1_3_AGGTCACGATCGCCTGCTTG	2	R+1_3	Astronaut 3	R+1	R	32.0527236237956
R+1_3_AGGTCCAGCGCGTCGGCGGT	0	R+1_3	Astronaut 3	R+1	R	34.8222482065807
R+1_3_AGGTCCTAGTGCAACGATAT	8	R+1_3	Astronaut 3	R+1	R	4.91511673408261
R+1_3_AGGTCGCAACCTTAAGATAT	2	R+1_3	Astronaut 3	R+1	R	39.3062273204354
R+1_3_AGGTCGCAGGCGATTGGAGC	1	R+1_3	Astronaut 3	R+1	R	24.7467140662812
R+1_3_AGGTCGCAGGCGGATGATAT	3	R+1_3	Astronaut 3	R+1	R	31.8039948327331
R+1_3_AGGTCGCAGGCGGATGTCTA	2	R+1_3	Astronaut 3	R+1	R	30.2632118374594
R+1_3_AGGTCGCCTTCAGTTGATGA	0	R+1_3	Astronaut 3	R+1	R	31.9919573612817
R+1_3_AGGTCGCGAAGCGGTGCTTG	0	R+1_3	Astronaut 3	R+1	R	35.4970897753961
R+1_3_AGGTCGCGGTGCGGTGCGGT	3	R+1_3	Astronaut 3	R+1	R	7.81177430443754
R+1_3_AGGTCTAGAGGGCGTGCTTG	5	R+1_3	Astronaut 3	R+1	R	25.7848978495107
R+1_3_AGGTCTATCTGCAGGGTCTA	6	R+1_3	Astronaut 3	R+1	R	37.5392314517732
R+1_3_AGGTCTCCGGCAGTTGGTCC	0	R+1_3	Astronaut 3	R+1	R	4.29564995998228
R+1_3_AGGTCTTAGCCTAACGATGA	0	R+1_3	Astronaut 3	R+1	R	32.0509481865173
R+1_3_AGGTCTTCGAGCTCTGTAAT	1	R+1_3	Astronaut 3	R+1	R	31.4170349061953
R+1_3_AGGTCTTGAAGACTGGCTTG	2	R+1_3	Astronaut 3	R+1	R	14.6647242648061
R+1_3_AGTTGACCTACGACCGCTTG	9	R+1_3	Astronaut 3	R+1	R	27.5289625964917
R+1_3_AGTTGAGAGTCAACTGTAAT	1	R+1_3	Astronaut 3	R+1	R	29.0495142229627
R+1_3_AGTTGCCTCACAACTGTCTA	0	R+1_3	Astronaut 3	R+1	R	9.04546615894221
R+1_3_AGTTGCCTCAGTAGAGCTGC	1	R+1_3	Astronaut 3	R+1	R	23.4280933186856
R+1_3_AGTTGCTTAACAGTTGTAAT	1	R+1_3	Astronaut 3	R+1	R	28.2734692216625
R+1_3_AGTTGGATATATTCAGTCTA	3	R+1_3	Astronaut 3	R+1	R	3.15322112662652
R+1_3_AGTTGGCAACATTCAGTCTA	0	R+1_3	Astronaut 3	R+1	R	37.9152915982159
R+1_3_AGTTGGCAACGCGGTGCTTG	0	R+1_3	Astronaut 3	R+1	R	25.7764587260122
R+1_3_AGTTGGCGAACGGATGTCTA	0	R+1_3	Astronaut 3	R+1	R	28.5636919389564
R+1_3_AGTTGGTCTACAGCGGGAGC	1	R+1_3	Astronaut 3	R+1	R	30.8974880749017
R+1_3_AGTTGTAGAGGACTGGGTCC	0	R+1_3	Astronaut 3	R+1	R	2.28804676326136
R+1_3_AGTTGTCAGTGTAATGCAAC	9	R+1_3	Astronaut 3	R+1	R	32.1888261247471
R+1_3_AGTTGTGCGCCCTCAGCCTT	0	R+1_3	Astronaut 3	R+1	R	4.49760168371311
R+1_3_ATCCTAACGACGACCGGAGC	4	R+1_3	Astronaut 3	R+1	R	25.9041229180782
R+1_3_ATCCTAAGACCTGGAGCTGC	4	R+1_3	Astronaut 3	R+1	R	14.9438020605452
R+1_3_ATCCTAAGGTCGCCTGATAT	0	R+1_3	Astronaut 3	R+1	R	26.8873701158167
R+1_3_ATCCTACGATCCGCTGGAGC	1	R+1_3	Astronaut 3	R+1	R	27.3119280339602
R+1_3_ATCCTCCGCTCGAAGGATAT	3	R+1_3	Astronaut 3	R+1	R	31.5505206807142
R+1_3_ATCCTCCGCTGCGAAGATGA	7	R+1_3	Astronaut 3	R+1	R	34.9327834465782
R+1_3_ATCCTCCTAGGATATGTAAT	1	R+1_3	Astronaut 3	R+1	R	11.0267710597414
R+1_3_ATCCTCGAAGGACTGGATGA	3	R+1_3	Astronaut 3	R+1	R	39.3062275425458
R+1_3_ATCCTCTAGTATTGGGATAT	8	R+1_3	Astronaut 3	R+1	R	31.7106726009189
R+1_3_ATCCTCTGGAGCTGCGGAGC	5	R+1_3	Astronaut 3	R+1	R	32.4829701789263
R+1_3_ATCCTGATATGCAGGGTAAT	1	R+1_3	Astronaut 3	R+1	R	9.46026046390063
R+1_3_ATCCTGATATGCTGCGTCTA	0	R+1_3	Astronaut 3	R+1	R	39.1160764584398
R+1_3_ATCCTGCGGTCTTAAGCTTG	2	R+1_3	Astronaut 3	R+1	R	36.8698357076191
R+1_3_ATCCTGTATCGCCTTGATAT	2	R+1_3	Astronaut 3	R+1	R	2.58046248816324
R+1_3_ATCCTTATCTGGTAAGGCGT	7	R+1_3	Astronaut 3	R+1	R	33.6238273642629
R+1_3_ATCCTTCCGGGCAACGCCTT	8	R+1_3	Astronaut 3	R+1	R	3.70522983535204
R+1_3_ATCCTTCCGGGGTAAGCGGT	2	R+1_3	Astronaut 3	R+1	R	29.9944857964361
R+1_3_ATCCTTGCGCGGTCCGTAAT	8	R+1_3	Astronaut 3	R+1	R	26.3857586464559
R+1_3_ATCCTTTATGATTGGGTCTA	3	R+1_3	Astronaut 3	R+1	R	29.2342676772906
R+1_3_ATCTGAACTCCGCTCGATGA	3	R+1_3	Astronaut 3	R+1	R	4.66055843765116
R+1_3_ATCTGAAGACCGAAGGTAAT	0	R+1_3	Astronaut 3	R+1	R	4.41437957778401
R+1_3_ATCTGAAGCAGCAGGGGAGC	0	R+1_3	Astronaut 3	R+1	R	3.26971268429505
R+1_3_ATCTGACCTACCGCTGGAGC	1	R+1_3	Astronaut 3	R+1	R	34.8289326927819
R+1_3_ATCTGACCTACTGGAGCTGC	0	R+1_3	Astronaut 3	R+1	R	3.37189109604632
R+1_3_ATCTGATCCTGCTGCGCTGC	1	R+1_3	Astronaut 3	R+1	R	4.35788865910027
R+1_3_ATCTGATTCAGCGAAGCTTG	3	R+1_3	Astronaut 3	R+1	R	2.81830464515476
R+1_3_ATCTGCCTAGCAGTTGGCGT	0	R+1_3	Astronaut 3	R+1	R	30.113944731225
R+1_3_ATCTGCTTAAGCTGCGATAT	2	R+1_3	Astronaut 3	R+1	R	38.8020213025683
R+1_3_ATCTGGACTGGAGTCGCAAC	0	R+1_3	Astronaut 3	R+1	R	6.85482804158903
R+1_3_ATCTGGATGAGGCGTGGCGT	4	R+1_3	Astronaut 3	R+1	R	34.3219832032871
R+1_3_ATCTGGGCGTGATATGATAT	2	R+1_3	Astronaut 3	R+1	R	32.4501994560322
R+1_3_ATCTGGTTAGCGCTCGCGGT	2	R+1_3	Astronaut 3	R+1	R	26.1433386079682
R+1_3_ATCTGTACGTCGCCTGCTTG	8	R+1_3	Astronaut 3	R+1	R	25.3223597311199
R+1_3_ATCTGTATCTCAATCGCAAC	0	R+1_3	Astronaut 3	R+1	R	35.9525290452692
R+1_3_ATCTGTTCGAGGCGTGATGA	6	R+1_3	Astronaut 3	R+1	R	3.82069043490803
R+1_3_ATCTGTTGAAGAGTCGCTGC	1	R+1_3	Astronaut 3	R+1	R	6.85482826369941
R+1_3_ATGCGACGATCTAGTGGTCC	7	R+1_3	Astronaut 3	R+1	R	38.5581859341032
R+1_3_ATGCGACTCGCCTAGGATAT	0	R+1_3	Astronaut 3	R+1	R	29.2342605506973
R+1_3_ATGCGATCTGGATATGCTGC	0	R+1_3	Astronaut 3	R+1	R	4.30786686629055
R+1_3_ATGCGCAGAACTACGGGTCC	2	R+1_3	Astronaut 3	R+1	R	34.7529023954619
R+1_3_ATGCGCAGTTCCTCAGCCTT	0	R+1_3	Astronaut 3	R+1	R	31.4432310561121
R+1_3_ATGCGCGACCGAGTCGATAT	4	R+1_3	Astronaut 3	R+1	R	33.6025690165598
R+1_3_ATGCGGACTGCGCTCGGTCC	1	R+1_3	Astronaut 3	R+1	R	3.80004941956644
R+1_3_ATGCGGTATCGGCAGGGCGT	5	R+1_3	Astronaut 3	R+1	R	24.7383645456907
R+1_3_ATGCGTAAGGCGCAAGCTTG	2	R+1_3	Astronaut 3	R+1	R	3.6735865098381
R+1_3_ATGCGTGAGAGAGCTGCTGC	2	R+1_3	Astronaut 3	R+1	R	36.4207511182801
R+1_3_ATGCGTTATGATTGGGCTGC	0	R+1_3	Astronaut 3	R+1	R	11.1000391745424
R+1_3_ATGCGTTCGAGCAGGGTAAT	4	R+1_3	Astronaut 3	R+1	R	4.37852602397725
R+1_3_ATGGCAACGACAGAAGATAT	1	R+1_3	Astronaut 3	R+1	R	32.3966199131478
R+1_3_ATGGCAACGAGATGAGGAGC	1	R+1_3	Astronaut 3	R+1	R	21.5377285117345
R+1_3_ATGGCAACTCGTAATGCCTT	3	R+1_3	Astronaut 3	R+1	R	3.68819617985358
R+1_3_ATGGCACCAGGCTTGGCTGC	1	R+1_3	Astronaut 3	R+1	R	30.3301707544362
R+1_3_ATGGCATTACGTAATGGAGC	0	R+1_3	Astronaut 3	R+1	R	36.0089335631796
R+1_3_ATGGCATTGGGCAGGGATGA	0	R+1_3	Astronaut 3	R+1	R	37.9186199935604
R+1_3_ATGGCCAACTGCTGCGTAAT	4	R+1_3	Astronaut 3	R+1	R	39.3062277646562
R+1_3_ATGGCCAATCGGCAGGCGGT	1	R+1_3	Astronaut 3	R+1	R	21.5377287338449
R+1_3_ATGGCCGAAGCAATCGCTTG	2	R+1_3	Astronaut 3	R+1	R	6.99249569201973
R+1_3_ATGGCCGAAGGTAGAGGCGT	5	R+1_3	Astronaut 3	R+1	R	26.8737809406317
R+1_3_ATGGCCGGATGACTGGCCTT	1	R+1_3	Astronaut 3	R+1	R	26.1433388300785
R+1_3_ATGGCCTCCACCTCAGATAT	7	R+1_3	Astronaut 3	R+1	R	29.0391871160757
R+1_3_ATGGCGACTGCCGCTGCTTG	6	R+1_3	Astronaut 3	R+1	R	12.0668670565379
R+1_3_ATGGCGACTGGCTGCGCAAC	0	R+1_3	Astronaut 3	R+1	R	36.8698359297295
R+1_3_ATGGCGCGAACGCCTGATGA	1	R+1_3	Astronaut 3	R+1	R	21.0020757114948
R+1_3_ATGGCGCGAAGCTCTGGAGC	0	R+1_3	Astronaut 3	R+1	R	4.4976019058235
R+1_3_ATGGCGGTAAGCAACGCGGT	3	R+1_3	Astronaut 3	R+1	R	4.26774512282865
R+1_3_ATGGCGGTCCCGTCGGATGA	1	R+1_3	Astronaut 3	R+1	R	4.56350613690863
R+1_3_ATGGCGTAGACCATAGGTCC	2	R+1_3	Astronaut 3	R+1	R	3.30621878825073
R+1_3_ATGGCTAAGGGCTCTGATAT	4	R+1_3	Astronaut 3	R+1	R	38.8020215246787
R+1_3_ATGGCTAGGAGACTGGGCGT	0	R+1_3	Astronaut 3	R+1	R	30.9982186486357
R+1_3_ATGGCTCTACATTCAGCGGT	3	R+1_3	Astronaut 3	R+1	R	4.49760212793389
R+1_3_ATGGCTCTACCGACCGCTTG	0	R+1_3	Astronaut 3	R+1	R	28.9822643235848
R+1_3_ATGGCTTCGACGCCTGCAAC	2	R+1_3	Astronaut 3	R+1	R	27.4974943294778
R+1_3_ATTACAACCGCCTAGGCAAC	1	R+1_3	Astronaut 3	R+1	R	22.6539317500474
R+1_3_ATTACAACCGCCTAGGGTCC	1	R+1_3	Astronaut 3	R+1	R	28.5886228276103
R+1_3_ATTACAACTCGTAATGCTGC	3	R+1_3	Astronaut 3	R+1	R	22.8379472934169
R+1_3_ATTACAAGGTATTGGGCAAC	2	R+1_3	Astronaut 3	R+1	R	12.0833259766304
R+1_3_ATTACAGAACATTGGGGCGT	1	R+1_3	Astronaut 3	R+1	R	35.6995208973468
R+1_3_ATTACATGGCCTGGAGCCTT	6	R+1_3	Astronaut 3	R+1	R	25.8395699774995
R+1_3_ATTACATTGGGCCTTGGTCC	0	R+1_3	Astronaut 3	R+1	R	14.6552316364344
R+1_3_ATTACCTCCACGGATGCTGC	0	R+1_3	Astronaut 3	R+1	R	35.5290146009253
R+1_3_ATTACGAGTCCCATAGGTCC	0	R+1_3	Astronaut 3	R+1	R	25.8395701996099
R+1_3_ATTACGATATGATATGCTTG	1	R+1_3	Astronaut 3	R+1	R	2.85174534337076
R+1_3_ATTACGATATGCAACGCTTG	0	R+1_3	Astronaut 3	R+1	R	3.80004964167682
R+1_3_ATTACGCTCTGAACCGGAGC	0	R+1_3	Astronaut 3	R+1	R	20.4120635802313
R+1_3_ATTACGGTAACGACCGCTTG	8	R+1_3	Astronaut 3	R+1	R	4.49760235004427
R+1_3_ATTACGTCCGGTAGAGGAGC	0	R+1_3	Astronaut 3	R+1	R	2.10853045637442
R+1_3_ATTACGTCTACTACGGCAAC	0	R+1_3	Astronaut 3	R+1	R	25.9250263284554
R+1_3_ATTACTACGTCTTAAGATGA	4	R+1_3	Astronaut 3	R+1	R	2.85805688799621
R+1_3_ATTACTCCGGCTAACGCTTG	3	R+1_3	Astronaut 3	R+1	R	25.6486932441033
R+1_3_ATTACTCTACCGAAGGCCTT	4	R+1_3	Astronaut 3	R+1	R	4.63467623647246
R+1_3_ATTACTTATGGTAATGCTGC	4	R+1_3	Astronaut 3	R+1	R	25.2468824214244
R+1_3_ATTCAAACGAGGCGTGCTGC	4	R+1_3	Astronaut 3	R+1	R	27.4956541747672
R+1_3_ATTCAAACTCGGTAAGATAT	0	R+1_3	Astronaut 3	R+1	R	32.8198561345871
R+1_3_ATTCAAAGGTCAGAAGATAT	0	R+1_3	Astronaut 3	R+1	R	4.43907302001041
R+1_3_ATTCAAAGGTGCTTGGATAT	8	R+1_3	Astronaut 3	R+1	R	7.73309309000409
R+1_3_ATTCAACCTACAACTGCCTT	1	R+1_3	Astronaut 3	R+1	R	28.2651643654967
R+1_3_ATTCAAGGCTCTAGTGTAAT	2	R+1_3	Astronaut 3	R+1	R	25.9250265505658
R+1_3_ATTCAATGGCCGCCTGCGGT	0	R+1_3	Astronaut 3	R+1	R	22.6539319721578
R+1_3_ATTCAATTACGAGTCGGCGT	4	R+1_3	Astronaut 3	R+1	R	26.8896631618996
R+1_3_ATTCACGATTCGATTGGAGC	0	R+1_3	Astronaut 3	R+1	R	14.5263931428598
R+1_3_ATTCACTTAAGCAACGCAAC	2	R+1_3	Astronaut 3	R+1	R	27.7318228796568
R+1_3_ATTCAGATGACAATCGGTCC	3	R+1_3	Astronaut 3	R+1	R	13.9352567683267
R+1_3_ATTCAGATGAGACTGGCTTG	3	R+1_3	Astronaut 3	R+1	R	32.820813105915
R+1_3_ATTCAGGAGCGCGAAGGTCC	8	R+1_3	Astronaut 3	R+1	R	3.27213155026355
R+1_3_ATTCAGGCGTGCGAAGCGGT	8	R+1_3	Astronaut 3	R+1	R	6.8548284858098
R+1_3_ATTCAGGCGTGCGAAGCTTG	4	R+1_3	Astronaut 3	R+1	R	12.0833261987408
R+1_3_ATTCAGGCGTGTATCGCAAC	0	R+1_3	Astronaut 3	R+1	R	2.67169859578563
R+1_3_ATTCATCCGGATTCAGGAGC	4	R+1_3	Astronaut 3	R+1	R	29.2068179691583
R+1_3_ATTGGACCAGCTAACGCTGC	1	R+1_3	Astronaut 3	R+1	R	2.81943014280855
R+1_3_ATTGGACCTACTACGGCAAC	0	R+1_3	Astronaut 3	R+1	R	25.8395704217203
R+1_3_ATTGGACTTCCGCTCGCAAC	6	R+1_3	Astronaut 3	R+1	R	16.1564515197949
R+1_3_ATTGGAGTTGCTCCAGATAT	0	R+1_3	Astronaut 3	R+1	R	2.10853067848481
R+1_3_ATTGGATCCTCAACTGGCGT	6	R+1_3	Astronaut 3	R+1	R	32.5850709079146
R+1_3_ATTGGATGCGGGTAAGCTGC	4	R+1_3	Astronaut 3	R+1	R	21.8954081644955
R+1_3_ATTGGCGGATGAACCGCTGC	1	R+1_3	Astronaut 3	R+1	R	32.0543308251584
R+1_3_ATTGGCGGATGGTCCGATAT	3	R+1_3	Astronaut 3	R+1	R	22.6539321942682
R+1_3_ATTGGCTAACCGCTCGCTGC	7	R+1_3	Astronaut 3	R+1	R	22.6539324163786
R+1_3_ATTGGCTTAAGAACCGCTTG	0	R+1_3	Astronaut 3	R+1	R	26.7247500732535
R+1_3_ATTGGTCATCGCTTGGATAT	0	R+1_3	Astronaut 3	R+1	R	7.81177452654793
R+1_3_ATTGGTTGAACCTAGGCAAC	4	R+1_3	Astronaut 3	R+1	R	22.3468142758146
R+1_3_CAACTAGAGTCCATAGCAAC	5	R+1_3	Astronaut 3	R+1	R	27.0160750038149
R+1_3_CAACTAGGCTCTCCAGCTTG	0	R+1_3	Astronaut 3	R+1	R	25.9250267726762
R+1_3_CAACTCGCTCGCAACGATGA	0	R+1_3	Astronaut 3	R+1	R	3.26947403728872
R+1_3_CAACTGCTGCCAGAAGCTGC	2	R+1_3	Astronaut 3	R+1	R	28.271300304077
R+1_3_CAACTGCTTGCGCAAGTAAT	0	R+1_3	Astronaut 3	R+1	R	35.6053215291466
R+1_3_CAACTGTAATCGCAAGTAAT	0	R+1_3	Astronaut 3	R+1	R	35.4371646205816
R+1_3_CAACTTGCTACAGAAGTCTA	0	R+1_3	Astronaut 3	R+1	R	4.49760257215466
R+1_3_CAACTTTGAAGCAGGGCAAC	3	R+1_3	Astronaut 3	R+1	R	35.6664136352097
R+1_3_CAATCACTAACGTCGGGCGT	2	R+1_3	Astronaut 3	R+1	R	34.3134951733314
R+1_3_CAATCACTAAGGTCCGTCTA	3	R+1_3	Astronaut 3	R+1	R	21.5731942316653
R+1_3_CAATCACTTCGGAGCGCCTT	2	R+1_3	Astronaut 3	R+1	R	25.2509630343414
R+1_3_CAATCAGGCTGCTGCGCGGT	0	R+1_3	Astronaut 3	R+1	R	32.585071130025
R+1_3_CAATCCCTCACTGGAGCCTT	5	R+1_3	Astronaut 3	R+1	R	4.64206693132575
R+1_3_CAATCCGGATGGCAGGTAAT	0	R+1_3	Astronaut 3	R+1	R	24.5297155055004
R+1_3_CAATCCGGCAGGCGTGATGA	5	R+1_3	Astronaut 3	R+1	R	33.4265007784726
R+1_3_CAATCCTGGAGGCGTGCTGC	4	R+1_3	Astronaut 3	R+1	R	3.76203770911742
R+1_3_CAATCCTTAACAGTTGGCGT	6	R+1_3	Astronaut 3	R+1	R	22.4244915865816
R+1_3_CAATCGATATCTTAAGCAAC	1	R+1_3	Astronaut 3	R+1	R	38.1834438893604
R+1_3_CAATCGATATGTATCGCTTG	5	R+1_3	Astronaut 3	R+1	R	32.8071759952471
R+1_3_CAATCGCAACGAGCTGGCGT	0	R+1_3	Astronaut 3	R+1	R	25.8395706438307
R+1_3_CAATCGCAACGAGTCGCAAC	6	R+1_3	Astronaut 3	R+1	R	35.3222902896616
R+1_3_CAATCGGCAGGTAGAGCGGT	4	R+1_3	Astronaut 3	R+1	R	34.659172761848
R+1_3_CAATCGGTCCGCGAAGATGA	0	R+1_3	Astronaut 3	R+1	R	38.7710557812787
R+1_3_CAATCTAAGGCGCCTGGTCC	1	R+1_3	Astronaut 3	R+1	R	25.9250269947865
R+1_3_CAATCTACGTCAGTTGTAAT	4	R+1_3	Astronaut 3	R+1	R	21.5377289559553
R+1_3_CAATCTGCGCCAATCGCGGT	1	R+1_3	Astronaut 3	R+1	R	32.5850713521353
R+1_3_CAGAAACCTACTTAAGCAAC	4	R+1_3	Astronaut 3	R+1	R	34.6569742128622
R+1_3_CAGAAACCTAGTATCGGCGT	1	R+1_3	Astronaut 3	R+1	R	21.5377291780657
R+1_3_CAGAAACGATGTATCGATAT	2	R+1_3	Astronaut 3	R+1	R	28.5529186763004
R+1_3_CAGAAACTAAGCCTTGCTTG	2	R+1_3	Astronaut 3	R+1	R	35.6775042207506
R+1_3_CAGAAACTCGCAGAAGTAAT	1	R+1_3	Astronaut 3	R+1	R	29.5055500233025
R+1_3_CAGAAAGAGTCGCAAGATAT	3	R+1_3	Astronaut 3	R+1	R	4.28526918017647
R+1_3_CAGAAAGGCTGCGGTGCAAC	6	R+1_3	Astronaut 3	R+1	R	22.0211958691254
R+1_3_CAGAAAGGTCGAGTCGTCTA	0	R+1_3	Astronaut 3	R+1	R	30.2739763339124
R+1_3_CAGAAATCCTCTTAAGTCTA	0	R+1_3	Astronaut 3	R+1	R	7.30105398198324
R+1_3_CAGAAATGGCGACTGGTAAT	0	R+1_3	Astronaut 3	R+1	R	33.1544229297839
R+1_3_CAGAACAACTCTCCAGATAT	0	R+1_3	Astronaut 3	R+1	R	33.3905309172522
R+1_3_CAGAACAGAAGCTCTGATAT	1	R+1_3	Astronaut 3	R+1	R	36.5609461279101
R+1_3_CAGAACCTCAGTAATGTCTA	1	R+1_3	Astronaut 3	R+1	R	30.091164214499
R+1_3_CAGAACGACCCGGATGGTCC	0	R+1_3	Astronaut 3	R+1	R	32.5040915959193
R+1_3_CAGAACTGGAGATATGGAGC	4	R+1_3	Astronaut 3	R+1	R	35.4866607327125
R+1_3_CAGAAGCTGCCGAAGGCTTG	0	R+1_3	Astronaut 3	R+1	R	32.5850715742457
R+1_3_CAGAAGTAATCTAACGCTGC	1	R+1_3	Astronaut 3	R+1	R	4.49760279426504
R+1_3_CAGAAGTATCCTACGGCTGC	3	R+1_3	Astronaut 3	R+1	R	35.9377902410044
R+1_3_CAGAAGTTAGCTCCAGCAAC	6	R+1_3	Astronaut 3	R+1	R	7.26992799907799
R+1_3_CAGAATAGGACAGCGGCAAC	0	R+1_3	Astronaut 3	R+1	R	1.77346894312126
R+1_3_CAGAATATGCGATATGGCGT	1	R+1_3	Astronaut 3	R+1	R	3.72094443948561
R+1_3_CAGAATCCGGCCGCTGTCTA	1	R+1_3	Astronaut 3	R+1	R	25.9250272168969
R+1_3_CAGAATGAGAGCTTGGCGGT	4	R+1_3	Astronaut 3	R+1	R	25.2864719589301
R+1_3_CAGAATGGACGCTCTGCAAC	8	R+1_3	Astronaut 3	R+1	R	10.9929216401685
R+1_3_CAGAATTCGACGAAGGCAAC	0	R+1_3	Astronaut 3	R+1	R	37.7157913933242
R+1_3_CAGCGAGAGTGTATCGCTGC	2	R+1_3	Astronaut 3	R+1	R	22.653932638489
R+1_3_CAGCGATTGGGAACCGTCTA	4	R+1_3	Astronaut 3	R+1	R	3.68759347009075
R+1_3_CAGCGCAGTTCAGTTGGCGT	6	R+1_3	Astronaut 3	R+1	R	29.0142730212437
R+1_3_CAGCGCGAAGCAGAAGCAAC	0	R+1_3	Astronaut 3	R+1	R	4.56772134883552
R+1_3_CAGCGCGATTGGAGCGATGA	3	R+1_3	Astronaut 3	R+1	R	4.58240640081621
R+1_3_CAGCGCGGATCAATCGATAT	0	R+1_3	Astronaut 3	R+1	R	32.8173536592438
R+1_3_CAGCGCTACGCTGGAGCCTT	6	R+1_3	Astronaut 3	R+1	R	7.11055984884104
R+1_3_CAGCGCTAGTCGAAGGCTGC	1	R+1_3	Astronaut 3	R+1	R	32.5850717963561
R+1_3_CAGCGGCGGTCTAACGGTCC	2	R+1_3	Astronaut 3	R+1	R	18.762101162324
R+1_3_CAGCGGCTCTGAGTCGCAAC	0	R+1_3	Astronaut 3	R+1	R	39.3062279867666
R+1_3_CAGCGGTCTACTAACGGAGC	0	R+1_3	Astronaut 3	R+1	R	3.76000285923468
R+1_3_CAGCGTCATCCCATAGGTCC	0	R+1_3	Astronaut 3	R+1	R	16.3968800954832
R+1_3_CAGTTAACCGCAGAAGCTTG	3	R+1_3	Astronaut 3	R+1	R	3.79694712111307
R+1_3_CAGTTACTAACGCAAGATGA	1	R+1_3	Astronaut 3	R+1	R	32.3966201352582
R+1_3_CAGTTACTTCCGTCGGATAT	7	R+1_3	Astronaut 3	R+1	R	10.7385684264141
R+1_3_CAGTTAGGTCGCCTTGTAAT	0	R+1_3	Astronaut 3	R+1	R	28.9977638735879
R+1_3_CAGTTATCCTCGACCGCTTG	3	R+1_3	Astronaut 3	R+1	R	3.72910633829709
R+1_3_CAGTTATTACCGAAGGCCTT	2	R+1_3	Astronaut 3	R+1	R	30.9432049103015
R+1_3_CAGTTCAGAACGCTCGCTGC	2	R+1_3	Astronaut 3	R+1	R	3.77468152831545
R+1_3_CAGTTCGATTCCATAGATAT	2	R+1_3	Astronaut 3	R+1	R	35.4309219822861
R+1_3_CAGTTCGATTCCATAGCTGC	1	R+1_3	Astronaut 3	R+1	R	24.754648749061
R+1_3_CAGTTCGGATCTCCAGGAGC	0	R+1_3	Astronaut 3	R+1	R	2.48370674800255
R+1_3_CAGTTCGTCGCCTCAGTCTA	0	R+1_3	Astronaut 3	R+1	R	34.5454601551253
R+1_3_CAGTTCGTCGCGACCGATAT	1	R+1_3	Astronaut 3	R+1	R	28.2633650773477
R+1_3_CAGTTCTAGTGCTGCGCTGC	3	R+1_3	Astronaut 3	R+1	R	34.672582965392
R+1_3_CAGTTGCAGGGCGGTGTCTA	3	R+1_3	Astronaut 3	R+1	R	13.4417282301503
R+1_3_CAGTTGCGGTCAACTGGTCC	1	R+1_3	Astronaut 3	R+1	R	33.802955373296
R+1_3_CAGTTGCTCTGATATGATGA	3	R+1_3	Astronaut 3	R+1	R	4.58280393083589
R+1_3_CAGTTGGAGCGGCGTGCAAC	0	R+1_3	Astronaut 3	R+1	R	24.1947110794935
R+1_3_CAGTTGGCAGCTAGTGTCTA	3	R+1_3	Astronaut 3	R+1	R	21.5377294001761
R+1_3_CAGTTGTAGAGATATGTCTA	0	R+1_3	Astronaut 3	R+1	R	13.7677891323749
R+1_3_CAGTTTACGTCGGCAGTAAT	2	R+1_3	Astronaut 3	R+1	R	37.7032837907898
R+1_3_CAGTTTAGAGGATGAGTCTA	9	R+1_3	Astronaut 3	R+1	R	33.4576740455272
R+1_3_CAGTTTATCTGTAATGTAAT	1	R+1_3	Astronaut 3	R+1	R	24.3847953468716
R+1_3_CAGTTTATCTGTAGAGATAT	0	R+1_3	Astronaut 3	R+1	R	3.3673057054641
R+1_3_CAGTTTCAGTCAGCGGGCGT	3	R+1_3	Astronaut 3	R+1	R	21.0020759336052
R+1_3_CAGTTTCAGTCCATAGGAGC	0	R+1_3	Astronaut 3	R+1	R	24.5977882699968
R+1_3_CAGTTTCGCGCTAGTGCAAC	2	R+1_3	Astronaut 3	R+1	R	2.1085309005952
R+1_3_CAGTTTCGTACTGGAGTCTA	2	R+1_3	Astronaut 3	R+1	R	30.0911644366093
R+1_3_CAGTTTGCGCGCAACGATAT	0	R+1_3	Astronaut 3	R+1	R	3.354656935577
R+1_3_CAGTTTGCTAGAACCGCAAC	0	R+1_3	Astronaut 3	R+1	R	32.5651586618248
R+1_3_CCATAACCAGGAACCGTCTA	3	R+1_3	Astronaut 3	R+1	R	2.72852883393749
R+1_3_CCATAACGATGAGCTGCTTG	0	R+1_3	Astronaut 3	R+1	R	4.2136968873613
R+1_3_CCATAAGGCTGAGTCGCGGT	5	R+1_3	Astronaut 3	R+1	R	18.6605000423349
R+1_3_CCATAAGTTGGCGGTGGAGC	5	R+1_3	Astronaut 3	R+1	R	7.61877152053772
R+1_3_CCATAATTGGCGACCGATAT	3	R+1_3	Astronaut 3	R+1	R	27.4752999575946
R+1_3_CCATACAATCGCAACGCCTT	1	R+1_3	Astronaut 3	R+1	R	29.0479548330693
R+1_3_CCATAGAACCCCTCAGCCTT	1	R+1_3	Astronaut 3	R+1	R	3.78374415234252
R+1_3_CCATAGATATCTCCAGTCTA	0	R+1_3	Astronaut 3	R+1	R	4.48660800803219
R+1_3_CCATAGATGAGTAGAGTAAT	7	R+1_3	Astronaut 3	R+1	R	3.32157762835607
R+1_3_CCATAGCTCTGCCTTGGCGT	2	R+1_3	Astronaut 3	R+1	R	22.6539328605994
R+1_3_CCATAGCTGCCGTCGGTAAT	0	R+1_3	Astronaut 3	R+1	R	33.9390175760925
R+1_3_CCATAGGCAGCTACGGGAGC	6	R+1_3	Astronaut 3	R+1	R	3.84190638550496
R+1_3_CCATAGGCGTGTATCGCAAC	1	R+1_3	Astronaut 3	R+1	R	3.26869063868717
R+1_3_CCATATCGTACAGCGGATGA	1	R+1_3	Astronaut 3	R+1	R	32.2551794679991
R+1_3_CCATATTGAACCTCAGCTGC	1	R+1_3	Astronaut 3	R+1	R	22.6539330827098
R+1_3_CCGCTAACTCCAGCGGCGGT	3	R+1_3	Astronaut 3	R+1	R	28.5621082806888
R+1_3_CCGCTACTAACGACCGGAGC	1	R+1_3	Astronaut 3	R+1	R	38.5581861562136
R+1_3_CCGCTACTAAGATGAGATAT	0	R+1_3	Astronaut 3	R+1	R	24.1061586604696
R+1_3_CCGCTACTTCGCAGGGTAAT	8	R+1_3	Astronaut 3	R+1	R	3.86860931107861
R+1_3_CCGCTATTACCGAAGGATAT	0	R+1_3	Astronaut 3	R+1	R	4.49760301637543
R+1_3_CCGCTATTACGCTTGGCAAC	2	R+1_3	Astronaut 3	R+1	R	10.6626310689601
R+1_3_CCGCTCAATCCTTAAGCCTT	0	R+1_3	Astronaut 3	R+1	R	4.66431810774992e-06
R+1_3_CCGCTCTTAAGGCGTGATAT	2	R+1_3	Astronaut 3	R+1	R	4.21385428200258
R+1_3_CCGCTGAACCCGACCGGCGT	0	R+1_3	Astronaut 3	R+1	R	27.712085227084
R+1_3_CCGCTGAGCTCTCCAGCAAC	8	R+1_3	Astronaut 3	R+1	R	2.2165664613782
R+1_3_CCGCTGAGTCCGGATGGTCC	4	R+1_3	Astronaut 3	R+1	R	32.5850720184665
R+1_3_CCGCTGCCTTCCGCTGCTTG	1	R+1_3	Astronaut 3	R+1	R	31.6226138595516
R+1_3_CCGCTGCCTTGAACCGGTCC	0	R+1_3	Astronaut 3	R+1	R	38.5581863783239
R+1_3_CCGCTGCGGTGTATCGGAGC	0	R+1_3	Astronaut 3	R+1	R	3.75147917728034
R+1_3_CCGCTGCGGTGTATCGTAAT	0	R+1_3	Astronaut 3	R+1	R	31.9620206381696
R+1_3_CCGCTGCTCTCCTCAGATGA	0	R+1_3	Astronaut 3	R+1	R	34.8099564933995
R+1_3_CCGCTGTAATCCGCTGGAGC	0	R+1_3	Astronaut 3	R+1	R	30.9854665596188
R+1_3_CCGCTGTATCGCTTGGTCTA	1	R+1_3	Astronaut 3	R+1	R	1.31093632152297
R+1_3_CCGCTTATCTATTGGGGAGC	0	R+1_3	Astronaut 3	R+1	R	33.4346586112128
R+1_3_CCGCTTCATCCAATCGATAT	1	R+1_3	Astronaut 3	R+1	R	35.322290511772
R+1_3_CCGCTTTCATCCTAGGCTGC	1	R+1_3	Astronaut 3	R+1	R	35.5627331398165
R+1_3_CCTAGAACGAGCTTGGTAAT	3	R+1_3	Astronaut 3	R+1	R	26.1716075097356
R+1_3_CCTAGAACTCGCGAAGCTTG	2	R+1_3	Astronaut 3	R+1	R	4.49760323848582
R+1_3_CCTAGAAGGTCAGCGGCCTT	8	R+1_3	Astronaut 3	R+1	R	3.78184885734805
R+1_3_CCTAGACCAGCAGTTGATGA	5	R+1_3	Astronaut 3	R+1	R	3.67316426209011
R+1_3_CCTAGACGATCGCAAGGAGC	2	R+1_3	Astronaut 3	R+1	R	4.5920691448286
R+1_3_CCTAGACGATGGCAGGCTTG	2	R+1_3	Astronaut 3	R+1	R	30.1345383562587
R+1_3_CCTAGAGGCTCTTAAGATGA	4	R+1_3	Astronaut 3	R+1	R	26.3450169099008
R+1_3_CCTAGATCTGGTATCGCTGC	1	R+1_3	Astronaut 3	R+1	R	7.81177474865831
R+1_3_CCTAGATGCGGCCTTGGCGT	0	R+1_3	Astronaut 3	R+1	R	36.4089023593755
R+1_3_CCTAGCAGTTCTACGGATAT	8	R+1_3	Astronaut 3	R+1	R	17.4504582108788
R+1_3_CCTAGGACTGGCGAAGGTCC	0	R+1_3	Astronaut 3	R+1	R	4.4976034605962
R+1_3_CCTAGGTATCATTCAGCTTG	0	R+1_3	Astronaut 3	R+1	R	4.70527716961013
R+1_3_CCTAGTATCTCGGATGCTTG	0	R+1_3	Astronaut 3	R+1	R	4.693181540997
R+1_3_CCTAGTATCTGCAACGGTCC	0	R+1_3	Astronaut 3	R+1	R	30.1249834719451
R+1_3_CCTAGTCCGGATTCAGCTTG	0	R+1_3	Astronaut 3	R+1	R	26.1829374845077
R+1_3_CCTAGTTCATATTCAGCTGC	3	R+1_3	Astronaut 3	R+1	R	4.49760368270659
R+1_3_CCTCAAACTCCCATAGGCGT	3	R+1_3	Astronaut 3	R+1	R	22.7431870757784
R+1_3_CCTCAACTAAGTAATGCAAC	7	R+1_3	Astronaut 3	R+1	R	32.5850722405769
R+1_3_CCTCAAGAACCGACCGCTTG	4	R+1_3	Astronaut 3	R+1	R	33.4512177538446
R+1_3_CCTCAAGAGTGTATCGCAAC	9	R+1_3	Astronaut 3	R+1	R	1.76583544852391
R+1_3_CCTCAAGGCTATTCAGCGGT	1	R+1_3	Astronaut 3	R+1	R	28.9726295870206
R+1_3_CCTCAAGGCTCAATCGATGA	2	R+1_3	Astronaut 3	R+1	R	2.68841040089497
R+1_3_CCTCAATCCTCGAAGGCTGC	1	R+1_3	Astronaut 3	R+1	R	23.6653046012878
R+1_3_CCTCAATCTGGCTGCGCAAC	1	R+1_3	Astronaut 3	R+1	R	3.67421286257336
R+1_3_CCTCAATTACGTAGAGGAGC	1	R+1_3	Astronaut 3	R+1	R	32.375741728127
R+1_3_CCTCAATTCAGAGCTGTAAT	2	R+1_3	Astronaut 3	R+1	R	32.7919424295477
R+1_3_CCTCACTTAACAGAAGCGGT	3	R+1_3	Astronaut 3	R+1	R	12.7715135614267
R+1_3_CCTCAGACTGGCTCTGCTGC	4	R+1_3	Astronaut 3	R+1	R	4.68296470677988
R+1_3_CCTCAGAGCTCGAAGGGAGC	4	R+1_3	Astronaut 3	R+1	R	34.3219834253975
R+1_3_CCTCAGAGTCCTCCAGCTGC	1	R+1_3	Astronaut 3	R+1	R	21.5377296222865
R+1_3_CCTCATGCGCCGGATGCTGC	0	R+1_3	Astronaut 3	R+1	R	30.243319000426
R+1_3_CCTCATGGACGCAGGGCAAC	0	R+1_3	Astronaut 3	R+1	R	22.4030987442586
R+1_3_CCTCATTCATGCTTGGGTCC	0	R+1_3	Astronaut 3	R+1	R	3.86614793068822
R+1_3_CCTCATTGAAGAACCGTAAT	6	R+1_3	Astronaut 3	R+1	R	20.4120638023417
R+1_3_CGAAGAGAGTCCTCAGATGA	3	R+1_3	Astronaut 3	R+1	R	33.9390177982029
R+1_3_CGAAGAGAGTGGTCCGATGA	7	R+1_3	Astronaut 3	R+1	R	34.7529026175723
R+1_3_CGAAGATCCTCCGCTGGAGC	7	R+1_3	Astronaut 3	R+1	R	4.49760390481697
R+1_3_CGAAGATCCTCGCAAGCCTT	8	R+1_3	Astronaut 3	R+1	R	35.3222907338824
R+1_3_CGAAGATCTGGCTGCGCTTG	8	R+1_3	Astronaut 3	R+1	R	27.7104829486223
R+1_3_CGAAGATGCGGCTCTGATAT	0	R+1_3	Astronaut 3	R+1	R	35.9625306812818
R+1_3_CGAAGCCGCTGCGAAGATAT	0	R+1_3	Astronaut 3	R+1	R	37.4785645697094
R+1_3_CGAAGCGCTCGGTCCGCAAC	2	R+1_3	Astronaut 3	R+1	R	31.96202086028
R+1_3_CGAAGCTACGCTCCAGCGGT	0	R+1_3	Astronaut 3	R+1	R	22.6539333048202
R+1_3_CGAAGGAACCCCTAGGCTTG	0	R+1_3	Astronaut 3	R+1	R	25.667859684598
R+1_3_CGAAGGATATCGCAAGATGA	0	R+1_3	Astronaut 3	R+1	R	32.5850724626873
R+1_3_CGAAGGATATCGGCAGCTTG	0	R+1_3	Astronaut 3	R+1	R	1.53630955444895
R+1_3_CGAAGGATATGAACCGGCGT	0	R+1_3	Astronaut 3	R+1	R	34.8115964939657
R+1_3_CGAAGGCGGTCAACTGCTTG	2	R+1_3	Astronaut 3	R+1	R	26.4029750779841
R+1_3_CGAAGGCTTGCCTAGGCGGT	1	R+1_3	Astronaut 3	R+1	R	2.81950767956187
R+1_3_CGAAGGTCCGCTGGAGCAAC	3	R+1_3	Astronaut 3	R+1	R	25.2194370904076
R+1_3_CGAAGTCAGTGGCGTGATAT	0	R+1_3	Astronaut 3	R+1	R	35.4475865908706
R+1_3_CGAAGTCCGGCTGGAGGAGC	2	R+1_3	Astronaut 3	R+1	R	37.5322540307224
R+1_3_CGAAGTCGTACGAAGGGCGT	1	R+1_3	Astronaut 3	R+1	R	22.6539335269305
R+1_3_CGAAGTTATGGCGAAGCCTT	4	R+1_3	Astronaut 3	R+1	R	28.6154365162575
R+1_3_CGAAGTTCATGCGAAGCTGC	1	R+1_3	Astronaut 3	R+1	R	21.5377298443968
R+1_3_CGACCAAGGTGGTAAGATGA	0	R+1_3	Astronaut 3	R+1	R	26.237264479701
R+1_3_CGACCAGAACCTGGAGATGA	0	R+1_3	Astronaut 3	R+1	R	34.7529028396827
R+1_3_CGACCATCCTGAGTCGGAGC	8	R+1_3	Astronaut 3	R+1	R	22.6539337490409
R+1_3_CGACCATCTGGCAACGGTCC	0	R+1_3	Astronaut 3	R+1	R	4.49760412692736
R+1_3_CGACCCCATAGGCAGGCCTT	7	R+1_3	Astronaut 3	R+1	R	7.19957045745687
R+1_3_CGACCCGGCAGCAACGATAT	4	R+1_3	Astronaut 3	R+1	R	32.2114684495403
R+1_3_CGACCGAACCGCTTGGCGGT	4	R+1_3	Astronaut 3	R+1	R	3.28307430627902
R+1_3_CGACCGCCTTCCGCTGTCTA	4	R+1_3	Astronaut 3	R+1	R	37.0752427179609
R+1_3_CGACCGCCTTGAGTCGGCGT	4	R+1_3	Astronaut 3	R+1	R	31.9620210823904
R+1_3_CGACCGGTCCCGTCGGTAAT	9	R+1_3	Astronaut 3	R+1	R	24.7467142883916
R+1_3_CGACCGTTAGGCGAAGCTTG	2	R+1_3	Astronaut 3	R+1	R	2.37216128302615
R+1_3_CGACCGTTAGGGCGTGATGA	2	R+1_3	Astronaut 3	R+1	R	32.0170546086419
R+1_3_CGACCTAGGAGGAGCGCAAC	9	R+1_3	Astronaut 3	R+1	R	4.49760434903775
R+1_3_CGACCTCTACCGGATGGAGC	2	R+1_3	Astronaut 3	R+1	R	35.5877536105584
R+1_3_CGATTAACCGCGCTCGATGA	6	R+1_3	Astronaut 3	R+1	R	31.9620213045008
R+1_3_CGATTAACTCATTGGGCCTT	3	R+1_3	Astronaut 3	R+1	R	1.3933379628142
R+1_3_CGATTAAGACCGCTCGATGA	2	R+1_3	Astronaut 3	R+1	R	2.29137253204271
R+1_3_CGATTACTTCGCTCTGTCTA	0	R+1_3	Astronaut 3	R+1	R	25.9071543232975
R+1_3_CGATTAGTTGGGTCCGATGA	0	R+1_3	Astronaut 3	R+1	R	37.0752429400713
R+1_3_CGATTATGCGCGGATGATGA	3	R+1_3	Astronaut 3	R+1	R	29.2068181912687
R+1_3_CGATTATGGCCGCCTGCTTG	6	R+1_3	Astronaut 3	R+1	R	31.1489791841991
R+1_3_CGATTCAACTGATATGTAAT	4	R+1_3	Astronaut 3	R+1	R	27.7170175243222
R+1_3_CGATTCCATAGTAATGATAT	0	R+1_3	Astronaut 3	R+1	R	22.6539339711513
R+1_3_CGATTGCGAAGCTTGGATGA	1	R+1_3	Astronaut 3	R+1	R	29.2068184133791
R+1_3_CGATTGCGGTGCGGTGATGA	1	R+1_3	Astronaut 3	R+1	R	3.91393651029707
R+1_3_CGATTGTAGAATTCAGATGA	0	R+1_3	Astronaut 3	R+1	R	5.02992601385995
R+1_3_CGATTGTAGACCTCAGCGGT	0	R+1_3	Astronaut 3	R+1	R	26.6850183672924
R+1_3_CGATTGTTAGGCTCTGCTTG	2	R+1_3	Astronaut 3	R+1	R	3.79628862453334
R+1_3_CGATTTAAGGGCTCTGGAGC	2	R+1_3	Astronaut 3	R+1	R	31.9620215266112
R+1_3_CGATTTATGCCAATCGGTCC	1	R+1_3	Astronaut 3	R+1	R	8.86375969216011
R+1_3_CGCAAACGATGCAGGGGTCC	4	R+1_3	Astronaut 3	R+1	R	31.0221939723775
R+1_3_CGCAAACTCGGACTGGCAAC	5	R+1_3	Astronaut 3	R+1	R	32.5038113867871
R+1_3_CGCAAACTTCATTCAGCCTT	6	R+1_3	Astronaut 3	R+1	R	2.65983342101506
R+1_3_CGCAAAGGCTCAGTTGATGA	2	R+1_3	Astronaut 3	R+1	R	36.8716079874304
R+1_3_CGCAAAGGTCCCTCAGCAAC	2	R+1_3	Astronaut 3	R+1	R	28.2690828373428
R+1_3_CGCAAATCTGCGCCTGTAAT	0	R+1_3	Astronaut 3	R+1	R	30.1165129083311
R+1_3_CGCAAATGCGGGAGCGCCTT	8	R+1_3	Astronaut 3	R+1	R	25.9250274390073
R+1_3_CGCAACAGTTCCGCTGCGGT	4	R+1_3	Astronaut 3	R+1	R	6.85482870792018
R+1_3_CGCAACGATTCGATTGTAAT	6	R+1_3	Astronaut 3	R+1	R	24.7152922897505
R+1_3_CGCAACGCCTCGAAGGGAGC	4	R+1_3	Astronaut 3	R+1	R	22.4049732061793
R+1_3_CGCAACGGATGCTTGGGTCC	3	R+1_3	Astronaut 3	R+1	R	31.5911762295664
R+1_3_CGCAAGCAGGCCTCAGCTGC	3	R+1_3	Astronaut 3	R+1	R	25.7672963610249
R+1_3_CGCAAGGTAAGCGGTGGCGT	2	R+1_3	Astronaut 3	R+1	R	30.1390774179953
R+1_3_CGCAAGGTCCCTACGGGAGC	0	R+1_3	Astronaut 3	R+1	R	36.0185937698226
R+1_3_CGCAAGTATCCGAAGGCAAC	2	R+1_3	Astronaut 3	R+1	R	4.49760457114813
R+1_3_CGCAAGTATCCGCAAGATGA	2	R+1_3	Astronaut 3	R+1	R	24.6910773320114
R+1_3_CGCAATACGTCGCCTGTAAT	4	R+1_3	Astronaut 3	R+1	R	30.1797609530869
R+1_3_CGCAATCAGTGAACCGGAGC	0	R+1_3	Astronaut 3	R+1	R	25.219437312518
R+1_3_CGCAATCAGTGGAGCGCTTG	4	R+1_3	Astronaut 3	R+1	R	3.67620346569463
R+1_3_CGCAATTAGCGATGAGTAAT	0	R+1_3	Astronaut 3	R+1	R	36.5572165293092
R+1_3_CGCCTAAGGTGAGCTGGAGC	1	R+1_3	Astronaut 3	R+1	R	21.5377300665072
R+1_3_CGCCTACTTCCAGCGGCGGT	3	R+1_3	Astronaut 3	R+1	R	4.49760479325852
R+1_3_CGCCTCCGCTCTAACGGTCC	6	R+1_3	Astronaut 3	R+1	R	23.6335475651114
R+1_3_CGCCTCCTAGCGGCAGTAAT	1	R+1_3	Astronaut 3	R+1	R	4.67071095575619
R+1_3_CGCCTCGAAGGCGAAGCTTG	4	R+1_3	Astronaut 3	R+1	R	34.5454603772357
R+1_3_CGCCTCGATTCCTAGGGCGT	3	R+1_3	Astronaut 3	R+1	R	29.5341975559164
R+1_3_CGCCTCGGATATTGGGCTGC	1	R+1_3	Astronaut 3	R+1	R	34.3219836475078
R+1_3_CGCCTCTACGCGGATGTAAT	4	R+1_3	Astronaut 3	R+1	R	33.6242023424098
R+1_3_CGCCTGCAGGCGTCGGATGA	0	R+1_3	Astronaut 3	R+1	R	26.4029753000945
R+1_3_CGCCTGCCTTCTAACGGCGT	2	R+1_3	Astronaut 3	R+1	R	3.8260916763484
R+1_3_CGCCTGCTCTGTATCGCTTG	4	R+1_3	Astronaut 3	R+1	R	33.6372915698705
R+1_3_CGCCTGCTGCCGAAGGATGA	4	R+1_3	Astronaut 3	R+1	R	36.4038472083588
R+1_3_CGCCTTACGTGGTCCGTAAT	4	R+1_3	Astronaut 3	R+1	R	33.392689499182
R+1_3_CGCCTTATCTCTAACGCCTT	1	R+1_3	Astronaut 3	R+1	R	20.225292380861
R+1_3_CGCCTTGCTACTTAAGGTCC	7	R+1_3	Astronaut 3	R+1	R	36.5218339326829
R+1_3_CGCTCACTAACTTAAGCTTG	3	R+1_3	Astronaut 3	R+1	R	4.12331872283979
R+1_3_CGCTCAGTTGCTACGGTCTA	4	R+1_3	Astronaut 3	R+1	R	34.3219838696182
R+1_3_CGCTCATTGGGAGTCGTAAT	2	R+1_3	Astronaut 3	R+1	R	24.3812165349861
R+1_3_CGCTCCCATAGATGAGGAGC	0	R+1_3	Astronaut 3	R+1	R	6.85482893003057
R+1_3_CGCTCCCGCTCTAGTGCCTT	6	R+1_3	Astronaut 3	R+1	R	27.5247233812303
R+1_3_CGCTCCGAAGCAACTGTCTA	3	R+1_3	Astronaut 3	R+1	R	4.29235694611202
R+1_3_CGCTCCGATTGATATGGTCC	0	R+1_3	Astronaut 3	R+1	R	3.78093744928979
R+1_3_CGCTCCTGGACTAACGCAAC	8	R+1_3	Astronaut 3	R+1	R	4.4976050153689
R+1_3_CGCTCGAGTCGCTCTGGCGT	6	R+1_3	Astronaut 3	R+1	R	23.4792073862879
R+1_3_CGCTCGCTTGGCTCTGCTGC	0	R+1_3	Astronaut 3	R+1	R	24.6335436981524
R+1_3_CGCTCGGCAGCTAGTGATGA	3	R+1_3	Astronaut 3	R+1	R	30.1663110287166
R+1_3_CGCTCGTATCCAGTTGATAT	2	R+1_3	Astronaut 3	R+1	R	36.8698361518399
R+1_3_CGCTCGTCCGCAATCGCAAC	0	R+1_3	Astronaut 3	R+1	R	38.0094010030903
R+1_3_CGCTCGTCCGGATATGCTGC	0	R+1_3	Astronaut 3	R+1	R	29.2068186354895
R+1_3_CGCTCTAGAGGGCAGGGAGC	5	R+1_3	Astronaut 3	R+1	R	38.7011375084684
R+1_3_CGCTCTATTGGCAACGTAAT	4	R+1_3	Astronaut 3	R+1	R	27.4943762298253
R+1_3_CGCTCTCGCGATTGGGCAAC	3	R+1_3	Astronaut 3	R+1	R	22.6539341932617
R+1_3_CGGATAACCGCAGAAGATAT	0	R+1_3	Astronaut 3	R+1	R	25.7652494392419
R+1_3_CGGATAAGACCAATCGGCGT	0	R+1_3	Astronaut 3	R+1	R	5.60059262554474
R+1_3_CGGATAGAACGCTTGGCGGT	5	R+1_3	Astronaut 3	R+1	R	3.71291310123385
R+1_3_CGGATAGAGTGCAGGGATGA	0	R+1_3	Astronaut 3	R+1	R	21.5377302886176
R+1_3_CGGATAGAGTGCTGCGCTGC	4	R+1_3	Astronaut 3	R+1	R	3.8764367765853
R+1_3_CGGATATCCTGAGCTGTAAT	0	R+1_3	Astronaut 3	R+1	R	32.5850726847977
R+1_3_CGGATCAATCGCGGTGTCTA	1	R+1_3	Astronaut 3	R+1	R	2.10853112270558
R+1_3_CGGATCCATAGGTCCGGCGT	1	R+1_3	Astronaut 3	R+1	R	33.9390180203132
R+1_3_CGGATCCTAGGGTCCGGAGC	0	R+1_3	Astronaut 3	R+1	R	22.6539344153721
R+1_3_CGGATCTAACGCAACGATGA	0	R+1_3	Astronaut 3	R+1	R	4.49760523747929
R+1_3_CGGATCTAACGGCAGGGTCC	2	R+1_3	Astronaut 3	R+1	R	27.4886817458234
R+1_3_CGGATGAACCGCGAAGCTTG	0	R+1_3	Astronaut 3	R+1	R	36.2379826671985
R+1_3_CGGATGAACCGCGAAGGAGC	9	R+1_3	Astronaut 3	R+1	R	30.2717769341617
R+1_3_CGGATGATATGGTAAGATAT	0	R+1_3	Astronaut 3	R+1	R	32.585072906908
R+1_3_CGGATGATATGGTAAGCTTG	2	R+1_3	Astronaut 3	R+1	R	34.7529030617931
R+1_3_CGGATGCAGGCAGCGGGAGC	5	R+1_3	Astronaut 3	R+1	R	21.537730510728
R+1_3_CGGATGGAGCCTCCAGTCTA	0	R+1_3	Astronaut 3	R+1	R	25.8395708659411
R+1_3_CGGATGGCGTGTAGAGATAT	0	R+1_3	Astronaut 3	R+1	R	32.2000967622985
R+1_3_CGGATTGCGCCTAACGATGA	2	R+1_3	Astronaut 3	R+1	R	7.8117749707687
R+1_3_CGGATTGCGCCTAACGCTTG	0	R+1_3	Astronaut 3	R+1	R	36.4300284282533
R+1_3_CGGATTTCGAATTGGGATAT	1	R+1_3	Astronaut 3	R+1	R	3.72151911501301
R+1_3_CGGATTTCGACCGCTGTAAT	1	R+1_3	Astronaut 3	R+1	R	3.89541785803063
R+1_3_CGGATTTCGAGAGCTGGCGT	1	R+1_3	Astronaut 3	R+1	R	14.4094793989339
R+1_3_CGGATTTGAAGTAATGATAT	0	R+1_3	Astronaut 3	R+1	R	3.91280462735144
R+1_3_CGGCAACGATGCTTGGATAT	0	R+1_3	Astronaut 3	R+1	R	33.3239473187577
R+1_3_CGGCAAGGTCCTAGTGGAGC	0	R+1_3	Astronaut 3	R+1	R	3.78379350222062
R+1_3_CGGCAATCCTGAACCGCAAC	8	R+1_3	Astronaut 3	R+1	R	22.3933971998736
R+1_3_CGGCACTAACCTTAAGCCTT	5	R+1_3	Astronaut 3	R+1	R	34.6543452070605
R+1_3_CGGCAGCTCTCAACTGATGA	4	R+1_3	Astronaut 3	R+1	R	12.5974536900708
R+1_3_CGGCAGTAGAGAGCTGGTCC	0	R+1_3	Astronaut 3	R+1	R	2.10853134481597
R+1_3_CGGCAGTCCGCTACGGCCTT	2	R+1_3	Astronaut 3	R+1	R	4.49760545958968
R+1_3_CGGCATAGGACAGTTGATAT	1	R+1_3	Astronaut 3	R+1	R	2.58046271027363
R+1_3_CGGCATATCTGCGGTGCTGC	1	R+1_3	Astronaut 3	R+1	R	39.3967615355899
R+1_3_CGGCATCATCCGTCGGCTGC	6	R+1_3	Astronaut 3	R+1	R	14.6647244869165
R+1_3_CGGCATTAGCCGAAGGGTCC	2	R+1_3	Astronaut 3	R+1	R	1.2568731925134
R+1_3_CGTCGACTCGCCTAGGCTTG	8	R+1_3	Astronaut 3	R+1	R	22.6539346374825
R+1_3_CGTCGAGAACCGCAAGCAAC	0	R+1_3	Astronaut 3	R+1	R	22.6539348595929
R+1_3_CGTCGAGCGGGCTCTGTCTA	4	R+1_3	Astronaut 3	R+1	R	37.9649133000755
R+1_3_CGTCGAGGTCGCTTGGGTCC	0	R+1_3	Astronaut 3	R+1	R	1.6978219682609
R+1_3_CGTCGAGTTGCTTAAGCGGT	7	R+1_3	Astronaut 3	R+1	R	3.80850363351624
R+1_3_CGTCGATCCTCGAAGGCTGC	0	R+1_3	Astronaut 3	R+1	R	35.4068822998207
R+1_3_CGTCGATCCTCTGGAGCGGT	0	R+1_3	Astronaut 3	R+1	R	6.85482915214096
R+1_3_CGTCGATCCTGACTGGGAGC	0	R+1_3	Astronaut 3	R+1	R	10.7694076649431
R+1_3_CGTCGCCTAGGCTGCGCTGC	2	R+1_3	Astronaut 3	R+1	R	35.9377904631148
R+1_3_CGTCGGAACCCCTCAGCCTT	1	R+1_3	Astronaut 3	R+1	R	2.59754237517637
R+1_3_CGTCGGAGTCATTCAGGCGT	0	R+1_3	Astronaut 3	R+1	R	21.5377307328384
R+1_3_CGTCGGATGACTCCAGGTCC	4	R+1_3	Astronaut 3	R+1	R	22.5003639936459
R+1_3_CGTCGGCAGGGGAGCGTCTA	4	R+1_3	Astronaut 3	R+1	R	3.25936336157393
R+1_3_CGTCGGGAGCGCAGGGATGA	4	R+1_3	Astronaut 3	R+1	R	29.2308917534783
R+1_3_CGTCGTAGAGGAACCGTAAT	0	R+1_3	Astronaut 3	R+1	R	4.49760568170006
R+1_3_CGTCGTCGCGGTAGAGATGA	0	R+1_3	Astronaut 3	R+1	R	22.6539350817033
R+1_3_CGTCGTGAGAATTCAGGCGT	1	R+1_3	Astronaut 3	R+1	R	21.5377309549488
R+1_3_CGTCGTTCATCGACCGTAAT	0	R+1_3	Astronaut 3	R+1	R	31.9620217487216
R+1_3_CGTCGTTCGAGCGAAGGAGC	7	R+1_3	Astronaut 3	R+1	R	16.84605543441
R+1_3_CTAACACCAGCCTAGGATAT	6	R+1_3	Astronaut 3	R+1	R	32.0260119919979
R+1_3_CTAACAGAACCCGCTGCTGC	0	R+1_3	Astronaut 3	R+1	R	3.70733726530041
R+1_3_CTAACATGGCCAGCGGCTTG	0	R+1_3	Astronaut 3	R+1	R	29.7002430005413
R+1_3_CTAACATTCACGACCGCGGT	0	R+1_3	Astronaut 3	R+1	R	3.79848007229345
R+1_3_CTAACCAGCGCGATTGATAT	4	R+1_3	Astronaut 3	R+1	R	39.2646678856303
R+1_3_CTAACCCATACCGCTGCGGT	7	R+1_3	Astronaut 3	R+1	R	35.9377906852252
R+1_3_CTAACCCATACGAAGGTCTA	0	R+1_3	Astronaut 3	R+1	R	28.2812698509172
R+1_3_CTAACCCGCTCAGAAGCCTT	0	R+1_3	Astronaut 3	R+1	R	30.6789082620408
R+1_3_CTAACCCGCTCTCCAGATGA	4	R+1_3	Astronaut 3	R+1	R	28.2707943420317
R+1_3_CTAACCGAAGGCCTTGCTGC	3	R+1_3	Astronaut 3	R+1	R	14.5263933649702
R+1_3_CTAACCGGATGTATCGCCTT	1	R+1_3	Astronaut 3	R+1	R	4.3786794764933
R+1_3_CTAACCTAACCTAACGATGA	8	R+1_3	Astronaut 3	R+1	R	6.79928814412179
R+1_3_CTAACCTAACCTAACGCGGT	3	R+1_3	Astronaut 3	R+1	R	3.28674579074003
R+1_3_CTAACGAGTCATTGGGTAAT	1	R+1_3	Astronaut 3	R+1	R	3.38014729005334
R+1_3_CTAACGCAACCAACTGATGA	6	R+1_3	Astronaut 3	R+1	R	26.3671942355439
R+1_3_CTAACGCGAAATTGGGGAGC	0	R+1_3	Astronaut 3	R+1	R	38.5581866004343
R+1_3_CTAACGCTGCCCATAGATGA	0	R+1_3	Astronaut 3	R+1	R	33.4063864074378
R+1_3_CTAACGTAATCCTCAGGTCC	1	R+1_3	Astronaut 3	R+1	R	3.69434134886375
R+1_3_CTAACGTAATCGCTCGTCTA	1	R+1_3	Astronaut 3	R+1	R	25.22345508195
R+1_3_CTAACTATGCCAGCGGCAAC	3	R+1_3	Astronaut 3	R+1	R	13.0935799234052
R+1_3_CTAACTCGTACCATAGTAAT	0	R+1_3	Astronaut 3	R+1	R	3.84754479572907
R+1_3_CTAACTGCGCCCGCTGTAAT	0	R+1_3	Astronaut 3	R+1	R	34.3219840917286
R+1_3_CTAACTTCATGGTAAGTCTA	0	R+1_3	Astronaut 3	R+1	R	34.3095159479555
R+1_3_CTACGAACGAGTAATGATGA	0	R+1_3	Astronaut 3	R+1	R	34.6857035251956
R+1_3_CTACGAAGCACTAGTGCTTG	5	R+1_3	Astronaut 3	R+1	R	11.0293421187622
R+1_3_CTACGAAGCAGCGAAGTCTA	0	R+1_3	Astronaut 3	R+1	R	4.57842736730434
R+1_3_CTACGACCTAATTGGGCTTG	5	R+1_3	Astronaut 3	R+1	R	4.55935665398378
R+1_3_CTACGACCTAGTATCGATGA	0	R+1_3	Astronaut 3	R+1	R	35.3222909559928
R+1_3_CTACGAGAACGTATCGGCGT	2	R+1_3	Astronaut 3	R+1	R	3.73841984423161
R+1_3_CTACGATTACGAACCGGAGC	3	R+1_3	Astronaut 3	R+1	R	26.4029755222049
R+1_3_CTACGCAACTCAGAAGATGA	1	R+1_3	Astronaut 3	R+1	R	35.0594616584841
R+1_3_CTACGCAACTCAGAAGTAAT	1	R+1_3	Astronaut 3	R+1	R	3.78656409278813
R+1_3_CTACGCAGAAGTAGAGGTCC	4	R+1_3	Astronaut 3	R+1	R	4.49760590381045
R+1_3_CTACGCGCAAGCTCTGCTTG	6	R+1_3	Astronaut 3	R+1	R	27.7287090017669
R+1_3_CTACGGACTGCCTAGGATGA	0	R+1_3	Astronaut 3	R+1	R	26.1433390521889
R+1_3_CTACGGCAGGCGGATGGAGC	3	R+1_3	Astronaut 3	R+1	R	4.58828867362879
R+1_3_CTACGGCTCTGGTCCGCTTG	0	R+1_3	Astronaut 3	R+1	R	37.5322542528328
R+1_3_CTACGGGAGCCTGGAGATAT	1	R+1_3	Astronaut 3	R+1	R	37.8684524434599
R+1_3_CTACGGGTCCCGGATGATGA	8	R+1_3	Astronaut 3	R+1	R	2.12971258770277
R+1_3_CTACGGTAATATTGGGTCTA	1	R+1_3	Astronaut 3	R+1	R	35.4752868071532
R+1_3_CTACGGTATCCTACGGCTGC	1	R+1_3	Astronaut 3	R+1	R	26.4029757443153
R+1_3_CTACGTCAGTCTGGAGCTTG	1	R+1_3	Astronaut 3	R+1	R	14.5263935870805
R+1_3_CTACGTCTACCGCAAGCCTT	4	R+1_3	Astronaut 3	R+1	R	3.80561551580472
R+1_3_CTACGTGCGCCAGTTGCTGC	1	R+1_3	Astronaut 3	R+1	R	3.66793129889632
R+1_3_CTACGTTATGGCGAAGCTTG	8	R+1_3	Astronaut 3	R+1	R	3.36960631884461
R+1_3_CTAGTAACGACTAGTGCAAC	3	R+1_3	Astronaut 3	R+1	R	25.7651472890216
R+1_3_CTAGTAAGACCGCTCGCTTG	2	R+1_3	Astronaut 3	R+1	R	33.4173147162527
R+1_3_CTAGTACGATGGTCCGTAAT	2	R+1_3	Astronaut 3	R+1	R	26.3208803677749
R+1_3_CTAGTAGTTGCTAACGGAGC	0	R+1_3	Astronaut 3	R+1	R	2.8934306295035
R+1_3_CTAGTAGTTGGTAATGCTTG	0	R+1_3	Astronaut 3	R+1	R	35.1483306288533
R+1_3_CTAGTATTGGGGTAAGGCGT	6	R+1_3	Astronaut 3	R+1	R	4.49760612592083
R+1_3_CTAGTCAGTTCGGCAGATAT	2	R+1_3	Astronaut 3	R+1	R	29.2068188575999
R+1_3_CTAGTCCGCTGCTCTGGTCC	3	R+1_3	Astronaut 3	R+1	R	31.0069944710322
R+1_3_CTAGTCGCTCGGCAGGTAAT	0	R+1_3	Astronaut 3	R+1	R	27.4804417672547
R+1_3_CTAGTCGGCACGCTCGATAT	0	R+1_3	Astronaut 3	R+1	R	34.5134876148917
R+1_3_CTAGTCTAACGAGCTGCTGC	4	R+1_3	Astronaut 3	R+1	R	31.5412954213199
R+1_3_CTAGTCTACGGCAGGGCTGC	5	R+1_3	Astronaut 3	R+1	R	23.4128832774059
R+1_3_CTAGTCTCCACGTCGGTCTA	0	R+1_3	Astronaut 3	R+1	R	3.77803970385853
R+1_3_CTAGTCTTAAATTCAGCTGC	1	R+1_3	Astronaut 3	R+1	R	39.3062282088769
R+1_3_CTAGTCTTAAGCTGCGATGA	3	R+1_3	Astronaut 3	R+1	R	25.9364763682933
R+1_3_CTAGTGACTGCAGTTGTAAT	8	R+1_3	Astronaut 3	R+1	R	36.8698363739502
R+1_3_CTAGTGCAGGGACTGGCCTT	4	R+1_3	Astronaut 3	R+1	R	22.6539353038136
R+1_3_CTAGTGTCCGCAATCGATGA	2	R+1_3	Astronaut 3	R+1	R	35.4752870292636
R+1_3_CTAGTTAGAGCGACCGATAT	3	R+1_3	Astronaut 3	R+1	R	11.1684968810182
R+1_3_CTAGTTATCTGTAGAGATAT	6	R+1_3	Astronaut 3	R+1	R	34.5454605993461
R+1_3_CTAGTTGGACCCTCAGATAT	0	R+1_3	Astronaut 3	R+1	R	34.5454608214565
R+1_3_CTCCAACTTCGCAACGGCGT	8	R+1_3	Astronaut 3	R+1	R	19.8977356132931
R+1_3_CTCCACGACCCGGATGCAAC	2	R+1_3	Astronaut 3	R+1	R	6.85482937425134
R+1_3_CTCCACGGCAGTAATGATGA	5	R+1_3	Astronaut 3	R+1	R	4.56382985518321
R+1_3_CTCCACGTCGCGGCAGATAT	8	R+1_3	Astronaut 3	R+1	R	31.0833587115714
R+1_3_CTCCACGTCGCGGCAGATGA	2	R+1_3	Astronaut 3	R+1	R	34.321984313839
R+1_3_CTCCACTACGCGAAGGTAAT	3	R+1_3	Astronaut 3	R+1	R	22.653935525924
R+1_3_CTCCAGAACCGATATGTAAT	0	R+1_3	Astronaut 3	R+1	R	29.2518946505219
R+1_3_CTCCAGCAACCGCAAGATGA	2	R+1_3	Astronaut 3	R+1	R	20.4120640244521
R+1_3_CTCCAGCAACGGTCCGCTTG	2	R+1_3	Astronaut 3	R+1	R	2.33303789505468
R+1_3_CTCCAGCTCTCAGTTGCAAC	7	R+1_3	Astronaut 3	R+1	R	33.84232593136
R+1_3_CTCCAGCTCTCGTCGGCAAC	6	R+1_3	Astronaut 3	R+1	R	30.2293136715456
R+1_3_CTCCAGCTCTCGTCGGCTGC	4	R+1_3	Astronaut 3	R+1	R	16.64867142579
R+1_3_CTCCAGGTCCCTGGAGATGA	1	R+1_3	Astronaut 3	R+1	R	9.75380710103151
R+1_3_CTCCAGTAGAGCTTGGCGGT	3	R+1_3	Astronaut 3	R+1	R	7.9601132681739
R+1_3_CTCCAGTTAGGGTCCGGAGC	0	R+1_3	Astronaut 3	R+1	R	22.6539357480344
R+1_3_CTCCATAGGACTAGTGCGGT	2	R+1_3	Astronaut 3	R+1	R	28.5786012860201
R+1_3_CTCCATATTGGATATGCTGC	0	R+1_3	Astronaut 3	R+1	R	21.6222208886663
R+1_3_CTCCATCAGTGCAGGGTCTA	0	R+1_3	Astronaut 3	R+1	R	22.6539359701448
R+1_3_CTCCATCCGGGGCGTGCGGT	5	R+1_3	Astronaut 3	R+1	R	25.9250276611177
R+1_3_CTCCATTCATGCAACGCAAC	0	R+1_3	Astronaut 3	R+1	R	16.69901009852
R+1_3_CTGGAAACTCCTTAAGATAT	0	R+1_3	Astronaut 3	R+1	R	3.8597830236344
R+1_3_CTGGAAACTCGGTCCGTCTA	4	R+1_3	Astronaut 3	R+1	R	4.49760634803122
R+1_3_CTGGAACCTACGGATGATAT	0	R+1_3	Astronaut 3	R+1	R	31.5446486422165
R+1_3_CTGGAACGATGATGAGATAT	1	R+1_3	Astronaut 3	R+1	R	27.7185559477148
R+1_3_CTGGAAGGCTCGGCAGATAT	4	R+1_3	Astronaut 3	R+1	R	37.0891565821626
R+1_3_CTGGAATCCTCAGAAGCTGC	0	R+1_3	Astronaut 3	R+1	R	5.96264095996972
R+1_3_CTGGAATTGGCAGAAGTAAT	5	R+1_3	Astronaut 3	R+1	R	4.60188565690731
R+1_3_CTGGACAATCGGCAGGCTGC	0	R+1_3	Astronaut 3	R+1	R	2.68841062300536
R+1_3_CTGGACAGTTCTAACGCTGC	8	R+1_3	Astronaut 3	R+1	R	34.3219845359494
R+1_3_CTGGACCATACGATTGCTGC	0	R+1_3	Astronaut 3	R+1	R	27.4860494217296
R+1_3_CTGGACCATACTTAAGTAAT	0	R+1_3	Astronaut 3	R+1	R	3.60814957024154
R+1_3_CTGGACGAAGGCTCTGCAAC	2	R+1_3	Astronaut 3	R+1	R	2.87198146926348
R+1_3_CTGGACGCAAGGCGTGCCTT	7	R+1_3	Astronaut 3	R+1	R	3.83506854783216
R+1_3_CTGGACGGCAATTCAGCTTG	0	R+1_3	Astronaut 3	R+1	R	3.69867438875184
R+1_3_CTGGAGAGTCCCGCTGTAAT	1	R+1_3	Astronaut 3	R+1	R	31.9620219708319
R+1_3_CTGGAGCGGTCTAACGCAAC	2	R+1_3	Astronaut 3	R+1	R	27.7184012061443
R+1_3_CTGGAGGCGTCCATAGCAAC	2	R+1_3	Astronaut 3	R+1	R	30.4555314550094
R+1_3_CTGGAGGCGTCCATAGCTGC	2	R+1_3	Astronaut 3	R+1	R	22.6539361922552
R+1_3_CTGGATAGAGCGAAGGCTTG	4	R+1_3	Astronaut 3	R+1	R	32.5170765886881
R+1_3_CTGGATATCTCTAGTGTCTA	6	R+1_3	Astronaut 3	R+1	R	2.80945576263193
R+1_3_CTGGATGCTAGGAGCGATGA	0	R+1_3	Astronaut 3	R+1	R	29.9944860185465
R+1_3_CTGGATTAGCGCTGCGGTCC	1	R+1_3	Astronaut 3	R+1	R	34.7181518333312
R+1_3_CTGGATTGAAGAGTCGCTGC	0	R+1_3	Astronaut 3	R+1	R	38.1513224800345
R+1_3_CTTAAAACGACTGGAGGCGT	0	R+1_3	Astronaut 3	R+1	R	34.3219847580598
R+1_3_CTTAAACCAGCCTCAGCCTT	0	R+1_3	Astronaut 3	R+1	R	36.8698365960606
R+1_3_CTTAAACCTACGGCAGCTGC	1	R+1_3	Astronaut 3	R+1	R	29.220507515245
R+1_3_CTTAAACGATCCGCTGCTTG	7	R+1_3	Astronaut 3	R+1	R	32.5850731290184
R+1_3_CTTAAACTCGGCTTGGATAT	0	R+1_3	Astronaut 3	R+1	R	38.0708418981242
R+1_3_CTTAAACTCGGCTTGGTAAT	0	R+1_3	Astronaut 3	R+1	R	32.5850733511288
R+1_3_CTTAAAGAACCGCAAGCTGC	3	R+1_3	Astronaut 3	R+1	R	4.49760657014161
R+1_3_CTTAAAGAGTCTAACGTAAT	1	R+1_3	Astronaut 3	R+1	R	2.13416471468877
R+1_3_CTTAAAGTTGGCCTTGCCTT	0	R+1_3	Astronaut 3	R+1	R	34.6109349133997
R+1_3_CTTAAATTCACGGATGGCGT	1	R+1_3	Astronaut 3	R+1	R	32.1094388059178
R+1_3_CTTAACAGAAGACTGGGAGC	8	R+1_3	Astronaut 3	R+1	R	25.693732182819
R+1_3_CTTAACGGATCTAGTGCAAC	2	R+1_3	Astronaut 3	R+1	R	3.50987132038983
R+1_3_CTTAACTAGTCTAGTGCTTG	0	R+1_3	Astronaut 3	R+1	R	16.1564517419053
R+1_3_CTTAACTCCACGAAGGTCTA	7	R+1_3	Astronaut 3	R+1	R	37.0752431621817
R+1_3_CTTAAGCAACCGATTGCTGC	2	R+1_3	Astronaut 3	R+1	R	25.9250278832281
R+1_3_CTTAATGCGCCCTCAGATGA	1	R+1_3	Astronaut 3	R+1	R	4.68709779061809
R+1_3_CTTAATTGAAGGTAAGATGA	2	R+1_3	Astronaut 3	R+1	R	30.5175165818154
R+1_3_GAACCACTAACCATAGCTTG	3	R+1_3	Astronaut 3	R+1	R	21.5377311770592
R+1_3_GAACCACTCGCTAGTGATAT	2	R+1_3	Astronaut 3	R+1	R	39.3062284309873
R+1_3_GAACCACTCGGCAACGATGA	0	R+1_3	Astronaut 3	R+1	R	22.6539364143656
R+1_3_GAACCAGAACGAACCGTCTA	4	R+1_3	Astronaut 3	R+1	R	35.5903056501518
R+1_3_GAACCAGGCTGGAGCGTAAT	4	R+1_3	Astronaut 3	R+1	R	2.90738542438658
R+1_3_GAACCAGTTGGCGGTGATAT	1	R+1_3	Astronaut 3	R+1	R	35.8779562866186
R+1_3_GAACCCCGCTCCTCAGTCTA	4	R+1_3	Astronaut 3	R+1	R	34.53893745379
R+1_3_GAACCCCTAGCTAACGTAAT	1	R+1_3	Astronaut 3	R+1	R	25.6486934662137
R+1_3_GAACCGAACCCTAACGCTTG	4	R+1_3	Astronaut 3	R+1	R	28.562810494968
R+1_3_GAACCGAACCGATATGCGGT	1	R+1_3	Astronaut 3	R+1	R	14.5263938091909
R+1_3_GAACCGAACCGCTCTGCAAC	4	R+1_3	Astronaut 3	R+1	R	28.2633652994581
R+1_3_GAACCGACTGGGTCCGCAAC	1	R+1_3	Astronaut 3	R+1	R	4.49760679225199
R+1_3_GAACCGAGTCGCTCTGGAGC	1	R+1_3	Astronaut 3	R+1	R	26.914002215033
R+1_3_GAACCGCCTTCGACCGCTGC	2	R+1_3	Astronaut 3	R+1	R	23.2519976392049
R+1_3_GAACCGTCCGCGCAAGCAAC	0	R+1_3	Astronaut 3	R+1	R	21.5377313991696
R+1_3_GAACCTCCGGCTTAAGATGA	9	R+1_3	Astronaut 3	R+1	R	15.9738003796207
R+1_3_GAACCTGCTACAGCGGCTGC	7	R+1_3	Astronaut 3	R+1	R	36.25238713732
R+1_3_GAACCTTCGACGCTCGCAAC	8	R+1_3	Astronaut 3	R+1	R	3.70062058941261
R+1_3_GACTGACCAGGTAGAGCAAC	0	R+1_3	Astronaut 3	R+1	R	39.1160766805502
R+1_3_GACTGACCTAGATATGTAAT	5	R+1_3	Astronaut 3	R+1	R	22.3677882359239
R+1_3_GACTGACTCGGGAGCGGCGT	0	R+1_3	Astronaut 3	R+1	R	35.5044949140132
R+1_3_GACTGAGAACGCGGTGGCGT	9	R+1_3	Astronaut 3	R+1	R	33.4156013754807
R+1_3_GACTGAGGCTCTAGTGATAT	1	R+1_3	Astronaut 3	R+1	R	33.4173149383631
R+1_3_GACTGAGTTGCAGCGGTAAT	3	R+1_3	Astronaut 3	R+1	R	21.5377316212799
R+1_3_GACTGATTGGCTTAAGTAAT	6	R+1_3	Astronaut 3	R+1	R	25.2928963854051
R+1_3_GACTGCGTCGCAGCGGCAAC	0	R+1_3	Astronaut 3	R+1	R	3.86108761829555
R+1_3_GACTGCTAACCTGGAGTCTA	4	R+1_3	Astronaut 3	R+1	R	36.4160651965421
R+1_3_GACTGCTAGTCGCTCGCAAC	1	R+1_3	Astronaut 3	R+1	R	2.75319994690941
R+1_3_GACTGGACTGGAACCGGTCC	2	R+1_3	Astronaut 3	R+1	R	24.3084888307502
R+1_3_GACTGGATGACGGATGGTCC	2	R+1_3	Astronaut 3	R+1	R	3.69867461086223
R+1_3_GACTGGTAATGATGAGTCTA	2	R+1_3	Astronaut 3	R+1	R	6.85482959636173
R+1_3_GACTGTACGTCCTAGGGCGT	2	R+1_3	Astronaut 3	R+1	R	32.2802034126469
R+1_3_GACTGTATTGCTTAAGCGGT	6	R+1_3	Astronaut 3	R+1	R	32.8208133280254
R+1_3_GACTGTCGTACCATAGCTTG	3	R+1_3	Astronaut 3	R+1	R	33.705480881184
R+1_3_GACTGTCGTACGCTCGATAT	0	R+1_3	Astronaut 3	R+1	R	25.2512542920395
R+1_3_GACTGTTATGGTAGAGTAAT	1	R+1_3	Astronaut 3	R+1	R	33.9390182424236
R+1_3_GACTGTTCGACGCAAGATAT	8	R+1_3	Astronaut 3	R+1	R	25.3471367826958
R+1_3_GAGCTACGATCAGCGGATAT	2	R+1_3	Astronaut 3	R+1	R	32.1094390280281
R+1_3_GAGCTACTTCGCGAAGATGA	8	R+1_3	Astronaut 3	R+1	R	26.1433392742993
R+1_3_GAGCTAGCGGCTACGGCTTG	0	R+1_3	Astronaut 3	R+1	R	38.5581868225447
R+1_3_GAGCTATCCTCGCAAGCTGC	1	R+1_3	Astronaut 3	R+1	R	17.4504584329892
R+1_3_GAGCTATCCTCGCAAGCTTG	4	R+1_3	Astronaut 3	R+1	R	24.4168400241131
R+1_3_GAGCTATCCTCGCAAGTAAT	8	R+1_3	Astronaut 3	R+1	R	5.64079218670393
R+1_3_GAGCTCAGTTCAATCGCTGC	4	R+1_3	Astronaut 3	R+1	R	37.5322544749432
R+1_3_GAGCTCCTCACTACGGATGA	4	R+1_3	Astronaut 3	R+1	R	36.9553477832667
R+1_3_GAGCTCGGCACGACCGCTTG	4	R+1_3	Astronaut 3	R+1	R	25.2529446509283
R+1_3_GAGCTGAGCTCAGAAGCTTG	4	R+1_3	Astronaut 3	R+1	R	35.9288479004687
R+1_3_GAGCTGCGAACTAGTGCTTG	0	R+1_3	Astronaut 3	R+1	R	6.85482981847211
R+1_3_GAGCTGCTGCGATATGCCTT	2	R+1_3	Astronaut 3	R+1	R	14.4068212878247
R+1_3_GAGCTGCTTGCGACCGGAGC	1	R+1_3	Astronaut 3	R+1	R	7.11056007095143
R+1_3_GAGCTGGTCCCTAACGATAT	6	R+1_3	Astronaut 3	R+1	R	27.735713581304
R+1_3_GAGCTGTAATCAATCGCAAC	0	R+1_3	Astronaut 3	R+1	R	39.3062286530977
R+1_3_GAGCTGTCTAGGTCCGCTTG	0	R+1_3	Astronaut 3	R+1	R	30.5527510204322
R+1_3_GAGCTTATGCCCGCTGCTTG	2	R+1_3	Astronaut 3	R+1	R	39.3062288752081
R+1_3_GAGCTTGAGACGCCTGATAT	1	R+1_3	Astronaut 3	R+1	R	26.164255823019
R+1_3_GAGCTTTCATGGAGCGCCTT	1	R+1_3	Astronaut 3	R+1	R	28.9963594040359
R+1_3_GAGTCAAGACGGAGCGTCTA	1	R+1_3	Astronaut 3	R+1	R	29.0357935915058
R+1_3_GAGTCACTAACCATAGATGA	4	R+1_3	Astronaut 3	R+1	R	36.9711102825439
R+1_3_GAGTCAGAACCGCTCGGCGT	2	R+1_3	Astronaut 3	R+1	R	35.5336736773004
R+1_3_GAGTCAGTTGCGATTGGCGT	2	R+1_3	Astronaut 3	R+1	R	32.0389111022386
R+1_3_GAGTCATTACGTATCGATGA	1	R+1_3	Astronaut 3	R+1	R	37.1640089883317
R+1_3_GAGTCATTGGGCCTTGCGGT	2	R+1_3	Astronaut 3	R+1	R	4.49760701436238
R+1_3_GAGTCCAGAACAGAAGATGA	1	R+1_3	Astronaut 3	R+1	R	35.985782858831
R+1_3_GAGTCCCTAGCCTCAGCTGC	0	R+1_3	Astronaut 3	R+1	R	3.75644885586823
R+1_3_GAGTCCTACGCAGCGGCTTG	2	R+1_3	Astronaut 3	R+1	R	30.4516072353703
R+1_3_GAGTCGAGCTCGTCGGGCGT	3	R+1_3	Astronaut 3	R+1	R	30.1870723172495
R+1_3_GAGTCTATTGATTGGGCGGT	5	R+1_3	Astronaut 3	R+1	R	4.20203566228112
R+1_3_GAGTCTATTGGGTCCGATAT	5	R+1_3	Astronaut 3	R+1	R	22.8642683360332
R+1_3_GAGTCTCCGGCGCTCGCAAC	0	R+1_3	Astronaut 3	R+1	R	28.5805850903268
R+1_3_GAGTCTCCGGCTAACGCTTG	3	R+1_3	Astronaut 3	R+1	R	21.5377318433903
R+1_3_GATATAAGCACCATAGGTCC	0	R+1_3	Astronaut 3	R+1	R	4.49760723647277
R+1_3_GATATACTTCGCTGCGGCGT	0	R+1_3	Astronaut 3	R+1	R	4.61171031989263
R+1_3_GATATAGAACCTGGAGCAAC	3	R+1_3	Astronaut 3	R+1	R	24.3084890528606
R+1_3_GATATAGAACGATGAGCGGT	4	R+1_3	Astronaut 3	R+1	R	26.8755069054556
R+1_3_GATATATCCTCGCTCGTCTA	1	R+1_3	Astronaut 3	R+1	R	33.7054811032943
R+1_3_GATATATTACCAGAAGTCTA	6	R+1_3	Astronaut 3	R+1	R	35.8379969990119
R+1_3_GATATATTGGGAGTCGGTCC	0	R+1_3	Astronaut 3	R+1	R	29.2733152416967
R+1_3_GATATCAGAACTCCAGCTTG	4	R+1_3	Astronaut 3	R+1	R	4.22813560688137
R+1_3_GATATCCTCACTAGTGCTGC	8	R+1_3	Astronaut 3	R+1	R	3.29997521251603
R+1_3_GATATCGCTCGTATCGGAGC	2	R+1_3	Astronaut 3	R+1	R	31.6190999176981
R+1_3_GATATCTAACGCTCTGCTTG	0	R+1_3	Astronaut 3	R+1	R	23.6635288825943
R+1_3_GATATCTACGCTAACGCTGC	8	R+1_3	Astronaut 3	R+1	R	4.63333840725216
R+1_3_GATATGAACCCCATAGATGA	2	R+1_3	Astronaut 3	R+1	R	22.653936636476
R+1_3_GATATGGCGTGGTCCGGCGT	3	R+1_3	Astronaut 3	R+1	R	21.5377320655007
R+1_3_GATATGTTAGGCAGGGATAT	0	R+1_3	Astronaut 3	R+1	R	33.4173151604735
R+1_3_GATATTTCATCTAACGGTCC	5	R+1_3	Astronaut 3	R+1	R	3.7238010851451
R+1_3_GATGAAACGACTTAAGATGA	2	R+1_3	Astronaut 3	R+1	R	27.2776456166069
R+1_3_GATGAAAGGTCAGCGGCTTG	0	R+1_3	Astronaut 3	R+1	R	4.49037486412564
R+1_3_GATGAACCAGCGATTGCGGT	5	R+1_3	Astronaut 3	R+1	R	35.4847593016637
R+1_3_GATGAACTAAGACTGGATAT	0	R+1_3	Astronaut 3	R+1	R	25.9375194912093
R+1_3_GATGAAGGCTCTTAAGTAAT	0	R+1_3	Astronaut 3	R+1	R	35.5373622596034
R+1_3_GATGAATCCTATTGGGCGGT	1	R+1_3	Astronaut 3	R+1	R	30.6782125163705
R+1_3_GATGACAATCCCTCAGCTTG	0	R+1_3	Astronaut 3	R+1	R	37.4201664822129
R+1_3_GATGACCATACAGCGGCGGT	1	R+1_3	Astronaut 3	R+1	R	3.72304628525456
R+1_3_GATGACGATTGGTAAGGAGC	2	R+1_3	Astronaut 3	R+1	R	28.9819302293502
R+1_3_GATGACTTAAGGCGTGCTTG	4	R+1_3	Astronaut 3	R+1	R	29.2218136484444
R+1_3_GATGAGAACCGTAATGCAAC	1	R+1_3	Astronaut 3	R+1	R	26.4029759664257
R+1_3_GATGAGACTGGCCTTGATGA	0	R+1_3	Astronaut 3	R+1	R	2.42010161394846
R+1_3_GATGAGAGCTCCATAGCCTT	8	R+1_3	Astronaut 3	R+1	R	20.5076468421766
R+1_3_GATGATAAGGCGCCTGGCGT	0	R+1_3	Astronaut 3	R+1	R	21.5755646002526
R+1_3_GATGATGGACCAGTTGATAT	0	R+1_3	Astronaut 3	R+1	R	35.4230911696431
R+1_3_GCAACAACTCGGCGTGGAGC	1	R+1_3	Astronaut 3	R+1	R	10.6626312910705
R+1_3_GCAACATCCTCGCTCGCTGC	4	R+1_3	Astronaut 3	R+1	R	33.4173153825839
R+1_3_GCAACATTACCGTCGGGCGT	8	R+1_3	Astronaut 3	R+1	R	13.3455833886186
R+1_3_GCAACCAGTTCAGCGGCAAC	2	R+1_3	Astronaut 3	R+1	R	31.9620221929423
R+1_3_GCAACGGAGCCTAGTGATGA	6	R+1_3	Astronaut 3	R+1	R	25.2194375346284
R+1_3_GCAACGTAATCGCTCGTCTA	0	R+1_3	Astronaut 3	R+1	R	32.8208135501358
R+1_3_GCAACGTTAGGTATCGCTTG	2	R+1_3	Astronaut 3	R+1	R	4.49760745858315
R+1_3_GCAACTCAGTGTATCGTAAT	2	R+1_3	Astronaut 3	R+1	R	32.4989122808312
R+1_3_GCAACTGAGACTCCAGCTGC	4	R+1_3	Astronaut 3	R+1	R	3.35100132507498
R+1_3_GCAACTGGACCTAACGGAGC	1	R+1_3	Astronaut 3	R+1	R	2.58046293238401
R+1_3_GCAGGCCGCTGCTTGGGAGC	0	R+1_3	Astronaut 3	R+1	R	22.5387174483953
R+1_3_GCAGGCGCCTGCAACGATAT	1	R+1_3	Astronaut 3	R+1	R	32.1506126004718
R+1_3_GCAGGCGCTCGAGCTGCTTG	8	R+1_3	Astronaut 3	R+1	R	34.3219849801702
R+1_3_GCAGGCTAACCGAAGGCTGC	0	R+1_3	Astronaut 3	R+1	R	27.485970656835
R+1_3_GCAGGCTACGGGCAGGCGGT	4	R+1_3	Astronaut 3	R+1	R	27.4790704317157
R+1_3_GCAGGGCAACCAGTTGATGA	5	R+1_3	Astronaut 3	R+1	R	35.605321751257
R+1_3_GCAGGGCTTGGCTTGGGCGT	2	R+1_3	Astronaut 3	R+1	R	32.0553923565114
R+1_3_GCAGGGGTCCCTCCAGCAAC	0	R+1_3	Astronaut 3	R+1	R	3.58058940615956
R+1_3_GCAGGGTAATGCCTTGCTGC	3	R+1_3	Astronaut 3	R+1	R	21.5377322876111
R+1_3_GCAGGGTCCGGTAATGATAT	2	R+1_3	Astronaut 3	R+1	R	4.49760768069354
R+1_3_GCAGGGTTAGCTAGTGCTTG	2	R+1_3	Astronaut 3	R+1	R	17.9407322517871
R+1_3_GCAGGTACGTCTGGAGCAAC	3	R+1_3	Astronaut 3	R+1	R	21.5377325097215
R+1_3_GCAGGTAGGACGAAGGCAAC	1	R+1_3	Astronaut 3	R+1	R	2.82365244462129
R+1_3_GCAGGTAGGAGCGAAGCTGC	1	R+1_3	Astronaut 3	R+1	R	22.6539368585863
R+1_3_GCAGGTTGAAGTAATGATAT	2	R+1_3	Astronaut 3	R+1	R	25.8395710880515
R+1_3_GCCTTAGTTGGTAATGCTTG	0	R+1_3	Astronaut 3	R+1	R	32.5850735732392
R+1_3_GCCTTCAGAAGCAACGGCGT	6	R+1_3	Astronaut 3	R+1	R	29.2068190797103
R+1_3_GCCTTCGACCCTACGGCTGC	0	R+1_3	Astronaut 3	R+1	R	3.80004986378721
R+1_3_GCCTTCGCAAGCAGGGATAT	1	R+1_3	Astronaut 3	R+1	R	24.7210443151563
R+1_3_GCCTTCTAACCTGGAGCCTT	7	R+1_3	Astronaut 3	R+1	R	4.88642849383325e-06
R+1_3_GCCTTCTAACGTAGAGCTTG	0	R+1_3	Astronaut 3	R+1	R	29.000667065227
R+1_3_GCCTTCTACGCCTCAGATAT	0	R+1_3	Astronaut 3	R+1	R	9.66727862471627
R+1_3_GCCTTCTTAACTACGGATAT	4	R+1_3	Astronaut 3	R+1	R	29.2305927810402
R+1_3_GCCTTGAGCTCAACTGCTTG	2	R+1_3	Astronaut 3	R+1	R	31.5848064489608
R+1_3_GCCTTGGTCCCTGGAGTAAT	8	R+1_3	Astronaut 3	R+1	R	3.71481989603764
R+1_3_GCCTTGTCTAATTCAGGTCC	8	R+1_3	Astronaut 3	R+1	R	3.70017290259706
R+1_3_GCCTTGTTAGCGGATGCTGC	8	R+1_3	Astronaut 3	R+1	R	4.60300104429388
R+1_3_GCCTTTAGGAGCTTGGATGA	3	R+1_3	Astronaut 3	R+1	R	2.53758232565139
R+1_3_GCCTTTTAGCGGCAGGCAAC	0	R+1_3	Astronaut 3	R+1	R	0.681946105605481
R+1_3_GCCTTTTCATCAACTGCGGT	8	R+1_3	Astronaut 3	R+1	R	28.3294109746681
R+1_3_GCGAAAAGACCTAACGCTTG	0	R+1_3	Astronaut 3	R+1	R	10.4691244847446
R+1_3_GCGAAAAGCACAGAAGATGA	1	R+1_3	Astronaut 3	R+1	R	33.4517531829274
R+1_3_GCGAAACTAAGTATCGCAAC	3	R+1_3	Astronaut 3	R+1	R	16.9635403028348
R+1_3_GCGAAAGTTGCCTAGGCAAC	8	R+1_3	Astronaut 3	R+1	R	36.6027292279071
R+1_3_GCGAAATTGGGAGTCGTCTA	0	R+1_3	Astronaut 3	R+1	R	36.869836818171
R+1_3_GCGAACAACTGAGTCGCAAC	6	R+1_3	Astronaut 3	R+1	R	29.2068193018207
R+1_3_GCGAACGGATCGACCGCTGC	0	R+1_3	Astronaut 3	R+1	R	27.4976502166854
R+1_3_GCGAACTAACCTAACGGAGC	4	R+1_3	Astronaut 3	R+1	R	32.5850737953496
R+1_3_GCGAACTCCAGCTCTGATGA	0	R+1_3	Astronaut 3	R+1	R	38.2129713250292
R+1_3_GCGAAGGAGCCGCAAGGCGT	0	R+1_3	Astronaut 3	R+1	R	4.49760790280392
R+1_3_GCGAAGGCGTGAACCGTAAT	8	R+1_3	Astronaut 3	R+1	R	6.8548300405825
R+1_3_GCGAAGGTCCCTTAAGTCTA	0	R+1_3	Astronaut 3	R+1	R	35.6053219733674
R+1_3_GCGAAGTCCGCTCCAGCAAC	3	R+1_3	Astronaut 3	R+1	R	30.1933031232886
R+1_3_GCGAATAAGGCCTAGGCCTT	2	R+1_3	Astronaut 3	R+1	R	29.5592337968554
R+1_3_GCGAATAGAGGGTCCGCTGC	1	R+1_3	Astronaut 3	R+1	R	7.83548355937128
R+1_3_GCGAATCGTACCTAGGCAAC	8	R+1_3	Astronaut 3	R+1	R	35.514317398248
R+1_3_GCGAATCTACCGCTCGATGA	0	R+1_3	Astronaut 3	R+1	R	4.58868136793962
R+1_3_GCGGTAAGGTCGAAGGATAT	4	R+1_3	Astronaut 3	R+1	R	33.3603062789854
R+1_3_GCGGTACCTAGGCGTGATAT	0	R+1_3	Astronaut 3	R+1	R	38.5581870446551
R+1_3_GCGGTACTTCGGAGCGCGGT	4	R+1_3	Astronaut 3	R+1	R	26.4029761885361
R+1_3_GCGGTAGAGTCGACCGGCGT	0	R+1_3	Astronaut 3	R+1	R	35.0232890033493
R+1_3_GCGGTAGGTCCCTCAGGCGT	0	R+1_3	Astronaut 3	R+1	R	30.3040854469011
R+1_3_GCGGTCAACTCTAGTGTAAT	0	R+1_3	Astronaut 3	R+1	R	3.6746396126485
R+1_3_GCGGTCAGAACGGCAGCTGC	0	R+1_3	Astronaut 3	R+1	R	4.49760812491431
R+1_3_GCGGTCCTCACTGGAGATAT	3	R+1_3	Astronaut 3	R+1	R	20.4120642465624
R+1_3_GCGGTCTACGCGAAGGGCGT	2	R+1_3	Astronaut 3	R+1	R	3.25076708831372
R+1_3_GCGGTCTAGTCGACCGCGGT	0	R+1_3	Astronaut 3	R+1	R	36.0154340062303
R+1_3_GCGGTCTAGTGGTAAGCAAC	0	R+1_3	Astronaut 3	R+1	R	3.36417109590971
R+1_3_GCGGTCTTAAGGCAGGGTCC	3	R+1_3	Astronaut 3	R+1	R	25.6706400358811
R+1_3_GCGGTGCAACATTGGGTAAT	4	R+1_3	Astronaut 3	R+1	R	24.4315837676929
R+1_3_GCGGTGCCTTCAGTTGGAGC	1	R+1_3	Astronaut 3	R+1	R	35.6053221954778
R+1_3_GCGGTGTATCCTTAAGGCGT	0	R+1_3	Astronaut 3	R+1	R	22.0182884674387
R+1_3_GCGGTTCAGTCGAAGGATAT	0	R+1_3	Astronaut 3	R+1	R	37.7505042837136
R+1_3_GCGGTTCAGTGCTCTGCAAC	1	R+1_3	Astronaut 3	R+1	R	30.3238738831586
R+1_3_GCGGTTCGCGCTAGTGGAGC	2	R+1_3	Astronaut 3	R+1	R	21.5377327318319
R+1_3_GCTCTAAGGTCAACTGGAGC	3	R+1_3	Astronaut 3	R+1	R	10.7842065058748
R+1_3_GCTCTACCAGGACTGGTAAT	3	R+1_3	Astronaut 3	R+1	R	4.71098465523925
R+1_3_GCTCTATCTGGGTAAGATAT	5	R+1_3	Astronaut 3	R+1	R	25.3328250956237
R+1_3_GCTCTATTACCTGGAGCAAC	4	R+1_3	Astronaut 3	R+1	R	37.9789729253748
R+1_3_GCTCTATTGGCAATCGCTTG	4	R+1_3	Astronaut 3	R+1	R	31.5499783826173
R+1_3_GCTCTCCTAGCGATTGCTTG	1	R+1_3	Astronaut 3	R+1	R	4.37933588192328
R+1_3_GCTCTCCTAGCGATTGGAGC	2	R+1_3	Astronaut 3	R+1	R	35.9377909073355
R+1_3_GCTCTCGATTCCATAGATAT	0	R+1_3	Astronaut 3	R+1	R	2.89789267414114
R+1_3_GCTCTCGCCTGGCGTGCCTT	2	R+1_3	Astronaut 3	R+1	R	25.3598514256818
R+1_3_GCTCTCGGCACGAAGGCTGC	0	R+1_3	Astronaut 3	R+1	R	37.5322546970536
R+1_3_GCTCTCTGGAGCAGGGGCGT	0	R+1_3	Astronaut 3	R+1	R	28.2667018339597
R+1_3_GCTCTGAGCTGATGAGGCGT	0	R+1_3	Astronaut 3	R+1	R	35.4658680248225
R+1_3_GCTCTGGTAACCGCTGCTTG	2	R+1_3	Astronaut 3	R+1	R	28.2868058447027
R+1_3_GCTCTGTATCGGCGTGCTGC	1	R+1_3	Astronaut 3	R+1	R	33.7521204080737
R+1_3_GCTCTTAGGAGCGAAGCAAC	0	R+1_3	Astronaut 3	R+1	R	37.7065365170448
R+1_3_GCTCTTCCGGCAGAAGCAAC	0	R+1_3	Astronaut 3	R+1	R	33.4028703271339
R+1_3_GCTCTTGAGAGAGCTGCAAC	3	R+1_3	Astronaut 3	R+1	R	4.55555572018642
R+1_3_GCTGCAAGACCGTCGGATAT	3	R+1_3	Astronaut 3	R+1	R	35.4541221701053
R+1_3_GCTGCACCTACGGCAGGAGC	6	R+1_3	Astronaut 3	R+1	R	28.9938512233715
R+1_3_GCTGCACGATCTAACGGAGC	3	R+1_3	Astronaut 3	R+1	R	22.9597560630136
R+1_3_GCTGCACTAAGAGCTGGAGC	0	R+1_3	Astronaut 3	R+1	R	37.5322549191639
R+1_3_GCTGCAGGTCCCATAGCTGC	0	R+1_3	Astronaut 3	R+1	R	27.7150684047067
R+1_3_GCTGCAGGTCGACTGGCGGT	1	R+1_3	Astronaut 3	R+1	R	25.2194377567388
R+1_3_GCTGCATTGGGAGCTGGAGC	3	R+1_3	Astronaut 3	R+1	R	2.66922148350335
R+1_3_GCTGCCAGTTCCGCTGGCGT	2	R+1_3	Astronaut 3	R+1	R	32.8032802982205
R+1_3_GCTGCCGACCCAATCGCTTG	1	R+1_3	Astronaut 3	R+1	R	19.7201081401743
R+1_3_GCTGCCGGATCGTCGGCAAC	1	R+1_3	Astronaut 3	R+1	R	32.1366722487531
R+1_3_GCTGCCTAACGTATCGCTGC	1	R+1_3	Astronaut 3	R+1	R	4.61667448703466
R+1_3_GCTGCCTGGACAGTTGGCGT	0	R+1_3	Astronaut 3	R+1	R	29.206819523931
R+1_3_GCTGCGATGAGGTCCGTCTA	1	R+1_3	Astronaut 3	R+1	R	37.5322551412743
R+1_3_GCTGCGCTCTCGATTGATAT	2	R+1_3	Astronaut 3	R+1	R	37.5322553633847
R+1_3_GCTGCGCTTGCTACGGGCGT	2	R+1_3	Astronaut 3	R+1	R	38.0238534538857
R+1_3_GCTGCGGCAGCTTAAGCTGC	1	R+1_3	Astronaut 3	R+1	R	14.5263940313013
R+1_3_GCTGCGTAATGGTCCGATGA	1	R+1_3	Astronaut 3	R+1	R	21.5377329539423
R+1_3_GCTGCGTAATGTAGAGCCTT	4	R+1_3	Astronaut 3	R+1	R	32.7899613985169
R+1_3_GCTGCGTAGAGGCGTGTAAT	1	R+1_3	Astronaut 3	R+1	R	32.4997680324996
R+1_3_GCTGCGTCCGGCAGGGTAAT	3	R+1_3	Astronaut 3	R+1	R	29.9944862406569
R+1_3_GCTGCTACGTGAGCTGGTCC	0	R+1_3	Astronaut 3	R+1	R	24.687905972078
R+1_3_GCTGCTCGCGCAGAAGGAGC	0	R+1_3	Astronaut 3	R+1	R	2.10853156692635
R+1_3_GCTGCTTGAACGACCGCAAC	0	R+1_3	Astronaut 3	R+1	R	33.4064460571582
R+1_3_GCTTGAACCGCGATTGCAAC	6	R+1_3	Astronaut 3	R+1	R	36.7782161803648
R+1_3_GCTTGAACTCCAGTTGTAAT	4	R+1_3	Astronaut 3	R+1	R	25.902304264709
R+1_3_GCTTGAAGGTGCTCTGGAGC	4	R+1_3	Astronaut 3	R+1	R	31.5150851991468
R+1_3_GCTTGACTAACGCCTGTCTA	1	R+1_3	Astronaut 3	R+1	R	22.6539370806967
R+1_3_GCTTGAGAGTCGTCGGCTGC	1	R+1_3	Astronaut 3	R+1	R	22.2997128990088
R+1_3_GCTTGAGAGTGTATCGATGA	4	R+1_3	Astronaut 3	R+1	R	39.3062290973185
R+1_3_GCTTGAGTTGGGTCCGCTGC	1	R+1_3	Astronaut 3	R+1	R	17.4504586550996
R+1_3_GCTTGATCCTCTCCAGCTGC	0	R+1_3	Astronaut 3	R+1	R	32.1910238304128
R+1_3_GCTTGCAACTCGTCGGCGGT	1	R+1_3	Astronaut 3	R+1	R	38.5862834979081
R+1_3_GCTTGCAGCGGCTCTGTAAT	1	R+1_3	Astronaut 3	R+1	R	2.63580985946759
R+1_3_GCTTGCTAGTGTATCGCAAC	8	R+1_3	Astronaut 3	R+1	R	29.2770908401809
R+1_3_GCTTGGCGAACTACGGATAT	7	R+1_3	Astronaut 3	R+1	R	35.2598076210784
R+1_3_GCTTGGCGGTCAGCGGATGA	8	R+1_3	Astronaut 3	R+1	R	29.6485712703978
R+1_3_GCTTGGTCCGCGGCAGATAT	5	R+1_3	Astronaut 3	R+1	R	2.09831764219184
R+1_3_GCTTGGTTAGCCTCAGGAGC	0	R+1_3	Astronaut 3	R+1	R	37.075243384292
R+1_3_GCTTGTAAGGCGAAGGCTGC	8	R+1_3	Astronaut 3	R+1	R	3.73907137663302
R+1_3_GCTTGTAAGGCGAAGGGCGT	8	R+1_3	Astronaut 3	R+1	R	4.4976083470247
R+1_3_GCTTGTACGTCCTAGGGCGT	2	R+1_3	Astronaut 3	R+1	R	27.4918538639987
R+1_3_GCTTGTAGAGGAGTCGGTCC	0	R+1_3	Astronaut 3	R+1	R	13.7775488635125
R+1_3_GCTTGTCATCGATATGCTTG	6	R+1_3	Astronaut 3	R+1	R	32.0245680855286
R+1_3_GCTTGTTAGCCGATTGCAAC	3	R+1_3	Astronaut 3	R+1	R	3.31015035668826
R+1_3_GGAGCAAGCAGTAATGATGA	0	R+1_3	Astronaut 3	R+1	R	5.82201883350526
R+1_3_GGAGCAAGCAGTAATGGTCC	0	R+1_3	Astronaut 3	R+1	R	27.7310474934362
R+1_3_GGAGCCTAACCGCCTGATAT	2	R+1_3	Astronaut 3	R+1	R	34.8575396178949
R+1_3_GGAGCCTTAAGCAACGCAAC	0	R+1_3	Astronaut 3	R+1	R	34.5454610435668
R+1_3_GGAGCGCAACCAATCGGAGC	7	R+1_3	Astronaut 3	R+1	R	33.7054813254047
R+1_3_GGAGCGCAACCAGTTGGCGT	4	R+1_3	Astronaut 3	R+1	R	37.8206499089221
R+1_3_GGAGCGCAGGCTTAAGTCTA	3	R+1_3	Astronaut 3	R+1	R	21.5377331760527
R+1_3_GGAGCGGCAGGTAGAGGAGC	0	R+1_3	Astronaut 3	R+1	R	3.34412602059447
R+1_3_GGAGCGGTAACGGCAGTCTA	4	R+1_3	Astronaut 3	R+1	R	2.86842339830866
R+1_3_GGAGCTATTGATTCAGCTTG	6	R+1_3	Astronaut 3	R+1	R	4.49760856913508
R+1_3_GGAGCTCGTAGTAATGATGA	5	R+1_3	Astronaut 3	R+1	R	2.3192358133232
R+1_3_GGCAGAACGACGCCTGATAT	0	R+1_3	Astronaut 3	R+1	R	36.4038474304692
R+1_3_GGCAGAAGGTGGCGTGATAT	1	R+1_3	Astronaut 3	R+1	R	35.862776658363
R+1_3_GGCAGACTCGGGCAGGATAT	9	R+1_3	Astronaut 3	R+1	R	25.6486936883241
R+1_3_GGCAGAGAACGCTGCGCTTG	5	R+1_3	Astronaut 3	R+1	R	27.4949265254762
R+1_3_GGCAGATGCGGCAACGCGGT	0	R+1_3	Astronaut 3	R+1	R	29.0215397467127
R+1_3_GGCAGATTACCTCCAGGCGT	0	R+1_3	Astronaut 3	R+1	R	34.9853410773186
R+1_3_GGCAGCAGCGGACTGGCAAC	0	R+1_3	Astronaut 3	R+1	R	3.79145819293136
R+1_3_GGCAGCGAAGATTGGGGTCC	1	R+1_3	Astronaut 3	R+1	R	35.9377911294459
R+1_3_GGCAGCGATTCTTAAGCGGT	4	R+1_3	Astronaut 3	R+1	R	34.5454612656772
R+1_3_GGCAGCGCAAATTGGGCAAC	0	R+1_3	Astronaut 3	R+1	R	37.6441278516454
R+1_3_GGCAGCGCAACAGTTGCAAC	2	R+1_3	Astronaut 3	R+1	R	32.950383886317
R+1_3_GGCAGCGCAAGCTTGGCCTT	3	R+1_3	Astronaut 3	R+1	R	3.69874058886318
R+1_3_GGCAGCGGATCCGCTGGAGC	5	R+1_3	Astronaut 3	R+1	R	27.486269024249
R+1_3_GGCAGCGGCACCGCTGGTCC	1	R+1_3	Astronaut 3	R+1	R	35.3222911781032
R+1_3_GGCAGCTTAAGGCGTGGTCC	0	R+1_3	Astronaut 3	R+1	R	21.537733398163
R+1_3_GGCAGGCGAACAGCGGCTGC	1	R+1_3	Astronaut 3	R+1	R	18.6667789862685
R+1_3_GGCAGGCGAACTAACGATGA	0	R+1_3	Astronaut 3	R+1	R	18.6605002644452
R+1_3_GGCAGGCTGCCTAGTGCCTT	0	R+1_3	Astronaut 3	R+1	R	26.1433394964097
R+1_3_GGCAGGCTTGATTGGGTCTA	2	R+1_3	Astronaut 3	R+1	R	22.5550331474656
R+1_3_GGCAGGGAGCCTAACGCTGC	2	R+1_3	Astronaut 3	R+1	R	19.8977358354035
R+1_3_GGCAGGGCGTGCCTTGATAT	3	R+1_3	Astronaut 3	R+1	R	10.6626315131809
R+1_3_GGCAGGGTCCGTAGAGCGGT	2	R+1_3	Astronaut 3	R+1	R	37.0752436064024
R+1_3_GGCAGGTATCCAGCGGGCGT	2	R+1_3	Astronaut 3	R+1	R	32.58507401746
R+1_3_GGCAGGTTAGGCTCTGCAAC	8	R+1_3	Astronaut 3	R+1	R	4.56478754826308
R+1_3_GGCAGTAAGGGCCTTGATGA	4	R+1_3	Astronaut 3	R+1	R	3.85318663748005
R+1_3_GGCAGTGCGCCGCCTGGAGC	1	R+1_3	Astronaut 3	R+1	R	22.7559019778237
R+1_3_GGCAGTGCGCGCAGGGATAT	3	R+1_3	Astronaut 3	R+1	R	3.69178193756071
R+1_3_GGCGTACCTACCATAGATGA	0	R+1_3	Astronaut 3	R+1	R	36.8698370402814
R+1_3_GGCGTACTAACAACTGATGA	1	R+1_3	Astronaut 3	R+1	R	24.5297157276108
R+1_3_GGCGTACTAACGCAAGGCGT	1	R+1_3	Astronaut 3	R+1	R	31.963277584117
R+1_3_GGCGTATCCTGGCGTGGCGT	0	R+1_3	Astronaut 3	R+1	R	4.49760879124547
R+1_3_GGCGTCAGTTCGAAGGGCGT	0	R+1_3	Astronaut 3	R+1	R	4.49760901335585
R+1_3_GGCGTCCTCAGCTCTGTAAT	3	R+1_3	Astronaut 3	R+1	R	22.7497266124225
R+1_3_GGCGTCGAAGCGCTCGGAGC	5	R+1_3	Astronaut 3	R+1	R	21.0020761557156
R+1_3_GGCGTCGATTGCTCTGATAT	1	R+1_3	Astronaut 3	R+1	R	14.5263942534117
R+1_3_GGCGTCGCCTCGAAGGTAAT	4	R+1_3	Astronaut 3	R+1	R	33.0592399748767
R+1_3_GGCGTCTGGAGCCTTGATGA	1	R+1_3	Astronaut 3	R+1	R	30.1045547444423
R+1_3_GGCGTGACTGCTTAAGCTGC	3	R+1_3	Astronaut 3	R+1	R	3.5011788702155
R+1_3_GGCGTGAGTCCTAGTGCCTT	5	R+1_3	Astronaut 3	R+1	R	3.65782914983165
R+1_3_GGCGTTTATGGTATCGGAGC	1	R+1_3	Astronaut 3	R+1	R	9.08392103969278
R+1_3_GGTAAACTCGCAGAAGATAT	2	R+1_3	Astronaut 3	R+1	R	25.8395713101619
R+1_3_GGTAAAGAACCTGGAGGCGT	0	R+1_3	Astronaut 3	R+1	R	33.939018464534
R+1_3_GGTAAAGAACGAGTCGCTTG	3	R+1_3	Astronaut 3	R+1	R	20.4120644686728
R+1_3_GGTAAATCTGGACTGGATAT	4	R+1_3	Astronaut 3	R+1	R	35.6053224175881
R+1_3_GGTAAATGGCCAGTTGGCGT	1	R+1_3	Astronaut 3	R+1	R	26.9272581620713
R+1_3_GGTAAATTCAGATATGCAAC	2	R+1_3	Astronaut 3	R+1	R	2.28804698537174
R+1_3_GGTAACGACCCCTAGGGCGT	8	R+1_3	Astronaut 3	R+1	R	7.61877174264811
R+1_3_GGTAACTAACGAGCTGCTTG	1	R+1_3	Astronaut 3	R+1	R	37.5322555854951
R+1_3_GGTAAGAGCTATTGGGATGA	1	R+1_3	Astronaut 3	R+1	R	6.85483026269289
R+1_3_GGTAAGTAGACTAGTGATGA	4	R+1_3	Astronaut 3	R+1	R	30.1223331324331
R+1_3_GGTAATCGTACTAACGCGGT	8	R+1_3	Astronaut 3	R+1	R	27.5470351440462
R+1_3_GGTAATGGACGGCAGGTCTA	9	R+1_3	Astronaut 3	R+1	R	26.6850185894028
R+1_3_GGTCCAAGGTGGCAGGTAAT	3	R+1_3	Astronaut 3	R+1	R	29.4820920867668
R+1_3_GGTCCAGAGTCGGCAGTCTA	0	R+1_3	Astronaut 3	R+1	R	32.7635004311776
R+1_3_GGTCCAGCGGCAACTGCTTG	4	R+1_3	Astronaut 3	R+1	R	33.7057689700383
R+1_3_GGTCCAGGTCGGTAAGATAT	5	R+1_3	Astronaut 3	R+1	R	22.6539373028071
R+1_3_GGTCCAGTTGCTAGTGGCGT	4	R+1_3	Astronaut 3	R+1	R	34.5454614877876
R+1_3_GGTCCCAGTTGTAATGCCTT	8	R+1_3	Astronaut 3	R+1	R	20.4120646907832
R+1_3_GGTCCCGACCCGAAGGCTGC	2	R+1_3	Astronaut 3	R+1	R	2.10853178903674
R+1_3_GGTCCCGATTCAATCGTAAT	1	R+1_3	Astronaut 3	R+1	R	32.1595974729694
R+1_3_GGTCCCGCAAATTCAGCTTG	6	R+1_3	Astronaut 3	R+1	R	3.70546842725011
R+1_3_GGTCCCGCAACCATAGCTTG	0	R+1_3	Astronaut 3	R+1	R	7.22760137840786
R+1_3_GGTCCCTAGTATTCAGTAAT	0	R+1_3	Astronaut 3	R+1	R	35.4907617385526
R+1_3_GGTCCCTTAACAGTTGATAT	6	R+1_3	Astronaut 3	R+1	R	36.6491106745654
R+1_3_GGTCCTGCTACAGTTGCTTG	5	R+1_3	Astronaut 3	R+1	R	34.7410930151073
R+1_3_GGTCCTTCGAGAGTCGCTTG	4	R+1_3	Astronaut 3	R+1	R	5.63688939899604
R+1_3_GGTCCTTCGAGCCTTGGTCC	1	R+1_3	Astronaut 3	R+1	R	24.308489274971
R+1_3_GTAATACTCGGGTAAGGCGT	1	R+1_3	Astronaut 3	R+1	R	14.7172622802672
R+1_3_GTAATAGAACATTCAGGAGC	0	R+1_3	Astronaut 3	R+1	R	4.1185242517734
R+1_3_GTAATATCTGCCTAGGATAT	4	R+1_3	Astronaut 3	R+1	R	35.0232892254597
R+1_3_GTAATATCTGCCTAGGCGGT	8	R+1_3	Astronaut 3	R+1	R	25.2194379788492
R+1_3_GTAATCAATCGCAACGGTCC	4	R+1_3	Astronaut 3	R+1	R	7.22704525626962
R+1_3_GTAATCCTCACCATAGCTTG	2	R+1_3	Astronaut 3	R+1	R	33.5660218654647
R+1_3_GTAATCTCCAGGAGCGTCTA	0	R+1_3	Astronaut 3	R+1	R	8.55028084374501
R+1_3_GTAATCTGGACTGGAGCTGC	4	R+1_3	Astronaut 3	R+1	R	2.57851371624604
R+1_3_GTAATGCAACGGTCCGCAAC	2	R+1_3	Astronaut 3	R+1	R	3.29153208728017
R+1_3_GTAATGCGAACAGTTGTAAT	0	R+1_3	Astronaut 3	R+1	R	4.49760923546624
R+1_3_GTAATGCTGCCGGCAGTAAT	2	R+1_3	Astronaut 3	R+1	R	10.3258363099064
R+1_3_GTAATGGCAGCCTCAGGAGC	4	R+1_3	Astronaut 3	R+1	R	25.7583830204883
R+1_3_GTAATGTAGAGTATCGGAGC	1	R+1_3	Astronaut 3	R+1	R	21.2230963765779
R+1_3_GTAATTGAGAGCGGTGATAT	1	R+1_3	Astronaut 3	R+1	R	37.0752438285128
R+1_3_GTAATTTAGCCGCTCGATGA	7	R+1_3	Astronaut 3	R+1	R	37.5322558076055
R+1_3_GTAGAACTCGGGTCCGGAGC	1	R+1_3	Astronaut 3	R+1	R	21.5377336202734
R+1_3_GTAGAAGGCTCCATAGATAT	3	R+1_3	Astronaut 3	R+1	R	3.72939794224687
R+1_3_GTAGAAGTTGCGCTCGTCTA	8	R+1_3	Astronaut 3	R+1	R	22.6539375249175
R+1_3_GTAGACTAACGAACCGCCTT	0	R+1_3	Astronaut 3	R+1	R	35.9377913515563
R+1_3_GTAGACTGGACTCCAGTAAT	1	R+1_3	Astronaut 3	R+1	R	35.2216238867987
R+1_3_GTAGACTGGAGATGAGCTTG	2	R+1_3	Astronaut 3	R+1	R	19.8977360575139
R+1_3_GTAGACTGGAGGCAGGTCTA	2	R+1_3	Astronaut 3	R+1	R	32.1984065793318
R+1_3_GTAGACTTAACGAAGGCAAC	4	R+1_3	Astronaut 3	R+1	R	4.47647891683551
R+1_3_GTAGAGACTGGAGCTGTCTA	4	R+1_3	Astronaut 3	R+1	R	22.6539377470279
R+1_3_GTAGAGCGAACTAACGATAT	1	R+1_3	Astronaut 3	R+1	R	35.4932950265878
R+1_3_GTAGAGCGAACTAACGCAAC	8	R+1_3	Astronaut 3	R+1	R	3.37590890616566
R+1_3_GTAGAGCGAACTAACGCTTG	4	R+1_3	Astronaut 3	R+1	R	27.4833937687139
R+1_3_GTAGAGCTGCGCAGGGCTTG	0	R+1_3	Astronaut 3	R+1	R	37.5322560297159
R+1_3_GTAGAGGCAGGGTCCGCTGC	1	R+1_3	Astronaut 3	R+1	R	29.219616015513
R+1_3_GTAGAGTCTACTACGGCAAC	2	R+1_3	Astronaut 3	R+1	R	26.4029764106465
R+1_3_GTAGATTAGCGCAGGGGAGC	0	R+1_3	Astronaut 3	R+1	R	32.5850742395704
R+1_3_GTAGATTCGAGCCTTGATGA	3	R+1_3	Astronaut 3	R+1	R	22.4082301525211
R+1_3_GTATCAACGAGCTCTGTCTA	0	R+1_3	Astronaut 3	R+1	R	32.8125839113657
R+1_3_GTATCAAGGTCCTAGGCTTG	7	R+1_3	Astronaut 3	R+1	R	10.2078474810506
R+1_3_GTATCACCAGCGACCGGAGC	4	R+1_3	Astronaut 3	R+1	R	3.85740333683039
R+1_3_GTATCACCTAGCTCTGTCTA	7	R+1_3	Astronaut 3	R+1	R	21.5377338423838
R+1_3_GTATCACTAACAATCGCCTT	2	R+1_3	Astronaut 3	R+1	R	36.1588450058332
R+1_3_GTATCAGAACCAATCGCGGT	1	R+1_3	Astronaut 3	R+1	R	29.2370240978075
R+1_3_GTATCATGGCGAACCGGAGC	2	R+1_3	Astronaut 3	R+1	R	29.2069873256384
R+1_3_GTATCATTACGATGAGCAAC	0	R+1_3	Astronaut 3	R+1	R	3.87604985350354
R+1_3_GTATCCAACTCGCAAGATAT	3	R+1_3	Astronaut 3	R+1	R	9.09921755444536
R+1_3_GTATCCAGTTGGAGCGGTCC	2	R+1_3	Astronaut 3	R+1	R	4.49760945757663
R+1_3_GTATCCCTCAGCAGGGCAAC	1	R+1_3	Astronaut 3	R+1	R	4.6214849407526
R+1_3_GTATCCGAAGGGCAGGCGGT	0	R+1_3	Astronaut 3	R+1	R	33.7817142183967
R+1_3_GTATCCGAAGGGCAGGCTGC	0	R+1_3	Astronaut 3	R+1	R	3.27890827175918
R+1_3_GTATCCGAAGGGCAGGGTCC	6	R+1_3	Astronaut 3	R+1	R	3.90720471814706
R+1_3_GTATCCGATTGGTCCGTCTA	7	R+1_3	Astronaut 3	R+1	R	36.2200954956175
R+1_3_GTATCCGCCTATTGGGGCGT	2	R+1_3	Astronaut 3	R+1	R	26.4029766327569
R+1_3_GTATCCGGATGCAGGGATGA	0	R+1_3	Astronaut 3	R+1	R	4.49760967968701
R+1_3_GTATCCGTCGCAATCGATGA	1	R+1_3	Astronaut 3	R+1	R	4.37505138595963
R+1_3_GTATCGAACCGAGCTGCTTG	0	R+1_3	Astronaut 3	R+1	R	4.44949065314077
R+1_3_GTATCGACTGATTGGGCTTG	8	R+1_3	Astronaut 3	R+1	R	4.57564496535598
R+1_3_GTATCGCAGGCAATCGCTGC	9	R+1_3	Astronaut 3	R+1	R	31.9620224150527
R+1_3_GTATCGCGGTGCTGCGCTTG	5	R+1_3	Astronaut 3	R+1	R	27.2793661700705
R+1_3_GTATCGCTCTCAACTGCAAC	9	R+1_3	Astronaut 3	R+1	R	3.7069526623124
R+1_3_GTATCGCTCTGAACCGCTTG	2	R+1_3	Astronaut 3	R+1	R	3.79672261356939
R+1_3_GTATCGCTGCGGTAAGCTGC	8	R+1_3	Astronaut 3	R+1	R	5.10853887991658e-06
R+1_3_GTATCGGAGCCTAACGTAAT	1	R+1_3	Astronaut 3	R+1	R	30.9799668937856
R+1_3_GTATCGTCTAGCAACGATGA	2	R+1_3	Astronaut 3	R+1	R	34.545461709898
R+1_3_GTATCGTCTAGCAACGCAAC	2	R+1_3	Astronaut 3	R+1	R	5.33064926599991e-06
R+1_3_GTATCTACGTCTAACGATGA	1	R+1_3	Astronaut 3	R+1	R	34.8381515127359
R+1_3_GTATCTACGTCTAACGTAAT	0	R+1_3	Astronaut 3	R+1	R	4.36566505605555
R+1_3_GTATCTAGAGCTAGTGCTTG	5	R+1_3	Astronaut 3	R+1	R	4.55620029372679
R+1_3_GTCCGACGATCGACCGCCTT	2	R+1_3	Astronaut 3	R+1	R	28.2633655215685
R+1_3_GTCCGACGATCGCCTGCGGT	3	R+1_3	Astronaut 3	R+1	R	25.9179405269714
R+1_3_GTCCGACTAACCTAGGCAAC	4	R+1_3	Astronaut 3	R+1	R	33.4173156046943
R+1_3_GTCCGACTTCCGCCTGATAT	0	R+1_3	Astronaut 3	R+1	R	34.3219852022806
R+1_3_GTCCGAGAGTGGAGCGCTGC	4	R+1_3	Astronaut 3	R+1	R	34.4587053380042
R+1_3_GTCCGATTCAGGTCCGGCGT	4	R+1_3	Astronaut 3	R+1	R	34.5454619320084
R+1_3_GTCCGCCTAGGTAATGGAGC	4	R+1_3	Astronaut 3	R+1	R	37.5675819145568
R+1_3_GTCCGCGAAGGATATGCGGT	0	R+1_3	Astronaut 3	R+1	R	10.6626317352913
R+1_3_GTCCGCGCCTCAGCGGATGA	4	R+1_3	Astronaut 3	R+1	R	3.69867483297261
R+1_3_GTCCGCTGGAGCAGGGTCTA	2	R+1_3	Astronaut 3	R+1	R	37.9103746973814
R+1_3_GTCCGGACTGGGCGTGTAAT	1	R+1_3	Astronaut 3	R+1	R	18.1154169050948
R+1_3_GTCCGGCAGGGCAACGGAGC	9	R+1_3	Astronaut 3	R+1	R	35.6466662351692
R+1_3_GTCCGGCTCTGATATGCAAC	8	R+1_3	Astronaut 3	R+1	R	4.58326897578222
R+1_3_GTCCGGCTTGGTAGAGATAT	4	R+1_3	Astronaut 3	R+1	R	4.18165100191365
R+1_3_GTCCGGCTTGGTAGAGTCTA	1	R+1_3	Astronaut 3	R+1	R	12.0833264208512
R+1_3_GTCCGGGTAAGCCTTGGCGT	0	R+1_3	Astronaut 3	R+1	R	8.10839133330648
R+1_3_GTCCGGGTCCCTCCAGATAT	0	R+1_3	Astronaut 3	R+1	R	27.7228328650843
R+1_3_GTCCGTAAGGGTATCGCCTT	1	R+1_3	Astronaut 3	R+1	R	35.3222914002136
R+1_3_GTCCGTAGAGCGCCTGCTTG	4	R+1_3	Astronaut 3	R+1	R	4.59108699828679
R+1_3_GTCCGTGCGCCCTAGGGAGC	0	R+1_3	Astronaut 3	R+1	R	21.5377340644942
R+1_3_GTCCGTGCTACGTCGGTAAT	1	R+1_3	Astronaut 3	R+1	R	35.3222916223239
R+1_3_GTCCGTGGACCGAAGGGTCC	0	R+1_3	Astronaut 3	R+1	R	4.61276112065382
R+1_3_GTCCGTTCGAGGCGTGCTGC	0	R+1_3	Astronaut 3	R+1	R	14.6647247090268
R+1_3_GTCCGTTGAACAACTGGCGT	0	R+1_3	Astronaut 3	R+1	R	33.3723020307291
R+1_3_GTCCGTTGAACTAACGATAT	0	R+1_3	Astronaut 3	R+1	R	26.2040425941617
R+1_3_GTCTAATCTGCGGCAGGAGC	0	R+1_3	Astronaut 3	R+1	R	3.80005008589759
R+1_3_GTCTAATGGCGCTGCGGCGT	8	R+1_3	Astronaut 3	R+1	R	4.5922145774256
R+1_3_GTCTACGGCACGATTGTAAT	0	R+1_3	Astronaut 3	R+1	R	34.7529032839035
R+1_3_GTCTAGAGTCCGGCAGGTCC	0	R+1_3	Astronaut 3	R+1	R	25.6668385473521
R+1_3_GTCTAGGCAGGATGAGCAAC	2	R+1_3	Astronaut 3	R+1	R	32.5850744616808
R+1_3_GTCTAGTATCCGATTGGTCC	1	R+1_3	Astronaut 3	R+1	R	31.9620226371631
R+1_3_GTCTAGTTAGATTGGGCAAC	3	R+1_3	Astronaut 3	R+1	R	25.8366850353243
R+1_3_GTCTATATGCCGAAGGGTCC	1	R+1_3	Astronaut 3	R+1	R	27.0234436316579
R+1_3_GTTAGACTAACCGCTGTAAT	6	R+1_3	Astronaut 3	R+1	R	22.9201595381004
R+1_3_GTTAGAGAACCTACGGGCGT	4	R+1_3	Astronaut 3	R+1	R	28.2735455162751
R+1_3_GTTAGAGAACCTAGTGCTGC	1	R+1_3	Astronaut 3	R+1	R	18.3163706372875
R+1_3_GTTAGATCCTCGACCGCTTG	7	R+1_3	Astronaut 3	R+1	R	33.3129227466736
R+1_3_GTTAGATTGGCGCAAGCAAC	9	R+1_3	Astronaut 3	R+1	R	2.67102585388343
R+1_3_GTTAGCAACTCTCCAGCGGT	1	R+1_3	Astronaut 3	R+1	R	35.3222918444343
R+1_3_GTTAGCTAACGTATCGCTGC	0	R+1_3	Astronaut 3	R+1	R	3.82119976024749
R+1_3_GTTAGGAGCTCTGGAGCTGC	1	R+1_3	Astronaut 3	R+1	R	19.400945652906
R+1_3_GTTAGGAGTCCCTCAGCGGT	5	R+1_3	Astronaut 3	R+1	R	3.69005447279568
R+1_3_GTTAGGATATGCGGTGTCTA	3	R+1_3	Astronaut 3	R+1	R	25.2529448730387
R+1_3_GTTAGGCGGTGGTCCGGTCC	1	R+1_3	Astronaut 3	R+1	R	25.2194382009596
R+1_3_GTTAGGCTGCCCATAGTAAT	3	R+1_3	Astronaut 3	R+1	R	26.3075834161599
R+1_3_GTTAGTCATCATTCAGCTGC	1	R+1_3	Astronaut 3	R+1	R	32.7727226751238
R+1_3_GTTAGTCGCGATTGGGCTGC	8	R+1_3	Astronaut 3	R+1	R	4.18264181627117
R+1_3_TAAGGAACCGCCGCTGTAAT	0	R+1_3	Astronaut 3	R+1	R	21.5377342866046
R+1_3_TAAGGAAGACGATGAGCTTG	7	R+1_3	Astronaut 3	R+1	R	22.6539379691383
R+1_3_TAAGGACCTACTCCAGCTGC	0	R+1_3	Astronaut 3	R+1	R	2.45391940302977
R+1_3_TAAGGACGATGCCTTGATGA	9	R+1_3	Astronaut 3	R+1	R	14.6647249311372
R+1_3_TAAGGAGGTCGCTGCGATGA	2	R+1_3	Astronaut 3	R+1	R	3.84589320379
R+1_3_TAAGGAGGTCGCTGCGCTTG	4	R+1_3	Astronaut 3	R+1	R	3.73331482602426
R+1_3_TAAGGATCTGCTCCAGTAAT	0	R+1_3	Astronaut 3	R+1	R	35.3629223981131
R+1_3_TAAGGCAACTGCGAAGCTTG	3	R+1_3	Astronaut 3	R+1	R	25.8395715322722
R+1_3_TAAGGCTAACCGACCGCGGT	1	R+1_3	Astronaut 3	R+1	R	3.38240489956812
R+1_3_TAAGGCTAGTATTCAGTAAT	1	R+1_3	Astronaut 3	R+1	R	36.6491108966758
R+1_3_TAAGGCTCCACTTAAGCTTG	4	R+1_3	Astronaut 3	R+1	R	8.55566385013849
R+1_3_TAAGGGCTCTCGGCAGGCGT	1	R+1_3	Astronaut 3	R+1	R	2.77003609309265
R+1_3_TAAGGGTAGAATTCAGCGGT	0	R+1_3	Astronaut 3	R+1	R	35.9377915736667
R+1_3_TAAGGTACGTCCTAGGGCGT	4	R+1_3	Astronaut 3	R+1	R	25.3099765948197
R+1_3_TAAGGTCTACCAATCGCTTG	4	R+1_3	Astronaut 3	R+1	R	35.9508831825878
R+1_3_TAAGGTTAGCCTAACGATGA	1	R+1_3	Astronaut 3	R+1	R	7.27408737250961
R+1_3_TACGTACCTACAATCGGCGT	7	R+1_3	Astronaut 3	R+1	R	3.79771900818578
R+1_3_TACGTAGGCTCAATCGGCGT	3	R+1_3	Astronaut 3	R+1	R	34.5454621541188
R+1_3_TACGTATCTGCAACTGTAAT	2	R+1_3	Astronaut 3	R+1	R	4.18906878405714
R+1_3_TACGTATTGGCGGCAGATGA	1	R+1_3	Astronaut 3	R+1	R	38.6999007445333
R+1_3_TACGTCGAAGGTAATGGAGC	2	R+1_3	Astronaut 3	R+1	R	22.6539381912487
R+1_3_TACGTCGTCGCTAGTGCCTT	0	R+1_3	Astronaut 3	R+1	R	20.4120649128936
R+1_3_TACGTCTACGCGACCGATGA	1	R+1_3	Astronaut 3	R+1	R	34.6665748439818
R+1_3_TACGTCTCCAGCTCTGCTGC	8	R+1_3	Astronaut 3	R+1	R	3.793364461522
R+1_3_TACGTGGTCCCAGTTGATGA	0	R+1_3	Astronaut 3	R+1	R	25.8202926774298
R+1_3_TACGTGTCCGCCATAGCTTG	1	R+1_3	Astronaut 3	R+1	R	21.537734508715
R+1_3_TACGTTCTACGAACCGGAGC	0	R+1_3	Astronaut 3	R+1	R	32.1578280519824
R+1_3_TACGTTGGACGAACCGGCGT	1	R+1_3	Astronaut 3	R+1	R	25.21943842307
R+1_3_TACGTTGGACGGTAAGGAGC	8	R+1_3	Astronaut 3	R+1	R	4.61896893037097
R+1_3_TAGAGACCAGCCTAGGGAGC	1	R+1_3	Astronaut 3	R+1	R	28.9989919042461
R+1_3_TAGAGACCAGGCCTTGGTCC	7	R+1_3	Astronaut 3	R+1	R	22.7754848529989
R+1_3_TAGAGACGATGCGAAGCTGC	0	R+1_3	Astronaut 3	R+1	R	26.1433397185201
R+1_3_TAGAGACTCGCAGTTGCAAC	2	R+1_3	Astronaut 3	R+1	R	3.16072133536793
R+1_3_TAGAGACTCGCGAAGGCGGT	2	R+1_3	Astronaut 3	R+1	R	26.6850188115132
R+1_3_TAGAGAGTTGGCGGTGGCGT	0	R+1_3	Astronaut 3	R+1	R	36.8698372623918
R+1_3_TAGAGAGTTGGGTAAGGAGC	4	R+1_3	Astronaut 3	R+1	R	33.3804257329421
R+1_3_TAGAGATCCTCCGCTGCCTT	8	R+1_3	Astronaut 3	R+1	R	30.0542058727987
R+1_3_TAGAGATCCTCTTAAGATGA	4	R+1_3	Astronaut 3	R+1	R	35.659718851311
R+1_3_TAGAGATTCACCTAGGCCTT	0	R+1_3	Astronaut 3	R+1	R	24.4268985493181
R+1_3_TAGAGATTCAGAACCGGCGT	0	R+1_3	Astronaut 3	R+1	R	32.5850746837911
R+1_3_TAGAGATTGGGGAGCGATGA	5	R+1_3	Astronaut 3	R+1	R	14.6552318585448
R+1_3_TAGAGCAATCCTCCAGCAAC	5	R+1_3	Astronaut 3	R+1	R	34.7964309078623
R+1_3_TAGAGCCGCTGAGCTGCTTG	5	R+1_3	Astronaut 3	R+1	R	4.4976099017974
R+1_3_TAGAGCGCAAGTAATGGCGT	0	R+1_3	Astronaut 3	R+1	R	32.806134777095
R+1_3_TAGAGCGCCTCGCCTGCTGC	1	R+1_3	Astronaut 3	R+1	R	24.746714510502
R+1_3_TAGAGCTCCAGCGAAGCCTT	4	R+1_3	Astronaut 3	R+1	R	29.2711506291498
R+1_3_TAGAGCTGGACAGTTGATAT	5	R+1_3	Astronaut 3	R+1	R	32.2863423391901
R+1_3_TAGAGCTGGAGAGTCGCTGC	2	R+1_3	Astronaut 3	R+1	R	37.5322562518263
R+1_3_TAGAGCTGGAGCGAAGTAAT	1	R+1_3	Astronaut 3	R+1	R	22.6539384133591
R+1_3_TAGAGCTTAAGTAGAGCAAC	2	R+1_3	Astronaut 3	R+1	R	4.46436622033914
R+1_3_TAGAGGAGCTCAACTGTAAT	4	R+1_3	Astronaut 3	R+1	R	32.8208137722462
R+1_3_TAGAGGAGTCCTTAAGTAAT	2	R+1_3	Astronaut 3	R+1	R	4.2618393799688
R+1_3_TAGAGGGTCCCAACTGTCTA	0	R+1_3	Astronaut 3	R+1	R	37.0752440506232
R+1_3_TAGAGTATCTGCAGGGCCTT	1	R+1_3	Astronaut 3	R+1	R	28.2719394199172
R+1_3_TAGAGTCATCCGCCTGGAGC	0	R+1_3	Astronaut 3	R+1	R	28.2678810984464
R+1_3_TAGAGTCTACCCGCTGGCGT	0	R+1_3	Astronaut 3	R+1	R	3.87456218163378
R+1_3_TAGAGTGAGACGCTCGCCTT	0	R+1_3	Astronaut 3	R+1	R	36.8729448723197
R+1_3_TAGAGTTAGCGATATGATGA	1	R+1_3	Astronaut 3	R+1	R	37.463844804685
R+1_3_TAGGAAAGACCGCCTGGAGC	5	R+1_3	Astronaut 3	R+1	R	4.57142524769241
R+1_3_TAGGAACCTAGCAGGGCTTG	3	R+1_3	Astronaut 3	R+1	R	26.1433399406305
R+1_3_TAGGAACCTAGGCGTGTAAT	3	R+1_3	Astronaut 3	R+1	R	4.42275328406972
R+1_3_TAGGAACGATCAGTTGATAT	2	R+1_3	Astronaut 3	R+1	R	35.625594973587
R+1_3_TAGGAAGAACCGCTCGCTTG	0	R+1_3	Astronaut 3	R+1	R	32.5850749059015
R+1_3_TAGGAAGTTGCAGTTGATAT	5	R+1_3	Astronaut 3	R+1	R	38.0049793489681
R+1_3_TAGGAATGGCGGTAAGATGA	4	R+1_3	Astronaut 3	R+1	R	32.2638841772733
R+1_3_TAGGAATTCAGACTGGCTTG	2	R+1_3	Astronaut 3	R+1	R	1.73842633070787
R+1_3_TAGGACGATTCAATCGCAAC	9	R+1_3	Astronaut 3	R+1	R	22.6539386354694
R+1_3_TAGGACGGCAGTAGAGGAGC	5	R+1_3	Astronaut 3	R+1	R	34.5292237721906
R+1_3_TAGGACTAACGTATCGTAAT	1	R+1_3	Astronaut 3	R+1	R	27.7186589535022
R+1_3_TAGGACTGGAATTCAGGCGT	8	R+1_3	Astronaut 3	R+1	R	35.3232499649479
R+1_3_TAGGACTGGAGCAGGGCTTG	3	R+1_3	Astronaut 3	R+1	R	3.6534364750704
R+1_3_TAGGAGATGACGACCGCGGT	8	R+1_3	Astronaut 3	R+1	R	14.9884836418218
R+1_3_TAGGAGCAACCGATTGCCTT	5	R+1_3	Astronaut 3	R+1	R	32.5850751280119
R+1_3_TAGGAGGCGTCGAAGGGAGC	0	R+1_3	Astronaut 3	R+1	R	24.1921997912773
R+1_3_TAGGAGTCTAGCTTGGCGGT	1	R+1_3	Astronaut 3	R+1	R	27.4803135460907
R+1_3_TAGGATAAGGCAGAAGCTGC	0	R+1_3	Astronaut 3	R+1	R	34.8386071016175
R+1_3_TAGGATGGACCAGAAGCTGC	3	R+1_3	Astronaut 3	R+1	R	29.2421110364602
R+1_3_TATCTAACTCGTATCGCTGC	1	R+1_3	Astronaut 3	R+1	R	3.7867324487727
R+1_3_TATCTAAGACCAGCGGCAAC	0	R+1_3	Astronaut 3	R+1	R	24.6704211917361
R+1_3_TATCTACTCGGTATCGCAAC	4	R+1_3	Astronaut 3	R+1	R	26.3246441134342
R+1_3_TATCTACTTCCTGGAGCTGC	8	R+1_3	Astronaut 3	R+1	R	21.2430447912168
R+1_3_TATCTAGAGTCAGCGGCAAC	0	R+1_3	Astronaut 3	R+1	R	4.57241450493339
R+1_3_TATCTAGTTGCGTCGGCTTG	2	R+1_3	Astronaut 3	R+1	R	35.8188481386779
R+1_3_TATCTCAGAAGCAGGGCCTT	1	R+1_3	Astronaut 3	R+1	R	25.9250281053385
R+1_3_TATCTCTACGGGTAAGCGGT	5	R+1_3	Astronaut 3	R+1	R	22.3146610989627
R+1_3_TATCTCTAGTCGAAGGCAAC	5	R+1_3	Astronaut 3	R+1	R	3.72942950568027
R+1_3_TATCTGAGTCCGCAAGATGA	4	R+1_3	Astronaut 3	R+1	R	25.3244907992856
R+1_3_TATCTGAGTCGATGAGCTTG	0	R+1_3	Astronaut 3	R+1	R	32.0977653602439
R+1_3_TATCTGATATCGCTCGATGA	1	R+1_3	Astronaut 3	R+1	R	19.7201083622847
R+1_3_TATCTGTATCGCCTTGGCGT	1	R+1_3	Astronaut 3	R+1	R	24.1745189095146
R+1_3_TATCTTACGTCAGAAGGAGC	9	R+1_3	Astronaut 3	R+1	R	33.640967391974
R+1_3_TATCTTACGTCCATAGATGA	3	R+1_3	Astronaut 3	R+1	R	3.73645028407876
R+1_3_TATCTTAGGACCTCAGGCGT	2	R+1_3	Astronaut 3	R+1	R	32.0314919292911
R+1_3_TATCTTATTGCGCAAGCTTG	0	R+1_3	Astronaut 3	R+1	R	37.76401278081
R+1_3_TATCTTATTGGTATCGATGA	1	R+1_3	Astronaut 3	R+1	R	38.5581872667655
R+1_3_TATCTTTGAAGATGAGCTGC	4	R+1_3	Astronaut 3	R+1	R	32.1088668924676
R+1_3_TATGCAAGACCCTCAGCTTG	2	R+1_3	Astronaut 3	R+1	R	29.0353645827418
R+1_3_TATGCAGAACGAGCTGCTTG	0	R+1_3	Astronaut 3	R+1	R	22.6075246424367
R+1_3_TATGCAGGCTCCATAGCCTT	2	R+1_3	Astronaut 3	R+1	R	28.2757609861359
R+1_3_TATGCATTCACTACGGATGA	2	R+1_3	Astronaut 3	R+1	R	33.3236683773865
R+1_3_TATGCATTGGCCTCAGGCGT	0	R+1_3	Astronaut 3	R+1	R	31.9620228592735
R+1_3_TATGCCTCCACAATCGATAT	4	R+1_3	Astronaut 3	R+1	R	34.6645292521804
R+1_3_TATGCGAACCGCTGCGCTGC	6	R+1_3	Astronaut 3	R+1	R	24.4184304109287
R+1_3_TATGCGAACCGGCAGGGCGT	0	R+1_3	Astronaut 3	R+1	R	7.24738156948537
R+1_3_TATGCGCAGGATTGGGCAAC	4	R+1_3	Astronaut 3	R+1	R	30.148919913186
R+1_3_TATGCGCGAAGCTTGGTCTA	6	R+1_3	Astronaut 3	R+1	R	27.4979626312962
R+1_3_TATGCGCGGTGCCTTGATAT	7	R+1_3	Astronaut 3	R+1	R	36.2379828893089
R+1_3_TATGCGGTAAGGCAGGGCGT	1	R+1_3	Astronaut 3	R+1	R	36.4351346497121
R+1_3_TATGCGGTAAGTATCGTCTA	7	R+1_3	Astronaut 3	R+1	R	28.2797160165632
R+1_3_TATGCTACGTGCCTTGCTGC	1	R+1_3	Astronaut 3	R+1	R	21.5377347308254
R+1_3_TATTGAACCGGTAGAGGCGT	3	R+1_3	Astronaut 3	R+1	R	27.4937099225443
R+1_3_TATTGAAGCACAATCGCAAC	0	R+1_3	Astronaut 3	R+1	R	36.5572167514196
R+1_3_TATTGACCTAGGAGCGCAAC	4	R+1_3	Astronaut 3	R+1	R	4.57356853716756
R+1_3_TATTGACGATGGCAGGCAAC	3	R+1_3	Astronaut 3	R+1	R	30.1443493893739
R+1_3_TATTGAGTTGCCTAGGGAGC	4	R+1_3	Astronaut 3	R+1	R	21.5377349529358
R+1_3_TATTGATGGCGCGAAGATGA	2	R+1_3	Astronaut 3	R+1	R	22.6539388575798
R+1_3_TATTGATTCAGAGCTGCTGC	0	R+1_3	Astronaut 3	R+1	R	1.49348606870638
R+1_3_TATTGATTGGCGCAAGCTTG	4	R+1_3	Astronaut 3	R+1	R	12.7715137835371
R+1_3_TATTGCCGCTCAGAAGATAT	1	R+1_3	Astronaut 3	R+1	R	25.6897379069987
R+1_3_TATTGCTAACCTCCAGATAT	0	R+1_3	Astronaut 3	R+1	R	21.5404214558099
R+1_3_TATTGGATATCAGCGGCGGT	4	R+1_3	Astronaut 3	R+1	R	4.69577360947498
R+1_3_TATTGGGAGCGCTTGGGAGC	2	R+1_3	Astronaut 3	R+1	R	33.7054815475151
R+1_3_TATTGGGTCCGCGGTGGTCC	0	R+1_3	Astronaut 3	R+1	R	35.576573519168
R+1_3_TATTGTAGAGCTAGTGATGA	0	R+1_3	Astronaut 3	R+1	R	39.3062293194289
R+1_3_TATTGTAGAGCTAGTGCTTG	0	R+1_3	Astronaut 3	R+1	R	4.49761012390778
R+1_3_TATTGTTCATGCTCTGCAAC	2	R+1_3	Astronaut 3	R+1	R	32.1819750998313
R+1_3_TATTGTTCGACGCTCGATAT	3	R+1_3	Astronaut 3	R+1	R	25.8172812097795
R+1_3_TCAGTAACCGATTGGGCCTT	3	R+1_3	Astronaut 3	R+1	R	6.5496590177577
R+1_3_TCAGTACCTACTAACGCTTG	0	R+1_3	Astronaut 3	R+1	R	21.5377351750461
R+1_3_TCAGTACCTACTTAAGGTCC	4	R+1_3	Astronaut 3	R+1	R	3.66544188431808
R+1_3_TCAGTACTTCGTAGAGGAGC	1	R+1_3	Astronaut 3	R+1	R	22.6539390796902
R+1_3_TCAGTATCCTCGGATGTCTA	2	R+1_3	Astronaut 3	R+1	R	22.6539393018006
R+1_3_TCAGTATCCTGCTCTGCCTT	0	R+1_3	Astronaut 3	R+1	R	3.70406122566893
R+1_3_TCAGTATTACATTCAGCTTG	4	R+1_3	Astronaut 3	R+1	R	32.2221577108647
R+1_3_TCAGTCGCCTATTGGGCAAC	2	R+1_3	Astronaut 3	R+1	R	9.73641630196016
R+1_3_TCAGTCTAGTCTTAAGTAAT	4	R+1_3	Astronaut 3	R+1	R	29.6117259651181
R+1_3_TCAGTCTTAACAGAAGCTGC	1	R+1_3	Astronaut 3	R+1	R	34.3219854243909
R+1_3_TCAGTGAACCGGTCCGCTGC	0	R+1_3	Astronaut 3	R+1	R	4.49761034601817
R+1_3_TCAGTGCCTTCTAACGGAGC	4	R+1_3	Astronaut 3	R+1	R	36.2379831114193
R+1_3_TCAGTGCGAACTAACGCAAC	2	R+1_3	Astronaut 3	R+1	R	2.5804631544944
R+1_3_TCAGTGCGAACTAACGCTTG	2	R+1_3	Astronaut 3	R+1	R	32.0017441712954
R+1_3_TCAGTGGCAGATTCAGCTGC	4	R+1_3	Astronaut 3	R+1	R	29.9944864627673
R+1_3_TCAGTGGCGTGTAATGATAT	4	R+1_3	Astronaut 3	R+1	R	33.3489455895067
R+1_3_TCAGTTCGCGCAGTTGATAT	0	R+1_3	Astronaut 3	R+1	R	29.2808752454204
R+1_3_TCATCAACGAGAGCTGCAAC	1	R+1_3	Astronaut 3	R+1	R	8.04768129350756
R+1_3_TCATCAAGACGTAGAGATGA	1	R+1_3	Astronaut 3	R+1	R	12.9532138255554
R+1_3_TCATCACCTACAATCGATGA	0	R+1_3	Astronaut 3	R+1	R	32.1856212907509
R+1_3_TCATCACCTACAATCGCAAC	2	R+1_3	Astronaut 3	R+1	R	31.6191001398084
R+1_3_TCATCAGTTGGGCGTGCAAC	2	R+1_3	Astronaut 3	R+1	R	31.9620230813839
R+1_3_TCATCCCTCACAATCGATGA	1	R+1_3	Astronaut 3	R+1	R	22.3409543723787
R+1_3_TCATCCGATTCCTAGGCCTT	0	R+1_3	Astronaut 3	R+1	R	4.47614143349096
R+1_3_TCATCCGATTCCTCAGCCTT	3	R+1_3	Astronaut 3	R+1	R	22.653939523911
R+1_3_TCATCCGCTCCGATTGCAAC	6	R+1_3	Astronaut 3	R+1	R	28.2699522573227
R+1_3_TCATCGATATCGCAAGTCTA	1	R+1_3	Astronaut 3	R+1	R	11.0081161393864
R+1_3_TCATCGCGGTATTGGGATAT	3	R+1_3	Astronaut 3	R+1	R	28.2718177752423
R+1_3_TCATCGCTGCGGTAAGCTGC	2	R+1_3	Astronaut 3	R+1	R	30.1112949889471
R+1_3_TCATCGGTAAGATATGGTCC	6	R+1_3	Astronaut 3	R+1	R	21.5740488355096
R+1_3_TCATCTCCGGGAGCTGATGA	1	R+1_3	Astronaut 3	R+1	R	4.49761056812856
R+1_3_TCATCTGGACCCGCTGATAT	7	R+1_3	Astronaut 3	R+1	R	37.5322564739366
R+1_3_TCATCTTGAACCATAGTCTA	6	R+1_3	Astronaut 3	R+1	R	28.985518716585
R+1_3_TCCGGAACCGCTGGAGATAT	6	R+1_3	Astronaut 3	R+1	R	39.3062295415393
R+1_3_TCCGGAACTCGACTGGATAT	1	R+1_3	Astronaut 3	R+1	R	2.90905903756226
R+1_3_TCCGGACTTCGTATCGCAAC	4	R+1_3	Astronaut 3	R+1	R	2.75631321404421
R+1_3_TCCGGAGAACCAGCGGTCTA	1	R+1_3	Astronaut 3	R+1	R	4.49761079023894
R+1_3_TCCGGAGGTCATTCAGCGGT	4	R+1_3	Astronaut 3	R+1	R	37.5138008707332
R+1_3_TCCGGAGTTGGCGGTGGAGC	1	R+1_3	Astronaut 3	R+1	R	4.49761101234933
R+1_3_TCCGGATGCGGAGCTGATAT	0	R+1_3	Astronaut 3	R+1	R	30.1057963115192
R+1_3_TCCGGCCGCTGCAACGCAAC	0	R+1_3	Astronaut 3	R+1	R	4.6585068089133
R+1_3_TCCGGCGGATGCCTTGCAAC	1	R+1_3	Astronaut 3	R+1	R	28.3087378529954
R+1_3_TCCGGGAACCGTAGAGGTCC	0	R+1_3	Astronaut 3	R+1	R	4.49761123445971
R+1_3_TCCGGGCAGGCGATTGCTGC	0	R+1_3	Astronaut 3	R+1	R	4.4976114565701
R+1_3_TCCGGGTCCGCGCCTGCAAC	2	R+1_3	Astronaut 3	R+1	R	34.8418707875491
R+1_3_TCCGGTTCATGTAGAGCTGC	1	R+1_3	Astronaut 3	R+1	R	3.33085786310177
R+1_3_TCGCGAACTCCCTAGGGCGT	0	R+1_3	Astronaut 3	R+1	R	28.3259022100043
R+1_3_TCGCGACTAACTACGGCTTG	3	R+1_3	Astronaut 3	R+1	R	26.1433401627409
R+1_3_TCGCGAGTTGCAGTTGGAGC	1	R+1_3	Astronaut 3	R+1	R	3.33287984070418
R+1_3_TCGCGAGTTGGCGAAGATGA	4	R+1_3	Astronaut 3	R+1	R	34.5454623762292
R+1_3_TCGCGATTGGCCGCTGTAAT	0	R+1_3	Astronaut 3	R+1	R	13.7649032609333
R+1_3_TCGCGATTGGCCGCTGTCTA	8	R+1_3	Astronaut 3	R+1	R	3.35467022077322
R+1_3_TCGCGCAGTTGGTAAGGCGT	2	R+1_3	Astronaut 3	R+1	R	31.9620233034943
R+1_3_TCGCGCGAAGCGGATGTCTA	8	R+1_3	Astronaut 3	R+1	R	4.47253386958659
R+1_3_TCGCGGCAGGATTCAGATGA	1	R+1_3	Astronaut 3	R+1	R	38.0238409320741
R+1_3_TCGCGGTTAGGCTGCGGAGC	6	R+1_3	Astronaut 3	R+1	R	25.2853144490907
R+1_3_TCGCGTCATCCTAGTGTAAT	4	R+1_3	Astronaut 3	R+1	R	25.3224452757426
R+1_3_TCGCGTCTACCGTCGGCTGC	1	R+1_3	Astronaut 3	R+1	R	4.64239870968338
R+1_3_TCGCGTGAGACTGGAGTAAT	4	R+1_3	Astronaut 3	R+1	R	30.5043434466333
R+1_3_TCGCGTGCGCGGCAGGATAT	6	R+1_3	Astronaut 3	R+1	R	27.3137695447894
R+1_3_TCGCGTTCATATTGGGCTTG	4	R+1_3	Astronaut 3	R+1	R	25.8395717543826
R+1_3_TCGTAACCAGCGAAGGGCGT	3	R+1_3	Astronaut 3	R+1	R	4.26948855114436
R+1_3_TCGTAACTAAATTCAGGCGT	2	R+1_3	Astronaut 3	R+1	R	36.8698374845022
R+1_3_TCGTAAGAACGGCGTGATGA	1	R+1_3	Astronaut 3	R+1	R	29.0051899355644
R+1_3_TCGTAAGGCTATTGGGCTGC	2	R+1_3	Astronaut 3	R+1	R	32.1094392501385
R+1_3_TCGTAAGTTGGGTCCGATAT	0	R+1_3	Astronaut 3	R+1	R	2.83291896899287
R+1_3_TCGTACCATAGACTGGCTGC	1	R+1_3	Astronaut 3	R+1	R	31.9620235256046
R+1_3_TCGTACGACCGTATCGATGA	4	R+1_3	Astronaut 3	R+1	R	35.6053226396985
R+1_3_TCGTACGCTCGTAGAGATAT	0	R+1_3	Astronaut 3	R+1	R	33.9390186866444
R+1_3_TCGTACTAGTGCGAAGCAAC	0	R+1_3	Astronaut 3	R+1	R	4.49761167868049
R+1_3_TCGTACTAGTGGCGTGCTGC	2	R+1_3	Astronaut 3	R+1	R	4.49761190079087
R+1_3_TCGTACTTAAGAACCGTCTA	0	R+1_3	Astronaut 3	R+1	R	4.44237099926209
R+1_3_TCGTAGCGGTCGGATGCTGC	1	R+1_3	Astronaut 3	R+1	R	22.7431872978888
R+1_3_TCGTAGCTCTGACTGGCTGC	0	R+1_3	Astronaut 3	R+1	R	4.73672471416778
R+1_3_TCGTAGCTCTGACTGGCTTG	0	R+1_3	Astronaut 3	R+1	R	8.65334129449034
R+1_3_TCGTAGGTAACGATTGGCGT	4	R+1_3	Astronaut 3	R+1	R	30.4621361270862
R+1_3_TCGTAGTAGACAGCGGCTGC	5	R+1_3	Astronaut 3	R+1	R	3.71692909636991
R+1_3_TCGTAGTCCGATTGGGCCTT	8	R+1_3	Astronaut 3	R+1	R	3.6964484947484
R+1_3_TCGTATCATCGCGGTGATAT	5	R+1_3	Astronaut 3	R+1	R	26.4029768548672
R+1_3_TCGTATCGTACGAAGGCTTG	1	R+1_3	Astronaut 3	R+1	R	22.6539397460214
R+1_3_TCGTATGAGACGCAAGCTTG	3	R+1_3	Astronaut 3	R+1	R	22.6539399681318
R+1_3_TCTACACCTACCTCAGATGA	3	R+1_3	Astronaut 3	R+1	R	27.475300179705
R+1_3_TCTACAGGTCGGCAGGATGA	7	R+1_3	Astronaut 3	R+1	R	4.49761212290126
R+1_3_TCTACATTGGCAGAAGCAAC	5	R+1_3	Astronaut 3	R+1	R	30.897488297012
R+1_3_TCTACCAACTCTAGTGCTGC	2	R+1_3	Astronaut 3	R+1	R	5.55275965208324e-06
R+1_3_TCTACCCGCTCTACGGGCGT	1	R+1_3	Astronaut 3	R+1	R	28.5386418248793
R+1_3_TCTACCGGATCCATAGGAGC	8	R+1_3	Astronaut 3	R+1	R	2.8451235899812
R+1_3_TCTACGAACCCCATAGGCGT	1	R+1_3	Astronaut 3	R+1	R	4.57737938668413
R+1_3_TCTACGAACCCCTCAGCTTG	3	R+1_3	Astronaut 3	R+1	R	4.49761234501165
R+1_3_TCTACGCAACGAGTCGCAAC	9	R+1_3	Astronaut 3	R+1	R	36.4038476525796
R+1_3_TCTACGCGGTGTAATGGCGT	2	R+1_3	Astronaut 3	R+1	R	3.81840844056871
R+1_3_TCTACGGCAGGACTGGGTCC	8	R+1_3	Astronaut 3	R+1	R	4.62209808167081
R+1_3_TCTACGTATCGCGAAGGCGT	4	R+1_3	Astronaut 3	R+1	R	3.68308749591998
R+1_3_TCTACTCATCGCCTTGTAAT	0	R+1_3	Astronaut 3	R+1	R	28.2731260209754
R+1_3_TCTACTCCGGATTGGGATAT	6	R+1_3	Astronaut 3	R+1	R	31.6191003619188
R+1_3_TCTACTCGTACCATAGATAT	6	R+1_3	Astronaut 3	R+1	R	38.071871286416
R+1_3_TCTACTGGACATTGGGCAAC	3	R+1_3	Astronaut 3	R+1	R	2.91295517521989
R+1_3_TCTACTTCATATTCAGATAT	3	R+1_3	Astronaut 3	R+1	R	3.77495463729186
R+1_3_TCTACTTCATGCTCTGCCTT	1	R+1_3	Astronaut 3	R+1	R	21.002076377826
R+1_3_TGAGAACTAACGACCGGCGT	0	R+1_3	Astronaut 3	R+1	R	13.7649034830436
R+1_3_TGAGAAGAACGCTCTGCTTG	5	R+1_3	Astronaut 3	R+1	R	3.88078978751571
R+1_3_TGAGAAGGCTCGCAAGCAAC	5	R+1_3	Astronaut 3	R+1	R	24.7467147326124
R+1_3_TGAGAAGTTGCGAAGGCTGC	3	R+1_3	Astronaut 3	R+1	R	3.37033700933708
R+1_3_TGAGAATCCTGCTGCGATAT	2	R+1_3	Astronaut 3	R+1	R	32.5089183980332
R+1_3_TGAGAATTACCCTAGGCTGC	2	R+1_3	Astronaut 3	R+1	R	26.8792009371594
R+1_3_TGAGACAGTTCTTAAGCTTG	0	R+1_3	Astronaut 3	R+1	R	30.0937583468585
R+1_3_TGAGACCGCTGATGAGATAT	0	R+1_3	Astronaut 3	R+1	R	30.0911646587197
R+1_3_TGAGACCTAGCGACCGATGA	0	R+1_3	Astronaut 3	R+1	R	31.962023747715
R+1_3_TGAGACCTCACAGTTGATGA	3	R+1_3	Astronaut 3	R+1	R	29.2281245181575
R+1_3_TGAGACTTAACCATAGTAAT	1	R+1_3	Astronaut 3	R+1	R	20.412065135004
R+1_3_TGAGACTTAAGCAGGGGTCC	0	R+1_3	Astronaut 3	R+1	R	27.4860238317399
R+1_3_TGAGAGGAGCGTATCGGCGT	4	R+1_3	Astronaut 3	R+1	R	14.6552320806552
R+1_3_TGAGAGGCAGCGGCAGGAGC	2	R+1_3	Astronaut 3	R+1	R	19.8977362796243
R+1_3_TGAGAGGCAGGCTGCGGCGT	4	R+1_3	Astronaut 3	R+1	R	34.5454625983396
R+1_3_TGAGATATCTGCAGGGGCGT	7	R+1_3	Astronaut 3	R+1	R	35.2109433797531
R+1_3_TGAGATCCGGGCCTTGTCTA	8	R+1_3	Astronaut 3	R+1	R	4.61079093079832
R+1_3_TGAGATCGTAGTAATGATGA	1	R+1_3	Astronaut 3	R+1	R	4.49761256712203
R+1_3_TGAGATTAGCCGCTCGCTTG	2	R+1_3	Astronaut 3	R+1	R	39.3062297636496
R+1_3_TGAGATTGAAGATGAGGTCC	4	R+1_3	Astronaut 3	R+1	R	3.65364076101407
R+1_3_TGCGCACGATGATATGGAGC	1	R+1_3	Astronaut 3	R+1	R	37.0753160816183
R+1_3_TGCGCACTAACGGCAGCCTT	0	R+1_3	Astronaut 3	R+1	R	2.86812903523849
R+1_3_TGCGCACTCGGCAACGTCTA	8	R+1_3	Astronaut 3	R+1	R	3.72470693404803
R+1_3_TGCGCAGTTGATTGGGATAT	2	R+1_3	Astronaut 3	R+1	R	34.7529035060139
R+1_3_TGCGCATCTGGCAGGGCTTG	2	R+1_3	Astronaut 3	R+1	R	4.42801382887287
R+1_3_TGCGCCAACTCCATAGCTGC	0	R+1_3	Astronaut 3	R+1	R	38.5581874888759
R+1_3_TGCGCCAACTCCATAGTCTA	6	R+1_3	Astronaut 3	R+1	R	3.64809103043972
R+1_3_TGCGCCCTAGCGAAGGGTCC	0	R+1_3	Astronaut 3	R+1	R	4.16956372426995
R+1_3_TGCGCCCTAGCGAAGGTCTA	0	R+1_3	Astronaut 3	R+1	R	26.1433403848512
R+1_3_TGCGCCCTAGCGGATGATAT	1	R+1_3	Astronaut 3	R+1	R	22.5726645260115
R+1_3_TGCGCCGACCCAGCGGGTCC	0	R+1_3	Astronaut 3	R+1	R	3.71330981181372
R+1_3_TGCGCGAGCTGCTTGGATAT	3	R+1_3	Astronaut 3	R+1	R	21.5377353971565
R+1_3_TGCGCGTAATGGAGCGCTTG	0	R+1_3	Astronaut 3	R+1	R	18.5794050711899
R+1_3_TGCGCGTAGACAATCGTCTA	0	R+1_3	Astronaut 3	R+1	R	4.56824340231215
R+1_3_TGCGCTAAGGGACTGGCTTG	3	R+1_3	Astronaut 3	R+1	R	4.59286688660889
R+1_3_TGCGCTAGAGCCTAGGCGGT	1	R+1_3	Astronaut 3	R+1	R	2.37605967825298
R+1_3_TGCGCTGAGACGACCGTAAT	1	R+1_3	Astronaut 3	R+1	R	4.27380578274426
R+1_3_TGCGCTTGAACAGCGGCAAC	3	R+1_3	Astronaut 3	R+1	R	3.74814870588004
R+1_3_TGCTAAAGCAGCCTTGCGGT	0	R+1_3	Astronaut 3	R+1	R	34.5454628204499
R+1_3_TGCTAACCTACCTAGGCCTT	6	R+1_3	Astronaut 3	R+1	R	23.7112118872548
R+1_3_TGCTAACGATGCGAAGTAAT	2	R+1_3	Astronaut 3	R+1	R	2.81901391285045
R+1_3_TGCTAAGTTGCGGATGGAGC	4	R+1_3	Astronaut 3	R+1	R	34.7529037281242
R+1_3_TGCTACAACTGAACCGCAAC	8	R+1_3	Astronaut 3	R+1	R	26.4029770769776
R+1_3_TGCTACGTCGCCATAGCAAC	6	R+1_3	Astronaut 3	R+1	R	34.3219856465013
R+1_3_TGCTACTCCAGCAGGGTAAT	2	R+1_3	Astronaut 3	R+1	R	4.5801335013762
R+1_3_TGCTAGAGTCCGCTCGCAAC	0	R+1_3	Astronaut 3	R+1	R	32.0875302450447
R+1_3_TGCTAGCAACCGTCGGATAT	7	R+1_3	Astronaut 3	R+1	R	35.0082634501035
R+1_3_TGCTATCAGTATTCAGCGGT	0	R+1_3	Astronaut 3	R+1	R	39.30622998576
R+1_3_TGCTATCATCCCGCTGCTTG	2	R+1_3	Astronaut 3	R+1	R	25.2255932760105
R+1_3_TGCTATCTACCAATCGCGGT	6	R+1_3	Astronaut 3	R+1	R	34.705736024872
R+1_3_TGCTATGCGCCAGTTGCAAC	4	R+1_3	Astronaut 3	R+1	R	24.192000203594
R+1_3_TGCTATGCGCGGCAGGATGA	3	R+1_3	Astronaut 3	R+1	R	4.57948626691817
R+1_3_TGCTATTAGCCAACTGTAAT	0	R+1_3	Astronaut 3	R+1	R	38.8282335614825
R+1_3_TGCTATTAGCGGCGTGCTTG	0	R+1_3	Astronaut 3	R+1	R	26.402977299088
R+1_3_TGCTATTCATCTTAAGCTGC	4	R+1_3	Astronaut 3	R+1	R	33.4173158268047
R+1_3_TGGACACTCGCTACGGCGGT	1	R+1_3	Astronaut 3	R+1	R	20.4120653571144
R+1_3_TGGACAGAACCAACTGCTTG	4	R+1_3	Astronaut 3	R+1	R	20.4120655792248
R+1_3_TGGACATTGGCTTAAGTCTA	1	R+1_3	Astronaut 3	R+1	R	25.74636345105
R+1_3_TGGACCCGCTATTGGGGAGC	1	R+1_3	Astronaut 3	R+1	R	3.83123308879274
R+1_3_TGGACCTGGAGACTGGATAT	0	R+1_3	Astronaut 3	R+1	R	8.75111177592055
R+1_3_TGGACCTGGAGCAGGGATGA	0	R+1_3	Astronaut 3	R+1	R	3.74068440520719
R+1_3_TGGACCTGGAGCTTGGCGGT	8	R+1_3	Astronaut 3	R+1	R	24.5454993506377
R+1_3_TGGACGATATCGGATGCGGT	0	R+1_3	Astronaut 3	R+1	R	33.3397806207313
R+1_3_TGGACGCGAAGCAGGGCGGT	4	R+1_3	Astronaut 3	R+1	R	30.6778318950636
R+1_3_TGGACGGTCCGGTAAGCTTG	0	R+1_3	Astronaut 3	R+1	R	22.6539401902422
R+1_3_TGGACTTGAAGCTGCGCGGT	1	R+1_3	Astronaut 3	R+1	R	7.96214427790341
R+1_3_TTAGCAACCGGGCGTGGCGT	6	R+1_3	Astronaut 3	R+1	R	33.4173160489151
R+1_3_TTAGCAACTCGCGAAGCTGC	8	R+1_3	Astronaut 3	R+1	R	3.92030522921996
R+1_3_TTAGCAAGGTCGAAGGTAAT	4	R+1_3	Astronaut 3	R+1	R	3.75536312171883
R+1_3_TTAGCAGAACGTATCGATAT	0	R+1_3	Astronaut 3	R+1	R	28.6183031734819
R+1_3_TTAGCAGAGTGCAGGGTAAT	0	R+1_3	Astronaut 3	R+1	R	22.6539404123525
R+1_3_TTAGCAGTTGGCGAAGCCTT	6	R+1_3	Astronaut 3	R+1	R	27.7104583221248
R+1_3_TTAGCATCCTGAACCGTAAT	8	R+1_3	Astronaut 3	R+1	R	30.2774074865907
R+1_3_TTAGCCCGCTCAACTGCAAC	9	R+1_3	Astronaut 3	R+1	R	4.49761278923242
R+1_3_TTAGCCCGCTCAACTGCTTG	5	R+1_3	Astronaut 3	R+1	R	32.4985310872043
R+1_3_TTAGCCCGCTCAATCGATAT	0	R+1_3	Astronaut 3	R+1	R	31.1749670287612
R+1_3_TTAGCCCTCAGTATCGGTCC	2	R+1_3	Astronaut 3	R+1	R	27.7297694966623
R+1_3_TTAGCGCAACCGAAGGCAAC	3	R+1_3	Astronaut 3	R+1	R	28.5459176408778
R+1_3_TTAGCGCGGTGCCTTGATAT	0	R+1_3	Astronaut 3	R+1	R	31.4764693655441
R+1_3_TTAGCGTAATGGTCCGTAAT	1	R+1_3	Astronaut 3	R+1	R	22.7431875199992
R+1_3_TTAGCTCTACCGTCGGCTTG	3	R+1_3	Astronaut 3	R+1	R	31.5533569384299
R+1_3_TTATGACCAGGTAATGATAT	3	R+1_3	Astronaut 3	R+1	R	3.7327521194042
R+1_3_TTATGAGGCTCCTCAGCTGC	5	R+1_3	Astronaut 3	R+1	R	2.30339259333925
R+1_3_TTATGAGGCTCCTCAGGTCC	1	R+1_3	Astronaut 3	R+1	R	6.85828497582153
R+1_3_TTATGATGGCCTGGAGGCGT	1	R+1_3	Astronaut 3	R+1	R	35.4922060998452
R+1_3_TTATGATTCAGTATCGATAT	3	R+1_3	Astronaut 3	R+1	R	8.43917310662922
R+1_3_TTATGCGGATCCATAGCAAC	2	R+1_3	Astronaut 3	R+1	R	4.45476482826963
R+1_3_TTATGGACTGGGTCCGTAAT	8	R+1_3	Astronaut 3	R+1	R	36.2379833335297
R+1_3_TTATGGAGCTCGCCTGCAAC	0	R+1_3	Astronaut 3	R+1	R	39.3062302078704
R+1_3_TTATGGAGTCGTAGAGTAAT	4	R+1_3	Astronaut 3	R+1	R	3.80005030800798
R+1_3_TTATGGATGACTTAAGCAAC	5	R+1_3	Astronaut 3	R+1	R	28.6151807913938
R+1_3_TTATGGCAACGAGTCGCCTT	2	R+1_3	Astronaut 3	R+1	R	2.10853201114713
R+1_3_TTATGGCAACGAGTCGCGGT	1	R+1_3	Astronaut 3	R+1	R	7.11056029306182
R+1_3_TTATGGCGGTCGAAGGGCGT	2	R+1_3	Astronaut 3	R+1	R	25.9250283274489
R+1_3_TTATGGCGGTCTACGGATGA	4	R+1_3	Astronaut 3	R+1	R	3.65229525795772
R+1_3_TTATGGCTTGGATGAGCTTG	0	R+1_3	Astronaut 3	R+1	R	29.2068197460414
R+1_3_TTATGGGTAACCTCAGCTTG	0	R+1_3	Astronaut 3	R+1	R	22.6539406344629
R+1_3_TTATGGTCTACTAACGGCGT	3	R+1_3	Astronaut 3	R+1	R	1.37267447083836
R+1_3_TTATGTATTGCCATAGTCTA	1	R+1_3	Astronaut 3	R+1	R	4.56522397752637
R+1_3_TTATGTATTGGGAGCGCTGC	1	R+1_3	Astronaut 3	R+1	R	4.4976130113428
R+1_3_TTATGTCGCGGTAATGATAT	0	R+1_3	Astronaut 3	R+1	R	33.4173162710254
R+1_3_TTATGTGCGCGGAGCGCGGT	3	R+1_3	Astronaut 3	R+1	R	25.9250285495592
R+1_3_TTCATACTAAGGTCCGCAAC	2	R+1_3	Astronaut 3	R+1	R	4.27378745343048
R+1_3_TTCATAGCGGCAATCGGTCC	0	R+1_3	Astronaut 3	R+1	R	3.79260644862443
R+1_3_TTCATATCCTGTATCGATAT	2	R+1_3	Astronaut 3	R+1	R	12.0833266429616
R+1_3_TTCATCGATTCCGCTGTCTA	5	R+1_3	Astronaut 3	R+1	R	4.37547732662657
R+1_3_TTCATGAACCGCGGTGATGA	0	R+1_3	Astronaut 3	R+1	R	2.91091837620604
R+1_3_TTCATGAGTCATTCAGGAGC	0	R+1_3	Astronaut 3	R+1	R	22.6539408565733
R+1_3_TTCATGCGAAGGCAGGATGA	0	R+1_3	Astronaut 3	R+1	R	37.0752442727336
R+1_3_TTCATGGTAAGGCAGGGAGC	8	R+1_3	Astronaut 3	R+1	R	3.80329741146085
R+1_3_TTCATGGTCCCTTAAGTAAT	0	R+1_3	Astronaut 3	R+1	R	38.0074740030495
R+1_3_TTCATGTTAGGCAGGGTAAT	1	R+1_3	Astronaut 3	R+1	R	22.5796183239853
R+1_3_TTCATTAAGGCAGCGGGCGT	0	R+1_3	Astronaut 3	R+1	R	3.78064355215375
R+1_3_TTCATTACGTCAATCGCTTG	0	R+1_3	Astronaut 3	R+1	R	32.2863425613005
R+1_3_TTCATTAGGACCGCTGCCTT	0	R+1_3	Astronaut 3	R+1	R	28.5983326344394
R+1_3_TTCATTCAGTGGCGTGCTTG	4	R+1_3	Astronaut 3	R+1	R	32.4306279986928
R+1_3_TTCATTCCGGGGCAGGGCGT	2	R+1_3	Astronaut 3	R+1	R	33.202246504843
R+1_3_TTCATTCGCGGCTTGGTCTA	6	R+1_3	Astronaut 3	R+1	R	26.3445936742662
R+1_3_TTCATTCTACGCCTTGGTCC	2	R+1_3	Astronaut 3	R+1	R	3.73837076869974
R+1_3_TTCATTCTACGTAGAGATAT	0	R+1_3	Astronaut 3	R+1	R	4.49761323345319
R+1_3_TTCATTGAGAGCAGGGGCGT	9	R+1_3	Astronaut 3	R+1	R	25.9250287716696
R+1_3_TTCATTGCTACCGCTGATAT	0	R+1_3	Astronaut 3	R+1	R	31.571574789973
R+1_3_TTCGAAAGGTGTATCGTCTA	5	R+1_3	Astronaut 3	R+1	R	35.6053228618089
R+1_3_TTCGAATCCTCAGCGGCTTG	0	R+1_3	Astronaut 3	R+1	R	24.7467149547228
R+1_3_TTCGAATGGCCCATAGCTTG	3	R+1_3	Astronaut 3	R+1	R	22.7673539273006
R+1_3_TTCGACGACCCCATAGGTCC	0	R+1_3	Astronaut 3	R+1	R	4.49761345556358
R+1_3_TTCGACGCAAGTATCGATAT	0	R+1_3	Astronaut 3	R+1	R	9.52915181159668
R+1_3_TTCGACGCTCGTAGAGGCGT	0	R+1_3	Astronaut 3	R+1	R	33.4173164931358
R+1_3_TTCGACTAACGGCGTGCTGC	2	R+1_3	Astronaut 3	R+1	R	17.45045887721
R+1_3_TTCGACTTAACGATTGCAAC	2	R+1_3	Astronaut 3	R+1	R	36.23798355564
R+1_3_TTCGAGCTTGCGAAGGCAAC	2	R+1_3	Astronaut 3	R+1	R	30.2537182065414
R+1_3_TTCGAGCTTGGCAGGGCAAC	1	R+1_3	Astronaut 3	R+1	R	25.839571976493
R+1_3_TTCGAGTAGAGCTCTGCTTG	0	R+1_3	Astronaut 3	R+1	R	32.0943951920825
R+1_3_TTCGATATGCGAGTCGCTTG	4	R+1_3	Astronaut 3	R+1	R	28.5758050580042
R+1_3_TTCGATCATCATTGGGCTTG	1	R+1_3	Astronaut 3	R+1	R	27.2710383307733
R+1_3_TTCGATCCGGGAGCTGATGA	2	R+1_3	Astronaut 3	R+1	R	3.27572224085495
R+1_3_TTCGATGAGAGATATGATAT	0	R+1_3	Astronaut 3	R+1	R	38.118081564783
R+1_3_TTCGATTATGCAGAAGCTGC	7	R+1_3	Astronaut 3	R+1	R	3.34154325672967
R+1_3_TTCGATTGAACGGATGGTCC	1	R+1_3	Astronaut 3	R+1	R	22.0315534722027
R+1_3_TTGAAAACTCGGTCCGGAGC	1	R+1_3	Astronaut 3	R+1	R	33.5798777977341
R+1_3_TTGAAACTTCCGCAAGTAAT	0	R+1_3	Astronaut 3	R+1	R	28.3810866520106
R+1_3_TTGAAAGAACCAGTTGGAGC	0	R+1_3	Astronaut 3	R+1	R	38.1940000055402
R+1_3_TTGAAAGTTGCGAAGGGCGT	4	R+1_3	Astronaut 3	R+1	R	31.9620239698254
R+1_3_TTGAAATCCTGCGGTGATGA	1	R+1_3	Astronaut 3	R+1	R	25.252945095149
R+1_3_TTGAACAATCCTAGTGCTTG	7	R+1_3	Astronaut 3	R+1	R	36.2379837777504
R+1_3_TTGAACCATAGTAGAGTCTA	1	R+1_3	Astronaut 3	R+1	R	29.26684086105
R+1_3_TTGAAGAGCTCGCTCGATAT	0	R+1_3	Astronaut 3	R+1	R	18.5648654431324
R+1_3_TTGAAGAGTCGGCAGGCTGC	5	R+1_3	Astronaut 3	R+1	R	22.6539410786837
R+1_3_TTGAAGCTGCCAGAAGCCTT	9	R+1_3	Astronaut 3	R+1	R	0.513219336411478
R+1_3_TTGAAGCTTGGTAGAGATAT	2	R+1_3	Astronaut 3	R+1	R	22.6539413007941
R+1_3_TTGAAGGCGTGGTCCGATAT	0	R+1_3	Astronaut 3	R+1	R	39.1218373007177
R+1_3_TTGAAGTATCCTTAAGGCGT	0	R+1_3	Astronaut 3	R+1	R	21.5407651963101
R+1_3_TTGAATAAGGGGCGTGATAT	7	R+1_3	Astronaut 3	R+1	R	33.0592401969871
R+1_3_TTGAATAGAGGCTTGGCTTG	6	R+1_3	Astronaut 3	R+1	R	23.6565319833247
R+1_3_TTGAATCGTACGGCAGCGGT	1	R+1_3	Astronaut 3	R+1	R	36.4614857035191
R+14_1_AACCGAACCGCGGATGTAAT	6	R+14_1	Astronaut 1	R+14	R	15.4908238213825
R+14_1_AACCGGAACCCAGAAGTAGA	0	R+14_1	Astronaut 1	R+14	R	13.8706401351851
R+14_1_AACCGTAGGACAGCGGCAGG	0	R+14_1	Astronaut 1	R+14	R	15.3371395928819
R+14_1_AACCGTGCGCCTAGTTAAGG	0	R+14_1	Astronaut 1	R+14	R	17.9407324738975
R+14_1_AACCGTGCTACGAAGGCAGG	0	R+14_1	Astronaut 1	R+14	R	15.9034914822848
R+14_1_AACGAAGAGTGGTCCGTAAT	6	R+14_1	Astronaut 1	R+14	R	14.5263944755221
R+14_1_AACGACTCCAGGAGCGCGAA	4	R+14_1	Astronaut 1	R+14	R	15.9418570181218
R+14_1_AACTCCAGTTGATATGGCAG	9	R+14_1	Astronaut 1	R+14	R	10.4471732303212
R+14_1_AACTCGCCTTCAGTTGCTCT	0	R+14_1	Astronaut 1	R+14	R	19.1836642175092
R+14_1_AAGCAACTAACGGCAGCTCT	3	R+14_1	Astronaut 1	R+14	R	21.0722869622125
R+14_1_AAGCACAGAAGAGCTGGCAG	0	R+14_1	Astronaut 1	R+14	R	10.6626319574017
R+14_1_AAGCACCATAGCTCTTAAGG	0	R+14_1	Astronaut 1	R+14	R	15.8965820864368
R+14_1_AAGCAGATATCCTAGGCTCT	0	R+14_1	Astronaut 1	R+14	R	17.9949352170066
R+14_1_AAGCATCGTACGGATGCAGG	8	R+14_1	Astronaut 1	R+14	R	24.2332035584045
R+14_1_AAGGTATTCAGTATCGGCAG	0	R+14_1	Astronaut 1	R+14	R	18.1156755382122
R+14_1_AAGGTGCTTGGCGAAGCTCT	0	R+14_1	Astronaut 1	R+14	R	14.5263946976325
R+14_1_AAGGTTCCGGCAGAAGTAGA	0	R+14_1	Astronaut 1	R+14	R	25.92502899378
R+14_1_ACCAGATCCTGGCAGGCTCT	0	R+14_1	Astronaut 1	R+14	R	14.5263949197429
R+14_1_ACCAGGATATCTACGGTAAT	1	R+14_1	Astronaut 1	R+14	R	10.3518341207312
R+14_1_ACCAGGCTCTGGCGTTAAGG	0	R+14_1	Astronaut 1	R+14	R	17.4504590993204
R+14_1_ACCAGGCTTGGTATCGCTCT	0	R+14_1	Astronaut 1	R+14	R	16.726533866582
R+14_1_ACCAGTAGAGCTGGAGCGAA	0	R+14_1	Astronaut 1	R+14	R	16.0874870396243
R+14_1_ACCAGTCGTAGGCAGGCTCT	1	R+14_1	Astronaut 1	R+14	R	14.9399145902335
R+14_1_ACCAGTCTACCGACCGGTAA	1	R+14_1	Astronaut 1	R+14	R	20.3063852257403
R+14_1_ACCTACAGAAGGTCCGTCCG	0	R+14_1	Astronaut 1	R+14	R	17.2090489147158
R+14_1_ACCTAGTAGAGCAACGTAGA	0	R+14_1	Astronaut 1	R+14	R	24.3585800283925
R+14_1_ACCTATCGTACCTCAGCGAA	6	R+14_1	Astronaut 1	R+14	R	23.4589285165534
R+14_1_ACGATAAGACGAACCGCTCT	4	R+14_1	Astronaut 1	R+14	R	29.0352676803622
R+14_1_ACGATACGATGTAGAGCGAA	0	R+14_1	Astronaut 1	R+14	R	14.5263951418532
R+14_1_ACTAAGAGCTGAGTCGTATC	0	R+14_1	Astronaut 1	R+14	R	19.0797355964695
R+14_1_ACTAAGCTCTATTGGGCTCT	1	R+14_1	Astronaut 1	R+14	R	20.6242135986692
R+14_1_ACTCGCAATCGCTCTTAAGG	0	R+14_1	Astronaut 1	R+14	R	16.0874872617347
R+14_1_ACTCGCAGCGCGGCAGCTCT	0	R+14_1	Astronaut 1	R+14	R	18.8332429643672
R+14_1_ACTTCAAGCAGTAATGCTCT	6	R+14_1	Astronaut 1	R+14	R	12.7761434862194
R+14_1_ACTTCACTCGCGATTGTAAT	6	R+14_1	Astronaut 1	R+14	R	10.3123421554647
R+14_1_ACTTCCCGCTGCGAAGCAGG	7	R+14_1	Astronaut 1	R+14	R	10.6626321795121
R+14_1_ACTTCCGTCGGCCTTGCTCT	0	R+14_1	Astronaut 1	R+14	R	20.5613043824787
R+14_1_AGAACCTACGGACTGGCTCT	0	R+14_1	Astronaut 1	R+14	R	19.5284717685301
R+14_1_AGAACGTATCCCTAGGTCCG	1	R+14_1	Astronaut 1	R+14	R	14.4496592882485
R+14_1_AGAACTCGTACGCCTGTAAT	0	R+14_1	Astronaut 1	R+14	R	14.5004777770548
R+14_1_AGAACTCTACCGATTTAAGG	0	R+14_1	Astronaut 1	R+14	R	17.4504593214308
R+14_1_AGAGTCCTAGCTCCAGTAAT	0	R+14_1	Astronaut 1	R+14	R	14.9283541200653
R+14_1_AGAGTTAAGGCAGTTTAAGG	0	R+14_1	Astronaut 1	R+14	R	15.7479156787006
R+14_1_AGAGTTGGACCTAACGCGAA	0	R+14_1	Astronaut 1	R+14	R	24.3084894970814
R+14_1_AGGTCCGATTGAACCGCGAA	1	R+14_1	Astronaut 1	R+14	R	15.4805720928751
R+14_1_AGTTGTGAGACCGCTGTCCG	6	R+14_1	Astronaut 1	R+14	R	10.2677117906437
R+14_1_ATCCTGTATCGCTTGGCGAA	0	R+14_1	Astronaut 1	R+14	R	20.4101172855245
R+14_1_ATGGCATCCTGCTGCGTAAT	1	R+14_1	Astronaut 1	R+14	R	10.3799564092113
R+14_1_ATGGCCCTCAGGTAAGTCCG	0	R+14_1	Astronaut 1	R+14	R	17.4504595435412
R+14_1_ATGGCCGGATGTATCGCTCT	0	R+14_1	Astronaut 1	R+14	R	20.4972500880769
R+14_1_ATGGCCTGGAGTAGAGTAGA	0	R+14_1	Astronaut 1	R+14	R	23.4351997365964
R+14_1_ATGGCGGCAGCCGCTGTTAG	2	R+14_1	Astronaut 1	R+14	R	15.9643512246553
R+14_1_ATGGCTGAGACAGCGGCAGG	0	R+14_1	Astronaut 1	R+14	R	14.9217585390495
R+14_1_ATTACCCATAGCGAAGCAGG	1	R+14_1	Astronaut 1	R+14	R	11.0998362431073
R+14_1_ATTCAGATGACTACGGCTCT	5	R+14_1	Astronaut 1	R+14	R	16.0874874838451
R+14_1_ATTCATAGGAGAACCGTTAG	0	R+14_1	Astronaut 1	R+14	R	14.9217587611599
R+14_1_ATTGGCCATACTTAAGGCAG	2	R+14_1	Astronaut 1	R+14	R	18.5608505129015
R+14_1_CAACTACCAGCGTCGGCTCT	3	R+14_1	Astronaut 1	R+14	R	16.0643683099745
R+14_1_CAACTCCATAGAACCGGCAG	4	R+14_1	Astronaut 1	R+14	R	25.9250292158904
R+14_1_CAACTCGTCGGATGATAAGG	1	R+14_1	Astronaut 1	R+14	R	9.96361807782933
R+14_1_CAACTTAGGACTAGTGCTCT	0	R+14_1	Astronaut 1	R+14	R	17.9812395851939
R+14_1_CAGAAATTCACAATCGTAAT	2	R+14_1	Astronaut 1	R+14	R	17.4504597656516
R+14_1_CAGAACGACCGGTCCTAAGG	3	R+14_1	Astronaut 1	R+14	R	17.2353202267226
R+14_1_CAGAAGGAGCATTGGGTCCG	9	R+14_1	Astronaut 1	R+14	R	15.9558182341307
R+14_1_CAGAAGTCCGCTAACGCTCT	0	R+14_1	Astronaut 1	R+14	R	24.2421240859657
R+14_1_CAGAATTGAAGAACCGGCAG	1	R+14_1	Astronaut 1	R+14	R	17.969183856107
R+14_1_CAGTTAGGCTCGGATGGTAA	3	R+14_1	Astronaut 1	R+14	R	11.0133708766479
R+14_1_CAGTTGCAGGCGCTCGTAAT	8	R+14_1	Astronaut 1	R+14	R	10.3973500933488
R+14_1_CAGTTGCGAAGAGTCGTCCG	4	R+14_1	Astronaut 1	R+14	R	20.6232489017544
R+14_1_CAGTTTCCGGCTACGGCAGG	8	R+14_1	Astronaut 1	R+14	R	10.7833525811073
R+14_1_CAGTTTTAGCCCGCTGCGAA	9	R+14_1	Astronaut 1	R+14	R	11.0607214231201
R+14_1_CCATAAAGGTGAGTCGGCAG	0	R+14_1	Astronaut 1	R+14	R	15.6072647837556
R+14_1_CCGCTAGGTCCTGGAGCTCT	4	R+14_1	Astronaut 1	R+14	R	25.9064960918306
R+14_1_CCGCTGTAATCCTCAGCTCT	6	R+14_1	Astronaut 1	R+14	R	19.2349283239552
R+14_1_CCGCTTAGAGCGGCAGGCAG	3	R+14_1	Astronaut 1	R+14	R	9.43624523212828
R+14_1_CCTAGATTACCTAACGGCAG	3	R+14_1	Astronaut 1	R+14	R	11.0457875112769
R+14_1_CCTAGTCTACCGTCGTAAGG	0	R+14_1	Astronaut 1	R+14	R	18.0330308689619
R+14_1_CCTCAATCTGGAGTCGGCAG	0	R+14_1	Astronaut 1	R+14	R	17.7321034876221
R+14_1_CCTCAGCTTGCAGTTGCAGG	7	R+14_1	Astronaut 1	R+14	R	7.61877196475849
R+14_1_CCTCAGCTTGCGATTGCAGG	7	R+14_1	Astronaut 1	R+14	R	17.4756790087949
R+14_1_CCTCAGCTTGGATATGCAGG	8	R+14_1	Astronaut 1	R+14	R	7.61877218686888
R+14_1_CCTCAGCTTGGGCGTGCAGG	7	R+14_1	Astronaut 1	R+14	R	7.61877240897927
R+14_1_CCTCAGGAGCGGCAGGCTCT	1	R+14_1	Astronaut 1	R+14	R	12.7761437083298
R+14_1_CCTCATGAGAGTAGAGGCAG	3	R+14_1	Astronaut 1	R+14	R	12.2736485900308
R+14_1_CGAAGAACCGCGGCAGTAAT	0	R+14_1	Astronaut 1	R+14	R	12.46902905863
R+14_1_CGAAGAGAACCGGCAGTAAT	0	R+14_1	Astronaut 1	R+14	R	18.3244900281167
R+14_1_CGAAGAGTTGATTCAGCAGG	4	R+14_1	Astronaut 1	R+14	R	23.6589230156513
R+14_1_CGAAGTCAGTGTAATGGTAA	6	R+14_1	Astronaut 1	R+14	R	10.5954202424923
R+14_1_CGAAGTTCGACTAGTTAAGG	3	R+14_1	Astronaut 1	R+14	R	10.7828884831366
R+14_1_CGACCATTACGAGTCGGCAG	9	R+14_1	Astronaut 1	R+14	R	15.0252925186474
R+14_1_CGACCGTCTAGAACCGCTCT	0	R+14_1	Astronaut 1	R+14	R	17.6974247218596
R+14_1_CGACCTTAGCCGTCGGTCCG	0	R+14_1	Astronaut 1	R+14	R	18.230563653449
R+14_1_CGATTCCGCTCGGATGTAAT	4	R+14_1	Astronaut 1	R+14	R	18.207193792398
R+14_1_CGATTTGCTACAGAAGTAAT	0	R+14_1	Astronaut 1	R+14	R	18.3054407963836
R+14_1_CGCAAGCGAAGAGCTGCGAA	7	R+14_1	Astronaut 1	R+14	R	15.9323252170521
R+14_1_CGCAATTGAAGACTGGTAAT	1	R+14_1	Astronaut 1	R+14	R	6.85483048480327
R+14_1_CGGATATTCACAACTGCTCT	2	R+14_1	Astronaut 1	R+14	R	17.4504599877619
R+14_1_CGGATCTGGACGAAGGCGAA	0	R+14_1	Astronaut 1	R+14	R	15.4542575644682
R+14_1_CGGATTTGAAGCAGGGCGAA	0	R+14_1	Astronaut 1	R+14	R	18.126448452869
R+14_1_CGGCACCTAGCGCTCGGCAG	6	R+14_1	Astronaut 1	R+14	R	12.2258736186902
R+14_1_CGGCATGCTACGACCGTATC	0	R+14_1	Astronaut 1	R+14	R	12.7727289564893
R+14_1_CGGCATGCTAGAACCGCGAA	0	R+14_1	Astronaut 1	R+14	R	14.5203705896668
R+14_1_CGTCGGCGGTCGCTCGCAGG	1	R+14_1	Astronaut 1	R+14	R	15.6483612711282
R+14_1_CTAACAACTCATTCAGTAAT	9	R+14_1	Astronaut 1	R+14	R	13.8660472355328
R+14_1_CTAACGCTCTCGACCGCGAA	1	R+14_1	Astronaut 1	R+14	R	10.3889391423649
R+14_1_CTACGATTACGCTGCGCAGG	0	R+14_1	Astronaut 1	R+14	R	19.1358849937738
R+14_1_CTACGCGCTCGAGTCGGCAG	0	R+14_1	Astronaut 1	R+14	R	14.5263953639636
R+14_1_CTACGCTTAAGTAGATAAGG	4	R+14_1	Astronaut 1	R+14	R	10.0319735492285
R+14_1_CTAGTGTCTAGGTAAGCTCT	5	R+14_1	Astronaut 1	R+14	R	14.9217589832703
R+14_1_CTCCAGGAGCGCAGGGTAAT	6	R+14_1	Astronaut 1	R+14	R	11.0150149113354
R+14_1_CTCCAGGTCCGCTCTGTAAT	3	R+14_1	Astronaut 1	R+14	R	13.5420107440892
R+14_1_CTCCAGTAGAATTGGGGTCC	0	R+14_1	Astronaut 1	R+14	R	16.9666122350355
R+14_1_CTCCATAGAGCGAAGGGTCC	0	R+14_1	Astronaut 1	R+14	R	12.7746713808027
R+14_1_CTCCATGCGCCGTCGGCTCT	3	R+14_1	Astronaut 1	R+14	R	9.96361829993971
R+14_1_CTGGACGAAGGATGATAAGG	2	R+14_1	Astronaut 1	R+14	R	15.1508492250423
R+14_1_CTTAAACCAGGCTGCGCAGG	3	R+14_1	Astronaut 1	R+14	R	23.3289327346435
R+14_1_CTTAAATCTGCCGCTGTTAG	8	R+14_1	Astronaut 1	R+14	R	16.9945082991178
R+14_1_CTTAACCTAGGATGAGCTCT	7	R+14_1	Astronaut 1	R+14	R	10.2677120127541
R+14_1_CTTAAGGCGTGGTCCGTAAT	3	R+14_1	Astronaut 1	R+14	R	18.6605004865556
R+14_1_CTTAAGTAGACAGCGGTATC	3	R+14_1	Astronaut 1	R+14	R	14.9752661678062
R+14_1_GAACCGCAACGAGTCGCTCT	0	R+14_1	Astronaut 1	R+14	R	17.4504602098723
R+14_1_GAACCGGTAAGGAGCGGTAA	0	R+14_1	Astronaut 1	R+14	R	17.6499731231535
R+14_1_GAACCTACGTCGCAATAAGG	0	R+14_1	Astronaut 1	R+14	R	16.0874877059555
R+14_1_GACTGAGAACCGACCGCTCT	3	R+14_1	Astronaut 1	R+14	R	18.660500708666
R+14_1_GACTGGGTAACGCAAGCTCT	1	R+14_1	Astronaut 1	R+14	R	16.9751266951599
R+14_1_GAGCTACTAACTGGAGCTCT	0	R+14_1	Astronaut 1	R+14	R	18.6049830537693
R+14_1_GAGCTCGGATGTAGAGTCCG	5	R+14_1	Astronaut 1	R+14	R	10.6626324016225
R+14_1_GAGCTTGAGAATTGGGGCAG	7	R+14_1	Astronaut 1	R+14	R	14.526395586074
R+14_1_GAGCTTGCGCCTACGGTAAT	0	R+14_1	Astronaut 1	R+14	R	10.4435375020831
R+14_1_GAGTCCGGATGGCGTGCTCT	0	R+14_1	Astronaut 1	R+14	R	10.6626326237328
R+14_1_GATATACCAGGCAACGCTCT	8	R+14_1	Astronaut 1	R+14	R	10.3998008715498
R+14_1_GATATTTAGCATTCAGTCCG	1	R+14_1	Astronaut 1	R+14	R	14.9453085017449
R+14_1_GATGAACCAGGCCTTGTAAT	0	R+14_1	Astronaut 1	R+14	R	14.6196065674134
R+14_1_GATGAGGAGCGACTGGCAGG	3	R+14_1	Astronaut 1	R+14	R	16.1564519640157
R+14_1_GCAACGCAGGCGATTGCTCT	1	R+14_1	Astronaut 1	R+14	R	16.6549132988297
R+14_1_GCAACGGCGTGCGAAGTATC	0	R+14_1	Astronaut 1	R+14	R	10.2921443939662
R+14_1_GCCTTACTTCGGCGTGTATC	3	R+14_1	Astronaut 1	R+14	R	19.0072347617266
R+14_1_GCCTTAGCGGCGACCGTCCG	0	R+14_1	Astronaut 1	R+14	R	12.7761439304402
R+14_1_GCCTTCGAAGGCTGCGTATC	0	R+14_1	Astronaut 1	R+14	R	13.596751014479
R+14_1_GCCTTGAGCTCTAACGGTAA	2	R+14_1	Astronaut 1	R+14	R	11.0446733155744
R+14_1_GCCTTGAGTCGTAATGTAAT	4	R+14_1	Astronaut 1	R+14	R	18.2133596220961
R+14_1_GCCTTGCAACGGCAGGCTCT	6	R+14_1	Astronaut 1	R+14	R	10.2677122348645
R+14_1_GCCTTGTAATCGACCGCAGG	3	R+14_1	Astronaut 1	R+14	R	8.62551788944731
R+14_1_GCGAAAAGACGGTAAGTAGA	0	R+14_1	Astronaut 1	R+14	R	12.7761441525506
R+14_1_GCGAACCGCTGCTTGGGCAG	0	R+14_1	Astronaut 1	R+14	R	15.8901978883981
R+14_1_GCGAACTGGAGCTGCGTAAT	5	R+14_1	Astronaut 1	R+14	R	21.2393776969982
R+14_1_GCGAAGACTGGCAGGGGCAG	0	R+14_1	Astronaut 1	R+14	R	14.5263958081844
R+14_1_GCTCTACTCGGCCTTGCTCT	2	R+14_1	Astronaut 1	R+14	R	20.3829562794434
R+14_1_GCTCTGGTCCATTCAGGCAG	0	R+14_1	Astronaut 1	R+14	R	14.5263960302948
R+14_1_GCTCTGGTCCCAGTTGCTCT	0	R+14_1	Astronaut 1	R+14	R	16.0874879280658
R+14_1_GCTGCACTTCCTAACGCAGG	0	R+14_1	Astronaut 1	R+14	R	25.3171194055681
R+14_1_GCTGCAGAACGTATCGTAAT	0	R+14_1	Astronaut 1	R+14	R	19.1365214204297
R+14_1_GCTGCAGGCTCCTAGGTAAT	6	R+14_1	Astronaut 1	R+14	R	20.5138870134065
R+14_1_GCTGCAGGCTGCAGGGTAAT	8	R+14_1	Astronaut 1	R+14	R	19.7201085843951
R+14_1_GCTGCAGGCTGTAATGTAAT	6	R+14_1	Astronaut 1	R+14	R	16.184843831194
R+14_1_GCTGCCGATTGGTCCGCTCT	0	R+14_1	Astronaut 1	R+14	R	23.6500690917421
R+14_1_GCTGCGATGACTGGAGCGAA	7	R+14_1	Astronaut 1	R+14	R	14.5263962524052
R+14_1_GCTTGAAGGTCAGAAGTAGA	5	R+14_1	Astronaut 1	R+14	R	14.5263964745156
R+14_1_GCTTGATCCTCGCCTGCGAA	0	R+14_1	Astronaut 1	R+14	R	17.4995068533863
R+14_1_GCTTGATGCGGTAGAGCAGG	3	R+14_1	Astronaut 1	R+14	R	11.0133710987583
R+14_1_GCTTGGGAGCCGTCGGCTCT	1	R+14_1	Astronaut 1	R+14	R	10.8068564623475
R+14_1_GCTTGGTAATCTCCAGCTCT	3	R+14_1	Astronaut 1	R+14	R	21.1793867132072
R+14_1_GCTTGTCTACGATGAGGCAG	0	R+14_1	Astronaut 1	R+14	R	20.3523273069739
R+14_1_GCTTGTCTACGGTAAGGCAG	1	R+14_1	Astronaut 1	R+14	R	19.8977365017346
R+14_1_GCTTGTGAGACGCAAGTAAT	0	R+14_1	Astronaut 1	R+14	R	14.9359945734145
R+14_1_GGAGCGTCTACTGGAGTAAT	4	R+14_1	Astronaut 1	R+14	R	20.628291722558
R+14_1_GGCAGATCTGGGTAAGTAAT	5	R+14_1	Astronaut 1	R+14	R	18.0238695368963
R+14_1_GGCAGGAACCGGTCCGCAGG	3	R+14_1	Astronaut 1	R+14	R	22.9452174319582
R+14_1_GGCGTCGGATCAGTTGCTCT	6	R+14_1	Astronaut 1	R+14	R	24.0551176061853
R+14_1_GGTAAAACCGGCGAATAAGG	2	R+14_1	Astronaut 1	R+14	R	16.9669061066483
R+14_1_GGTAACCTAGGTAGAGTAAT	1	R+14_1	Astronaut 1	R+14	R	34.83411912783
R+14_1_GGTAAGCTTGCGGATGCTCT	2	R+14_1	Astronaut 1	R+14	R	17.2173987278366
R+14_1_GGTCCCGGCAGCGAAGGTCC	0	R+14_1	Astronaut 1	R+14	R	23.428093540796
R+14_1_GGTCCGCAGGCGATTGCTCT	1	R+14_1	Astronaut 1	R+14	R	17.4504604319827
R+14_1_GGTCCGCTCTGGCGTGTAAT	6	R+14_1	Astronaut 1	R+14	R	11.6004061555211
R+14_1_GTAATGCTTGGGTCCGTAAT	0	R+14_1	Astronaut 1	R+14	R	11.3501511912123
R+14_1_GTAATGTATCCAGCGGTAGA	1	R+14_1	Astronaut 1	R+14	R	18.8177286920474
R+14_1_GTAATTATGCCAGTTGCTCT	0	R+14_1	Astronaut 1	R+14	R	23.6624724270657
R+14_1_GTAATTATGCGCAACGTAAT	1	R+14_1	Astronaut 1	R+14	R	17.4504606540931
R+14_1_GTAGAAGGCTGTATCGCTCT	6	R+14_1	Astronaut 1	R+14	R	7.61877263108965
R+14_1_GTAGAGGAGCGATGAGCTCT	0	R+14_1	Astronaut 1	R+14	R	7.26270963183318
R+14_1_GTATCATGCGGTATCGCTCT	2	R+14_1	Astronaut 1	R+14	R	14.526396696626
R+14_1_GTATCGTTAGGAACCGGTAA	6	R+14_1	Astronaut 1	R+14	R	23.2519978613153
R+14_1_GTCCGTCGCGGCAGGGCAGG	7	R+14_1	Astronaut 1	R+14	R	23.4280937629063
R+14_1_GTCCGTTAGCCGGATTAAGG	8	R+14_1	Astronaut 1	R+14	R	12.3611398481817
R+14_1_GTCCGTTGAACAGCGTAAGG	0	R+14_1	Astronaut 1	R+14	R	10.5699871212563
R+14_1_GTCTAATTACGCTTGGTAAT	0	R+14_1	Astronaut 1	R+14	R	19.4337380961934
R+14_1_GTCTAGAGTCCAATCGGTAA	6	R+14_1	Astronaut 1	R+14	R	15.0179766228504
R+14_1_GTCTAGTCCGCAGCGGTAAT	4	R+14_1	Astronaut 1	R+14	R	14.9217592053807
R+14_1_GTCTATTAGCCTGGAGCTCT	2	R+14_1	Astronaut 1	R+14	R	10.5140591159522
R+14_1_GTTAGACTAACAGCGGCAGG	5	R+14_1	Astronaut 1	R+14	R	18.7582463883465
R+14_1_GTTAGCGCTCCGCCTGTAAT	8	R+14_1	Astronaut 1	R+14	R	10.6626328458432
R+14_1_GTTAGGCAGGCTAACGTAAT	1	R+14_1	Astronaut 1	R+14	R	18.3618846305539
R+14_1_GTTAGGCAGGGCGGTTAAGG	4	R+14_1	Astronaut 1	R+14	R	17.4504608762035
R+14_1_GTTAGTCAGTGGTAAGTAAT	0	R+14_1	Astronaut 1	R+14	R	18.7621141940282
R+14_1_GTTAGTGCTAGATGAGGTAA	0	R+14_1	Astronaut 1	R+14	R	10.4812277470319
R+14_1_GTTAGTTCGAATTGGGCTCT	0	R+14_1	Astronaut 1	R+14	R	15.955285337181
R+14_1_TAAGGAAGACCGCTCGCTCT	3	R+14_1	Astronaut 1	R+14	R	7.61877285320004
R+14_1_TAAGGTCGTACGCCTTAAGG	1	R+14_1	Astronaut 1	R+14	R	15.9174279244458
R+14_1_TACGTGCAACCAATCGGCAG	0	R+14_1	Astronaut 1	R+14	R	18.801667599514
R+14_1_TAGAGCAATCGCAACTAAGG	0	R+14_1	Astronaut 1	R+14	R	7.61877307531042
R+14_1_TAGAGCTCCAGCGGTGCAGG	4	R+14_1	Astronaut 1	R+14	R	15.5416807721554
R+14_1_TAGAGGAACCCTAGTGCGAA	0	R+14_1	Astronaut 1	R+14	R	14.5263969187363
R+14_1_TAGAGGATATCTTAAGCTCT	1	R+14_1	Astronaut 1	R+14	R	19.7085214202246
R+14_1_TAGAGGGCGTGGAGCGCTCT	2	R+14_1	Astronaut 1	R+14	R	24.7328392432713
R+14_1_TAGGACAGAAGAACCGTAGA	5	R+14_1	Astronaut 1	R+14	R	14.5263971408467
R+14_1_TATCTATTACGCTCTGTAGA	4	R+14_1	Astronaut 1	R+14	R	9.43624545423867
R+14_1_TATCTCAGAAGCTCTGCTCT	0	R+14_1	Astronaut 1	R+14	R	20.4410846131449
R+14_1_TATCTCCTCACGGATGTATC	2	R+14_1	Astronaut 1	R+14	R	20.6267726748401
R+14_1_TATCTCGACCGGTCCGCTCT	0	R+14_1	Astronaut 1	R+14	R	36.0205688499339
R+14_1_TATCTTATCTCCTCAGTAAT	3	R+14_1	Astronaut 1	R+14	R	9.43624567634905
R+14_1_TATGCGCCTTCAGAAGCTCT	1	R+14_1	Astronaut 1	R+14	R	16.9894512081378
R+14_1_TATGCTTCATGTAGAGTCCG	4	R+14_1	Astronaut 1	R+14	R	16.0874881501762
R+14_1_TCAGTAGGTCGGAGCGGCAG	4	R+14_1	Astronaut 1	R+14	R	14.4422653378369
R+14_1_TCAGTCAGTTGATGAGGCAG	9	R+14_1	Astronaut 1	R+14	R	16.7877731436119
R+14_1_TCAGTCGACCCGAAGGTCCG	2	R+14_1	Astronaut 1	R+14	R	14.5263973629571
R+14_1_TCAGTCGTCGGTAGAGGTAA	4	R+14_1	Astronaut 1	R+14	R	10.4377231075357
R+14_1_TCAGTGCCTTGCAACGTAAT	0	R+14_1	Astronaut 1	R+14	R	23.4807912295356
R+14_1_TCAGTTTCGAGATATTAAGG	0	R+14_1	Astronaut 1	R+14	R	14.9952960945081
R+14_1_TCATCCAACTCAGTTGTATC	1	R+14_1	Astronaut 1	R+14	R	10.6626330679536
R+14_1_TCCGGATTACCTTAAGCTCT	3	R+14_1	Astronaut 1	R+14	R	10.3155019557047
R+14_1_TCCGGCAACTCTAGTGCGAA	6	R+14_1	Astronaut 1	R+14	R	18.244814312133
R+14_1_TCGCGACTTCCGAAGGTAAT	3	R+14_1	Astronaut 1	R+14	R	16.0874883722866
R+14_1_TCGCGAGAGTCAGCGGCTCT	0	R+14_1	Astronaut 1	R+14	R	14.5263975850675
R+14_1_TCGCGGCTGCCAGCGGGCAG	4	R+14_1	Astronaut 1	R+14	R	14.5263978071779
R+14_1_TCTACACTCGGAGCTGTCCG	3	R+14_1	Astronaut 1	R+14	R	17.235320448833
R+14_1_TCTACGAGCTCTACGGCAGG	7	R+14_1	Astronaut 1	R+14	R	18.6605009307764
R+14_1_TCTACGCTTGATTGGTAAGG	1	R+14_1	Astronaut 1	R+14	R	16.6925027443902
R+14_1_TCTACTCAGTGCGGTTAAGG	0	R+14_1	Astronaut 1	R+14	R	19.0232327602077
R+14_1_TGAGAAAGCACTGGAGCTCT	0	R+14_1	Astronaut 1	R+14	R	18.1375216352932
R+14_1_TGAGAGAGCTCCTCAGTCCG	1	R+14_1	Astronaut 1	R+14	R	17.4504610983139
R+14_1_TGAGAGTAGAGAACCGGTAA	0	R+14_1	Astronaut 1	R+14	R	23.5015216259649
R+14_1_TGAGATACGTCAGAAGTAAT	2	R+14_1	Astronaut 1	R+14	R	27.5365728460643
R+14_1_TGAGATATTGGGTAAGTTAG	1	R+14_1	Astronaut 1	R+14	R	14.3323651469268
R+14_1_TGCGCCTGGAGAGCTTAAGG	0	R+14_1	Astronaut 1	R+14	R	16.6337182230541
R+14_1_TGCGCGGAGCCTACGGCTCT	1	R+14_1	Astronaut 1	R+14	R	19.1605803528456
R+14_1_TGCGCGGCAGCTAGTGTAAT	2	R+14_1	Astronaut 1	R+14	R	23.2519980834257
R+14_1_TGCGCTAGGACTACGGTAGA	3	R+14_1	Astronaut 1	R+14	R	17.2353206709434
R+14_1_TGCGCTAGGACTGGAGGCAG	0	R+14_1	Astronaut 1	R+14	R	20.5016116738747
R+14_1_TGCGCTCGTACGGATGCAGG	0	R+14_1	Astronaut 1	R+14	R	34.8289329148923
R+14_1_TGCGCTTCGACGCCTGTTAG	7	R+14_1	Astronaut 1	R+14	R	17.4504613204243
R+14_1_TGCTAACCAGCCTAGGGTAA	3	R+14_1	Astronaut 1	R+14	R	22.7431877421096
R+14_1_TGCTAAGAGTGTAGAGCTCT	2	R+14_1	Astronaut 1	R+14	R	13.5845265152882
R+14_1_TGCTACCATACTAGTTAAGG	8	R+14_1	Astronaut 1	R+14	R	10.455721324318
R+14_1_TGCTAGCAACGGTAAGTATC	0	R+14_1	Astronaut 1	R+14	R	19.1306925995132
R+14_1_TGCTATCGTACAATCGCTCT	2	R+14_1	Astronaut 1	R+14	R	16.975001681466
R+14_1_TGGACAGGCTCGGATGCTCT	1	R+14_1	Astronaut 1	R+14	R	10.2677124569749
R+14_1_TTATGAACGACCTAGGTAAT	7	R+14_1	Astronaut 1	R+14	R	10.662633290064
R+14_1_TTATGACTCGCGTCGGGTAA	4	R+14_1	Astronaut 1	R+14	R	26.6850190336236
R+14_1_TTATGATCTGCAGAATAAGG	0	R+14_1	Astronaut 1	R+14	R	8.12987459918789
R+14_1_TTATGGTCTACTAGTGTAAT	1	R+14_1	Astronaut 1	R+14	R	7.21920931745299
R+14_1_TTATGTACGTCTGGATAAGG	0	R+14_1	Astronaut 1	R+14	R	12.776144374661
R+14_1_TTCATACTCGATTGGTAAGG	0	R+14_1	Astronaut 1	R+14	R	18.5863615355875
R+14_1_TTCATCAGTTCTAGTGTAAT	3	R+14_1	Astronaut 1	R+14	R	10.2929138737102
R+14_1_TTCATTGCTACCTAGGGTCC	6	R+14_1	Astronaut 1	R+14	R	12.8145150505924
R+14_1_TTCGAGATGAGCTCTGCTCT	6	R+14_1	Astronaut 1	R+14	R	10.2677126790853
R+14_1_TTGAACCGCTGCGAAGCAGG	1	R+14_1	Astronaut 1	R+14	R	10.6601209990202
R+14_1_TTGAAGGTCCGCAGGGCAGG	7	R+14_1	Astronaut 1	R+14	R	6.38988603367298
R+14_2_AACCGAAGGTCGACCGGTAA	0	R+14_2	Astronaut 2	R+14	R	14.5263980292883
R+14_2_AACCGCAACTGCGAAGCTCT	3	R+14_2	Astronaut 2	R+14	R	14.5866531870363
R+14_2_AACCGCCATAGTAATGGCAG	0	R+14_2	Astronaut 2	R+14	R	14.9368576644015
R+14_2_AACCGCCGCTGATGAGTCCG	0	R+14_2	Astronaut 2	R+14	R	12.7761445967714
R+14_2_AACCGGCTCTCTCCATAAGG	0	R+14_2	Astronaut 2	R+14	R	16.962664459291
R+14_2_AACCGGGTAACAGCGGGTAA	1	R+14_2	Astronaut 2	R+14	R	14.9217594274911
R+14_2_AACCGTTGAAGGTAAGTAAT	4	R+14_2	Astronaut 2	R+14	R	7.17293286359896
R+14_2_AACGAAACCGGATGAGGCAG	7	R+14_2	Astronaut 2	R+14	R	14.6647251532476
R+14_2_AACGAAGTTGCGATTGTCCG	4	R+14_2	Astronaut 2	R+14	R	10.8309649241893
R+14_2_AACGACGTCGCGCTCTAAGG	0	R+14_2	Astronaut 2	R+14	R	16.9652025821133
R+14_2_AACGATAGAGGGTAATAAGG	1	R+14_2	Astronaut 2	R+14	R	12.7748611610601
R+14_2_AACGATATGCGTATCTAAGG	0	R+14_2	Astronaut 2	R+14	R	11.0360057046762
R+14_2_AACGATCGTAGGTCCGGTAA	0	R+14_2	Astronaut 2	R+14	R	12.7715140056475
R+14_2_AACGATGGACCGCTCGTCCG	1	R+14_2	Astronaut 2	R+14	R	18.9890573455733
R+14_2_AACTCAACCGCGATTGGTCC	0	R+14_2	Astronaut 2	R+14	R	9.109702352241
R+14_2_AACTCAGGCTCGCTCGGTAA	3	R+14_2	Astronaut 2	R+14	R	11.4029097986312
R+14_2_AACTCAGGTCATTCAGGCAG	0	R+14_2	Astronaut 2	R+14	R	19.5224735602581
R+14_2_AACTCCAATCCCATAGTAAT	0	R+14_2	Astronaut 2	R+14	R	12.4802928952694
R+14_2_AACTCCGAAGGATATGTTAG	0	R+14_2	Astronaut 2	R+14	R	21.064260057017
R+14_2_AACTCGCGAAGTAATGGTAA	0	R+14_2	Astronaut 2	R+14	R	14.5263982513987
R+14_2_AACTCGTTAGCAGAAGTAAT	6	R+14_2	Astronaut 2	R+14	R	12.4502011935427
R+14_2_AACTCTATGCCGACCGTAAT	1	R+14_2	Astronaut 2	R+14	R	15.1497065651939
R+14_2_AACTCTCGCGGCAACGTTAG	0	R+14_2	Astronaut 2	R+14	R	11.0133713208686
R+14_2_AACTCTTCGACCTCAGTAAT	1	R+14_2	Astronaut 2	R+14	R	11.1702370539011
R+14_2_AACTCTTGAACTGGAGGCAG	0	R+14_2	Astronaut 2	R+14	R	14.1986317686931
R+14_2_AAGACCCTCAGAGTCGGCAG	1	R+14_2	Astronaut 2	R+14	R	14.5263984735091
R+14_2_AAGACCGATTGAGCTGTAAT	0	R+14_2	Astronaut 2	R+14	R	14.6242698280083
R+14_2_AAGACCTAGTCGAAGGCTCT	0	R+14_2	Astronaut 2	R+14	R	16.5744085698558
R+14_2_AAGACCTGGACCTCAGGCAG	2	R+14_2	Astronaut 2	R+14	R	11.013371542979
R+14_2_AAGACGGCGTCGAAGGGTCC	4	R+14_2	Astronaut 2	R+14	R	26.8885129692728
R+14_2_AAGACTAGGACGCAAGTAAT	3	R+14_2	Astronaut 2	R+14	R	12.1189348439811
R+14_2_AAGACTATCTATTGGTAAGG	0	R+14_2	Astronaut 2	R+14	R	12.5382166318276
R+14_2_AAGACTCATCCGCAAGCTCT	1	R+14_2	Astronaut 2	R+14	R	10.6626335121744
R+14_2_AAGCAACGATCTCCAGCTCT	1	R+14_2	Astronaut 2	R+14	R	17.9407326960079
R+14_2_AAGCAGAACCGCGAAGCTCT	9	R+14_2	Astronaut 2	R+14	R	20.5875024417381
R+14_2_AAGCAGATATCGCAAGGTCC	0	R+14_2	Astronaut 2	R+14	R	15.4535467285759
R+14_2_AAGCAGCAACGAGCTTAAGG	3	R+14_2	Astronaut 2	R+14	R	11.0512749729843
R+14_2_AAGCAGTATCCAGAAGCTCT	0	R+14_2	Astronaut 2	R+14	R	12.7715142277579
R+14_2_AAGCAGTATCCTCCAGTAAT	3	R+14_2	Astronaut 2	R+14	R	13.0875660766345
R+14_2_AAGCAGTCCGGAACCGCTCT	6	R+14_2	Astronaut 2	R+14	R	15.1508494471527
R+14_2_AAGCATCGTACAGCGGTAAT	3	R+14_2	Astronaut 2	R+14	R	17.2353208930538
R+14_2_AAGGTCTCCACTAACGGTCC	0	R+14_2	Astronaut 2	R+14	R	18.7964657237667
R+14_2_AAGGTCTTAACAGTTGCTCT	1	R+14_2	Astronaut 2	R+14	R	8.64364672199491
R+14_2_ACCAGACCTAGCAGGGTAAT	0	R+14_2	Astronaut 2	R+14	R	19.052577437733
R+14_2_ACCAGATTCAGGCAGGCTCT	1	R+14_2	Astronaut 2	R+14	R	15.0126786064024
R+14_2_ACCAGCCATAGTAGAGCTCT	1	R+14_2	Astronaut 2	R+14	R	14.9217596496015
R+14_2_ACCAGCGGATGGAGCGTAGA	2	R+14_2	Astronaut 2	R+14	R	15.4263760444748
R+14_2_ACCAGGATATGTAGAGGTAA	1	R+14_2	Astronaut 2	R+14	R	15.617484910174
R+14_2_ACCAGGCAACCGGATGTCCG	1	R+14_2	Astronaut 2	R+14	R	15.9024630736369
R+14_2_ACCAGGTCCGGTATCGTAAT	5	R+14_2	Astronaut 2	R+14	R	8.1115771715738
R+14_2_ACCAGTAAGGGCCTTGGCAG	0	R+14_2	Astronaut 2	R+14	R	14.9316361922153
R+14_2_ACCAGTGCTACTTAAGCTCT	1	R+14_2	Astronaut 2	R+14	R	18.0963750318331
R+14_2_ACCTAAGCGGCTGGAGCTCT	0	R+14_2	Astronaut 2	R+14	R	18.315423731025
R+14_2_ACGATACTCGCCATAGGCAG	0	R+14_2	Astronaut 2	R+14	R	11.3501514133227
R+14_2_ACGATAGGTCCAGCGTAAGG	1	R+14_2	Astronaut 2	R+14	R	9.43624589845944
R+14_2_ACGATCCTAGCGATTGTAAT	0	R+14_2	Astronaut 2	R+14	R	11.0586070515938
R+14_2_ACGATCGGCAGGTAAGTAAT	8	R+14_2	Astronaut 2	R+14	R	12.7761448188818
R+14_2_ACGATGTCTACGTCGGTAAT	0	R+14_2	Astronaut 2	R+14	R	18.8355872283081
R+14_2_ACGATTGGACGCTGCTAAGG	3	R+14_2	Astronaut 2	R+14	R	16.1377651118616
R+14_2_ACTAACGAAGCAGTTGTAAT	3	R+14_2	Astronaut 2	R+14	R	14.373414847269
R+14_2_ACTAACGATTATTGGGGCAG	9	R+14_2	Astronaut 2	R+14	R	37.532256696047
R+14_2_ACTAACTGGACTACGGCGAA	0	R+14_2	Astronaut 2	R+14	R	12.2008781446269
R+14_2_ACTAACTGGAGAACCGCGAA	3	R+14_2	Astronaut 2	R+14	R	21.5377356192669
R+14_2_ACTAAGATATGCTTGGTAAT	0	R+14_2	Astronaut 2	R+14	R	13.9358548059391
R+14_2_ACTAATTGAAGCAGGGCTCT	0	R+14_2	Astronaut 2	R+14	R	17.4504615425347
R+14_2_ACTCGAGGCTCGCAAGCGAA	0	R+14_2	Astronaut 2	R+14	R	15.361414004627
R+14_2_ACTCGATTGGGCAACGGTAA	3	R+14_2	Astronaut 2	R+14	R	11.0133717650894
R+14_2_ACTCGCAACTCTACGGTAAT	1	R+14_2	Astronaut 2	R+14	R	10.8195068604833
R+14_2_ACTCGCAATCGGAGCGTAAT	6	R+14_2	Astronaut 2	R+14	R	9.78932150368862
R+14_2_ACTCGCGACCCTAGTGTAAT	2	R+14_2	Astronaut 2	R+14	R	13.5020687877766
R+14_2_ACTCGCGGATGCTGCGTAAT	0	R+14_2	Astronaut 2	R+14	R	11.0607822620905
R+14_2_ACTCGCTACGGCCTTGCTCT	3	R+14_2	Astronaut 2	R+14	R	7.24044600203926
R+14_2_ACTTCCAATCCGCCTTAAGG	2	R+14_2	Astronaut 2	R+14	R	16.027763955552
R+14_2_ACTTCCGCTCGCAACGGTAA	2	R+14_2	Astronaut 2	R+14	R	17.2353211151642
R+14_2_ACTTCCTCCACAGAAGGTAA	0	R+14_2	Astronaut 2	R+14	R	16.1564521861261
R+14_2_ACTTCGCTCTCGCTCGCAGG	0	R+14_2	Astronaut 2	R+14	R	19.100418194056
R+14_2_ACTTCGGAGCGTAATGGTCC	0	R+14_2	Astronaut 2	R+14	R	9.9636185220501
R+14_2_ACTTCTATTGCGATTGTAAT	5	R+14_2	Astronaut 2	R+14	R	16.5565506352411
R+14_2_ACTTCTTGAAATTGGGCTCT	2	R+14_2	Astronaut 2	R+14	R	14.5263986956194
R+14_2_AGAACCAGAAGCGGTGCGAA	0	R+14_2	Astronaut 2	R+14	R	18.0226312973165
R+14_2_AGAACGACTGCAGTTGCTCT	1	R+14_2	Astronaut 2	R+14	R	10.0616460095074
R+14_2_AGAACGACTGGGCAGGCTCT	0	R+14_2	Astronaut 2	R+14	R	10.147671199927
R+14_2_AGAACGGAGCCAGAAGTAGA	0	R+14_2	Astronaut 2	R+14	R	20.6246581059346
R+14_2_AGAACTAAGGGCCTTGGTCC	0	R+14_2	Astronaut 2	R+14	R	20.6301069262167
R+14_2_AGAGTAGAGTCCTCAGTCCG	3	R+14_2	Astronaut 2	R+14	R	25.3506599079586
R+14_2_AGAGTATGCGGTAATGCTCT	1	R+14_2	Astronaut 2	R+14	R	16.1564524082365
R+14_2_AGAGTCAGTTCGGATGGTCC	1	R+14_2	Astronaut 2	R+14	R	35.6722550407195
R+14_2_AGAGTCCTAGGGAGCGGTCC	0	R+14_2	Astronaut 2	R+14	R	18.1379283937638
R+14_2_AGAGTCTACGCGCCTGGTCC	0	R+14_2	Astronaut 2	R+14	R	8.60594983514033
R+14_2_AGCGGAGGCTCGCTCGTCCG	3	R+14_2	Astronaut 2	R+14	R	15.004070174374
R+14_2_AGCGGGCTTGCAGTTGCTCT	1	R+14_2	Astronaut 2	R+14	R	20.1707985290637
R+14_2_AGCGGTGAGAGCTGCGGTAA	5	R+14_2	Astronaut 2	R+14	R	14.9217598717118
R+14_2_AGGCTAGCGGGAGCTTAAGG	0	R+14_2	Astronaut 2	R+14	R	11.0133719871998
R+14_2_AGGCTCGTCGCTACGGGCAG	0	R+14_2	Astronaut 2	R+14	R	18.2938035532298
R+14_2_AGGCTGGTAACAACTGCTCT	5	R+14_2	Astronaut 2	R+14	R	18.0400008929961
R+14_2_AGGCTGTAGAGGCGTGTAAT	0	R+14_2	Astronaut 2	R+14	R	11.3501516354331
R+14_2_AGGCTTCGTACGATTGCGAA	1	R+14_2	Astronaut 2	R+14	R	18.6090600506048
R+14_2_AGGCTTTGAACAGCGGCTCT	1	R+14_2	Astronaut 2	R+14	R	14.5263989177298
R+14_2_AGGTCAACTCCGAAGGGTCC	1	R+14_2	Astronaut 2	R+14	R	12.7732628992131
R+14_2_AGGTCACCAGCCTAGGTAAT	5	R+14_2	Astronaut 2	R+14	R	11.3501518575435
R+14_2_AGGTCCGAAGGACTGGCGAA	3	R+14_2	Astronaut 2	R+14	R	13.0167854754388
R+14_2_AGGTCTACGTGCGGTGTAAT	3	R+14_2	Astronaut 2	R+14	R	14.664725375358
R+14_2_AGGTCTACGTGTAGAGGTAA	6	R+14_2	Astronaut 2	R+14	R	8.67228388012227
R+14_2_AGGTCTCATCGCTCTGGCAG	3	R+14_2	Astronaut 2	R+14	R	6.35318091909603
R+14_2_AGGTCTCGCGGGTCCGCAGG	1	R+14_2	Astronaut 2	R+14	R	15.465563351054
R+14_2_AGGTCTTAGCGCTCTGGTCC	4	R+14_2	Astronaut 2	R+14	R	21.5377358413773
R+14_2_AGTTGATTCACAGCGGGTCC	0	R+14_2	Astronaut 2	R+14	R	7.81177519287909
R+14_2_AGTTGCTGGAGATATGTAAT	3	R+14_2	Astronaut 2	R+14	R	10.2677129011957
R+14_2_AGTTGGGAGCATTCAGGTCC	0	R+14_2	Astronaut 2	R+14	R	11.0360546671645
R+14_2_ATCTGAACCGCAGTTGCTCT	0	R+14_2	Astronaut 2	R+14	R	14.4633003163725
R+14_2_ATCTGACTTCGCCTTGGTAA	1	R+14_2	Astronaut 2	R+14	R	14.5263991398402
R+14_2_ATCTGGCCTTGAACCGCTCT	0	R+14_2	Astronaut 2	R+14	R	23.6613938493112
R+14_2_ATCTGTTGAAGGTAAGCTCT	0	R+14_2	Astronaut 2	R+14	R	10.6626337342848
R+14_2_ATGCGATTACGGCAGGTCCG	1	R+14_2	Astronaut 2	R+14	R	17.2353213372746
R+14_2_ATGCGGGAGCGCCTTGGTAA	0	R+14_2	Astronaut 2	R+14	R	13.8622076192812
R+14_2_ATGCGGGAGCGTAGATAAGG	3	R+14_2	Astronaut 2	R+14	R	10.267713123306
R+14_2_ATGCGTATGCGCCTTGTAAT	3	R+14_2	Astronaut 2	R+14	R	12.2717088258817
R+14_2_ATGGCAAGGTGACTGGCTCT	0	R+14_2	Astronaut 2	R+14	R	10.6626339563952
R+14_2_ATGGCATCCTCCTCATAAGG	0	R+14_2	Astronaut 2	R+14	R	18.5893737931477
R+14_2_ATGGCCTCCAGGAGCGCTCT	1	R+14_2	Astronaut 2	R+14	R	15.8995105771035
R+14_2_ATGGCGTCTACGACCGGTCC	0	R+14_2	Astronaut 2	R+14	R	10.2677133454164
R+14_2_ATGGCGTCTACGACCGTTAG	2	R+14_2	Astronaut 2	R+14	R	11.0133722093102
R+14_2_ATTACACTTCCGATTGGCAG	9	R+14_2	Astronaut 2	R+14	R	12.774498196521
R+14_2_ATTACAGAGTCCTCAGTTAG	0	R+14_2	Astronaut 2	R+14	R	18.5829712149271
R+14_2_ATTACGGCGTGGAGCTAAGG	0	R+14_2	Astronaut 2	R+14	R	11.0297294409233
R+14_2_ATTACGGTCCGGTAAGCTCT	1	R+14_2	Astronaut 2	R+14	R	16.7877733657223
R+14_2_ATTCACGTCGCAGTTTAAGG	3	R+14_2	Astronaut 2	R+14	R	13.6356913600808
R+14_2_ATTCATAGGAGCAGGGCTCT	3	R+14_2	Astronaut 2	R+14	R	18.1746400253584
R+14_2_ATTCATTATGGAGCTGCGAA	1	R+14_2	Astronaut 2	R+14	R	18.0682687208919
R+14_2_ATTGGCCTAGCGCAAGCTCT	0	R+14_2	Astronaut 2	R+14	R	18.9860283557278
R+14_2_CAACTACTTCCCTAGGTAAT	3	R+14_2	Astronaut 2	R+14	R	11.3501520796539
R+14_2_CAACTAGGTCCAGTTGTCCG	2	R+14_2	Astronaut 2	R+14	R	17.9719162692737
R+14_2_CAACTCGCAACAATCGGTAA	0	R+14_2	Astronaut 2	R+14	R	11.0133724314206
R+14_2_CAACTCGGCAGCGGTGTAAT	3	R+14_2	Astronaut 2	R+14	R	10.0238609489161
R+14_2_CAACTGGAGCCGCTCGCTCT	0	R+14_2	Astronaut 2	R+14	R	19.0415293906006
R+14_2_CAACTTAAGGCGCAAGCTCT	1	R+14_2	Astronaut 2	R+14	R	16.087488594397
R+14_2_CAACTTAGAGGCGGTGTAAT	3	R+14_2	Astronaut 2	R+14	R	11.013372653531
R+14_2_CAATCGCAACATTCATAAGG	0	R+14_2	Astronaut 2	R+14	R	11.0133728756413
R+14_2_CAATCTTCATGAACCGCGAA	0	R+14_2	Astronaut 2	R+14	R	14.9728436997982
R+14_2_CAGAAAAGACGGCAGTAAGG	0	R+14_2	Astronaut 2	R+14	R	19.897736723845
R+14_2_CAGAAAGTTGCTAACGGTAA	0	R+14_2	Astronaut 2	R+14	R	7.81177541498947
R+14_2_CAGAAATCCTGTAATGCTCT	0	R+14_2	Astronaut 2	R+14	R	16.5835179831714
R+14_2_CAGAAGGTAACGCAAGTAGA	0	R+14_2	Astronaut 2	R+14	R	14.5263993619506
R+14_2_CAGCGACGATGATATGCTCT	2	R+14_2	Astronaut 2	R+14	R	14.2638736388281
R+14_2_CAGCGAGAACCGCAAGCGAA	0	R+14_2	Astronaut 2	R+14	R	17.1217231495392
R+14_2_CAGCGATTACCGCTCGCTCT	0	R+14_2	Astronaut 2	R+14	R	11.0664376919999
R+14_2_CAGCGATTACCGCTCGGTAA	0	R+14_2	Astronaut 2	R+14	R	7.61877329742081
R+14_2_CAGCGCAATCGCTGCGTCCG	0	R+14_2	Astronaut 2	R+14	R	21.0147514131359
R+14_2_CAGCGGCGAACAGTTGTCCG	0	R+14_2	Astronaut 2	R+14	R	11.0133730977517
R+14_2_CAGCGGGCAGCCATAGTAAT	1	R+14_2	Astronaut 2	R+14	R	13.5333543320176
R+14_2_CAGTTAAGGTGCAACGGCAG	4	R+14_2	Astronaut 2	R+14	R	14.9217600938222
R+14_2_CAGTTACCAGGCAGGGCTCT	2	R+14_2	Astronaut 2	R+14	R	5.09994139359942
R+14_2_CAGTTAGAGTCGAAGGCTCT	8	R+14_2	Astronaut 2	R+14	R	10.7716388075329
R+14_2_CAGTTAGCGGGTAATGCAGG	4	R+14_2	Astronaut 2	R+14	R	15.3677169352025
R+14_2_CAGTTATCCTCAGTTGGTAA	0	R+14_2	Astronaut 2	R+14	R	14.526399584061
R+14_2_CAGTTCGATTCGGCAGTAAT	0	R+14_2	Astronaut 2	R+14	R	14.9936109501218
R+14_2_CAGTTGGAGCGGCGTGGTCC	3	R+14_2	Astronaut 2	R+14	R	11.0284548593974
R+14_2_CAGTTTAGGACGAAGGGTAA	1	R+14_2	Astronaut 2	R+14	R	16.7877735878327
R+14_2_CAGTTTATTGCAGCGGTAAT	6	R+14_2	Astronaut 2	R+14	R	8.12987482129828
R+14_2_CAGTTTCAGTATTCAGTCCG	0	R+14_2	Astronaut 2	R+14	R	12.4621061411243
R+14_2_CAGTTTGCGCCCATAGTAGA	0	R+14_2	Astronaut 2	R+14	R	20.6334871566978
R+14_2_CAGTTTGGACCTCCATAAGG	4	R+14_2	Astronaut 2	R+14	R	14.5489143860574
R+14_2_CCATAAGCGGGAACCGGTCC	3	R+14_2	Astronaut 2	R+14	R	12.7749699443686
R+14_2_CCATAATGCGGGCAGGTAAT	6	R+14_2	Astronaut 2	R+14	R	13.9365184127758
R+14_2_CCATAGGTAAGCGAAGTAAT	1	R+14_2	Astronaut 2	R+14	R	14.196414306632
R+14_2_CCATAGGTAAGCGAATAAGG	3	R+14_2	Astronaut 2	R+14	R	12.7743789391323
R+14_2_CCATATAAGGCAGCGTAAGG	1	R+14_2	Astronaut 2	R+14	R	10.8009596549386
R+14_2_CCGCTAGTTGGACTGGTAAT	3	R+14_2	Astronaut 2	R+14	R	9.87370940854174
R+14_2_CCGCTGCTCTCCTAGGTAGA	3	R+14_2	Astronaut 2	R+14	R	16.0874888165074
R+14_2_CCTAGCGACCGCGAAGCTCT	1	R+14_2	Astronaut 2	R+14	R	17.450461764645
R+14_2_CCTAGCGATTATTCAGGTAA	8	R+14_2	Astronaut 2	R+14	R	16.787773809943
R+14_2_CCTAGTCAGTGGTAATAAGG	0	R+14_2	Astronaut 2	R+14	R	12.7715144498683
R+14_2_CCTAGTTCGACGAAGGTCCG	0	R+14_2	Astronaut 2	R+14	R	18.0046640663756
R+14_2_CCTCAAACTCCCTAGGTAAT	0	R+14_2	Astronaut 2	R+14	R	10.1207756160349
R+14_2_CCTCACGCTCGATATGCTCT	0	R+14_2	Astronaut 2	R+14	R	10.6626341785055
R+14_2_CCTCATCTACCGACCGTAAT	6	R+14_2	Astronaut 2	R+14	R	15.5606085939309
R+14_2_CGAAGACTCGCGTCGGTAAT	0	R+14_2	Astronaut 2	R+14	R	10.4171457689839
R+14_2_CGACCAAGCAGCAACGGTAA	0	R+14_2	Astronaut 2	R+14	R	7.98377217946625
R+14_2_CGACCAAGGTGCTCTGCTCT	1	R+14_2	Astronaut 2	R+14	R	18.6605011528868
R+14_2_CGACCACGATCCTAGGGCAG	1	R+14_2	Astronaut 2	R+14	R	14.6647255974684
R+14_2_CGACCAGCGGCTCCAGTAAT	5	R+14_2	Astronaut 2	R+14	R	9.129785557834
R+14_2_CGACCCAGAAGAGCTGCTCT	1	R+14_2	Astronaut 2	R+14	R	37.5322569181574
R+14_2_CGACCCAGTTGATATGGTCC	8	R+14_2	Astronaut 2	R+14	R	18.6882930497299
R+14_2_CGATTCAACTCGCTCGTATC	0	R+14_2	Astronaut 2	R+14	R	17.9879086456581
R+14_2_CGATTCGCTCCAGTTTAAGG	1	R+14_2	Astronaut 2	R+14	R	14.2244912106648
R+14_2_CGATTTAGAGGGTCCGGCAG	2	R+14_2	Astronaut 2	R+14	R	18.1297491816686
R+14_2_CGATTTTAGCGCTCTGCTCT	0	R+14_2	Astronaut 2	R+14	R	18.6089482610695
R+14_2_CGCAAAAGACCGACCTAAGG	0	R+14_2	Astronaut 2	R+14	R	18.1597319613111
R+14_2_CGCAAGGCGTGGTCCGGCAG	1	R+14_2	Astronaut 2	R+14	R	8.56302859678904
R+14_2_CGCAAGTAGACTAACGCTCT	3	R+14_2	Astronaut 2	R+14	R	7.98472488486839
R+14_2_CGCCTACTCGGGTAAGCTCT	1	R+14_2	Astronaut 2	R+14	R	9.18017631361606
R+14_2_CGCCTCAGAACAATCGCAGG	4	R+14_2	Astronaut 2	R+14	R	18.6605013749972
R+14_2_CGCCTCGCTCGAGTCGCAGG	1	R+14_2	Astronaut 2	R+14	R	20.5314386044745
R+14_2_CGCCTCTACGGCGGTGCTCT	4	R+14_2	Astronaut 2	R+14	R	17.0606950874683
R+14_2_CGCCTCTGGAGAACCGCGAA	0	R+14_2	Astronaut 2	R+14	R	21.552938219638
R+14_2_CGCTCATCTGCAGCGTAAGG	0	R+14_2	Astronaut 2	R+14	R	13.417580963528
R+14_2_CGCTCATTACCTTAAGTAAT	1	R+14_2	Astronaut 2	R+14	R	9.67034077415089
R+14_2_CGCTCCAGCGGCGGTGGTAA	2	R+14_2	Astronaut 2	R+14	R	13.9258892486813
R+14_2_CGCTCCGCCTGAACCGTAAT	1	R+14_2	Astronaut 2	R+14	R	17.0245741645543
R+14_2_CGCTCCTACGCAGTTGTAAT	3	R+14_2	Astronaut 2	R+14	R	7.12320570072408
R+14_2_CGCTCGAACCCAACTGGCAG	3	R+14_2	Astronaut 2	R+14	R	14.6647258195788
R+14_2_CGCTCGATGACGATTTAAGG	0	R+14_2	Astronaut 2	R+14	R	11.3501523017643
R+14_2_CGCTCGCTTGCCATAGGTCC	0	R+14_2	Astronaut 2	R+14	R	10.6626344006159
R+14_2_CGCTCGTTAGATTGGGTAAT	1	R+14_2	Astronaut 2	R+14	R	15.5458645320197
R+14_2_CGCTCTAGAGCTCCAGGTAA	1	R+14_2	Astronaut 2	R+14	R	14.5263998061714
R+14_2_CGCTCTGCTAGCGAAGTTAG	2	R+14_2	Astronaut 2	R+14	R	14.5200617096476
R+14_2_CGCTCTTGAACCTAGGCGAA	0	R+14_2	Astronaut 2	R+14	R	14.504943368845
R+14_2_CGCTCTTGAACGTCGGTAAT	1	R+14_2	Astronaut 2	R+14	R	10.0079860680383
R+14_2_CGGATATTCACGCCTTAAGG	0	R+14_2	Astronaut 2	R+14	R	18.6286122963454
R+14_2_CGGATCTACGGTAGAGGCAG	0	R+14_2	Astronaut 2	R+14	R	13.4175811856384
R+14_2_CGGATGAGCTGTAATTAAGG	3	R+14_2	Astronaut 2	R+14	R	11.1098605423646
R+14_2_CGGCAATGGCCGAAGGCTCT	1	R+14_2	Astronaut 2	R+14	R	15.0697689767209
R+14_2_CGGCACTCCACGACCGCTCT	1	R+14_2	Astronaut 2	R+14	R	15.3275007460726
R+14_2_CGGCACTGGACTCCAGCTCT	0	R+14_2	Astronaut 2	R+14	R	11.0594193918524
R+14_2_CGGCATAGAGCTACGGTCCG	6	R+14_2	Astronaut 2	R+14	R	12.7715146719787
R+14_2_CGTCGACTTCCTAACGCTCT	3	R+14_2	Astronaut 2	R+14	R	13.720768200947
R+14_2_CGTCGAGGCTGGAGCGGTCC	2	R+14_2	Astronaut 2	R+14	R	10.5561010982092
R+14_2_CGTCGCAGAAGAGCTGCGAA	0	R+14_2	Astronaut 2	R+14	R	15.4345607494546
R+14_2_CGTCGCGATTGAACCGTAAT	3	R+14_2	Astronaut 2	R+14	R	11.0474512440098
R+14_2_CGTCGCGCCTGCTGCGCGAA	0	R+14_2	Astronaut 2	R+14	R	16.7877740320534
R+14_2_CGTCGCTCCAGCAACGTAAT	6	R+14_2	Astronaut 2	R+14	R	17.9407329181182
R+14_2_CGTCGGGAGCCAGTTGTAAT	0	R+14_2	Astronaut 2	R+14	R	11.1185489150299
R+14_2_CGTCGGGCGTGCAGGGCTCT	1	R+14_2	Astronaut 2	R+14	R	19.8977369459554
R+14_2_CGTCGTAGAGGGTCCGTAAT	1	R+14_2	Astronaut 2	R+14	R	11.0133733198621
R+14_2_CGTCGTATGCGTAGAGGTAA	1	R+14_2	Astronaut 2	R+14	R	18.1818792118275
R+14_2_CTACGACCAGCGCCTGGCAG	2	R+14_2	Astronaut 2	R+14	R	14.5264000282818
R+14_2_CTACGACTCGGCTGCGTAAT	4	R+14_2	Astronaut 2	R+14	R	10.0695009411412
R+14_2_CTACGAGGTCCAACTGTAAT	3	R+14_2	Astronaut 2	R+14	R	11.1313858193363
R+14_2_CTACGATTCACTAACGTTAG	0	R+14_2	Astronaut 2	R+14	R	16.0874890386178
R+14_2_CTACGCGACCGGCGTGCAGG	1	R+14_2	Astronaut 2	R+14	R	13.0180965648704
R+14_2_CTACGCGGCACCTAGGGTCC	0	R+14_2	Astronaut 2	R+14	R	16.6864484706456
R+14_2_CTACGGGTCCGGCAGGCTCT	0	R+14_2	Astronaut 2	R+14	R	15.6228506365896
R+14_2_CTACGTCAGTGTAATGTCCG	3	R+14_2	Astronaut 2	R+14	R	18.6605015971076
R+14_2_CTAGTATTCACGCAAGCAGG	0	R+14_2	Astronaut 2	R+14	R	15.0345656863969
R+14_2_CTAGTGGAGCATTGGGGCAG	8	R+14_2	Astronaut 2	R+14	R	16.0190748310675
R+14_2_CTAGTTATTGCAGCGTAAGG	0	R+14_2	Astronaut 2	R+14	R	7.23107864299427
R+14_2_CTAGTTGAGACCTAGGGTAA	0	R+14_2	Astronaut 2	R+14	R	9.23131782841821
R+14_2_CTCCAAACCGGAGCTGTCCG	1	R+14_2	Astronaut 2	R+14	R	16.6993398161053
R+14_2_CTCCAAGCGGCGAAGGGTCC	1	R+14_2	Astronaut 2	R+14	R	24.7467151768332
R+14_2_CTCCAAGGTCCCTCAGGTAA	5	R+14_2	Astronaut 2	R+14	R	15.9982201568214
R+14_2_CTCCAAGGTCGTAGATAAGG	0	R+14_2	Astronaut 2	R+14	R	11.0253863230456
R+14_2_CTCCAAGTTGCGCAAGTAAT	0	R+14_2	Astronaut 2	R+14	R	14.6647260416892
R+14_2_CTCCACAATCGGCGTGTCCG	0	R+14_2	Astronaut 2	R+14	R	19.7810574735833
R+14_2_CTCCACGAAGCGCCTGCTCT	0	R+14_2	Astronaut 2	R+14	R	17.2353215593849
R+14_2_CTCCACGCAACTAGTGCTCT	4	R+14_2	Astronaut 2	R+14	R	24.704336661784
R+14_2_CTCCACGGATGGCGTGTTAG	0	R+14_2	Astronaut 2	R+14	R	14.2379071912408
R+14_2_CTCCAGTCCGGGCAGGTAAT	5	R+14_2	Astronaut 2	R+14	R	9.25278934186081
R+14_2_CTCCATGCTAGTAGAGCAGG	1	R+14_2	Astronaut 2	R+14	R	12.771514894089
R+14_2_CTCCATTATGCTTAAGCTCT	3	R+14_2	Astronaut 2	R+14	R	15.9689523964839
R+14_2_CTGGACGTCGCCTCAGGTCC	0	R+14_2	Astronaut 2	R+14	R	10.0002082213457
R+14_2_CTGGAGTCTACTAACTAAGG	1	R+14_2	Astronaut 2	R+14	R	15.9570346458405
R+14_2_CTGGATTAGCCTGGAGCAGG	1	R+14_2	Astronaut 2	R+14	R	17.4504619867554
R+14_2_CTTAAACCAGGGCAGGTAAT	0	R+14_2	Astronaut 2	R+14	R	16.9626646814014
R+14_2_CTTAAAGGCTGCAGGGTAAT	6	R+14_2	Astronaut 2	R+14	R	10.1139632730611
R+14_2_CTTAACAGAACAGTTGTAAT	1	R+14_2	Astronaut 2	R+14	R	12.5613653532337
R+14_2_CTTAAGGAGCCTGGAGTTAG	0	R+14_2	Astronaut 2	R+14	R	18.8283734426659
R+14_2_CTTAAGGTCCCAACTGCGAA	3	R+14_2	Astronaut 2	R+14	R	17.2353217814953
R+14_2_CTTAAGTAATCCTCAGCTCT	0	R+14_2	Astronaut 2	R+14	R	10.6626346227263
R+14_2_CTTAAGTATCGCCTTGCGAA	0	R+14_2	Astronaut 2	R+14	R	23.4987374365397
R+14_2_CTTAATATCTCTGGAGTAAT	0	R+14_2	Astronaut 2	R+14	R	7.81177563709986
R+14_2_CTTAATTAGCCAATCGTAAT	4	R+14_2	Astronaut 2	R+14	R	13.455609432213
R+14_2_GAACCAACCGCGCAATAAGG	2	R+14_2	Astronaut 2	R+14	R	16.1564526303468
R+14_2_GAACCAACGAGGCAGGCTCT	1	R+14_2	Astronaut 2	R+14	R	11.0900141594567
R+14_2_GAACCACGATCTCCAGCTCT	1	R+14_2	Astronaut 2	R+14	R	8.55083492619623
R+14_2_GAACCCGCTCGGTCCGCTCT	0	R+14_2	Astronaut 2	R+14	R	14.6647262637995
R+14_2_GAACCTGCGCGATGAGTAAT	3	R+14_2	Astronaut 2	R+14	R	7.18029727207192
R+14_2_GAACCTTCATGACTGGTAAT	6	R+14_2	Astronaut 2	R+14	R	13.6638478156649
R+14_2_GACTGAGGCTCTCCAGTCCG	3	R+14_2	Astronaut 2	R+14	R	18.7247725231125
R+14_2_GACTGCGTCGCGCCTGCTCT	1	R+14_2	Astronaut 2	R+14	R	9.30855006871956
R+14_2_GACTGGCCTTCGATTGTAAT	0	R+14_2	Astronaut 2	R+14	R	14.5264002503922
R+14_2_GAGCTAGTTGGCCTTGTAAT	3	R+14_2	Astronaut 2	R+14	R	12.7728931853937
R+14_2_GAGCTCCGCTCGCAATAAGG	0	R+14_2	Astronaut 2	R+14	R	15.150849669263
R+14_2_GAGCTCTAACGAACCGCAGG	0	R+14_2	Astronaut 2	R+14	R	7.1105605151722
R+14_2_GAGCTCTACGGTAGAGGCAG	0	R+14_2	Astronaut 2	R+14	R	17.9936310929752
R+14_2_GAGCTCTGGACCGCTGGCAG	0	R+14_2	Astronaut 2	R+14	R	16.9999863297743
R+14_2_GAGCTGCAGGGATGAGTAAT	0	R+14_2	Astronaut 2	R+14	R	14.938404782089
R+14_2_GAGCTTGCGCCAACTGCTCT	3	R+14_2	Astronaut 2	R+14	R	10.6626348448367
R+14_2_GAGCTTTGAAGCAACGCGAA	0	R+14_2	Astronaut 2	R+14	R	8.11215753590668
R+14_2_GAGTCAGCGGCAGCGGTCCG	0	R+14_2	Astronaut 2	R+14	R	17.2353220036057
R+14_2_GAGTCGATATATTGGGTAGA	0	R+14_2	Astronaut 2	R+14	R	25.9250294380008
R+14_2_GAGTCGCCTTGAACCGCTCT	1	R+14_2	Astronaut 2	R+14	R	18.6605018192179
R+14_2_GATATGTCTAATTGGTAAGG	0	R+14_2	Astronaut 2	R+14	R	14.9217603159326
R+14_2_GATATTCTACCTCCAGGCAG	0	R+14_2	Astronaut 2	R+14	R	15.5417891636641
R+14_2_GATATTGGACGAGTCGCTCT	2	R+14_2	Astronaut 2	R+14	R	16.1564528524572
R+14_2_GATATTTCGAGCTCTGTAAT	1	R+14_2	Astronaut 2	R+14	R	16.0078860433703
R+14_2_GATGAAAGACGGAGCGTAAT	0	R+14_2	Astronaut 2	R+14	R	17.9913692962399
R+14_2_GATGAACTAACAATCGTAAT	0	R+14_2	Astronaut 2	R+14	R	14.9686317499431
R+14_2_GATGAAGTTGCCGCTGCGAA	2	R+14_2	Astronaut 2	R+14	R	14.5264004725025
R+14_2_GATGAATGCGCGACCGTAAT	2	R+14_2	Astronaut 2	R+14	R	16.0914130845779
R+14_2_GATGAGGCGTGCGAAGGTCC	0	R+14_2	Astronaut 2	R+14	R	10.0682630047819
R+14_2_GATGAGTAGAGAGCTGTCCG	1	R+14_2	Astronaut 2	R+14	R	12.7738331440826
R+14_2_GATGATCGTAATTCAGTAAT	0	R+14_2	Astronaut 2	R+14	R	15.9359081406621
R+14_2_GCAACACTTCCGAAGGTAAT	5	R+14_2	Astronaut 2	R+14	R	7.81177585921025
R+14_2_GCAACGCAACATTGGGCTCT	1	R+14_2	Astronaut 2	R+14	R	10.6626350669471
R+14_2_GCAACTCTACATTCAGCTCT	2	R+14_2	Astronaut 2	R+14	R	17.2353222257161
R+14_2_GCAACTGCTACGCAAGGTAA	0	R+14_2	Astronaut 2	R+14	R	17.2353224478265
R+14_2_GCAGGAACTCGTATCTAAGG	0	R+14_2	Astronaut 2	R+14	R	15.1004732887219
R+14_2_GCAGGCTGGAGTAATGGCAG	1	R+14_2	Astronaut 2	R+14	R	19.0945312182443
R+14_2_GCCTTAGGTCGCTGCGCTCT	0	R+14_2	Astronaut 2	R+14	R	11.0133735419725
R+14_2_GCCTTATTCACTCCAGTAAT	1	R+14_2	Astronaut 2	R+14	R	13.6243079787989
R+14_2_GCCTTCAGCGGATGAGCGAA	0	R+14_2	Astronaut 2	R+14	R	15.1508498913734
R+14_2_GCCTTCCTAGCGACCGGTCC	5	R+14_2	Astronaut 2	R+14	R	11.7484641194176
R+14_2_GCCTTTAGAGGCAACGCGAA	0	R+14_2	Astronaut 2	R+14	R	16.6276820287987
R+14_2_GCGAAAACCGCTACGGGCAG	0	R+14_2	Astronaut 2	R+14	R	19.4182249759141
R+14_2_GCGAAATTACGCAGGGCAGG	0	R+14_2	Astronaut 2	R+14	R	6.42783258606558
R+14_2_GCGAACAACTCCGCTGCTCT	3	R+14_2	Astronaut 2	R+14	R	10.139233637887
R+14_2_GCGAACGAAGGGCGTTAAGG	0	R+14_2	Astronaut 2	R+14	R	12.7747799682952
R+14_2_GCGAACGACCCTCCAGGCAG	0	R+14_2	Astronaut 2	R+14	R	14.921760538043
R+14_2_GCGAACGCAACTGGAGGCAG	0	R+14_2	Astronaut 2	R+14	R	16.1564530745676
R+14_2_GCGAACGCTCGAGCTGCTCT	0	R+14_2	Astronaut 2	R+14	R	19.4757924840408
R+14_2_GCGAACTACGGCGGTTAAGG	5	R+14_2	Astronaut 2	R+14	R	11.5386423655808
R+14_2_GCGAACTAGTCCGCTGGTCC	0	R+14_2	Astronaut 2	R+14	R	18.7582466104568
R+14_2_GCGAAGGCAGCCTCAGTCCG	0	R+14_2	Astronaut 2	R+14	R	12.5974539121812
R+14_2_GCGAATAGGACTAGTGTAAT	0	R+14_2	Astronaut 2	R+14	R	7.71257418580361
R+14_2_GCGAATATGCCGACCGTCCG	3	R+14_2	Astronaut 2	R+14	R	11.0133737640829
R+14_2_GCGAATGAGAGGTCCGTAAT	1	R+14_2	Astronaut 2	R+14	R	10.7940788432709
R+14_2_GCGGTAGAGTCTACGGCTCT	1	R+14_2	Astronaut 2	R+14	R	13.1123174530282
R+14_2_GCGGTGGAGCGAGTCTAAGG	0	R+14_2	Astronaut 2	R+14	R	11.0133739861933
R+14_2_GCGGTTCGCGCCTCAGCTCT	3	R+14_2	Astronaut 2	R+14	R	16.780458324852
R+14_2_GCTCTAAGGTCCTCATAAGG	6	R+14_2	Astronaut 2	R+14	R	16.7877742541638
R+14_2_GCTCTATTCAGCAGGGTCCG	0	R+14_2	Astronaut 2	R+14	R	18.0066636707584
R+14_2_GCTCTATTGGGGCAGGCTCT	0	R+14_2	Astronaut 2	R+14	R	27.3164802583911
R+14_2_GCTCTCAACTCGTCGGCTCT	0	R+14_2	Astronaut 2	R+14	R	18.061076259198
R+14_2_GCTCTTATCTGCAGGTAAGG	0	R+14_2	Astronaut 2	R+14	R	10.8170182205544
R+14_2_GCTGCAGTTGGGAGCGGCAG	0	R+14_2	Astronaut 2	R+14	R	20.4266035001063
R+14_2_GCTGCATGCGGTAATTAAGG	0	R+14_2	Astronaut 2	R+14	R	12.7761450409921
R+14_2_GCTGCCTAGTGCGAAGCTCT	1	R+14_2	Astronaut 2	R+14	R	9.19851105211521
R+14_2_GCTGCGCGAACCTAGGCAGG	0	R+14_2	Astronaut 2	R+14	R	11.0133742083037
R+14_2_GCTTGAGAGTCAGAAGTAAT	0	R+14_2	Astronaut 2	R+14	R	23.5025262938754
R+14_2_GCTTGATCCTCGGCAGCTCT	1	R+14_2	Astronaut 2	R+14	R	8.53716434395354
R+14_2_GCTTGATCCTGCTTGGCAGG	0	R+14_2	Astronaut 2	R+14	R	12.1403200651101
R+14_2_GCTTGGGAGCGAACCGGCAG	1	R+14_2	Astronaut 2	R+14	R	20.295518041241
R+14_2_GCTTGTAGAGGTAATGCTCT	6	R+14_2	Astronaut 2	R+14	R	10.043401125077
R+14_2_GCTTGTCAGTGCGAATAAGG	9	R+14_2	Astronaut 2	R+14	R	14.5054831242192
R+14_2_GCTTGTGCGCCTTAAGTAAT	6	R+14_2	Astronaut 2	R+14	R	6.85483070691366
R+14_2_GGAGCCAATCGAACCTAAGG	0	R+14_2	Astronaut 2	R+14	R	18.1934218791111
R+14_2_GGAGCGCCTTCTAGTGGTCC	1	R+14_2	Astronaut 2	R+14	R	18.7808053921249
R+14_2_GGAGCGTATCCGCTCGGTCC	3	R+14_2	Astronaut 2	R+14	R	17.0001419332876
R+14_2_GGCAGAACTCGCTGCGTAAT	6	R+14_2	Astronaut 2	R+14	R	11.0185259841946
R+14_2_GGCAGGCTGCCAGTTGCTCT	1	R+14_2	Astronaut 2	R+14	R	17.9407331402286
R+14_2_GGCAGTAGGACTAACGTAAT	4	R+14_2	Astronaut 2	R+14	R	7.81177608132063
R+14_2_GGCGTCAACTCGATTGTAAT	0	R+14_2	Astronaut 2	R+14	R	15.3045448576456
R+14_2_GGCGTTACGTGAACCGCTCT	1	R+14_2	Astronaut 2	R+14	R	18.6605020413283
R+14_2_GGCGTTCTACCAGTTGCAGG	3	R+14_2	Astronaut 2	R+14	R	12.210735498693
R+14_2_GGCGTTCTACCAGTTGGTAA	3	R+14_2	Astronaut 2	R+14	R	15.5521049319787
R+14_2_GGTAAAAGACGCTTGGTAAT	0	R+14_2	Astronaut 2	R+14	R	20.4969290332102
R+14_2_GGTAAAGAGTCCTAGGGCAG	0	R+14_2	Astronaut 2	R+14	R	9.49273288828454
R+14_2_GGTAAGTTAGGCTGCGCTCT	0	R+14_2	Astronaut 2	R+14	R	12.7761254505232
R+14_2_GGTAATGCGCCAGTTGGTCC	1	R+14_2	Astronaut 2	R+14	R	19.2302974647001
R+14_2_GGTCCATCCTCGATTGTAAT	0	R+14_2	Astronaut 2	R+14	R	16.78467039428
R+14_2_GGTCCGCTTGCGAAGGTAAT	0	R+14_2	Astronaut 2	R+14	R	16.0874892607282
R+14_2_GTAATCCATAGATATGCGAA	2	R+14_2	Astronaut 2	R+14	R	7.76495909222471
R+14_2_GTAATCGACCCTGGAGTAAT	9	R+14_2	Astronaut 2	R+14	R	9.12908431816572
R+14_2_GTAATCGGATGATGATAAGG	0	R+14_2	Astronaut 2	R+14	R	15.9746518605726
R+14_2_GTAATGAGTCCGGATTAAGG	0	R+14_2	Astronaut 2	R+14	R	14.9901180904519
R+14_2_GTAATGTCCGGGCAGGGTAA	3	R+14_2	Astronaut 2	R+14	R	18.7459913203758
R+14_2_GTAATTTGAACTAGTGCAGG	0	R+14_2	Astronaut 2	R+14	R	20.628273343536
R+14_2_GTAGAGGCGTGGCAGGCTCT	0	R+14_2	Astronaut 2	R+14	R	15.5858979383998
R+14_2_GTAGAGTAGACCTAGGTAAT	0	R+14_2	Astronaut 2	R+14	R	9.22215070485099
R+14_2_GTAGAGTAGAGAACCTAAGG	1	R+14_2	Astronaut 2	R+14	R	11.0133744304141
R+14_2_GTATCAACCGGTATCGCTCT	4	R+14_2	Astronaut 2	R+14	R	18.7582468325672
R+14_2_GTATCAAGCAGATATGCTCT	1	R+14_2	Astronaut 2	R+14	R	6.89625955028606
R+14_2_GTATCAGTTGGCAGGGGTCC	0	R+14_2	Astronaut 2	R+14	R	7.15790208523758
R+14_2_GTATCATCCTGCCTTTAAGG	0	R+14_2	Astronaut 2	R+14	R	8.53100424630899
R+14_2_GTATCCGCTCCTTAAGGTAA	0	R+14_2	Astronaut 2	R+14	R	11.7008225376546
R+14_2_GTATCCGTCGGTAATGCTCT	3	R+14_2	Astronaut 2	R+14	R	12.5148326218519
R+14_2_GTATCTGCGCATTGGTAAGG	0	R+14_2	Astronaut 2	R+14	R	13.7127118398993
R+14_2_GTCCGCTAGTCAGTTGCTCT	1	R+14_2	Astronaut 2	R+14	R	14.5531834567178
R+14_2_GTCCGGTTAGCAGTTGTAAT	0	R+14_2	Astronaut 2	R+14	R	10.7919006403455
R+14_2_GTCTAACTAAATTCAGGTAA	6	R+14_2	Astronaut 2	R+14	R	18.2864340358611
R+14_2_GTCTAAGGCTCGCCTGTCCG	1	R+14_2	Astronaut 2	R+14	R	15.1508501134838
R+14_2_GTCTAAGTTGCGCCTTAAGG	0	R+14_2	Astronaut 2	R+14	R	16.0614261390556
R+14_2_GTCTACCGCTGCGGTGCTCT	9	R+14_2	Astronaut 2	R+14	R	19.4535651037265
R+14_2_GTCTACGCCTGAACCGTAAT	5	R+14_2	Astronaut 2	R+14	R	7.6187735195312
R+14_2_GTCTAGAACCCCGCTGCTCT	0	R+14_2	Astronaut 2	R+14	R	12.087724331052
R+14_2_GTCTAGGTAAGGTAAGTAAT	0	R+14_2	Astronaut 2	R+14	R	7.79468295178511
R+14_2_GTCTATGCTACGGATTAAGG	0	R+14_2	Astronaut 2	R+14	R	10.8470853150902
R+14_2_GTTAGACTCGGGTCCGTAAT	4	R+14_2	Astronaut 2	R+14	R	10.4072377708944
R+14_2_GTTAGAGTTGCTCCAGCTCT	1	R+14_2	Astronaut 2	R+14	R	13.8895489365659
R+14_2_GTTAGCAACTGCGGTTAAGG	0	R+14_2	Astronaut 2	R+14	R	15.2880714812915
R+14_2_GTTAGCGAAGCTGGAGTCCG	0	R+14_2	Astronaut 2	R+14	R	10.8050966754492
R+14_2_GTTAGGCAACGATATGCTCT	1	R+14_2	Astronaut 2	R+14	R	18.336143589829
R+14_2_GTTAGGCCTTGCAACTAAGG	0	R+14_2	Astronaut 2	R+14	R	12.7729602685609
R+14_2_GTTAGGGCAGCCTAGTAAGG	0	R+14_2	Astronaut 2	R+14	R	13.7298113105079
R+14_2_GTTAGTTCATGATATGTAAT	5	R+14_2	Astronaut 2	R+14	R	6.8722138029894
R+14_2_TAAGGAACTCCCTCAGCGAA	4	R+14_2	Astronaut 2	R+14	R	18.2989959438832
R+14_2_TAAGGCAGAACGTCGGTAAT	5	R+14_2	Astronaut 2	R+14	R	6.85483092902404
R+14_2_TAAGGCCTAGGATATGCTCT	0	R+14_2	Astronaut 2	R+14	R	10.6626352890575
R+14_2_TAAGGCGGCACAGCGGGCAG	0	R+14_2	Astronaut 2	R+14	R	15.9526020186711
R+14_2_TAAGGGAGTCGCTGCGCTCT	3	R+14_2	Astronaut 2	R+14	R	21.735621756157
R+14_2_TAAGGTTATGCCTAGGTAAT	1	R+14_2	Astronaut 2	R+14	R	10.6626355111679
R+14_2_TACGTGCTTGCGATTTAAGG	1	R+14_2	Astronaut 2	R+14	R	14.5264006946129
R+14_2_TACGTGGAGCATTGGGGCAG	0	R+14_2	Astronaut 2	R+14	R	11.3501525238747
R+14_2_TAGAGACTTCCTAGTGTAGA	3	R+14_2	Astronaut 2	R+14	R	8.55781902930551
R+14_2_TAGAGATCTGCTAGTGCAGG	1	R+14_2	Astronaut 2	R+14	R	14.5264009167233
R+14_2_TAGAGATTACGAGCTGGTCC	0	R+14_2	Astronaut 2	R+14	R	15.6080514197321
R+14_2_TAGAGGGTAAGGAGCGGTAA	0	R+14_2	Astronaut 2	R+14	R	19.0894316596685
R+14_2_TAGAGGTAGAATTCAGCTCT	0	R+14_2	Astronaut 2	R+14	R	25.690413543801
R+14_2_TAGAGTATCTGCAGGGCAGG	0	R+14_2	Astronaut 2	R+14	R	14.6647264859099
R+14_2_TAGAGTCTACGATGAGTAGA	0	R+14_2	Astronaut 2	R+14	R	35.9377917957771
R+14_2_TAGAGTGCGCGAGCTGTAAT	0	R+14_2	Astronaut 2	R+14	R	11.1032068375556
R+14_2_TAGGAAAGCACTTAAGTAAT	3	R+14_2	Astronaut 2	R+14	R	11.0133746525244
R+14_2_TAGGAACGATCTAGTTAAGG	5	R+14_2	Astronaut 2	R+14	R	16.9735918635496
R+14_2_TAGGACAGCGCTAACGGTAA	0	R+14_2	Astronaut 2	R+14	R	14.990897048243
R+14_2_TAGGAGCCTTGTAATGTCCG	0	R+14_2	Astronaut 2	R+14	R	10.8204755598078
R+14_2_TAGGAGGTAACTACGGTAAT	2	R+14_2	Astronaut 2	R+14	R	24.7467153989436
R+14_2_TAGGATAGAGCTCCAGCGAA	3	R+14_2	Astronaut 2	R+14	R	14.6647267080203
R+14_2_TAGGATTCGACTAACGCTCT	0	R+14_2	Astronaut 2	R+14	R	15.0380656845342
R+14_2_TAGGATTCGAGCAACGGTAA	0	R+14_2	Astronaut 2	R+14	R	20.5609559286382
R+14_2_TATCTACTAACCGCTGTAAT	0	R+14_2	Astronaut 2	R+14	R	9.96361874416049
R+14_2_TATCTATTGGGCTGCGCGAA	0	R+14_2	Astronaut 2	R+14	R	19.7201088065055
R+14_2_TATCTGAACCGAACCGGTAA	6	R+14_2	Astronaut 2	R+14	R	14.6647269301307
R+14_2_TATCTGCTTGCGGATGTAAT	2	R+14_2	Astronaut 2	R+14	R	19.8885054709553
R+14_2_TATCTGTAGAGCTCTGTAAT	5	R+14_2	Astronaut 2	R+14	R	10.8021845226283
R+14_2_TATGCAGGTCGAGCTGCTCT	0	R+14_2	Astronaut 2	R+14	R	17.4929467981269
R+14_2_TATTGAGAACGGTCCGTAAT	4	R+14_2	Astronaut 2	R+14	R	13.5496775240617
R+14_2_TATTGATCCTCAGTTGCGAA	0	R+14_2	Astronaut 2	R+14	R	14.9354141081571
R+14_2_TATTGGCAGGGAGCTGTAAT	3	R+14_2	Astronaut 2	R+14	R	14.6647271522411
R+14_2_TATTGTACGTCAATCTAAGG	6	R+14_2	Astronaut 2	R+14	R	15.9305075491033
R+14_2_TATTGTCCGGGCAACGTAAT	1	R+14_2	Astronaut 2	R+14	R	13.473867582923
R+14_2_TCAGTGCTGCGCAACTAAGG	6	R+14_2	Astronaut 2	R+14	R	15.5885331150984
R+14_2_TCAGTTTAGCCGAAGGCAGG	0	R+14_2	Astronaut 2	R+14	R	16.7877744762742
R+14_2_TCATCACCAGGGAGCGTAAT	1	R+14_2	Astronaut 2	R+14	R	7.24148987683858
R+14_2_TCATCAGGTCATTGGGTCCG	1	R+14_2	Astronaut 2	R+14	R	19.8977371680658
R+14_2_TCATCAGTTGGCTCTGCTCT	4	R+14_2	Astronaut 2	R+14	R	8.67827922911915
R+14_2_TCATCGCTCTCCTAGGCAGG	4	R+14_2	Astronaut 2	R+14	R	14.9217607601534
R+14_2_TCATCTATCTCGCCTGCGAA	4	R+14_2	Astronaut 2	R+14	R	18.6229986406938
R+14_2_TCCGGAACCGCAGAAGTAAT	3	R+14_2	Astronaut 2	R+14	R	17.2353226699369
R+14_2_TCCGGAAGACCGCTCGCTCT	1	R+14_2	Astronaut 2	R+14	R	11.0133748746348
R+14_2_TCCGGACTAACCTAGGTAAT	0	R+14_2	Astronaut 2	R+14	R	13.0326017357905
R+14_2_TCCGGACTAACCTAGGTTAG	0	R+14_2	Astronaut 2	R+14	R	10.6626357332783
R+14_2_TCCGGACTAACCTAGTAAGG	0	R+14_2	Astronaut 2	R+14	R	11.0763347676351
R+14_2_TCCGGATCTGGCTGCTAAGG	0	R+14_2	Astronaut 2	R+14	R	16.719205668053
R+14_2_TCCGGCAGTTCGAAGGCTCT	2	R+14_2	Astronaut 2	R+14	R	11.02588612429
R+14_2_TCCGGCAGTTCTCCAGTAAT	0	R+14_2	Astronaut 2	R+14	R	12.1375753638468
R+14_2_TCCGGGAACCCGCAAGCAGG	0	R+14_2	Astronaut 2	R+14	R	11.0846787464391
R+14_2_TCCGGGAGCTCTGGAGCTCT	0	R+14_2	Astronaut 2	R+14	R	26.8900816980621
R+14_2_TCCGGGAGTCCGCAAGTAAT	5	R+14_2	Astronaut 2	R+14	R	9.22511573006913
R+14_2_TCCGGTATGCATTGGGTAAT	1	R+14_2	Astronaut 2	R+14	R	19.0381535704409
R+14_2_TCGCGATCTGGAACCGGTCC	0	R+14_2	Astronaut 2	R+14	R	17.4504622088658
R+14_2_TCGCGCCTCACCTAGGCTCT	0	R+14_2	Astronaut 2	R+14	R	15.3192566586212
R+14_2_TCGCGCTCCACTACGGTAAT	0	R+14_2	Astronaut 2	R+14	R	15.6637779907627
R+14_2_TCGCGGCAACGGTAAGCTCT	0	R+14_2	Astronaut 2	R+14	R	11.0526977836382
R+14_2_TCGCGGTATCGGCAGGGTCC	5	R+14_2	Astronaut 2	R+14	R	14.9319942255563
R+14_2_TCGCGGTTAGCCTCAGTAAT	1	R+14_2	Astronaut 2	R+14	R	37.5322571402678
R+14_2_TCGTAACTCGCGGCAGGTAA	6	R+14_2	Astronaut 2	R+14	R	9.99092748441214
R+14_2_TCGTACCTCAGAGTCGTCCG	0	R+14_2	Astronaut 2	R+14	R	15.1508503355942
R+14_2_TCGTAGCAACGAGTCGTCCG	0	R+14_2	Astronaut 2	R+14	R	11.0133750967452
R+14_2_TCGTATATTGCTAGTGCTCT	3	R+14_2	Astronaut 2	R+14	R	11.0133753188556
R+14_2_TCGTATCGTACTACGGTAAT	0	R+14_2	Astronaut 2	R+14	R	11.013375540966
R+14_2_TCTACAGTTGCCGCTTAAGG	4	R+14_2	Astronaut 2	R+14	R	9.43624612056983
R+14_2_TCTACATGCGCAGCGGCAGG	1	R+14_2	Astronaut 2	R+14	R	11.084203958865
R+14_2_TCTACGACTGCAGTTGCTCT	1	R+14_2	Astronaut 2	R+14	R	15.3368825899469
R+14_2_TCTACGGCGTCTAACGTAAT	6	R+14_2	Astronaut 2	R+14	R	7.30903717739069
R+14_2_TCTACTGCTACTAGTGCAGG	1	R+14_2	Astronaut 2	R+14	R	14.6647273743515
R+14_2_TGAGAAACGAGTATCGGTCC	9	R+14_2	Astronaut 2	R+14	R	14.5264011388337
R+14_2_TGAGAAACTCCGGCATAAGG	0	R+14_2	Astronaut 2	R+14	R	14.9264200558115
R+14_2_TGAGACCGCTCCTAGGTTAG	0	R+14_2	Astronaut 2	R+14	R	17.2353228920473
R+14_2_TGAGACGGATGCTCTTAAGG	0	R+14_2	Astronaut 2	R+14	R	16.7877746983846
R+14_2_TGAGAGATGAGATATGGCAG	3	R+14_2	Astronaut 2	R+14	R	14.9217609822638
R+14_2_TGAGAGTCTACGATTGGCAG	0	R+14_2	Astronaut 2	R+14	R	18.6544164690184
R+14_2_TGAGATGGACCTGGAGGTAA	6	R+14_2	Astronaut 2	R+14	R	11.350152745985
R+14_2_TGCGCACTCGCTTAAGTAAT	0	R+14_2	Astronaut 2	R+14	R	15.1508505577046
R+14_2_TGCGCATGCGCAGTTGCTCT	0	R+14_2	Astronaut 2	R+14	R	13.5948072622186
R+14_2_TGCGCCAGTTGCTTGGCTCT	3	R+14_2	Astronaut 2	R+14	R	10.6626359553886
R+14_2_TGCGCCTAACGATATGTAAT	1	R+14_2	Astronaut 2	R+14	R	11.0133757630764
R+14_2_TGCGCGAGTCCAGAAGCAGG	6	R+14_2	Astronaut 2	R+14	R	14.9306425281095
R+14_2_TGCGCGATATCAATCGGCAG	0	R+14_2	Astronaut 2	R+14	R	14.5264013609441
R+14_2_TGCGCGGTAACCTCAGCTCT	0	R+14_2	Astronaut 2	R+14	R	19.2568495905304
R+14_2_TGCTAGATATCTAACGGTCC	0	R+14_2	Astronaut 2	R+14	R	18.0119345620685
R+14_2_TGCTAGTAATCGCTCGGTAA	0	R+14_2	Astronaut 2	R+14	R	19.1890013987518
R+14_2_TGCTAGTATCCTCCAGCAGG	5	R+14_2	Astronaut 2	R+14	R	10.8048738178731
R+14_2_TGCTATCTACCTACGGTAAT	5	R+14_2	Astronaut 2	R+14	R	14.9556030721609
R+14_2_TGGACAGGCTCTACGGTAAT	5	R+14_2	Astronaut 2	R+14	R	7.79033284841488
R+14_2_TGGACATTACGCCTTGCGAA	0	R+14_2	Astronaut 2	R+14	R	19.8977373901762
R+14_2_TGGACCAGTTCAGCGGTAAT	0	R+14_2	Astronaut 2	R+14	R	20.5675928323935
R+14_2_TGGACGCTCTGCAACGTAAT	5	R+14_2	Astronaut 2	R+14	R	19.2332282010182
R+14_2_TTAGCCTTAAGAGTCGTAAT	2	R+14_2	Astronaut 2	R+14	R	20.1796241723262
R+14_2_TTATGAACGAGTAGAGGCAG	0	R+14_2	Astronaut 2	R+14	R	18.1454018553995
R+14_2_TTATGAACTCGGCGTGCTCT	1	R+14_2	Astronaut 2	R+14	R	13.6101177007931
R+14_2_TTATGGAGCTCTACGGTAAT	5	R+14_2	Astronaut 2	R+14	R	17.2353231141576
R+14_2_TTATGGCGGTCAGAAGTAAT	0	R+14_2	Astronaut 2	R+14	R	9.87662010683023
R+14_2_TTATGGGCGTGCAACGTAAT	0	R+14_2	Astronaut 2	R+14	R	14.6647275964619
R+14_2_TTATGGTTAGCGGCAGTTAG	5	R+14_2	Astronaut 2	R+14	R	17.235323336268
R+14_2_TTCATACTAACCTCAGTATC	0	R+14_2	Astronaut 2	R+14	R	7.81177630343102
R+14_2_TTCATAGAGTGAACCGGTAA	0	R+14_2	Astronaut 2	R+14	R	24.7172637000393
R+14_2_TTCATCAGAAGGTAAGCTCT	0	R+14_2	Astronaut 2	R+14	R	19.0476184127399
R+14_2_TTCATCAGTTATTGGGCTCT	0	R+14_2	Astronaut 2	R+14	R	19.2085506291119
R+14_2_TTCATCCTCACCTAGGCTCT	0	R+14_2	Astronaut 2	R+14	R	19.0342718019941
R+14_2_TTCATTATTGCTAACGGCAG	1	R+14_2	Astronaut 2	R+14	R	19.7133460486254
R+14_2_TTCGAACCAGCGATTTAAGG	0	R+14_2	Astronaut 2	R+14	R	12.7753068069638
R+14_2_TTCGAATCCTGTATCGTAAT	1	R+14_2	Astronaut 2	R+14	R	14.9925322233857
R+14_2_TTCGACCATACGATTGCTCT	8	R+14_2	Astronaut 2	R+14	R	17.2353235583784
R+14_2_TTCGACGTCGGCGGTGCAGG	4	R+14_2	Astronaut 2	R+14	R	11.0133759851868
R+14_2_TTCGAGCTTGCGAAGGTAAT	0	R+14_2	Astronaut 2	R+14	R	13.5641478498618
R+14_2_TTCGATTGAACGTCGGGTAA	0	R+14_2	Astronaut 2	R+14	R	14.5264015830545
R+14_2_TTGAACCATAGCTCTGTAAT	1	R+14_2	Astronaut 2	R+14	R	13.9566013479529
R+14_2_TTGAACTAACGATATGTATC	7	R+14_2	Astronaut 2	R+14	R	17.7280858797643
R+14_3_AACCGAAGGTCTAGTGTCCG	0	R+14_3	Astronaut 3	R+14	R	26.9153542612311
R+14_3_AACCGTATCTGTATCGTAAT	1	R+14_3	Astronaut 3	R+14	R	14.2906724879593
R+14_3_AACCGTTATGCAGAAGCTCT	0	R+14_3	Astronaut 3	R+14	R	19.8302385522453
R+14_3_AACCGTTCATGAACCGTAAT	0	R+14_3	Astronaut 3	R+14	R	24.7038838749704
R+14_3_AACGAAAGACGCTGCGGTCC	0	R+14_3	Astronaut 3	R+14	R	18.6605022634387
R+14_3_AACGAAGGTCCAACTGCTCT	6	R+14_3	Astronaut 3	R+14	R	19.1890016208622
R+14_3_AACGAGAACCGAACCGCTCT	2	R+14_3	Astronaut 3	R+14	R	18.5541007621618
R+14_3_AACTCATTGGCTGGAGCTCT	0	R+14_3	Astronaut 3	R+14	R	18.2338692326208
R+14_3_AACTCGCCTTGAGTCGCTCT	0	R+14_3	Astronaut 3	R+14	R	27.4809089848306
R+14_3_AACTCGCGAAGGTAAGTAGA	3	R+14_3	Astronaut 3	R+14	R	16.156453296678
R+14_3_AACTCGGAGCGGCAGGCTCT	1	R+14_3	Astronaut 3	R+14	R	14.4408111632293
R+14_3_AACTCGGCAGCTACGGCGAA	0	R+14_3	Astronaut 3	R+14	R	23.3408481507893
R+14_3_AACTCGTCTACTAGTTAAGG	1	R+14_3	Astronaut 3	R+14	R	12.3516212049509
R+14_3_AAGACGATATCAGTTGCTCT	4	R+14_3	Astronaut 3	R+14	R	29.275816352939
R+14_3_AAGACGGCGTCTGGAGCTCT	0	R+14_3	Astronaut 3	R+14	R	24.3084897191918
R+14_3_AAGACGTAGAGCGAAGTAAT	1	R+14_3	Astronaut 3	R+14	R	17.5086203119649
R+14_3_AAGCAACCAGGCAGGGCGAA	5	R+14_3	Astronaut 3	R+14	R	24.7326181470512
R+14_3_AAGCAACTTCCTCCAGCTCT	1	R+14_3	Astronaut 3	R+14	R	21.5377360634877
R+14_3_AAGCAATTGGCCTCAGGTAA	0	R+14_3	Astronaut 3	R+14	R	26.889896380897
R+14_3_AAGCAGCGAAGAGCTGTTAG	3	R+14_3	Astronaut 3	R+14	R	18.6605024855491
R+14_3_AAGCAGCTGCCTGGAGTTAG	0	R+14_3	Astronaut 3	R+14	R	18.5629770135553
R+14_3_AAGCAGCTTGCAGAAGCTCT	1	R+14_3	Astronaut 3	R+14	R	17.5064353349202
R+14_3_AAGCAGGAGCGTATCGGCAG	0	R+14_3	Astronaut 3	R+14	R	17.4504624309762
R+14_3_AAGCAGGCAGGCTTGTAAGG	5	R+14_3	Astronaut 3	R+14	R	15.4317813101084
R+14_3_AAGCAGTCCGGCTGCTAAGG	3	R+14_3	Astronaut 3	R+14	R	14.9217612043742
R+14_3_AAGCATCGCGGGCAGGCAGG	0	R+14_3	Astronaut 3	R+14	R	13.9332499737127
R+14_3_AAGGTCGGCAGGCAGGCTCT	0	R+14_3	Astronaut 3	R+14	R	18.5494122055564
R+14_3_AAGGTGAGCTCTTAAGTCCG	0	R+14_3	Astronaut 3	R+14	R	32.0245120480876
R+14_3_AAGGTGCAACGTAATGGTAA	0	R+14_3	Astronaut 3	R+14	R	29.2110904539786
R+14_3_AAGGTGTAGACGATTGCTCT	1	R+14_3	Astronaut 3	R+14	R	19.4134391128423
R+14_3_AAGGTTCGTAGGCGTGTTAG	4	R+14_3	Astronaut 3	R+14	R	19.7201090286159
R+14_3_ACCAGGATATCGCCTGCGAA	1	R+14_3	Astronaut 3	R+14	R	18.0632489130384
R+14_3_ACCTAGATATCCTAGGTAAT	2	R+14_3	Astronaut 3	R+14	R	24.3084899413022
R+14_3_ACGATAAGACGTATCGTCCG	1	R+14_3	Astronaut 3	R+14	R	16.1604390009401
R+14_3_ACGATCAGCGGGCAGGTTAG	0	R+14_3	Astronaut 3	R+14	R	23.4621005139016
R+14_3_ACGATCAGTTGGCGTGGCAG	2	R+14_3	Astronaut 3	R+14	R	19.0412288513247
R+14_3_ACGATGATATGTATCTAAGG	0	R+14_3	Astronaut 3	R+14	R	19.4288301284514
R+14_3_ACGATGGCAGGGAGCGTTAG	2	R+14_3	Astronaut 3	R+14	R	33.9390189087548
R+14_3_ACGATGTAATGGTAATAAGG	1	R+14_3	Astronaut 3	R+14	R	17.4504626530866
R+14_3_ACGATGTATCGTAGAGCTCT	0	R+14_3	Astronaut 3	R+14	R	24.3084901634126
R+14_3_ACGATTTGAACCTCAGCTCT	3	R+14_3	Astronaut 3	R+14	R	19.7009746182269
R+14_3_ACTAAATTGGCAGAATAAGG	1	R+14_3	Astronaut 3	R+14	R	14.4484505992155
R+14_3_ACTAACGTCGCCTAGGTAAT	2	R+14_3	Astronaut 3	R+14	R	24.4094560139864
R+14_3_ACTAACGTCGGGTCCGTTAG	0	R+14_3	Astronaut 3	R+14	R	18.2591935132138
R+14_3_ACTAAGAGTCGCTCTGCTCT	4	R+14_3	Astronaut 3	R+14	R	26.8812660748962
R+14_3_ACTAAGGCAGGCGAAGGCAG	6	R+14_3	Astronaut 3	R+14	R	16.1564535187884
R+14_3_ACTAATATGCGGCAGGGTCC	4	R+14_3	Astronaut 3	R+14	R	24.5686824427921
R+14_3_ACTAATGGACCCTAGGCGAA	0	R+14_3	Astronaut 3	R+14	R	24.308490385523
R+14_3_ACTCGCCTAGGTAATGGTAA	1	R+14_3	Astronaut 3	R+14	R	22.0472148060283
R+14_3_ACTTCAGGCTCGCCTGCGAA	0	R+14_3	Astronaut 3	R+14	R	16.0874894828386
R+14_3_ACTTCTTGAACTCCAGGTCC	0	R+14_3	Astronaut 3	R+14	R	17.5038364999473
R+14_3_AGAACACCAGGCTGCGGTAA	4	R+14_3	Astronaut 3	R+14	R	17.4665832450935
R+14_3_AGAACCAATCGCCTTGTAAT	2	R+14_3	Astronaut 3	R+14	R	17.450462875197
R+14_3_AGAACCGTCGGATGAGGTCC	7	R+14_3	Astronaut 3	R+14	R	19.5508811181309
R+14_3_AGAACCGTCGGCAGGGGTAA	6	R+14_3	Astronaut 3	R+14	R	20.1107021440568
R+14_3_AGAACGGCAGCGCCTGGTAA	8	R+14_3	Astronaut 3	R+14	R	14.9300528538112
R+14_3_AGAACTCGTAGCTCTGGTAA	0	R+14_3	Astronaut 3	R+14	R	22.038308258282
R+14_3_AGAACTCTACCGAAGGCGAA	0	R+14_3	Astronaut 3	R+14	R	24.3084906076333
R+14_3_AGAACTGCGCGGCGTGCTCT	5	R+14_3	Astronaut 3	R+14	R	9.43624634268021
R+14_3_AGAACTTGAACTGGAGTATC	0	R+14_3	Astronaut 3	R+14	R	27.502903644821
R+14_3_AGAGTACTAAATTGGGCTCT	3	R+14_3	Astronaut 3	R+14	R	18.0821153794711
R+14_3_AGAGTAGTTGCTAACGCGAA	0	R+14_3	Astronaut 3	R+14	R	19.706659698464
R+14_3_AGAGTCGGATCGAAGGCGAA	4	R+14_3	Astronaut 3	R+14	R	16.6173848618725
R+14_3_AGAGTCGTCGGAGTCGTAGA	0	R+14_3	Astronaut 3	R+14	R	25.9250296601112
R+14_3_AGAGTGCTCTCAGCGTAAGG	4	R+14_3	Astronaut 3	R+14	R	26.2723245934625
R+14_3_AGCGGGATATGATGAGTAAT	2	R+14_3	Astronaut 3	R+14	R	35.9377920178875
R+14_3_AGGCTGCTGCGAGTCGTAAT	3	R+14_3	Astronaut 3	R+14	R	15.5956121126042
R+14_3_AGGCTGGTCCGCGGTGGTCC	6	R+14_3	Astronaut 3	R+14	R	14.4978517415882
R+14_3_AGGTCACCAGCTGGAGTAAT	0	R+14_3	Astronaut 3	R+14	R	28.2677143831266
R+14_3_AGGTCAGGTCGGTCCGTAAT	1	R+14_3	Astronaut 3	R+14	R	20.558019402859
R+14_3_AGTTGAAGGTGCAGGGTCCG	3	R+14_3	Astronaut 3	R+14	R	10.8025602046544
R+14_3_AGTTGAGAACATTGGGGTCC	2	R+14_3	Astronaut 3	R+14	R	26.4029775211984
R+14_3_ATCCTCCATAATTGGGCTCT	0	R+14_3	Astronaut 3	R+14	R	18.1200121412472
R+14_3_ATCTGGAACCCCGCTGGCAG	0	R+14_3	Astronaut 3	R+14	R	16.3380260143261
R+14_3_ATCTGGCCTTGATGAGCTCT	0	R+14_3	Astronaut 3	R+14	R	10.662636177499
R+14_3_ATCTGGTTAGGGTAAGCGAA	1	R+14_3	Astronaut 3	R+14	R	18.1850585976845
R+14_3_ATGCGGGAGCGAGTCGCTCT	0	R+14_3	Astronaut 3	R+14	R	26.685019255734
R+14_3_ATGCGGTCTACAGCGGGTAA	0	R+14_3	Astronaut 3	R+14	R	25.9250298822216
R+14_3_ATGCGTACGTGATGAGTTAG	0	R+14_3	Astronaut 3	R+14	R	24.6577520375954
R+14_3_ATGCGTAGGACGGATGTAGA	0	R+14_3	Astronaut 3	R+14	R	20.6199350327666
R+14_3_ATGCGTTAGCGAGTCGTAAT	1	R+14_3	Astronaut 3	R+14	R	24.7266686939085
R+14_3_ATGGCCAGAAGAGTCTAAGG	0	R+14_3	Astronaut 3	R+14	R	19.0533129182565
R+14_3_ATGGCGGTAACCATATAAGG	1	R+14_3	Astronaut 3	R+14	R	18.0915244319844
R+14_3_ATGGCGGTAAGATGATAAGG	0	R+14_3	Astronaut 3	R+14	R	21.1161090127522
R+14_3_ATGGCGGTAAGGTAATAAGG	0	R+14_3	Astronaut 3	R+14	R	23.2519983055361
R+14_3_ATGGCTACGTGTAGAGGTAA	4	R+14_3	Astronaut 3	R+14	R	17.7119770696351
R+14_3_ATGGCTCATCGGTCCTAAGG	0	R+14_3	Astronaut 3	R+14	R	26.8759534549559
R+14_3_ATTACAGCGGGAACCTAAGG	1	R+14_3	Astronaut 3	R+14	R	16.7312728370491
R+14_3_ATTACGTAGACTCCAGCTCT	1	R+14_3	Astronaut 3	R+14	R	24.3810288423391
R+14_3_ATTACTCCGGCGACCGTAAT	1	R+14_3	Astronaut 3	R+14	R	17.4504630973074
R+14_3_ATTACTGCGCGCTTGGTAAT	0	R+14_3	Astronaut 3	R+14	R	20.2478393749728
R+14_3_ATTCAAGAGTGCAACGCTCT	6	R+14_3	Astronaut 3	R+14	R	16.3420969083949
R+14_3_ATTCAAGGCTGCGGTGTAAT	6	R+14_3	Astronaut 3	R+14	R	14.6647278185723
R+14_3_ATTCAAGTTGGATATGTATC	0	R+14_3	Astronaut 3	R+14	R	30.1383588444807
R+14_3_ATTCAGCGAACCGCTGCGAA	0	R+14_3	Astronaut 3	R+14	R	17.4869294970212
R+14_3_ATTCAGCTTGCAGTTGGTAA	4	R+14_3	Astronaut 3	R+14	R	23.4374266924642
R+14_3_ATTGGATGCGATTGGGTAAT	8	R+14_3	Astronaut 3	R+14	R	11.0159169416428
R+14_3_ATTGGCAACTGAGCTGGCAG	0	R+14_3	Astronaut 3	R+14	R	21.0655638120507
R+14_3_ATTGGCCTAGGGTCCGCTCT	3	R+14_3	Astronaut 3	R+14	R	18.5867202009052
R+14_3_ATTGGGTATCGATGAGTAAT	9	R+14_3	Astronaut 3	R+14	R	23.4280939850167
R+14_3_ATTGGTCTACCGCTCGCTCT	0	R+14_3	Astronaut 3	R+14	R	15.992010800322
R+14_3_CAACTTCTACGATGAGTAAT	1	R+14_3	Astronaut 3	R+14	R	19.4909238880472
R+14_3_CAATCCCTCACTTAAGTTAG	0	R+14_3	Astronaut 3	R+14	R	28.299780003005
R+14_3_CAATCCGTCGCCTAGGCGAA	9	R+14_3	Astronaut 3	R+14	R	22.8377235952416
R+14_3_CAATCTGAGAGCAGGGCTCT	0	R+14_3	Astronaut 3	R+14	R	20.2874172658886
R+14_3_CAGAAACTCGGCGGTGTAAT	3	R+14_3	Astronaut 3	R+14	R	13.6555474916454
R+14_3_CAGAACCGCTGGCGTGCAGG	0	R+14_3	Astronaut 3	R+14	R	16.9876282091481
R+14_3_CAGAAGAGCTGAACCGCTCT	6	R+14_3	Astronaut 3	R+14	R	24.2163152752489
R+14_3_CAGAAGAGTCGGTAATAAGG	0	R+14_3	Astronaut 3	R+14	R	19.7163518584891
R+14_3_CAGCGCTACGCCATAGTAGA	1	R+14_3	Astronaut 3	R+14	R	26.8737811627421
R+14_3_CAGCGTAGAGCCGCTGTAGA	1	R+14_3	Astronaut 3	R+14	R	21.8032152272244
R+14_3_CAGCGTCGTACGAAGGCTCT	1	R+14_3	Astronaut 3	R+14	R	23.4751420026459
R+14_3_CAGCGTGCTAGATGAGCGAA	4	R+14_3	Astronaut 3	R+14	R	19.4053063571532
R+14_3_CAGTTAAGACGCAACGGTCC	3	R+14_3	Astronaut 3	R+14	R	27.5272750355327
R+14_3_CAGTTAGCGGCGCCTGCTCT	0	R+14_3	Astronaut 3	R+14	R	19.2200083409856
R+14_3_CAGTTATTGGGAGTCGTAAT	2	R+14_3	Astronaut 3	R+14	R	19.448396211586
R+14_3_CAGTTTGAGAGCGGTGCTCT	1	R+14_3	Astronaut 3	R+14	R	18.6605027076595
R+14_3_CAGTTTGCTACTAGTGTAAT	0	R+14_3	Astronaut 3	R+14	R	16.6005518234065
R+14_3_CCATACGCCTGCAACGCTCT	1	R+14_3	Astronaut 3	R+14	R	18.1755259322795
R+14_3_CCATACGGCAGAACCGGTAA	3	R+14_3	Astronaut 3	R+14	R	14.5264018051649
R+14_3_CCATAGGTAAGGTCCTAAGG	0	R+14_3	Astronaut 3	R+14	R	19.4136422643834
R+14_3_CCATAGTCTACCTAGGTAAT	1	R+14_3	Astronaut 3	R+14	R	14.5264020272752
R+14_3_CCATATATCTGGTCCGGTCC	0	R+14_3	Astronaut 3	R+14	R	28.4282421374282
R+14_3_CCATATCGTACGGCAGGTAA	4	R+14_3	Astronaut 3	R+14	R	19.4189894978549
R+14_3_CCGCTACTAACAGAAGTAAT	0	R+14_3	Astronaut 3	R+14	R	22.3880710837487
R+14_3_CCGCTATTGGGGAGCGTAAT	6	R+14_3	Astronaut 3	R+14	R	24.3084908297437
R+14_3_CCGCTTTGAACAGTTGTTAG	0	R+14_3	Astronaut 3	R+14	R	24.3084910518541
R+14_3_CCTAGACTCGCCTCAGTAAT	0	R+14_3	Astronaut 3	R+14	R	16.7140145007245
R+14_3_CCTAGCTAACGATGAGGCAG	0	R+14_3	Astronaut 3	R+14	R	19.7009748403373
R+14_3_CCTAGCTGGACGCCTGCTCT	6	R+14_3	Astronaut 3	R+14	R	17.4934736830236
R+14_3_CCTAGGAGCTGCGGTTAAGG	2	R+14_3	Astronaut 3	R+14	R	19.0099547823952
R+14_3_CCTCAAAGCAGATGAGCTCT	0	R+14_3	Astronaut 3	R+14	R	16.7487449354221
R+14_3_CCTCAGCTCTATTCAGTAAT	0	R+14_3	Astronaut 3	R+14	R	23.4280942071271
R+14_3_CCTCAGGTCCATTGGGTAGA	4	R+14_3	Astronaut 3	R+14	R	23.4427395835207
R+14_3_CCTCATATGCCCGCTTAAGG	0	R+14_3	Astronaut 3	R+14	R	16.5582773554832
R+14_3_CCTCATCGCGCGATTGTAAT	6	R+14_3	Astronaut 3	R+14	R	16.996552620074
R+14_3_CCTCATCGTACAGAAGTAAT	1	R+14_3	Astronaut 3	R+14	R	16.0874897049489
R+14_3_CGAAGAGCGGGTAATGTAAT	2	R+14_3	Astronaut 3	R+14	R	14.6572540060957
R+14_3_CGAAGCAGCGGAGCTGGTAA	0	R+14_3	Astronaut 3	R+14	R	20.5188192318286
R+14_3_CGACCACTAACGATTTAAGG	0	R+14_3	Astronaut 3	R+14	R	18.5852790112457
R+14_3_CGACCACTAACTTAAGTAAT	1	R+14_3	Astronaut 3	R+14	R	16.1564537408988
R+14_3_CGACCCGACCCGCAAGTCCG	0	R+14_3	Astronaut 3	R+14	R	24.7467156210539
R+14_3_CGACCGCCTTGGAGCTAAGG	3	R+14_3	Astronaut 3	R+14	R	18.6605029297699
R+14_3_CGACCGCCTTGTAGAGGTCC	0	R+14_3	Astronaut 3	R+14	R	25.925030104332
R+14_3_CGATTAAGGTGCTGCGTTAG	1	R+14_3	Astronaut 3	R+14	R	17.940733362339
R+14_3_CGATTACCAGGCGAAGCTCT	1	R+14_3	Astronaut 3	R+14	R	17.4993671915943
R+14_3_CGCAAAACCGCAATCGTCCG	2	R+14_3	Astronaut 3	R+14	R	19.7201092507263
R+14_3_CGCAACAACTGATGAGGCAG	0	R+14_3	Astronaut 3	R+14	R	19.421290993289
R+14_3_CGCAACTAACCTACGGCTCT	0	R+14_3	Astronaut 3	R+14	R	24.6617728570658
R+14_3_CGCAAGCTGCGCTTGTAAGG	2	R+14_3	Astronaut 3	R+14	R	16.078246379709
R+14_3_CGCAAGGAGCGTATCGCTCT	5	R+14_3	Astronaut 3	R+14	R	10.7877533946502
R+14_3_CGCCTATTCAGGAGCGTAGA	1	R+14_3	Astronaut 3	R+14	R	20.6246307640419
R+14_3_CGCCTCAGAAGCCTTGCTCT	1	R+14_3	Astronaut 3	R+14	R	25.9250303264423
R+14_3_CGCCTTACGTCGCCTGGCAG	1	R+14_3	Astronaut 3	R+14	R	19.1122496728207
R+14_3_CGCTCACTTCGGAGCGGTAA	1	R+14_3	Astronaut 3	R+14	R	14.9217614264845
R+14_3_CGCTCGATGAGTAATGTAGA	0	R+14_3	Astronaut 3	R+14	R	27.7328458226221
R+14_3_CGCTCGTAATGGCAGGCTCT	6	R+14_3	Astronaut 3	R+14	R	16.6673438659653
R+14_3_CGGATGTATCGTAGAGTAAT	4	R+14_3	Astronaut 3	R+14	R	11.0699446461828
R+14_3_CGGCAAGTTGCGCCTGGCAG	0	R+14_3	Astronaut 3	R+14	R	20.4136523600979
R+14_3_CGGCACGATTCTAGTGTCCG	0	R+14_3	Astronaut 3	R+14	R	19.5207937122433
R+14_3_CGGCAGCAACGGTCCGTAAT	0	R+14_3	Astronaut 3	R+14	R	18.3625304345477
R+14_3_CGGCAGCAGGCTGGAGGTAA	1	R+14_3	Astronaut 3	R+14	R	26.9580504352157
R+14_3_CGGCAGCTTGCGAAGGCGAA	0	R+14_3	Astronaut 3	R+14	R	24.9602526721187
R+14_3_CGTCGAGAGTGAACCGCTCT	0	R+14_3	Astronaut 3	R+14	R	19.7009750624477
R+14_3_CGTCGCAATCGAACCGCTCT	1	R+14_3	Astronaut 3	R+14	R	23.7587667396099
R+14_3_CGTCGCTCCACGTCGGGTCC	0	R+14_3	Astronaut 3	R+14	R	28.3088451632661
R+14_3_CGTCGGCAACGTAGAGCTCT	0	R+14_3	Astronaut 3	R+14	R	25.9250305485527
R+14_3_CGTCGGGCAGGCAACGGCAG	0	R+14_3	Astronaut 3	R+14	R	24.6181442927277
R+14_3_CGTCGGGCAGGCAACGTAAT	5	R+14_3	Astronaut 3	R+14	R	14.5139608037549
R+14_3_CGTCGGTATCCGGCAGCTCT	1	R+14_3	Astronaut 3	R+14	R	18.6404639973202
R+14_3_CGTCGTATCTCGCCTTAAGG	0	R+14_3	Astronaut 3	R+14	R	14.5264022493856
R+14_3_CGTCGTCATCGGCGTGCTCT	0	R+14_3	Astronaut 3	R+14	R	20.4748020148566
R+14_3_CTAACCTGGAGAGCTGTTAG	0	R+14_3	Astronaut 3	R+14	R	23.6460967922799
R+14_3_CTAACGGTCCCTAGTGCTCT	2	R+14_3	Astronaut 3	R+14	R	27.7291150593161
R+14_3_CTAACTTATGCCGCTTAAGG	5	R+14_3	Astronaut 3	R+14	R	15.5802839855528
R+14_3_CTACGGAACCGCAGGGGTAA	0	R+14_3	Astronaut 3	R+14	R	19.4087288072008
R+14_3_CTACGGCTGCCCATAGTAAT	0	R+14_3	Astronaut 3	R+14	R	12.7757450108626
R+14_3_CTACGGGAGCCGATTGTAAT	1	R+14_3	Astronaut 3	R+14	R	18.1216730451527
R+14_3_CTACGGGCAGGTATCGGTAA	1	R+14_3	Astronaut 3	R+14	R	26.8811311488583
R+14_3_CTAGTCGAAGCTCCAGGCAG	0	R+14_3	Astronaut 3	R+14	R	21.1004674716483
R+14_3_CTAGTCGAAGCTCCAGTCCG	1	R+14_3	Astronaut 3	R+14	R	24.5763039524965
R+14_3_CTAGTGCAACGCGGTGTAAT	5	R+14_3	Astronaut 3	R+14	R	15.6004432761653
R+14_3_CTAGTTGCGCGGTAATAAGG	0	R+14_3	Astronaut 3	R+14	R	23.523939028125
R+14_3_CTCCAAAGCACGCAATAAGG	3	R+14_3	Astronaut 3	R+14	R	24.5743956434265
R+14_3_CTCCAATCTGCGAAGGCTCT	4	R+14_3	Astronaut 3	R+14	R	19.0132703968448
R+14_3_CTCCAGTAATGACTGGTAAT	0	R+14_3	Astronaut 3	R+14	R	24.3084912739645
R+14_3_CTCCATTGAACGTCGGGTAA	0	R+14_3	Astronaut 3	R+14	R	15.9328979502736
R+14_3_CTGGAGTAATGGAGCGTCCG	4	R+14_3	Astronaut 3	R+14	R	26.8882511034746
R+14_3_CTTAAACGATGCTGCGTAAT	1	R+14_3	Astronaut 3	R+14	R	24.7467158431643
R+14_3_CTTAACGGCACCTAGTAAGG	0	R+14_3	Astronaut 3	R+14	R	11.0715952375337
R+14_3_CTTAATTCATATTCAGGTAA	8	R+14_3	Astronaut 3	R+14	R	21.0427948735017
R+14_3_GAACCACCAGGGTAAGCAGG	0	R+14_3	Astronaut 3	R+14	R	27.7175359937196
R+14_3_GAACCACTTCGCTGCGTAAT	0	R+14_3	Astronaut 3	R+14	R	23.6509655536504
R+14_3_GAACCCCATAGCGAAGGTAA	1	R+14_3	Astronaut 3	R+14	R	23.5308553066662
R+14_3_GAACCGGCAGCTAGTGGTAA	2	R+14_3	Astronaut 3	R+14	R	13.5735357093937
R+14_3_GAACCTACGTGTATCGTAGA	0	R+14_3	Astronaut 3	R+14	R	16.0874899270593
R+14_3_GAACCTTAGCGCTTGGTAAT	1	R+14_3	Astronaut 3	R+14	R	24.3084914960749
R+14_3_GACTGGGAGCGGAGCGGTAA	8	R+14_3	Astronaut 3	R+14	R	24.4055266593194
R+14_3_GACTGGGCAGGCAACGTAAT	0	R+14_3	Astronaut 3	R+14	R	17.4504633194178
R+14_3_GACTGTTCGAGACTGTAAGG	0	R+14_3	Astronaut 3	R+14	R	18.118217237843
R+14_3_GAGCTCGACCGCAACGGCAG	7	R+14_3	Astronaut 3	R+14	R	22.0251576935458
R+14_3_GAGCTCTTAAGCTCTGTAAT	3	R+14_3	Astronaut 3	R+14	R	12.7761452631025
R+14_3_GAGCTTGAGAGCCTTGCGAA	0	R+14_3	Astronaut 3	R+14	R	23.4439581486668
R+14_3_GAGTCAGAACCAGTTGTATC	0	R+14_3	Astronaut 3	R+14	R	16.0313007845513
R+14_3_GAGTCCGCTCGAGCTGTATC	0	R+14_3	Astronaut 3	R+14	R	26.8782208282925
R+14_3_GAGTCCTTAACGATTGTATC	4	R+14_3	Astronaut 3	R+14	R	32.5111644106475
R+14_3_GAGTCGAGCTGCAACGTCCG	0	R+14_3	Astronaut 3	R+14	R	19.8977376122866
R+14_3_GAGTCGTCCGGAGTCGCTCT	1	R+14_3	Astronaut 3	R+14	R	19.7027875324917
R+14_3_GATATTTCGACGACCGGTAA	6	R+14_3	Astronaut 3	R+14	R	18.6577838714169
R+14_3_GATATTTGAACGGATGTAGA	9	R+14_3	Astronaut 3	R+14	R	20.6175401251823
R+14_3_GATGAGCCTTGCCTTGTAAT	1	R+14_3	Astronaut 3	R+14	R	17.6533802650172
R+14_3_GATGATGCGCCGTCGGCGAA	0	R+14_3	Astronaut 3	R+14	R	19.897737834397
R+14_3_GCAACATCCTCCTAGTAAGG	0	R+14_3	Astronaut 3	R+14	R	20.543374521945
R+14_3_GCAACGCTTGCAGTTTAAGG	2	R+14_3	Astronaut 3	R+14	R	16.1564539630092
R+14_3_GCAGGAACGACCTAGGGTAA	0	R+14_3	Astronaut 3	R+14	R	24.3084917181853
R+14_3_GCAGGAACGACCTAGTAAGG	0	R+14_3	Astronaut 3	R+14	R	29.6347937181026
R+14_3_GCCTTATCTGGAGCTGCGAA	0	R+14_3	Astronaut 3	R+14	R	23.4280944292375
R+14_3_GCCTTTTCGACAATCGTTAG	0	R+14_3	Astronaut 3	R+14	R	11.0948899565053
R+14_3_GCGAACGATTCTACGGGCAG	0	R+14_3	Astronaut 3	R+14	R	18.2324247858594
R+14_3_GCGAACTGGAGAGTCGCTCT	1	R+14_3	Astronaut 3	R+14	R	19.2021876911985
R+14_3_GCGAAGTCTAGAACCGCTCT	1	R+14_3	Astronaut 3	R+14	R	21.5377362855981
R+14_3_GCGGTAAGACATTGGTAAGG	0	R+14_3	Astronaut 3	R+14	R	19.4009458750164
R+14_3_GCGGTCCATAGCTGCGTAAT	5	R+14_3	Astronaut 3	R+14	R	16.5670413675229
R+14_3_GCGGTCGATTCTCCAGCGAA	0	R+14_3	Astronaut 3	R+14	R	19.7009752845581
R+14_3_GCGGTCGATTGAGTCGTAGA	1	R+14_3	Astronaut 3	R+14	R	25.9250307706631
R+14_3_GCGGTCGGCACGAAGGTAAT	0	R+14_3	Astronaut 3	R+14	R	23.6944416781788
R+14_3_GCGGTTGAGAGCTGCGTAAT	0	R+14_3	Astronaut 3	R+14	R	18.6965129959476
R+14_3_GCTGCAACTCGGAGCGCGAA	0	R+14_3	Astronaut 3	R+14	R	24.4111509484745
R+14_3_GCTGCAGCGGCCATAGTAAT	0	R+14_3	Astronaut 3	R+14	R	19.4625327591008
R+14_3_GCTGCAGTTGGTAATGTATC	0	R+14_3	Astronaut 3	R+14	R	18.2782198136565
R+14_3_GCTGCATCTGCTCCAGCTCT	3	R+14_3	Astronaut 3	R+14	R	19.7509526246952
R+14_3_GCTGCGAGCTGTAATGTATC	0	R+14_3	Astronaut 3	R+14	R	20.6334873788082
R+14_3_GCTGCTCGCGGACTGGGCAG	1	R+14_3	Astronaut 3	R+14	R	19.8394177739108
R+14_3_GCTTGCCGCTCGTCGGTAAT	7	R+14_3	Astronaut 3	R+14	R	20.6334876009186
R+14_3_GCTTGCGAAGGCAGGGCTCT	8	R+14_3	Astronaut 3	R+14	R	12.7761454852129
R+14_3_GCTTGTTGAAGAGCTGCGAA	0	R+14_3	Astronaut 3	R+14	R	14.526402471496
R+14_3_GGAGCAGCGGCCTAGGCTCT	2	R+14_3	Astronaut 3	R+14	R	13.9799194723591
R+14_3_GGAGCCAATCCGGCAGTAGA	3	R+14_3	Astronaut 3	R+14	R	21.5377365077085
R+14_3_GGAGCGTATCCTAACGTAAT	0	R+14_3	Astronaut 3	R+14	R	16.9918483537585
R+14_3_GGAGCTCGCGCCTAGGCAGG	2	R+14_3	Astronaut 3	R+14	R	24.7467160652747
R+14_3_GGCAGGGTAACTGGATAAGG	1	R+14_3	Astronaut 3	R+14	R	19.2421838346726
R+14_3_GGCGTGACTGCGACCTAAGG	0	R+14_3	Astronaut 3	R+14	R	18.1454020775099
R+14_3_GGCGTGGCGTGGCAGGCTCT	0	R+14_3	Astronaut 3	R+14	R	23.3813986629977
R+14_3_GGTAAACCAGCCTAGGGTCC	2	R+14_3	Astronaut 3	R+14	R	19.8977380565074
R+14_3_GGTAAATCCTGATGAGTCCG	0	R+14_3	Astronaut 3	R+14	R	25.9250309927735
R+14_3_GGTAACTAACCTGGAGTAAT	2	R+14_3	Astronaut 3	R+14	R	24.7364381618222
R+14_3_GGTAAGTCCGGATGAGCGAA	0	R+14_3	Astronaut 3	R+14	R	17.4504635415281
R+14_3_GGTCCACTTCGCAGGGGCAG	4	R+14_3	Astronaut 3	R+14	R	18.346616766489
R+14_3_GGTCCCGCTCCGCCTGTCCG	0	R+14_3	Astronaut 3	R+14	R	19.7179457653072
R+14_3_GGTCCCTCCACTCCAGCTCT	1	R+14_3	Astronaut 3	R+14	R	37.5322573623782
R+14_3_GGTCCGGAGCATTCAGCGAA	2	R+14_3	Astronaut 3	R+14	R	16.1564541851196
R+14_3_GGTCCTACGTCGCCTGTAAT	1	R+14_3	Astronaut 3	R+14	R	19.7119381492699
R+14_3_GTAGACGTCGCGAAGGTAAT	1	R+14_3	Astronaut 3	R+14	R	24.6955593069985
R+14_3_GTATCAACTCGGCGTGGCAG	0	R+14_3	Astronaut 3	R+14	R	18.6137271955145
R+14_3_GTATCAGGCTCGCAAGCTCT	0	R+14_3	Astronaut 3	R+14	R	16.5565508573514
R+14_3_GTATCCAATCCGCAAGTAAT	0	R+14_3	Astronaut 3	R+14	R	20.5609669498992
R+14_3_GTATCCAGCGGCAGGGTAAT	6	R+14_3	Astronaut 3	R+14	R	18.6289417493758
R+14_3_GTATCGGTCCATTGGTAAGG	1	R+14_3	Astronaut 3	R+14	R	29.0310130764339
R+14_3_GTCCGAACCGCCATAGCTCT	0	R+14_3	Astronaut 3	R+14	R	17.4688316621682
R+14_3_GTCCGCAGCGCAGCGGTAGA	0	R+14_3	Astronaut 3	R+14	R	28.993107303816
R+14_3_GTCCGCGACCGGCGTGGTAA	0	R+14_3	Astronaut 3	R+14	R	19.1833731702934
R+14_3_GTCCGCGGCAGGTAAGTAAT	0	R+14_3	Astronaut 3	R+14	R	16.1564544072299
R+14_3_GTCCGCGTCGCAATCGTCCG	0	R+14_3	Astronaut 3	R+14	R	28.3965608130323
R+14_3_GTCCGGGCAGCTACGGGCAG	2	R+14_3	Astronaut 3	R+14	R	17.4590798394467
R+14_3_GTCCGGTCTAGCAACGGCAG	0	R+14_3	Astronaut 3	R+14	R	24.3084919402957
R+14_3_GTCCGTTGAAGTATCGCGAA	2	R+14_3	Astronaut 3	R+14	R	20.6002619629905
R+14_3_GTCTAGCGAAGAACCGTTAG	0	R+14_3	Astronaut 3	R+14	R	20.617624636159
R+14_3_GTTAGCGGCACTGGAGCTCT	6	R+14_3	Astronaut 3	R+14	R	14.6647280406826
R+14_3_GTTAGCTAGTCAGTTGGCAG	3	R+14_3	Astronaut 3	R+14	R	15.6346550194376
R+14_3_GTTAGGTATCCCTCAGTAAT	0	R+14_3	Astronaut 3	R+14	R	14.9217616485949
R+14_3_TAAGGAAGGTGCAGGGTAAT	0	R+14_3	Astronaut 3	R+14	R	24.3084921624061
R+14_3_TAAGGATTCACCTAGTAAGG	2	R+14_3	Astronaut 3	R+14	R	24.4315839898033
R+14_3_TAAGGGCAGGCTAACGCTCT	3	R+14_3	Astronaut 3	R+14	R	10.8256282121754
R+14_3_TAAGGGCAGGGACTGGGCAG	0	R+14_3	Astronaut 3	R+14	R	18.1091834354444
R+14_3_TAAGGGCCTTGAGTCGCTCT	0	R+14_3	Astronaut 3	R+14	R	19.7965796461239
R+14_3_TAAGGGTCCGGGCAGGCTCT	1	R+14_3	Astronaut 3	R+14	R	22.93503756156
R+14_3_TACGTATCCTGATATGTCCG	1	R+14_3	Astronaut 3	R+14	R	18.3229759375317
R+14_3_TACGTCAGTTCGCCTGTAAT	7	R+14_3	Astronaut 3	R+14	R	16.1564546293403
R+14_3_TAGAGACTAAGGCAGGGCAG	0	R+14_3	Astronaut 3	R+14	R	23.6575451057123
R+14_3_TAGAGCAGTTCCTAGGTCCG	4	R+14_3	Astronaut 3	R+14	R	30.330424569498
R+14_3_TAGAGCCATAGGAGCGTCCG	1	R+14_3	Astronaut 3	R+14	R	19.4204530415665
R+14_3_TAGAGCTAGTCCGCTGCTCT	1	R+14_3	Astronaut 3	R+14	R	24.3020805510324
R+14_3_TAGAGTACGTGGTAAGTCCG	0	R+14_3	Astronaut 3	R+14	R	19.4088100401423
R+14_3_TAGAGTATGCCCTAGGTAAT	7	R+14_3	Astronaut 3	R+14	R	25.9250312148839
R+14_3_TAGGAACTTCCAGAATAAGG	0	R+14_3	Astronaut 3	R+14	R	29.0299124884849
R+14_3_TAGGAACTTCGAGCTTAAGG	0	R+14_3	Astronaut 3	R+14	R	19.8977382786177
R+14_3_TAGGATATCTCGATTGTAAT	3	R+14_3	Astronaut 3	R+14	R	24.3084923845164
R+14_3_TAGGATGCGCGAGCTGCTCT	4	R+14_3	Astronaut 3	R+14	R	19.0472672003466
R+14_3_TAGGATTATGGTAGAGTAAT	5	R+14_3	Astronaut 3	R+14	R	26.6850194778444
R+14_3_TATCTATTACGCAGGGCTCT	1	R+14_3	Astronaut 3	R+14	R	18.6605031518803
R+14_3_TATCTATTACGTAATGCTCT	1	R+14_3	Astronaut 3	R+14	R	19.1990965704739
R+14_3_TATCTTCGTAGGTAATAAGG	0	R+14_3	Astronaut 3	R+14	R	18.298440852374
R+14_3_TATGCGTTAGCCGCTGCTCT	0	R+14_3	Astronaut 3	R+14	R	23.6624777791658
R+14_3_TATTGACTCGGGCAGGTAAT	0	R+14_3	Astronaut 3	R+14	R	24.3084926066268
R+14_3_TATTGTATTGATTGGGTAAT	3	R+14_3	Astronaut 3	R+14	R	24.3084928287372
R+14_3_TCAGTAACCGGCAACGTCCG	2	R+14_3	Astronaut 3	R+14	R	24.7467162873851
R+14_3_TCAGTAAGGTCCTCAGTTAG	4	R+14_3	Astronaut 3	R+14	R	16.2969840021856
R+14_3_TCAGTCAACTGCTGCTAAGG	1	R+14_3	Astronaut 3	R+14	R	19.0229055858576
R+14_3_TCAGTTGAGAGATGAGCTCT	0	R+14_3	Astronaut 3	R+14	R	20.3205938679647
R+14_3_TCATCAGCGGGTAGAGTCCG	0	R+14_3	Astronaut 3	R+14	R	14.5264026936064
R+14_3_TCATCAGGTCCCTAGGTCCG	6	R+14_3	Astronaut 3	R+14	R	14.5264029157168
R+14_3_TCATCCAGTTGTATCGCGAA	0	R+14_3	Astronaut 3	R+14	R	15.6802675740403
R+14_3_TCATCCCTAGGTAATGGTAA	6	R+14_3	Astronaut 3	R+14	R	17.4525137507819
R+14_3_TCATCCGCTCGTAATGTTAG	0	R+14_3	Astronaut 3	R+14	R	19.116668151562
R+14_3_TCATCTACGTCGACCGTCCG	0	R+14_3	Astronaut 3	R+14	R	29.2464502329216
R+14_3_TCCGGAGGCTGGAGCGCTCT	1	R+14_3	Astronaut 3	R+14	R	20.5069837270432
R+14_3_TCCGGAGGCTGTAATGGCAG	0	R+14_3	Astronaut 3	R+14	R	16.9780590685534
R+14_3_TCCGGATTACGTAGAGTTAG	8	R+14_3	Astronaut 3	R+14	R	18.1221198913713
R+14_3_TCCGGGTAGAGGCAGGTCCG	0	R+14_3	Astronaut 3	R+14	R	27.7095757268669
R+14_3_TCCGGTAGGAGCTGCGCTCT	5	R+14_3	Astronaut 3	R+14	R	10.6626363996094
R+14_3_TCCGGTGGACCTTAAGGTCC	3	R+14_3	Astronaut 3	R+14	R	24.3084930508476
R+14_3_TCGCGCAGCGGGCAGGCTCT	3	R+14_3	Astronaut 3	R+14	R	13.7296157637757
R+14_3_TCGCGCTGGAGCAACGGTAA	0	R+14_3	Astronaut 3	R+14	R	24.6454002917069
R+14_3_TCGCGGTTAGGTAATGGCAG	1	R+14_3	Astronaut 3	R+14	R	19.1890018429726
R+14_3_TCGCGTAAGGCAGTTTAAGG	1	R+14_3	Astronaut 3	R+14	R	16.1564548514507
R+14_3_TCGTAGATGACAGCGGTAAT	0	R+14_3	Astronaut 3	R+14	R	19.0060812853812
R+14_3_TCGTAGGCAGCTCCAGGCAG	0	R+14_3	Astronaut 3	R+14	R	24.308493272958
R+14_3_TCGTATACGTGCTTGGGTAA	1	R+14_3	Astronaut 3	R+14	R	26.6850196999548
R+14_3_TCGTATCCGGGCTCTGGTAA	0	R+14_3	Astronaut 3	R+14	R	23.2519985276464
R+14_3_TCTACAGCGGCGACCGTATC	0	R+14_3	Astronaut 3	R+14	R	23.4280946513479
R+14_3_TCTACCTCCAGGCAGGTAAT	5	R+14_3	Astronaut 3	R+14	R	18.6605033739907
R+14_3_TCTACCTGGACCATATAAGG	0	R+14_3	Astronaut 3	R+14	R	18.21005786735
R+14_3_TCTACGCCTTGAGTCGCTCT	0	R+14_3	Astronaut 3	R+14	R	30.1192811011256
R+14_3_TCTACGTAGAGCAGGGTAAT	1	R+14_3	Astronaut 3	R+14	R	29.2406950627799
R+14_3_TCTACTAGAGCCGCTGGTAA	0	R+14_3	Astronaut 3	R+14	R	34.5021481223816
R+14_3_TGAGAACTCGGCAGGGCTCT	0	R+14_3	Astronaut 3	R+14	R	20.5418496206286
R+14_3_TGAGACGAAGGTAGAGCTCT	0	R+14_3	Astronaut 3	R+14	R	22.8135010334249
R+14_3_TGAGATCAGTCGTCGGTCCG	3	R+14_3	Astronaut 3	R+14	R	16.0874901491697
R+14_3_TGAGATCTACGTAATTAAGG	0	R+14_3	Astronaut 3	R+14	R	16.738030642996
R+14_3_TGAGATGGACGCTGCGCTCT	0	R+14_3	Astronaut 3	R+14	R	17.9407335844494
R+14_3_TGCGCAGTTGGGCGTGGTCC	3	R+14_3	Astronaut 3	R+14	R	18.7445128114467
R+14_3_TGCGCCGCAACAGTTGGCAG	1	R+14_3	Astronaut 3	R+14	R	28.271958487491
R+14_3_TGCGCCGGCACGACCGTCCG	0	R+14_3	Astronaut 3	R+14	R	20.6002621851009
R+14_3_TGCGCGACTGGACTGGTCCG	0	R+14_3	Astronaut 3	R+14	R	14.5264031378272
R+14_3_TGCGCGCAGGCGTCGGGTAA	0	R+14_3	Astronaut 3	R+14	R	24.7467165094955
R+14_3_TGCGCGGAGCATTGGGCGAA	0	R+14_3	Astronaut 3	R+14	R	23.4536784025615
R+14_3_TGCGCTAGGAGTATCTAAGG	4	R+14_3	Astronaut 3	R+14	R	24.237571535796
R+14_3_TGCGCTGGACCGACCGTAAT	1	R+14_3	Astronaut 3	R+14	R	18.5367433862358
R+14_3_TGCTAAACCGGATATGTTAG	0	R+14_3	Astronaut 3	R+14	R	28.266266463775
R+14_3_TGCTAGTATCGCTCTGCTCT	4	R+14_3	Astronaut 3	R+14	R	20.5503330368651
R+14_3_TGCTATCATCCAACTGTAAT	0	R+14_3	Astronaut 3	R+14	R	10.0193717018998
R+14_3_TGCTATCTACCCGCTGTAGA	0	R+14_3	Astronaut 3	R+14	R	20.633487823029
R+14_3_TGCTATGAGACTAGTGCTCT	1	R+14_3	Astronaut 3	R+14	R	19.0076954605522
R+14_3_TGGACCAACTGCAGGGGTAA	0	R+14_3	Astronaut 3	R+14	R	13.6919486514112
R+14_3_TGGACCGCAAATTCAGGTAA	0	R+14_3	Astronaut 3	R+14	R	29.4824489165437
R+14_3_TGGACCTAACGGAGCTAAGG	0	R+14_3	Astronaut 3	R+14	R	15.4317815322188
R+14_3_TGGACCTGGACGTCGGTATC	8	R+14_3	Astronaut 3	R+14	R	17.4755045966706
R+14_3_TGGACTGCTACAACTGTCCG	0	R+14_3	Astronaut 3	R+14	R	27.7150857030261
R+14_3_TTAGCTTCATCAGCGGTATC	0	R+14_3	Astronaut 3	R+14	R	21.5377367298188
R+14_3_TTATGACGATCTAACGCTCT	2	R+14_3	Astronaut 3	R+14	R	19.7605070410896
R+14_3_TTATGCAATCGAGCTGGTAA	1	R+14_3	Astronaut 3	R+14	R	19.2597074024071
R+14_3_TTATGGCTTGCTGGAGCTCT	7	R+14_3	Astronaut 3	R+14	R	36.0062266558283
R+14_3_TTATGTTCGAGCGGTGTAAT	0	R+14_3	Astronaut 3	R+14	R	24.3084934950684
R+14_3_TTCATATGCGGTAATGTATC	0	R+14_3	Astronaut 3	R+14	R	22.3651989944367
R+14_3_TTCATGAGCTCGCTCGTCCG	9	R+14_3	Astronaut 3	R+14	R	27.4819311662616
R+14_3_TTCATGCTGCGAACCGCTCT	0	R+14_3	Astronaut 3	R+14	R	19.7160365493022
R+14_3_TTCATGGAGCCCTCAGTATC	3	R+14_3	Astronaut 3	R+14	R	18.5638159719414
R+14_3_TTCATTCATCGACTGGTAAT	8	R+14_3	Astronaut 3	R+14	R	16.0874903712801
R+14_3_TTCGACCTAGGTAATGGTAA	8	R+14_3	Astronaut 3	R+14	R	23.781977177234
R+14_3_TTCGATAAGGGTATCGTAAT	5	R+14_3	Astronaut 3	R+14	R	11.0970423586908
R+14_3_TTCGATGGACCAGTTGTAAT	3	R+14_3	Astronaut 3	R+14	R	24.190788311917
R+14_3_TTGAACTAGTGCCTTGCGAA	1	R+14_3	Astronaut 3	R+14	R	18.2106647012448
R+14_3_TTGAACTGGACTAACTAAGG	1	R+14_3	Astronaut 3	R+14	R	19.7059330362281
R+7_1_AACCGTGAGACGTCGGTAAT	1	R+7_1	Astronaut 1	R+7	R	27.7137586710162
R+7_1_ACTTCAAGACGTAGAGTTAG	0	R+7_1	Astronaut 1	R+7	R	33.5817956375305
R+7_1_AGAACACTCGCCATAGGTCC	0	R+7_1	Astronaut 1	R+7	R	32.2929405150884
R+7_1_AGAGTCCTCAGGTAAGCAGG	0	R+7_1	Astronaut 1	R+7	R	32.3523192711629
R+7_1_ATCTGCAGAAGTAATGCGAA	0	R+7_1	Astronaut 1	R+7	R	29.221098830447
R+7_1_ATGGCAGTTGGCAGGTAAGG	0	R+7_1	Astronaut 1	R+7	R	30.1013953352171
R+7_1_ATTCAAAGACCGCTCGTTAG	0	R+7_1	Astronaut 1	R+7	R	25.746616001358
R+7_1_ATTGGGAGTCCCATAGTAGA	4	R+7_1	Astronaut 1	R+7	R	26.9303657692344
R+7_1_CAACTACTCGGGTCCGTAAT	0	R+7_1	Astronaut 1	R+7	R	39.2153513164713
R+7_1_CAACTGGTCCGGTAAGTAAT	3	R+7_1	Astronaut 1	R+7	R	32.506466072185
R+7_1_CCATAGGTAACGCTCGTAAT	1	R+7_1	Astronaut 1	R+7	R	34.2860196710222
R+7_1_CCTCACAGCGGCTCTGCAGG	0	R+7_1	Astronaut 1	R+7	R	32.2901315116614
R+7_1_CGACCATTGGCGCTCGGCAG	0	R+7_1	Astronaut 1	R+7	R	27.7120666672538
R+7_1_CGACCGTAGACTAACGCTCT	3	R+7_1	Astronaut 1	R+7	R	29.7274284842435
R+7_1_CGATTAGAGTCTGGAGTAAT	4	R+7_1	Astronaut 1	R+7	R	33.4618331044632
R+7_1_CGCAACAGCGCAGCGTAAGG	4	R+7_1	Astronaut 1	R+7	R	25.9122311260545
R+7_1_CGGATCGGATCTAGTTAAGG	0	R+7_1	Astronaut 1	R+7	R	31.5687610674163
R+7_1_CGGCATTAGCCGACCGTAAT	2	R+7_1	Astronaut 1	R+7	R	32.3640139266577
R+7_1_CGGCATTGAAGCGGTGGTCC	1	R+7_1	Astronaut 1	R+7	R	30.6776794177175
R+7_1_CTAACCGCTCGGTAAGTAAT	5	R+7_1	Astronaut 1	R+7	R	32.3966203573686
R+7_1_CTAACGCTTGGCTGCGCAGG	4	R+7_1	Astronaut 1	R+7	R	25.9250314369943
R+7_1_CTAGTATTGGGCTCTGCTCT	8	R+7_1	Astronaut 1	R+7	R	26.1433406069616
R+7_1_CTCCACGACCCTTAAGTAGA	4	R+7_1	Astronaut 1	R+7	R	10.6626366217198
R+7_1_CTCCAGCCTTCTTAAGGTCC	4	R+7_1	Astronaut 1	R+7	R	30.1503536167044
R+7_1_CTTAACGATTGATATGTAAT	5	R+7_1	Astronaut 1	R+7	R	28.4030336790871
R+7_1_GAGTCACGATCTAACGCAGG	7	R+7_1	Astronaut 1	R+7	R	28.5854271890992
R+7_1_GCAACACGATATTGGGCAGG	0	R+7_1	Astronaut 1	R+7	R	29.6006656954468
R+7_1_GCAACTCGTACGACCGTAAT	3	R+7_1	Astronaut 1	R+7	R	27.492721940489
R+7_1_GCAGGAGTTGGGAGCGCTCT	0	R+7_1	Astronaut 1	R+7	R	36.2379839998608
R+7_1_GCAGGGTAATGAACCGGCAG	0	R+7_1	Astronaut 1	R+7	R	35.8545480025029
R+7_1_GCGAATGAGAGGTAAGCAGG	0	R+7_1	Astronaut 1	R+7	R	31.8521172188638
R+7_1_GCGGTAGCGGCCTCAGTAAT	0	R+7_1	Astronaut 1	R+7	R	30.2918083859824
R+7_1_GCTCTACCTACCATAGGCAG	2	R+7_1	Astronaut 1	R+7	R	29.9944866848777
R+7_1_GCTTGAAGCAGTAATGTAGA	0	R+7_1	Astronaut 1	R+7	R	26.2664780827206
R+7_1_GCTTGGGAGCGAACCTAAGG	0	R+7_1	Astronaut 1	R+7	R	28.9754897100003
R+7_1_GTATCAAGCACGCCTGGTAA	0	R+7_1	Astronaut 1	R+7	R	34.7711602773083
R+7_1_GTATCATGGCGCGGTGCAGG	0	R+7_1	Astronaut 1	R+7	R	25.9250316591047
R+7_1_GTCCGCTAACGGCGTGTAAT	0	R+7_1	Astronaut 1	R+7	R	26.8828537656001
R+7_1_TAGAGTTCATCTAACGCTCT	6	R+7_1	Astronaut 1	R+7	R	30.1071396783384
R+7_1_TATTGTATTGGAACCGGTAA	1	R+7_1	Astronaut 1	R+7	R	27.4916672250986
R+7_1_TCATCCAGTTGCAGGGTAAT	0	R+7_1	Astronaut 1	R+7	R	31.5709364996758
R+7_1_TCATCGGCAGGTAGAGGTAA	1	R+7_1	Astronaut 1	R+7	R	30.521221117832
R+7_1_TCGCGTTCGACAGTTGTAAT	1	R+7_1	Astronaut 1	R+7	R	28.5436193789961
R+7_1_TCTACTGCTAGTAATGGTAA	0	R+7_1	Astronaut 1	R+7	R	30.1186381763504
R+7_1_TGAGATCGTACCGCTGGTAA	1	R+7_1	Astronaut 1	R+7	R	32.3971066955468
R+7_1_TGCGCTAAGGCCGCTGTAAT	6	R+7_1	Astronaut 1	R+7	R	28.2706579410521
R+7_1_TTAGCTTCATCTAGTGGTCC	1	R+7_1	Astronaut 1	R+7	R	27.5183701172486
R+7_2_AACCGAAGCAATTGGGATGA	2	R+7_2	Astronaut 2	R+7	R	17.927836256817
R+7_2_AACCGAAGCAGCTTGGGAGC	5	R+7_2	Astronaut 2	R+7	R	14.6552323027656
R+7_2_AACCGAAGGTCTTAAGGTCC	4	R+7_2	Astronaut 2	R+7	R	13.7929286097725
R+7_2_AACCGACCTAGAGTCGATGA	4	R+7_2	Astronaut 2	R+7	R	20.4120658013351
R+7_2_AACCGACGATCTAACGGAGC	0	R+7_2	Astronaut 2	R+7	R	14.7245408389013
R+7_2_AACCGAGTTGCCTAGGTAAT	0	R+7_2	Astronaut 2	R+7	R	15.5381699669129
R+7_2_AACCGATCTGGTAGAGCCTT	4	R+7_2	Astronaut 2	R+7	R	14.8858718861139
R+7_2_AACCGATTACGCAGGGATAT	2	R+7_2	Astronaut 2	R+7	R	4.49761367767396
R+7_2_AACCGCAACTCGACCGCCTT	1	R+7_2	Astronaut 2	R+7	R	16.8460556565204
R+7_2_AACCGCGCCTATTCAGATGA	9	R+7_2	Astronaut 2	R+7	R	20.4120660234455
R+7_2_AACCGCGCCTCAGCGGGCGT	0	R+7_2	Astronaut 2	R+7	R	18.9729913856549
R+7_2_AACCGCGGATGAGCTGATGA	1	R+7_2	Astronaut 2	R+7	R	20.133831002744
R+7_2_AACCGGATGACCTCAGCTTG	0	R+7_2	Astronaut 2	R+7	R	16.811218958274
R+7_2_AACCGGCTGCCAACTGATAT	0	R+7_2	Astronaut 2	R+7	R	19.1824530568715
R+7_2_AACCGGGCAGCGCTCGGAGC	0	R+7_2	Astronaut 2	R+7	R	13.9452836546991
R+7_2_AACCGGGTCCCGATTGCTGC	0	R+7_2	Astronaut 2	R+7	R	20.1872656177197
R+7_2_AACCGTATCTCTCCAGATAT	0	R+7_2	Astronaut 2	R+7	R	20.3877617196441
R+7_2_AACCGTCTACATTCAGCGGT	5	R+7_2	Astronaut 2	R+7	R	16.1282059342606
R+7_2_AACCGTTCATCCTCAGGAGC	0	R+7_2	Astronaut 2	R+7	R	17.9278364789274
R+7_2_AACCGTTGAAATTGGGCGGT	1	R+7_2	Astronaut 2	R+7	R	34.1774909684491
R+7_2_AACGAAACTCGTATCGATAT	0	R+7_2	Astronaut 2	R+7	R	16.6558910187245
R+7_2_AACGAAAGACGCTTGGGCGT	2	R+7_2	Astronaut 2	R+7	R	18.3850839048025
R+7_2_AACGAACGATCGGCAGGCGT	3	R+7_2	Astronaut 2	R+7	R	34.1774911905595
R+7_2_AACGAAGCGGATTGGGTCTA	8	R+7_2	Astronaut 2	R+7	R	14.9548967997288
R+7_2_AACGAATGCGCGCCTGGCGT	0	R+7_2	Astronaut 2	R+7	R	34.1774914126699
R+7_2_AACGACCATAGCAGGGCTTG	1	R+7_2	Astronaut 2	R+7	R	10.9986944410866
R+7_2_AACGACTACGCGACCGTCTA	1	R+7_2	Astronaut 2	R+7	R	17.3683309862006
R+7_2_AACGACTAGTGGTAAGCGGT	0	R+7_2	Astronaut 2	R+7	R	17.0788606721445
R+7_2_AACGAGAGCTCCTAGGCTTG	2	R+7_2	Astronaut 2	R+7	R	18.9410809203898
R+7_2_AACGAGAGTCGGCGTGGCGT	0	R+7_2	Astronaut 2	R+7	R	16.065341776275
R+7_2_AACGAGCCTTCTTAAGTCTA	0	R+7_2	Astronaut 2	R+7	R	16.8460558786308
R+7_2_AACGAGCGGTGAACCGATAT	2	R+7_2	Astronaut 2	R+7	R	13.3867249310317
R+7_2_AACGAGCTCTGCAACGTAAT	0	R+7_2	Astronaut 2	R+7	R	18.8442517675185
R+7_2_AACGAGGTCCGTAGAGCCTT	1	R+7_2	Astronaut 2	R+7	R	3.71154118391471
R+7_2_AACGAGTATCGTAATGTAAT	1	R+7_2	Astronaut 2	R+7	R	20.4120662455559
R+7_2_AACGAGTCCGGCTTGGCTTG	0	R+7_2	Astronaut 2	R+7	R	16.1514998103696
R+7_2_AACGATAGAGCTGGAGCAAC	3	R+7_2	Astronaut 2	R+7	R	34.1774916347803
R+7_2_AACGATAGAGCTTAAGCAAC	0	R+7_2	Astronaut 2	R+7	R	20.4120664676663
R+7_2_AACGATCGCGGCGAAGCTGC	0	R+7_2	Astronaut 2	R+7	R	19.0016958664561
R+7_2_AACGATGAGACGACCGCCTT	0	R+7_2	Astronaut 2	R+7	R	17.6437848273526
R+7_2_AACGATTGAAGAACCGCAAC	0	R+7_2	Astronaut 2	R+7	R	35.4096543671859
R+7_2_AACTCACCAGGCTCTGATAT	3	R+7_2	Astronaut 2	R+7	R	34.1774918568907
R+7_2_AACTCACTAAGGTAAGTCTA	0	R+7_2	Astronaut 2	R+7	R	19.3776553157384
R+7_2_AACTCACTCGCTGGAGGCGT	6	R+7_2	Astronaut 2	R+7	R	19.7262441339124
R+7_2_AACTCACTCGGACTGGCGGT	1	R+7_2	Astronaut 2	R+7	R	18.3850841269129
R+7_2_AACTCACTTCCAGTTGCGGT	0	R+7_2	Astronaut 2	R+7	R	14.1406801289895
R+7_2_AACTCAGAACGTATCGGCGT	0	R+7_2	Astronaut 2	R+7	R	19.8157766842211
R+7_2_AACTCCAGCGGCGGTGCTTG	0	R+7_2	Astronaut 2	R+7	R	16.3968803175936
R+7_2_AACTCCGGCAATTCAGATGA	4	R+7_2	Astronaut 2	R+7	R	17.0804753759308
R+7_2_AACTCCTAACCTGGAGCAAC	0	R+7_2	Astronaut 2	R+7	R	19.1460642437561
R+7_2_AACTCGCTTGCCGCTGCAAC	8	R+7_2	Astronaut 2	R+7	R	20.4120666897767
R+7_2_AACTCGGTCCGCTGCGCGGT	0	R+7_2	Astronaut 2	R+7	R	19.0116464226264
R+7_2_AACTCTGCTACGATTGATAT	2	R+7_2	Astronaut 2	R+7	R	18.1076323167947
R+7_2_AAGACAGAACCGACCGGCGT	1	R+7_2	Astronaut 2	R+7	R	18.9023077146458
R+7_2_AAGACCTTAACGGATGGCGT	0	R+7_2	Astronaut 2	R+7	R	17.984264818947
R+7_2_AAGACGACTGCTAACGGAGC	0	R+7_2	Astronaut 2	R+7	R	10.207847703161
R+7_2_AAGACGACTGCTAACGGCGT	7	R+7_2	Astronaut 2	R+7	R	11.8169965910161
R+7_2_AAGACGACTGGCAACGGCGT	0	R+7_2	Astronaut 2	R+7	R	35.6053230839193
R+7_2_AAGACGCTTGCGCTCGGTCC	1	R+7_2	Astronaut 2	R+7	R	18.4437221365121
R+7_2_AAGCAAACCGCTAACGGCGT	0	R+7_2	Astronaut 2	R+7	R	19.0537837653711
R+7_2_AAGCAAACTCCGCCTGCAAC	2	R+7_2	Astronaut 2	R+7	R	20.4120669118871
R+7_2_AAGCAAAGGTCCGCTGATAT	0	R+7_2	Astronaut 2	R+7	R	18.9603438656265
R+7_2_AAGCAACTCGATTGGGGCGT	0	R+7_2	Astronaut 2	R+7	R	20.2620723214921
R+7_2_AAGCAACTCGCGAAGGCGGT	4	R+7_2	Astronaut 2	R+7	R	19.1037260977771
R+7_2_AAGCAAGAGTCGTCGGATGA	3	R+7_2	Astronaut 2	R+7	R	20.2120098394207
R+7_2_AAGCAAGGTCCGCAAGGAGC	1	R+7_2	Astronaut 2	R+7	R	17.3173577887125
R+7_2_AAGCAAGTTGGTAGAGCAAC	2	R+7_2	Astronaut 2	R+7	R	20.3925003662248
R+7_2_AAGCACAATCCTTAAGCCTT	1	R+7_2	Astronaut 2	R+7	R	20.4120671339975
R+7_2_AAGCACAGTTCCGCTGATAT	8	R+7_2	Astronaut 2	R+7	R	18.7500705912018
R+7_2_AAGCACCGCTCTGGAGCTGC	0	R+7_2	Astronaut 2	R+7	R	20.1342740278764
R+7_2_AAGCACGCCTCCTCAGCTTG	3	R+7_2	Astronaut 2	R+7	R	34.1774920790011
R+7_2_AAGCACGGATCCGCTGTCTA	4	R+7_2	Astronaut 2	R+7	R	18.3811950816246
R+7_2_AAGCAGACTGCTCCAGATAT	0	R+7_2	Astronaut 2	R+7	R	3.73387545142741
R+7_2_AAGCAGAGCTCTAACGGCGT	5	R+7_2	Astronaut 2	R+7	R	20.1588410746421
R+7_2_AAGCAGATATCCTCAGCAAC	2	R+7_2	Astronaut 2	R+7	R	10.2405097897454
R+7_2_AAGCAGCTCTCCGCTGCGGT	1	R+7_2	Astronaut 2	R+7	R	16.1320757183311
R+7_2_AAGCAGCTGCCGATTGGCGT	0	R+7_2	Astronaut 2	R+7	R	17.7011229957183
R+7_2_AAGCAGGTAAATTCAGATAT	2	R+7_2	Astronaut 2	R+7	R	18.3850843490232
R+7_2_AAGCAGGTAAGCGGTGATAT	0	R+7_2	Astronaut 2	R+7	R	18.1076325389051
R+7_2_AAGCAGTCCGCAGCGGCCTT	2	R+7_2	Astronaut 2	R+7	R	14.7093235217819
R+7_2_AAGCAGTCCGCAGCGGGAGC	1	R+7_2	Astronaut 2	R+7	R	14.404210878254
R+7_2_AAGCAGTCTACGGCAGCAAC	0	R+7_2	Astronaut 2	R+7	R	2.81143805814009
R+7_2_AAGCATATCTGGTAAGATAT	2	R+7_2	Astronaut 2	R+7	R	18.3162448389672
R+7_2_AAGGTAAGGTGATGAGATGA	0	R+7_2	Astronaut 2	R+7	R	17.3499101682065
R+7_2_AAGGTACTTCCGCTCGGAGC	0	R+7_2	Astronaut 2	R+7	R	16.0485532522107
R+7_2_AAGGTAGAGTCTAACGATGA	1	R+7_2	Astronaut 2	R+7	R	19.381200410353
R+7_2_AAGGTAGGTCGCTGCGCCTT	0	R+7_2	Astronaut 2	R+7	R	19.1039211890043
R+7_2_AAGGTCAGTTCAGTTGATGA	1	R+7_2	Astronaut 2	R+7	R	20.1872745123082
R+7_2_AAGGTCGCTCCTACGGATGA	1	R+7_2	Astronaut 2	R+7	R	16.8460561007412
R+7_2_AAGGTGAACCCAGTTGCTGC	2	R+7_2	Astronaut 2	R+7	R	18.9090233739353
R+7_2_AAGGTGCTTGCGCCTGCGGT	0	R+7_2	Astronaut 2	R+7	R	18.1076327610154
R+7_2_AAGGTGTAGAGCAACGATAT	0	R+7_2	Astronaut 2	R+7	R	18.8380029880604
R+7_2_AAGGTTATGCCTGGAGCAAC	3	R+7_2	Astronaut 2	R+7	R	20.4120673561079
R+7_2_AAGGTTGCGCATTCAGCGGT	8	R+7_2	Astronaut 2	R+7	R	13.3154585298213
R+7_2_ACCAGAAGACCTAGTGCAAC	4	R+7_2	Astronaut 2	R+7	R	20.4120675782182
R+7_2_ACCAGACTCGGCAACGATGA	0	R+7_2	Astronaut 2	R+7	R	20.4120678003286
R+7_2_ACCAGAGTTGGATATGCGGT	1	R+7_2	Astronaut 2	R+7	R	19.2293090279862
R+7_2_ACCAGATCCTGCTGCGGCGT	0	R+7_2	Astronaut 2	R+7	R	17.959417823326
R+7_2_ACCAGATTACCTGGAGCTTG	1	R+7_2	Astronaut 2	R+7	R	18.1585941956999
R+7_2_ACCAGATTCACCATAGTCTA	3	R+7_2	Astronaut 2	R+7	R	20.412068022439
R+7_2_ACCAGCCGCTCTAACGCTTG	1	R+7_2	Astronaut 2	R+7	R	20.4120682445494
R+7_2_ACCAGCGACCCGGATGCGGT	4	R+7_2	Astronaut 2	R+7	R	19.205632463807
R+7_2_ACCAGCTTAAGCTGCGATGA	3	R+7_2	Astronaut 2	R+7	R	17.3272644456381
R+7_2_ACCAGGATATGGCAGGCCTT	0	R+7_2	Astronaut 2	R+7	R	15.6194707526137
R+7_2_ACCAGGCAACGGTCCGTAAT	4	R+7_2	Astronaut 2	R+7	R	17.7399509771028
R+7_2_ACCAGGCGGTCTGGAGATAT	4	R+7_2	Astronaut 2	R+7	R	12.926390872728
R+7_2_ACCAGGCTGCGGCGTGATGA	2	R+7_2	Astronaut 2	R+7	R	12.0880826366266
R+7_2_ACCAGGCTTGGACTGGCGGT	4	R+7_2	Astronaut 2	R+7	R	19.7544731774899
R+7_2_ACCAGGGCAGCTGGAGGCGT	3	R+7_2	Astronaut 2	R+7	R	10.8087191248797
R+7_2_ACCAGTACGTATTGGGCGGT	0	R+7_2	Astronaut 2	R+7	R	18.3850845711336
R+7_2_ACCAGTATCTGTAGAGGCGT	4	R+7_2	Astronaut 2	R+7	R	20.3975383682409
R+7_2_ACCAGTTGAACAGAAGCAAC	0	R+7_2	Astronaut 2	R+7	R	16.396880539704
R+7_2_ACCAGTTGAACGACCGCGGT	1	R+7_2	Astronaut 2	R+7	R	11.0081163614968
R+7_2_ACCTAAGAGTGTATCGCGGT	0	R+7_2	Astronaut 2	R+7	R	16.1741162650644
R+7_2_ACCTAAGGTCGACTGGGAGC	0	R+7_2	Astronaut 2	R+7	R	12.8106443470985
R+7_2_ACCTAATTACCAATCGGAGC	0	R+7_2	Astronaut 2	R+7	R	14.9314499723096
R+7_2_ACCTAATTACGAGTCGATGA	0	R+7_2	Astronaut 2	R+7	R	16.1409103537183
R+7_2_ACCTAGCGAACGAAGGCAAC	4	R+7_2	Astronaut 2	R+7	R	16.8460563228516
R+7_2_ACCTAGGTAAGCGGTGCAAC	0	R+7_2	Astronaut 2	R+7	R	20.4120684666598
R+7_2_ACCTATATCTGAGTCGATAT	0	R+7_2	Astronaut 2	R+7	R	18.073547006102
R+7_2_ACCTATGCTACAACTGCTTG	3	R+7_2	Astronaut 2	R+7	R	20.4120686887702
R+7_2_ACCTATTGAAGTAATGCTTG	0	R+7_2	Astronaut 2	R+7	R	36.8698377066126
R+7_2_ACGATAAGACGAGTCGCTGC	0	R+7_2	Astronaut 2	R+7	R	34.1774923011114
R+7_2_ACGATATTACCGTCGGCAAC	1	R+7_2	Astronaut 2	R+7	R	20.2561658913917
R+7_2_ACGATCAGAAGCAACGCAAC	3	R+7_2	Astronaut 2	R+7	R	20.4019424585536
R+7_2_ACGATCCTCACTACGGTCTA	0	R+7_2	Astronaut 2	R+7	R	19.69140807759
R+7_2_ACGATCGATTCCTCAGGCGT	1	R+7_2	Astronaut 2	R+7	R	9.06406623403115
R+7_2_ACGATCGCAACTGGAGCTTG	4	R+7_2	Astronaut 2	R+7	R	19.6498487406198
R+7_2_ACGATCGCTCGAGCTGCTGC	1	R+7_2	Astronaut 2	R+7	R	19.106346236108
R+7_2_ACGATCTTAAGCTTGGCTTG	2	R+7_2	Astronaut 2	R+7	R	20.3849596284306
R+7_2_ACGATGATATGCAACGGCGT	4	R+7_2	Astronaut 2	R+7	R	19.2510889927386
R+7_2_ACGATGGTCCCTAGTGGTCC	0	R+7_2	Astronaut 2	R+7	R	19.7837929096773
R+7_2_ACGATGTTAGCTTAAGTAAT	1	R+7_2	Astronaut 2	R+7	R	15.5399909378812
R+7_2_ACGATTCGCGCCTAGGGCGT	0	R+7_2	Astronaut 2	R+7	R	18.2683050513467
R+7_2_ACGATTCGTACGACCGGTCC	0	R+7_2	Astronaut 2	R+7	R	16.6456698783684
R+7_2_ACGATTGAGACAGAAGCGGT	5	R+7_2	Astronaut 2	R+7	R	4.58944002899259
R+7_2_ACTAAAACGAGAACCGCAAC	1	R+7_2	Astronaut 2	R+7	R	20.2149634167268
R+7_2_ACTAAAGAACGATGAGCGGT	0	R+7_2	Astronaut 2	R+7	R	16.6717278549683
R+7_2_ACTAAAGGTCCGGATGGTCC	8	R+7_2	Astronaut 2	R+7	R	18.7083282193738
R+7_2_ACTAAATTGGCAGTTGCAAC	0	R+7_2	Astronaut 2	R+7	R	17.6643322913406
R+7_2_ACTAAATTGGGGCGTGCAAC	4	R+7_2	Astronaut 2	R+7	R	17.7251202715328
R+7_2_ACTAAGAACCCTAACGATAT	8	R+7_2	Astronaut 2	R+7	R	20.1628000421968
R+7_2_ACTAAGCAACCGATTGATAT	0	R+7_2	Astronaut 2	R+7	R	20.397733571296
R+7_2_ACTAAGTCCGGGCGTGATGA	1	R+7_2	Astronaut 2	R+7	R	16.6995413369103
R+7_2_ACTAATATCTCGGCAGATGA	3	R+7_2	Astronaut 2	R+7	R	16.0266986314273
R+7_2_ACTAATATTGGGTCCGTCTA	4	R+7_2	Astronaut 2	R+7	R	18.7853944125406
R+7_2_ACTAATGCGCGTATCGATGA	8	R+7_2	Astronaut 2	R+7	R	20.3846899340151
R+7_2_ACTCGAGAGTCAGAAGCAAC	0	R+7_2	Astronaut 2	R+7	R	15.519001495712
R+7_2_ACTCGAGGTCGTAGAGTCTA	0	R+7_2	Astronaut 2	R+7	R	34.1774925232218
R+7_2_ACTCGATTACCTGGAGTCTA	0	R+7_2	Astronaut 2	R+7	R	16.6441396412667
R+7_2_ACTCGATTCACAGAAGCTTG	0	R+7_2	Astronaut 2	R+7	R	16.1299631880888
R+7_2_ACTCGCCATACAGTTGCTGC	1	R+7_2	Astronaut 2	R+7	R	20.1351298739243
R+7_2_ACTCGCCGCTGAGCTGCTGC	1	R+7_2	Astronaut 2	R+7	R	10.8095179677545
R+7_2_ACTCGCCTCAGCTCTGCAAC	3	R+7_2	Astronaut 2	R+7	R	16.654440765404
R+7_2_ACTCGCGGCACGCTCGCCTT	7	R+7_2	Astronaut 2	R+7	R	20.1123806853625
R+7_2_ACTCGCGTCGCTAACGCAAC	5	R+7_2	Astronaut 2	R+7	R	12.699313518912
R+7_2_ACTCGGACTGCGATTGGCGT	3	R+7_2	Astronaut 2	R+7	R	16.6678017219864
R+7_2_ACTCGGCTCTGAGTCGCCTT	3	R+7_2	Astronaut 2	R+7	R	20.4120689108806
R+7_2_ACTCGGGCGTCGGCAGGAGC	4	R+7_2	Astronaut 2	R+7	R	20.412069132991
R+7_2_ACTCGGTCCGGCGAAGGAGC	7	R+7_2	Astronaut 2	R+7	R	14.7274963834694
R+7_2_ACTCGTTGAACTAGTGATGA	0	R+7_2	Astronaut 2	R+7	R	20.1402094971142
R+7_2_ACTTCACTCGCCTCAGCTGC	3	R+7_2	Astronaut 2	R+7	R	17.3698651991268
R+7_2_ACTTCAGGCTGATGAGCTTG	9	R+7_2	Astronaut 2	R+7	R	4.49761389978435
R+7_2_ACTTCATTCAGAGCTGCAAC	3	R+7_2	Astronaut 2	R+7	R	20.4120693551013
R+7_2_ACTTCCAGCGCGTCGGTAAT	4	R+7_2	Astronaut 2	R+7	R	15.5518849812587
R+7_2_ACTTCCCATAGGCGTGATAT	0	R+7_2	Astronaut 2	R+7	R	20.4120695772117
R+7_2_ACTTCCGCAAATTCAGTAAT	1	R+7_2	Astronaut 2	R+7	R	17.7321842474694
R+7_2_ACTTCGATATCTCCAGGCGT	0	R+7_2	Astronaut 2	R+7	R	18.9526831123315
R+7_2_ACTTCGCCTTGGAGCGGCGT	0	R+7_2	Astronaut 2	R+7	R	16.2419616677591
R+7_2_ACTTCGCTTGCGCCTGGCGT	4	R+7_2	Astronaut 2	R+7	R	18.74490474655
R+7_2_ACTTCGCTTGCTCCAGCTTG	6	R+7_2	Astronaut 2	R+7	R	19.6428066222789
R+7_2_ACTTCGGCGTGCGAAGGCGT	4	R+7_2	Astronaut 2	R+7	R	16.6447337737519
R+7_2_ACTTCTAGAGCCATAGGCGT	0	R+7_2	Astronaut 2	R+7	R	20.4120697993221
R+7_2_ACTTCTGAGACGCCTGCTGC	0	R+7_2	Astronaut 2	R+7	R	13.4361269991833
R+7_2_ACTTCTGCTAGGTCCGATGA	3	R+7_2	Astronaut 2	R+7	R	14.9492537794871
R+7_2_AGAACAGGTCCCATAGTCTA	0	R+7_2	Astronaut 2	R+7	R	14.95868195951
R+7_2_AGAACATTCACGCCTGATAT	0	R+7_2	Astronaut 2	R+7	R	34.1774927453322
R+7_2_AGAACCAGAAGTATCGTCTA	3	R+7_2	Astronaut 2	R+7	R	18.4132629377718
R+7_2_AGAACCCTAGCGACCGGCGT	0	R+7_2	Astronaut 2	R+7	R	20.3626855463288
R+7_2_AGAACCGCCTGCTCTGCTTG	1	R+7_2	Astronaut 2	R+7	R	17.9278367010377
R+7_2_AGAACCGCTCGAGTCGTCTA	1	R+7_2	Astronaut 2	R+7	R	16.6758939350539
R+7_2_AGAACGATATCTCCAGCGGT	2	R+7_2	Astronaut 2	R+7	R	9.87671165906936
R+7_2_AGAACGTAGACAGAAGCAAC	2	R+7_2	Astronaut 2	R+7	R	9.82450202413145
R+7_2_AGAACGTCTAGTAATGTCTA	0	R+7_2	Astronaut 2	R+7	R	34.1774929674426
R+7_2_AGAACTAGAGCGGCAGCCTT	2	R+7_2	Astronaut 2	R+7	R	16.1567372015661
R+7_2_AGAACTGAGACTGGAGCAAC	0	R+7_2	Astronaut 2	R+7	R	12.9468486106498
R+7_2_AGAGTACGATCGCCTGGCGT	1	R+7_2	Astronaut 2	R+7	R	17.0573094939602
R+7_2_AGAGTAGAGTGCGAAGGCGT	1	R+7_2	Astronaut 2	R+7	R	12.7583463868854
R+7_2_AGAGTAGTTGGGTCCGGTCC	4	R+7_2	Astronaut 2	R+7	R	18.1076329831258
R+7_2_AGAGTCAACTGAACCGGAGC	6	R+7_2	Astronaut 2	R+7	R	19.716668058416
R+7_2_AGAGTCAACTGATGAGCGGT	0	R+7_2	Astronaut 2	R+7	R	19.1282108853035
R+7_2_AGAGTGAGTCGGTCCGGCGT	1	R+7_2	Astronaut 2	R+7	R	17.6745969237895
R+7_2_AGAGTGGTAACAGCGGTCTA	2	R+7_2	Astronaut 2	R+7	R	17.9278369231481
R+7_2_AGAGTGGTCCGATATGCTTG	3	R+7_2	Astronaut 2	R+7	R	20.1711520830855
R+7_2_AGAGTGTATCGAGTCGGTCC	1	R+7_2	Astronaut 2	R+7	R	14.4046312206136
R+7_2_AGAGTTAAGGGGTCCGCGGT	0	R+7_2	Astronaut 2	R+7	R	17.0784347324366
R+7_2_AGAGTTCGCGCAGAAGCTTG	1	R+7_2	Astronaut 2	R+7	R	14.9193276544383
R+7_2_AGCGGATGCGCTGGAGGAGC	1	R+7_2	Astronaut 2	R+7	R	17.9278371452585
R+7_2_AGCGGCCGCTGGCAGGTCTA	0	R+7_2	Astronaut 2	R+7	R	12.7708472811944
R+7_2_AGCGGCGAAGCAGAAGCTTG	2	R+7_2	Astronaut 2	R+7	R	13.7866860554287
R+7_2_AGCGGGTCTACCTAGGCTTG	0	R+7_2	Astronaut 2	R+7	R	16.2181824176118
R+7_2_AGCGGGTCTAGACTGGATAT	0	R+7_2	Astronaut 2	R+7	R	16.846056544962
R+7_2_AGCGGTAAGGGGTAAGCTGC	3	R+7_2	Astronaut 2	R+7	R	20.4120700214325
R+7_2_AGCGGTGGACGCTTGGTCTA	1	R+7_2	Astronaut 2	R+7	R	18.4345026751551
R+7_2_AGGCTAACTCCCATAGCGGT	4	R+7_2	Astronaut 2	R+7	R	17.9745728169705
R+7_2_AGGCTAAGGTGAACCGCCTT	1	R+7_2	Astronaut 2	R+7	R	39.314767818246
R+7_2_AGGCTCGAAGCGCCTGCTGC	1	R+7_2	Astronaut 2	R+7	R	34.177493189553
R+7_2_AGGCTCGATTGAGTCGCAAC	5	R+7_2	Astronaut 2	R+7	R	20.4120702435429
R+7_2_AGGCTCGCTCGGCAGGATGA	3	R+7_2	Astronaut 2	R+7	R	17.9325070415536
R+7_2_AGGCTCTAACCAGCGGCCTT	0	R+7_2	Astronaut 2	R+7	R	17.9767606280277
R+7_2_AGGCTGCAGGGTAGAGGCGT	4	R+7_2	Astronaut 2	R+7	R	39.1160769026606
R+7_2_AGGCTGCTTGGAACCGCGGT	0	R+7_2	Astronaut 2	R+7	R	20.4120704656533
R+7_2_AGGCTTAGAGCTAGTGGCGT	0	R+7_2	Astronaut 2	R+7	R	19.8699431290545
R+7_2_AGGCTTCAGTATTGGGATAT	5	R+7_2	Astronaut 2	R+7	R	17.3459633513758
R+7_2_AGGTCACCAGCTTAAGGCGT	1	R+7_2	Astronaut 2	R+7	R	19.2562418602289
R+7_2_AGGTCCAATCGTAATGATAT	0	R+7_2	Astronaut 2	R+7	R	16.6758634372519
R+7_2_AGGTCCGAAGGGCGTGCTTG	0	R+7_2	Astronaut 2	R+7	R	17.33865597762
R+7_2_AGGTCCGTCGCGCTCGCAAC	4	R+7_2	Astronaut 2	R+7	R	13.7802264600433
R+7_2_AGGTCCGTCGCTGGAGCAAC	0	R+7_2	Astronaut 2	R+7	R	19.1460644658665
R+7_2_AGGTCCGTCGGAACCGATAT	4	R+7_2	Astronaut 2	R+7	R	20.1872747344186
R+7_2_AGGTCGAGTCCTAACGGAGC	5	R+7_2	Astronaut 2	R+7	R	15.5824064107782
R+7_2_AGGTCGCTTGCTGGAGGAGC	3	R+7_2	Astronaut 2	R+7	R	20.4120706877637
R+7_2_AGGTCGGCGTGAACCGCCTT	2	R+7_2	Astronaut 2	R+7	R	17.347523592415
R+7_2_AGTTGAAGACGAGCTGATAT	2	R+7_2	Astronaut 2	R+7	R	16.8213252270124
R+7_2_AGTTGACTCGCGCCTGATAT	0	R+7_2	Astronaut 2	R+7	R	19.3485829410851
R+7_2_AGTTGACTTCCAGTTGCTGC	1	R+7_2	Astronaut 2	R+7	R	20.412070909874
R+7_2_AGTTGAGCGGCGTCGGTAAT	0	R+7_2	Astronaut 2	R+7	R	16.3968807618144
R+7_2_AGTTGATCCTGGCAGGGCGT	1	R+7_2	Astronaut 2	R+7	R	16.1717837626779
R+7_2_AGTTGCCTAGCCGCTGGTCC	0	R+7_2	Astronaut 2	R+7	R	16.1295050310664
R+7_2_AGTTGTAAGGGCAGGGATGA	0	R+7_2	Astronaut 2	R+7	R	20.4120711319844
R+7_2_AGTTGTGCGCCGGATGGCGT	4	R+7_2	Astronaut 2	R+7	R	16.1294647226386
R+7_2_AGTTGTTAGCCCATAGATGA	0	R+7_2	Astronaut 2	R+7	R	17.0826343657245
R+7_2_AGTTGTTAGCGATGAGATGA	0	R+7_2	Astronaut 2	R+7	R	18.4697188917115
R+7_2_AGTTGTTAGCGGTAAGATGA	0	R+7_2	Astronaut 2	R+7	R	20.1484280698696
R+7_2_ATCCTGCTGCCGCCTGGTCC	0	R+7_2	Astronaut 2	R+7	R	19.1090239785393
R+7_2_ATCCTGGTAAGGTAAGATGA	8	R+7_2	Astronaut 2	R+7	R	20.4120713540948
R+7_2_ATCCTGTAATCTAGTGCAAC	0	R+7_2	Astronaut 2	R+7	R	6.85483115113443
R+7_2_ATCCTGTATCCCTCAGCCTT	1	R+7_2	Astronaut 2	R+7	R	16.6441398633771
R+7_2_ATCCTTTCATCGATTGCGGT	3	R+7_2	Astronaut 2	R+7	R	18.385084793244
R+7_2_ATCTGACTCGCGCCTGATGA	1	R+7_2	Astronaut 2	R+7	R	19.7833685525872
R+7_2_ATCTGACTCGGTAATGCCTT	0	R+7_2	Astronaut 2	R+7	R	19.1363090552888
R+7_2_ATCTGCGGATCGCCTGCAAC	0	R+7_2	Astronaut 2	R+7	R	20.4120715762052
R+7_2_ATCTGGACTGCTAGTGCGGT	1	R+7_2	Astronaut 2	R+7	R	19.9785143516884
R+7_2_ATCTGGCCTTCGACCGGTCC	0	R+7_2	Astronaut 2	R+7	R	17.3798950002528
R+7_2_ATCTGGCGGTCTAGTGCGGT	1	R+7_2	Astronaut 2	R+7	R	15.0586514555151
R+7_2_ATCTGGCTCTCCTCAGGAGC	0	R+7_2	Astronaut 2	R+7	R	16.8460567670724
R+7_2_ATCTGGCTCTGAGCTGCCTT	1	R+7_2	Astronaut 2	R+7	R	34.1774934116634
R+7_2_ATCTGGGAGCCTACGGGTCC	6	R+7_2	Astronaut 2	R+7	R	20.1628002643072
R+7_2_ATCTGGGAGCGCTCTGATAT	5	R+7_2	Astronaut 2	R+7	R	20.187274956529
R+7_2_ATCTGTGCTAGATATGCTGC	3	R+7_2	Astronaut 2	R+7	R	18.2077313043336
R+7_2_ATGCGAGGTCGCTCTGATGA	0	R+7_2	Astronaut 2	R+7	R	17.6846832990895
R+7_2_ATGCGCGAAGCCTAGGCAAC	0	R+7_2	Astronaut 2	R+7	R	36.6491111187862
R+7_2_ATGCGCGGATGGTAAGGAGC	4	R+7_2	Astronaut 2	R+7	R	14.9331576530809
R+7_2_ATGCGTCCGGGGAGCGATGA	1	R+7_2	Astronaut 2	R+7	R	20.3697876739721
R+7_2_ATGCGTCGTACGTCGGATGA	0	R+7_2	Astronaut 2	R+7	R	16.1310745241421
R+7_2_ATGCGTCTACCTGGAGGAGC	0	R+7_2	Astronaut 2	R+7	R	16.8460569891827
R+7_2_ATGGCAAGCAGCTTGGGCGT	3	R+7_2	Astronaut 2	R+7	R	20.4120717983156
R+7_2_ATGGCACTTCGCTTGGATGA	5	R+7_2	Astronaut 2	R+7	R	17.3911305636062
R+7_2_ATGGCATCTGGGTCCGCTGC	2	R+7_2	Astronaut 2	R+7	R	2.72283248529313
R+7_2_ATGGCGCGGTGCTCTGCTGC	0	R+7_2	Astronaut 2	R+7	R	19.1083106275619
R+7_2_ATGGCGGCAGATTGGGCGGT	1	R+7_2	Astronaut 2	R+7	R	20.412072020426
R+7_2_ATGGCGTTAGCTAGTGCGGT	0	R+7_2	Astronaut 2	R+7	R	12.9877889024485
R+7_2_ATGGCTAGAGCTAGTGGAGC	1	R+7_2	Astronaut 2	R+7	R	19.3234382177727
R+7_2_ATGGCTTCATGTATCGCGGT	1	R+7_2	Astronaut 2	R+7	R	14.4090154067166
R+7_2_ATGGCTTCATGTATCGCTTG	1	R+7_2	Astronaut 2	R+7	R	17.3235923258994
R+7_2_ATTACAAGGTCAGAAGTCTA	0	R+7_2	Astronaut 2	R+7	R	16.6441400854875
R+7_2_ATTACCAACTATTGGGCCTT	5	R+7_2	Astronaut 2	R+7	R	17.6417964687666
R+7_2_ATTACCAGCGGCAGGGGAGC	0	R+7_2	Astronaut 2	R+7	R	16.6888465862373
R+7_2_ATTACCGACCGCTTGGATGA	4	R+7_2	Astronaut 2	R+7	R	18.1076332052362
R+7_2_ATTACGCTCTCTGGAGCAAC	2	R+7_2	Astronaut 2	R+7	R	34.1774936337738
R+7_2_ATTACTAAGGGCTTGGTCTA	2	R+7_2	Astronaut 2	R+7	R	16.1377305343778
R+7_2_ATTCAAACCGGCCTTGTCTA	4	R+7_2	Astronaut 2	R+7	R	19.7902028676844
R+7_2_ATTCAAACGACCATAGTCTA	0	R+7_2	Astronaut 2	R+7	R	18.827436617723
R+7_2_ATTCACAATCCCTAGGATGA	0	R+7_2	Astronaut 2	R+7	R	34.8289331370027
R+7_2_ATTCACCATACGCCTGCGGT	1	R+7_2	Astronaut 2	R+7	R	20.1628004864176
R+7_2_ATTCACGGCAGTAATGGCGT	0	R+7_2	Astronaut 2	R+7	R	17.1619047965945
R+7_2_ATTCACTAGTCGACCGCGGT	0	R+7_2	Astronaut 2	R+7	R	14.141288208517
R+7_2_ATTCAGACTGCCTCAGGCGT	0	R+7_2	Astronaut 2	R+7	R	16.3968809839248
R+7_2_ATTCAGATATCGGATGCAAC	2	R+7_2	Astronaut 2	R+7	R	18.3485266819009
R+7_2_ATTCAGGAGCCTAACGGAGC	0	R+7_2	Astronaut 2	R+7	R	17.6386984561834
R+7_2_ATTCAGTTAGGCTTGGGCGT	0	R+7_2	Astronaut 2	R+7	R	14.655232524876
R+7_2_ATTGGAAGACGACTGGCCTT	0	R+7_2	Astronaut 2	R+7	R	16.3968812060352
R+7_2_ATTGGATCCTCTGGAGATGA	5	R+7_2	Astronaut 2	R+7	R	19.7056969179877
R+7_2_ATTGGCGATTGGTCCGGAGC	0	R+7_2	Astronaut 2	R+7	R	11.8412983661364
R+7_2_ATTGGCGGCAGCTCTGCTTG	0	R+7_2	Astronaut 2	R+7	R	20.1194262767854
R+7_2_ATTGGCTACGGGCGTGGCGT	4	R+7_2	Astronaut 2	R+7	R	16.3968814281456
R+7_2_ATTGGGAGTCCGCCTGTCTA	0	R+7_2	Astronaut 2	R+7	R	20.3638398293456
R+7_2_ATTGGGTAATGCTGCGATAT	0	R+7_2	Astronaut 2	R+7	R	18.0644253843558
R+7_2_ATTGGTAGAGCTCCAGCTGC	1	R+7_2	Astronaut 2	R+7	R	34.1774938558842
R+7_2_CAACTAACTCGTAATGCTTG	0	R+7_2	Astronaut 2	R+7	R	20.4120722425364
R+7_2_CAACTAGGTCGATGAGGCGT	2	R+7_2	Astronaut 2	R+7	R	17.9278373673689
R+7_2_CAACTCGGATGTATCGCGGT	4	R+7_2	Astronaut 2	R+7	R	17.6456182409202
R+7_2_CAACTGACTGGGTCCGCAAC	2	R+7_2	Astronaut 2	R+7	R	15.5103780345739
R+7_2_CAACTGCTTGCGAAGGCGGT	1	R+7_2	Astronaut 2	R+7	R	19.1713296809587
R+7_2_CAACTGGCAGGAGTCGCTTG	0	R+7_2	Astronaut 2	R+7	R	19.5887899039524
R+7_2_CAACTTATCTCGCCTGGCGT	0	R+7_2	Astronaut 2	R+7	R	16.6888838620029
R+7_2_CAACTTATCTGCGGTGATGA	1	R+7_2	Astronaut 2	R+7	R	13.7998070089324
R+7_2_CAACTTTATGGTAATGCAAC	6	R+7_2	Astronaut 2	R+7	R	16.7034270351791
R+7_2_CAATCCCATACTGGAGTAAT	0	R+7_2	Astronaut 2	R+7	R	14.7214041607987
R+7_2_CAATCGAACCCAATCGCTTG	1	R+7_2	Astronaut 2	R+7	R	19.0694373407236
R+7_2_CAATCGATGACGCCTGATGA	1	R+7_2	Astronaut 2	R+7	R	20.4120724646468
R+7_2_CAATCGCTCTGATATGCGGT	5	R+7_2	Astronaut 2	R+7	R	18.7531596805813
R+7_2_CAATCGTAATCTAGTGCAAC	0	R+7_2	Astronaut 2	R+7	R	18.3850850153544
R+7_2_CAATCGTCCGGATGAGCTGC	5	R+7_2	Astronaut 2	R+7	R	20.4120726867571
R+7_2_CAATCTACGTCAGAAGATGA	4	R+7_2	Astronaut 2	R+7	R	20.1824252758217
R+7_2_CAATCTCGCGGCTCTGCCTT	0	R+7_2	Astronaut 2	R+7	R	16.1361416404959
R+7_2_CAGAAAACGAGCCTTGATAT	0	R+7_2	Astronaut 2	R+7	R	14.6687699845401
R+7_2_CAGAAAACTCCCGCTGCCTT	0	R+7_2	Astronaut 2	R+7	R	17.6860611727572
R+7_2_CAGAAATTCAGAGCTGCCTT	9	R+7_2	Astronaut 2	R+7	R	15.0383968179779
R+7_2_CAGAACAGTTGCAACGTCTA	6	R+7_2	Astronaut 2	R+7	R	18.1619644052482
R+7_2_CAGAACGTCGCTAGTGCAAC	2	R+7_2	Astronaut 2	R+7	R	20.4120729088675
R+7_2_CAGAAGCAACGAGCTGGCGT	0	R+7_2	Astronaut 2	R+7	R	19.0575995809105
R+7_2_CAGAAGCAACGAGCTGTAAT	1	R+7_2	Astronaut 2	R+7	R	17.3305840270674
R+7_2_CAGAAGCGGTCTCCAGATAT	2	R+7_2	Astronaut 2	R+7	R	10.2647070593609
R+7_2_CAGAAGTCCGGGTCCGTCTA	0	R+7_2	Astronaut 2	R+7	R	14.9589355439743
R+7_2_CAGAATGAGACCTAGGATGA	2	R+7_2	Astronaut 2	R+7	R	19.405656296254
R+7_2_CAGCGACCAGGGTCCGATGA	5	R+7_2	Astronaut 2	R+7	R	19.6707108486102
R+7_2_CAGCGAGTTGGGTCCGCAAC	2	R+7_2	Astronaut 2	R+7	R	34.1774940779945
R+7_2_CAGCGAGTTGGTATCGCTGC	1	R+7_2	Astronaut 2	R+7	R	9.13110088968891
R+7_2_CAGCGATGCGCGCTCGGCGT	0	R+7_2	Astronaut 2	R+7	R	18.1116719611388
R+7_2_CAGCGCAATCCAGTTGGTCC	0	R+7_2	Astronaut 2	R+7	R	16.0279008996323
R+7_2_CAGCGGCCTTCAGAAGATGA	0	R+7_2	Astronaut 2	R+7	R	39.3062304299808
R+7_2_CAGCGGTCCGCGATTGGCGT	0	R+7_2	Astronaut 2	R+7	R	16.3968816502559
R+7_2_CAGCGGTCTACTAGTGCTGC	0	R+7_2	Astronaut 2	R+7	R	17.3216547150295
R+7_2_CAGCGTCGTACCTCAGCGGT	1	R+7_2	Astronaut 2	R+7	R	19.839464285945
R+7_2_CAGCGTTCGACTACGGCGGT	3	R+7_2	Astronaut 2	R+7	R	19.7618917264662
R+7_2_CAGTTAACTCGCAGGGATGA	8	R+7_2	Astronaut 2	R+7	R	17.0810939336963
R+7_2_CAGTTACGATCTCCAGGAGC	0	R+7_2	Astronaut 2	R+7	R	18.3617269597497
R+7_2_CAGTTACGATGGTAAGCTTG	4	R+7_2	Astronaut 2	R+7	R	20.4120731309779
R+7_2_CAGTTACTTCCAGCGGATAT	2	R+7_2	Astronaut 2	R+7	R	19.8329311112103
R+7_2_CAGTTAGGCTCTAACGTCTA	0	R+7_2	Astronaut 2	R+7	R	16.1514024214011
R+7_2_CAGTTCAGTTCTACGGCAAC	4	R+7_2	Astronaut 2	R+7	R	20.4120733530883
R+7_2_CAGTTCTACGCGCCTGGCGT	0	R+7_2	Astronaut 2	R+7	R	35.6053233060297
R+7_2_CAGTTGACTGGGCGTGATAT	0	R+7_2	Astronaut 2	R+7	R	14.6552327469863
R+7_2_CAGTTGAGTCGGAGCGTCTA	6	R+7_2	Astronaut 2	R+7	R	17.0806364333454
R+7_2_CAGTTGCAACCAGAAGCTGC	8	R+7_2	Astronaut 2	R+7	R	4.57088856066186
R+7_2_CAGTTGCAGGCAATCGCCTT	0	R+7_2	Astronaut 2	R+7	R	18.1076334273466
R+7_2_CAGTTGCGGTCGCAAGTCTA	1	R+7_2	Astronaut 2	R+7	R	20.4120735751987
R+7_2_CAGTTGTATCCGGATGGCGT	6	R+7_2	Astronaut 2	R+7	R	20.4120737973091
R+7_2_CAGTTTACGTGCTGCGTCTA	7	R+7_2	Astronaut 2	R+7	R	20.2803475598676
R+7_2_CAGTTTAGAGCAGAAGCTTG	0	R+7_2	Astronaut 2	R+7	R	20.4120740194195
R+7_2_CAGTTTAGAGGGAGCGCTTG	0	R+7_2	Astronaut 2	R+7	R	14.9448369378908
R+7_2_CAGTTTGAGACAATCGTCTA	0	R+7_2	Astronaut 2	R+7	R	19.6753364311531
R+7_2_CCATAACGATGGCAGGATGA	8	R+7_2	Astronaut 2	R+7	R	34.1774943001049
R+7_2_CCATAATGCGGTAGAGCCTT	5	R+7_2	Astronaut 2	R+7	R	16.3968818723663
R+7_2_CCATAATTCAGCGGTGCGGT	0	R+7_2	Astronaut 2	R+7	R	17.6533477019386
R+7_2_CCATACGGCACCTAGGTCTA	0	R+7_2	Astronaut 2	R+7	R	14.8152312213623
R+7_2_CCATAGAGCTCGCCTGATAT	4	R+7_2	Astronaut 2	R+7	R	14.782206549905
R+7_2_CCATAGCTTGGTAGAGTAAT	0	R+7_2	Astronaut 2	R+7	R	18.0138550594554
R+7_2_CCATAGGTAACGCCTGATAT	5	R+7_2	Astronaut 2	R+7	R	20.1628007085279
R+7_2_CCATATCGTAGAGTCGATGA	1	R+7_2	Astronaut 2	R+7	R	14.9392626724363
R+7_2_CCATATGCTAGATATGGTCC	4	R+7_2	Astronaut 2	R+7	R	20.0856302073716
R+7_2_CCGCTAGGCTATTGGGCTTG	0	R+7_2	Astronaut 2	R+7	R	14.4103895069875
R+7_2_CCGCTAGGTCGAACCGCAAC	2	R+7_2	Astronaut 2	R+7	R	20.4101183347523
R+7_2_CCGCTCGACCCTTAAGCCTT	0	R+7_2	Astronaut 2	R+7	R	17.1694124987931
R+7_2_CCGCTGCAACGAGCTGCGGT	0	R+7_2	Astronaut 2	R+7	R	16.0381770872897
R+7_2_CCGCTGCCTTGCAACGATGA	8	R+7_2	Astronaut 2	R+7	R	34.1774945222153
R+7_2_CCGCTGCGGTGCCTTGATAT	0	R+7_2	Astronaut 2	R+7	R	20.3817510125419
R+7_2_CCGCTGGTAACGAAGGTAAT	2	R+7_2	Astronaut 2	R+7	R	16.8460572112931
R+7_2_CCGCTTGAGACGGATGCAAC	2	R+7_2	Astronaut 2	R+7	R	17.1603752646918
R+7_2_CCTAGAGGTCGTAGAGCAAC	1	R+7_2	Astronaut 2	R+7	R	20.4120742415299
R+7_2_CCTAGAGTTGCTAACGGCGT	0	R+7_2	Astronaut 2	R+7	R	20.0286175422381
R+7_2_CCTAGATCCTCTAACGCAAC	0	R+7_2	Astronaut 2	R+7	R	16.8460574334035
R+7_2_CCTAGATCCTGCAACGGTCC	3	R+7_2	Astronaut 2	R+7	R	17.7224746170372
R+7_2_CCTAGATGCGCGTCGGCTGC	4	R+7_2	Astronaut 2	R+7	R	19.6878147535382
R+7_2_CCTAGATTACCCTAGGCCTT	0	R+7_2	Astronaut 2	R+7	R	12.9416497769749
R+7_2_CCTAGATTCACCTAGGCGGT	4	R+7_2	Astronaut 2	R+7	R	15.9120994516224
R+7_2_CCTAGCAGCGCAACTGGCGT	0	R+7_2	Astronaut 2	R+7	R	14.4104615729572
R+7_2_CCTAGCTGGACTTAAGCTGC	0	R+7_2	Astronaut 2	R+7	R	18.1079491040025
R+7_2_CCTAGGGTCCCAGCGGCTGC	2	R+7_2	Astronaut 2	R+7	R	34.1774947443257
R+7_2_CCTAGTATCTCGAAGGTCTA	1	R+7_2	Astronaut 2	R+7	R	20.4120744636402
R+7_2_CCTAGTCTACGGCAGGTAAT	6	R+7_2	Astronaut 2	R+7	R	12.1995759838025
R+7_2_CCTCAAAGGTCAATCGCCTT	0	R+7_2	Astronaut 2	R+7	R	19.7878522119317
R+7_2_CCTCACTAGTGCGGTGCCTT	0	R+7_2	Astronaut 2	R+7	R	16.0144213520465
R+7_2_CCTCAGCAACGATATGGTCC	0	R+7_2	Astronaut 2	R+7	R	19.0616074043689
R+7_2_CCTCAGCAACGCCTTGCTTG	4	R+7_2	Astronaut 2	R+7	R	13.9372764154801
R+7_2_CCTCAGCTTGGTAATGTAAT	0	R+7_2	Astronaut 2	R+7	R	16.0653419983854
R+7_2_CCTCATAGGAGCGGTGGCGT	5	R+7_2	Astronaut 2	R+7	R	19.1145940904855
R+7_2_CGAAGATGGCCCTCAGATAT	0	R+7_2	Astronaut 2	R+7	R	18.3850852374648
R+7_2_CGAAGCAATCGGTCCGCCTT	0	R+7_2	Astronaut 2	R+7	R	17.6628264916993
R+7_2_CGAAGCAGCGCGCCTGATAT	0	R+7_2	Astronaut 2	R+7	R	13.4494348048098
R+7_2_CGAAGCGAAGGCCTTGATAT	0	R+7_2	Astronaut 2	R+7	R	13.9198523658514
R+7_2_CGAAGCTACGGAGCTGGCGT	0	R+7_2	Astronaut 2	R+7	R	18.0768250506781
R+7_2_CGAAGGAACCGAACCGCTGC	4	R+7_2	Astronaut 2	R+7	R	20.4120746857506
R+7_2_CGAAGGAGCTGCTTGGATGA	0	R+7_2	Astronaut 2	R+7	R	34.1774949664361
R+7_2_CGAAGGGTCCCTACGGATGA	0	R+7_2	Astronaut 2	R+7	R	20.412074907861
R+7_2_CGAAGGTAATGAGCTGTAAT	2	R+7_2	Astronaut 2	R+7	R	17.6418737218119
R+7_2_CGAAGTATCTCTGGAGCTTG	6	R+7_2	Astronaut 2	R+7	R	20.4120751299714
R+7_2_CGAAGTGGACATTGGGGTCC	4	R+7_2	Astronaut 2	R+7	R	18.8971537582377
R+7_2_CGAAGTTGAACTAACGATAT	0	R+7_2	Astronaut 2	R+7	R	20.4120753520818
R+7_2_CGACCAACTCGAACCGTCTA	8	R+7_2	Astronaut 2	R+7	R	39.3062306520912
R+7_2_CGACCAAGGTCGCTCGTCTA	0	R+7_2	Astronaut 2	R+7	R	20.4120755741922
R+7_2_CGACCAGGCTGCTCTGATAT	0	R+7_2	Astronaut 2	R+7	R	14.6552329690967
R+7_2_CGACCATGCGGCCTTGTCTA	0	R+7_2	Astronaut 2	R+7	R	12.7764735350632
R+7_2_CGACCCGGATCTACGGGTCC	1	R+7_2	Astronaut 2	R+7	R	16.8460576555139
R+7_2_CGACCCTAGTGAGCTGATAT	0	R+7_2	Astronaut 2	R+7	R	18.3850854595752
R+7_2_CGACCTACGTCAATCGCCTT	1	R+7_2	Astronaut 2	R+7	R	16.6581684579461
R+7_2_CGACCTTAGCCTGGAGGAGC	4	R+7_2	Astronaut 2	R+7	R	14.9767529471804
R+7_2_CGATTAACCGGGCGTGGAGC	0	R+7_2	Astronaut 2	R+7	R	17.0591818562681
R+7_2_CGATTACTAACTAACGATGA	8	R+7_2	Astronaut 2	R+7	R	20.4120757963026
R+7_2_CGATTATGGCCGCAAGCTTG	0	R+7_2	Astronaut 2	R+7	R	19.8337220234253
R+7_2_CGATTCCGCTCCATAGATGA	5	R+7_2	Astronaut 2	R+7	R	20.1628009306383
R+7_2_CGATTCGGATGGCGTGTAAT	0	R+7_2	Astronaut 2	R+7	R	19.1460646879769
R+7_2_CGATTCTTAAGAGCTGGCGT	0	R+7_2	Astronaut 2	R+7	R	20.412076018413
R+7_2_CGATTGTTAGCTACGGGAGC	1	R+7_2	Astronaut 2	R+7	R	19.7153693835468
R+7_2_CGATTTCTACGCTGCGCGGT	0	R+7_2	Astronaut 2	R+7	R	38.5581877109863
R+7_2_CGATTTTATGCGCAAGCTTG	0	R+7_2	Astronaut 2	R+7	R	13.0098952383588
R+7_2_CGCAAAACTCGCGAAGATGA	0	R+7_2	Astronaut 2	R+7	R	16.3968820944767
R+7_2_CGCAAAAGGTCGCAAGTAAT	4	R+7_2	Astronaut 2	R+7	R	13.8027930756431
R+7_2_CGCAAACCAGGCCTTGCGGT	0	R+7_2	Astronaut 2	R+7	R	18.107633649457
R+7_2_CGCAAACGATGAGCTGGCGT	0	R+7_2	Astronaut 2	R+7	R	17.715210136872
R+7_2_CGCAACCGCTCAGCGGTAAT	1	R+7_2	Astronaut 2	R+7	R	20.0727744726185
R+7_2_CGCAACGCTCCAGTTGCAAC	0	R+7_2	Astronaut 2	R+7	R	12.8231962421871
R+7_2_CGCAACGCTCGTAGAGCGGT	0	R+7_2	Astronaut 2	R+7	R	16.128206156371
R+7_2_CGCAACGGATGAGTCGGAGC	4	R+7_2	Astronaut 2	R+7	R	15.9846521042832
R+7_2_CGCAACGTCGCGACCGATAT	1	R+7_2	Astronaut 2	R+7	R	20.4120762405233
R+7_2_CGCAAGCTCTGGCAGGTCTA	0	R+7_2	Astronaut 2	R+7	R	18.3850856816856
R+7_2_CGCAAGGCGTGTAATGCTGC	0	R+7_2	Astronaut 2	R+7	R	17.6650410106259
R+7_2_CGCAAGTCTACTACGGCCTT	2	R+7_2	Astronaut 2	R+7	R	19.2766838583254
R+7_2_CGCAAGTTAGGGTAAGCCTT	1	R+7_2	Astronaut 2	R+7	R	16.3968823165871
R+7_2_CGCAATATTGGCCTTGCTTG	2	R+7_2	Astronaut 2	R+7	R	18.465843663941
R+7_2_CGCAATGCTAGCAGGGCTTG	0	R+7_2	Astronaut 2	R+7	R	14.716124281119
R+7_2_CGCCTATTGGGCCTTGCAAC	0	R+7_2	Astronaut 2	R+7	R	20.4120764626337
R+7_2_CGCCTCGACCGTATCGCCTT	0	R+7_2	Astronaut 2	R+7	R	13.8078938936911
R+7_2_CGCCTGACTGCAGAAGCCTT	0	R+7_2	Astronaut 2	R+7	R	19.806026725023
R+7_2_CGCCTGATGAGTAATGGCGT	0	R+7_2	Astronaut 2	R+7	R	15.5315384381269
R+7_2_CGCCTGCTTGCTAGTGCGGT	0	R+7_2	Astronaut 2	R+7	R	16.6675339264344
R+7_2_CGCTCAACGAATTCAGCGGT	0	R+7_2	Astronaut 2	R+7	R	18.00440341354
R+7_2_CGCTCAAGGTGGTCCGATAT	0	R+7_2	Astronaut 2	R+7	R	18.385085903796
R+7_2_CGCTCAGAGTCGATTGGAGC	1	R+7_2	Astronaut 2	R+7	R	17.6741188249566
R+7_2_CGCTCCAGTTCGCAAGCTGC	0	R+7_2	Astronaut 2	R+7	R	34.1774951885465
R+7_2_CGCTCCGGCACGACCGCAAC	0	R+7_2	Astronaut 2	R+7	R	15.0476542521443
R+7_2_CGCTCCGTCGGTAATGATGA	5	R+7_2	Astronaut 2	R+7	R	20.1628011527487
R+7_2_CGCTCGACTGCGACCGTCTA	8	R+7_2	Astronaut 2	R+7	R	20.3745128544672
R+7_2_CGCTCGAGTCCAGCGGGCGT	0	R+7_2	Astronaut 2	R+7	R	20.4097081975011
R+7_2_CGCTCGAGTCGCAACGGCGT	0	R+7_2	Astronaut 2	R+7	R	20.4120766847441
R+7_2_CGCTCGCAACGAGCTGATAT	1	R+7_2	Astronaut 2	R+7	R	19.7987797160202
R+7_2_CGCTCGGCAGCGAAGGCCTT	2	R+7_2	Astronaut 2	R+7	R	18.3752796689682
R+7_2_CGCTCTCTACCGGATGCTGC	0	R+7_2	Astronaut 2	R+7	R	20.1069654140918
R+7_2_CGCTCTGAGACGCAAGCTTG	1	R+7_2	Astronaut 2	R+7	R	20.4120769068545
R+7_2_CGCTCTTATGGAACCGCTTG	4	R+7_2	Astronaut 2	R+7	R	19.6140026280525
R+7_2_CGGATAGAGTGCAACGGCGT	2	R+7_2	Astronaut 2	R+7	R	19.2342709493383
R+7_2_CGGATAGCGGCTTAAGATGA	8	R+7_2	Astronaut 2	R+7	R	20.4120771289649
R+7_2_CGGATCAATCGAGTCGGCGT	0	R+7_2	Astronaut 2	R+7	R	13.7913524516975
R+7_2_CGGATCGCCTCCTAGGGCGT	8	R+7_2	Astronaut 2	R+7	R	13.4160620035835
R+7_2_CGGATCGTCGCCATAGCTGC	0	R+7_2	Astronaut 2	R+7	R	17.9278375894793
R+7_2_CGGATCTAACCTACGGCGGT	1	R+7_2	Astronaut 2	R+7	R	18.4342953023951
R+7_2_CGGATGGCGTGTATCGTCTA	4	R+7_2	Astronaut 2	R+7	R	20.370222511948
R+7_2_CGGATTACGTGGTAAGGTCC	0	R+7_2	Astronaut 2	R+7	R	19.686647901865
R+7_2_CGGATTAGGAGGTAAGCTTG	2	R+7_2	Astronaut 2	R+7	R	20.1628013748591
R+7_2_CGGATTCGTACTAGTGCAAC	1	R+7_2	Astronaut 2	R+7	R	34.1774954106569
R+7_2_CGGATTGCGCGAACCGCCTT	0	R+7_2	Astronaut 2	R+7	R	12.8231964642975
R+7_2_CGGATTTATGGCGGTGTAAT	0	R+7_2	Astronaut 2	R+7	R	18.7130828196403
R+7_2_CGGATTTCATGAACCGATGA	3	R+7_2	Astronaut 2	R+7	R	20.4120773510753
R+7_2_CGGCAAACGAGCGAAGCGGT	0	R+7_2	Astronaut 2	R+7	R	19.2307187181067
R+7_2_CGGCAAAGGTCGAAGGCCTT	2	R+7_2	Astronaut 2	R+7	R	13.9627227200942
R+7_2_CGGCAAGAGTCCATAGCGGT	1	R+7_2	Astronaut 2	R+7	R	16.8460578776243
R+7_2_CGGCAATCCTGCTGCGGCGT	0	R+7_2	Astronaut 2	R+7	R	17.9278378115897
R+7_2_CGGCACGACCCGGATGCTGC	8	R+7_2	Astronaut 2	R+7	R	11.0046394338024
R+7_2_CGGCACGGATGAGCTGGAGC	0	R+7_2	Astronaut 2	R+7	R	34.1774956327672
R+7_2_CGGCAGTAATCTACGGCCTT	0	R+7_2	Astronaut 2	R+7	R	16.3968825386975
R+7_2_CGGCATAAGGATTCAGCCTT	4	R+7_2	Astronaut 2	R+7	R	19.5806414899059
R+7_2_CGGCATATGCGCTGCGGTCC	2	R+7_2	Astronaut 2	R+7	R	17.6735547452561
R+7_2_CGTCGAGAACGGAGCGATAT	2	R+7_2	Astronaut 2	R+7	R	18.3850861259063
R+7_2_CGTCGAGAGTGATATGCAAC	4	R+7_2	Astronaut 2	R+7	R	9.5629582773715
R+7_2_CGTCGCTGGACGTCGGATAT	0	R+7_2	Astronaut 2	R+7	R	17.3770551537506
R+7_2_CGTCGGCTGCCGTCGGCTGC	3	R+7_2	Astronaut 2	R+7	R	4.61523964401187
R+7_2_CGTCGTAGAGCAATCGCTGC	0	R+7_2	Astronaut 2	R+7	R	20.4120775731857
R+7_2_CGTCGTATTGCAGCGGCGGT	3	R+7_2	Astronaut 2	R+7	R	20.1639079377979
R+7_2_CGTCGTCATCCCTCAGGCGT	3	R+7_2	Astronaut 2	R+7	R	19.9968880519126
R+7_2_CGTCGTCTACCAGTTGGAGC	0	R+7_2	Astronaut 2	R+7	R	16.1304551709168
R+7_2_CTAACACTAACTAACGATGA	0	R+7_2	Astronaut 2	R+7	R	12.7267634354861
R+7_2_CTAACACTAAGAACCGGCGT	3	R+7_2	Astronaut 2	R+7	R	34.1774958548776
R+7_2_CTAACACTTCCAGAAGCAAC	0	R+7_2	Astronaut 2	R+7	R	20.412077795296
R+7_2_CTAACCGCCTGCCTTGATAT	0	R+7_2	Astronaut 2	R+7	R	10.2695661519166
R+7_2_CTAACCGGATCGCTCGCCTT	2	R+7_2	Astronaut 2	R+7	R	18.1076338715674
R+7_2_CTAACGCTCTCAGTTGCTTG	2	R+7_2	Astronaut 2	R+7	R	20.1872751786394
R+7_2_CTAACGGTAACAGAAGCAAC	2	R+7_2	Astronaut 2	R+7	R	10.2892080560432
R+7_2_CTAACTATTGGATGAGATGA	3	R+7_2	Astronaut 2	R+7	R	18.9718371801304
R+7_2_CTAACTATTGGTAATGCTTG	0	R+7_2	Astronaut 2	R+7	R	20.4120780174064
R+7_2_CTAACTTATGCGCCTGTCTA	0	R+7_2	Astronaut 2	R+7	R	15.0456623963688
R+7_2_CTAACTTGAACTACGGATGA	8	R+7_2	Astronaut 2	R+7	R	20.4120782395168
R+7_2_CTACGACTCGCTTAAGCCTT	9	R+7_2	Astronaut 2	R+7	R	19.1016606916213
R+7_2_CTACGAGGCTCTAGTGTAAT	1	R+7_2	Astronaut 2	R+7	R	16.1363805774568
R+7_2_CTACGCGATTGAACCGTCTA	1	R+7_2	Astronaut 2	R+7	R	18.3881519724446
R+7_2_CTACGCGCAAGGCGTGATAT	2	R+7_2	Astronaut 2	R+7	R	18.3850863480167
R+7_2_CTACGCGTCGCGACCGCCTT	2	R+7_2	Astronaut 2	R+7	R	10.4327663527557
R+7_2_CTACGGCCTTCGCAAGCGGT	1	R+7_2	Astronaut 2	R+7	R	17.6949936234919
R+7_2_CTACGTCGTAGCAGGGATAT	0	R+7_2	Astronaut 2	R+7	R	16.1461350722388
R+7_2_CTACGTCTACGGAGCGGCGT	2	R+7_2	Astronaut 2	R+7	R	10.2078479252714
R+7_2_CTACGTGCGCCGTCGGCCTT	3	R+7_2	Astronaut 2	R+7	R	17.721237014343
R+7_2_CTACGTTCATCGCAAGCAAC	4	R+7_2	Astronaut 2	R+7	R	19.1136068162975
R+7_2_CTAGTAGAACCCTAGGCTGC	1	R+7_2	Astronaut 2	R+7	R	16.8262229674048
R+7_2_CTAGTAGCGGCTGGAGCGGT	1	R+7_2	Astronaut 2	R+7	R	15.0595302868403
R+7_2_CTAGTCCTAGGAGTCGATGA	5	R+7_2	Astronaut 2	R+7	R	20.4120784616272
R+7_2_CTAGTCGAAGGATATGCGGT	3	R+7_2	Astronaut 2	R+7	R	19.7696449084965
R+7_2_CTAGTCGATTCCTAGGTCTA	1	R+7_2	Astronaut 2	R+7	R	19.2280208391812
R+7_2_CTAGTGACTGCAACTGCTGC	0	R+7_2	Astronaut 2	R+7	R	34.177496076988
R+7_2_CTAGTGCAACCAGTTGATAT	0	R+7_2	Astronaut 2	R+7	R	12.1628730657968
R+7_2_CTAGTGCGGTGCCTTGATAT	0	R+7_2	Astronaut 2	R+7	R	13.786383668368
R+7_2_CTAGTGTATCCTGGAGATAT	0	R+7_2	Astronaut 2	R+7	R	15.5903113866242
R+7_2_CTCCAAGTTGGACTGGGCGT	9	R+7_2	Astronaut 2	R+7	R	12.0676669796416
R+7_2_CTCCACAGAACGAAGGTCTA	0	R+7_2	Astronaut 2	R+7	R	17.1656123355699
R+7_2_CTCCACGCAACAGTTGCAAC	8	R+7_2	Astronaut 2	R+7	R	35.94160540281
R+7_2_CTCCACGGATGATATGCGGT	3	R+7_2	Astronaut 2	R+7	R	20.4120786837376
R+7_2_CTCCAGATATCCATAGCAAC	0	R+7_2	Astronaut 2	R+7	R	17.3700843803712
R+7_2_CTCCAGATATGGTAAGCAAC	0	R+7_2	Astronaut 2	R+7	R	16.1489117680883
R+7_2_CTCCAGGCAGGACTGGCTTG	1	R+7_2	Astronaut 2	R+7	R	16.8113044706393
R+7_2_CTCCAGGCGTCTAGTGCGGT	0	R+7_2	Astronaut 2	R+7	R	16.6489238502637
R+7_2_CTCCAGTCCGGATATGGCGT	0	R+7_2	Astronaut 2	R+7	R	17.6791214868157
R+7_2_CTCCATAAGGCTACGGCCTT	0	R+7_2	Astronaut 2	R+7	R	19.2434774511465
R+7_2_CTCCATGAGAGGTCCGGTCC	0	R+7_2	Astronaut 2	R+7	R	17.1559949120746
R+7_2_CTCCATTAGCGGTCCGATAT	0	R+7_2	Astronaut 2	R+7	R	12.8139085623541
R+7_2_CTGGAAAGACCCATAGTAAT	3	R+7_2	Astronaut 2	R+7	R	16.7968544541273
R+7_2_CTGGAATCCTCTACGGGTCC	0	R+7_2	Astronaut 2	R+7	R	16.6516374538815
R+7_2_CTGGAGCGGTGAACCGGAGC	1	R+7_2	Astronaut 2	R+7	R	10.8690738567028
R+7_2_CTGGAGCTCTCCGCTGATGA	1	R+7_2	Astronaut 2	R+7	R	17.9520875492223
R+7_2_CTGGAGCTCTGGTCCGATGA	2	R+7_2	Astronaut 2	R+7	R	17.6401416264007
R+7_2_CTGGATGCTAGGCAGGGTCC	4	R+7_2	Astronaut 2	R+7	R	18.991106466164
R+7_2_CTTAAAAGACGCTCTGCAAC	2	R+7_2	Astronaut 2	R+7	R	19.9746324290534
R+7_2_CTTAAACCAGGCGAAGGAGC	0	R+7_2	Astronaut 2	R+7	R	16.1282063784814
R+7_2_CTTAAAGTTGGTAATGCGGT	4	R+7_2	Astronaut 2	R+7	R	34.1774962990984
R+7_2_CTTAACAGTTCAGTTGCCTT	8	R+7_2	Astronaut 2	R+7	R	19.0654694324124
R+7_2_CTTAACAGTTGAGTCGTAAT	0	R+7_2	Astronaut 2	R+7	R	18.1076340936778
R+7_2_CTTAACCATACAACTGCTGC	0	R+7_2	Astronaut 2	R+7	R	16.8460580997347
R+7_2_CTTAACGCAAGCAGGGGCGT	0	R+7_2	Astronaut 2	R+7	R	16.131702691714
R+7_2_CTTAACGCTCCTTAAGCTGC	2	R+7_2	Astronaut 2	R+7	R	18.1289258494329
R+7_2_CTTAAGAGTCCGCAAGATAT	0	R+7_2	Astronaut 2	R+7	R	20.412078905848
R+7_2_CTTAAGGCAGGGAGCGGAGC	0	R+7_2	Astronaut 2	R+7	R	17.1392718510927
R+7_2_CTTAAGGTAACTGGAGGAGC	1	R+7_2	Astronaut 2	R+7	R	15.0123437150795
R+7_2_CTTAAGTAATGATGAGGAGC	8	R+7_2	Astronaut 2	R+7	R	16.7189145788016
R+7_2_CTTAAGTCTACGGATGGCGT	1	R+7_2	Astronaut 2	R+7	R	14.8883375499087
R+7_2_CTTAATCCGGCGATTGCGGT	2	R+7_2	Astronaut 2	R+7	R	14.8690167554668
R+7_2_GAACCACGATGCCTTGATGA	4	R+7_2	Astronaut 2	R+7	R	19.8342121663302
R+7_2_GAACCAGGTCATTGGGTCTA	0	R+7_2	Astronaut 2	R+7	R	17.108075477864
R+7_2_GAACCCCTAGGATGAGCAAC	3	R+7_2	Astronaut 2	R+7	R	20.3669811410042
R+7_2_GAACCCGTCGCTAGTGCTTG	1	R+7_2	Astronaut 2	R+7	R	19.0763543727719
R+7_2_GACTGACTAACTTAAGGCGT	3	R+7_2	Astronaut 2	R+7	R	18.1076343157882
R+7_2_GACTGAGCGGGGTAAGCTGC	5	R+7_2	Astronaut 2	R+7	R	20.3583005689112
R+7_2_GACTGAGTTGGATGAGCAAC	0	R+7_2	Astronaut 2	R+7	R	16.2863537679666
R+7_2_GACTGAGTTGGGTAAGCAAC	3	R+7_2	Astronaut 2	R+7	R	18.417705409904
R+7_2_GACTGCAACTATTGGGGAGC	0	R+7_2	Astronaut 2	R+7	R	13.3205131229065
R+7_2_GACTGCAGAACTACGGTCTA	4	R+7_2	Astronaut 2	R+7	R	15.5117123794305
R+7_2_GACTGCGAAGGGTAAGCTTG	4	R+7_2	Astronaut 2	R+7	R	14.9284684557788
R+7_2_GACTGCTACGGAGTCGCTTG	0	R+7_2	Astronaut 2	R+7	R	20.4120791279584
R+7_2_GACTGCTACGGCCTTGCTGC	0	R+7_2	Astronaut 2	R+7	R	19.2133701387451
R+7_2_GACTGGAGCTCAGCGGCTGC	5	R+7_2	Astronaut 2	R+7	R	17.1398411628032
R+7_2_GACTGGTATCGAACCGATAT	0	R+7_2	Astronaut 2	R+7	R	19.9609695980022
R+7_2_GACTGGTCCGCTGGAGCGGT	3	R+7_2	Astronaut 2	R+7	R	17.9278380337001
R+7_2_GACTGTCATCCCATAGCTTG	3	R+7_2	Astronaut 2	R+7	R	15.5260288478367
R+7_2_GACTGTGAGACCTAGGGAGC	2	R+7_2	Astronaut 2	R+7	R	19.7378494823359
R+7_2_GACTGTTCGACGCCTGTCTA	2	R+7_2	Astronaut 2	R+7	R	19.3157528760733
R+7_2_GAGCTAGGTCCTAGTGTAAT	0	R+7_2	Astronaut 2	R+7	R	16.1534971989947
R+7_2_GAGCTATGCGCGGATGCCTT	0	R+7_2	Astronaut 2	R+7	R	18.9955224380936
R+7_2_GAGCTTAGAGATTCAGGAGC	2	R+7_2	Astronaut 2	R+7	R	16.8460583218451
R+7_2_GAGCTTTGAAGAGTCGGAGC	0	R+7_2	Astronaut 2	R+7	R	20.1400942020216
R+7_2_GAGTCAAGACCCTAGGGCGT	2	R+7_2	Astronaut 2	R+7	R	20.4120793500688
R+7_2_GAGTCAGAGTGAGCTGATAT	2	R+7_2	Astronaut 2	R+7	R	18.3850865701271
R+7_2_GAGTCCAGTTGTAGAGTCTA	0	R+7_2	Astronaut 2	R+7	R	18.1619646273586
R+7_2_GAGTCCCATACTAACGCGGT	1	R+7_2	Astronaut 2	R+7	R	20.4120795721791
R+7_2_GAGTCCGAAGGGAGCGCAAC	0	R+7_2	Astronaut 2	R+7	R	18.1076345378985
R+7_2_GAGTCGCAGGCAGTTGATAT	7	R+7_2	Astronaut 2	R+7	R	18.3850867922375
R+7_2_GATATATCTGGTAGAGCTTG	9	R+7_2	Astronaut 2	R+7	R	19.0522222104161
R+7_2_GATATCCTCACTAACGATAT	3	R+7_2	Astronaut 2	R+7	R	13.9112694233679
R+7_2_GATATCGTCGGCTCTGGAGC	1	R+7_2	Astronaut 2	R+7	R	19.1609279663186
R+7_2_GATATGACTGCCTAGGATAT	0	R+7_2	Astronaut 2	R+7	R	18.9852754201996
R+7_2_GATATGCAACCCATAGTCTA	3	R+7_2	Astronaut 2	R+7	R	14.9491509294966
R+7_2_GATATTACGTCGCTCGGTCC	3	R+7_2	Astronaut 2	R+7	R	19.0870435764747
R+7_2_GATATTATTGGGAGCGGTCC	4	R+7_2	Astronaut 2	R+7	R	18.3049045579636
R+7_2_GATATTGGACGGTAAGATGA	0	R+7_2	Astronaut 2	R+7	R	20.4120797942895
R+7_2_GATATTTATGCCATAGTAAT	0	R+7_2	Astronaut 2	R+7	R	18.7442798300154
R+7_2_GATATTTCGACCATAGTAAT	0	R+7_2	Astronaut 2	R+7	R	39.3062308742016
R+7_2_GATGAAAGGTGGCAGGTCTA	0	R+7_2	Astronaut 2	R+7	R	20.1621260935621
R+7_2_GATGAACCAGCAGAAGGCGT	3	R+7_2	Astronaut 2	R+7	R	14.0217576343294
R+7_2_GATGAACTAAGAACCGCTTG	4	R+7_2	Astronaut 2	R+7	R	18.3850870143479
R+7_2_GATGAATCTGGGTAAGGAGC	3	R+7_2	Astronaut 2	R+7	R	18.9000575864026
R+7_2_GATGACGCAAGCAACGGCGT	1	R+7_2	Astronaut 2	R+7	R	10.9689998210873
R+7_2_GATGACGCCTGTAATGCGGT	2	R+7_2	Astronaut 2	R+7	R	35.8228427110322
R+7_2_GATGACGTCGGGCGTGATGA	1	R+7_2	Astronaut 2	R+7	R	20.4120800163999
R+7_2_GATGACTGGACCATAGATGA	0	R+7_2	Astronaut 2	R+7	R	16.1282870619657
R+7_2_GATGACTTAAGGCGTGATGA	1	R+7_2	Astronaut 2	R+7	R	16.2708965803168
R+7_2_GATGAGAGTCCTTAAGGTCC	0	R+7_2	Astronaut 2	R+7	R	16.2678238200871
R+7_2_GATGAGCAGGGGTCCGCTGC	0	R+7_2	Astronaut 2	R+7	R	16.3968827608079
R+7_2_GATGAGGCGTGAGTCGATGA	1	R+7_2	Astronaut 2	R+7	R	19.2471038129648
R+7_2_GATGATATTGCGCAAGCCTT	0	R+7_2	Astronaut 2	R+7	R	14.7060428601328
R+7_2_GATGATCAGTCGACCGTAAT	3	R+7_2	Astronaut 2	R+7	R	16.0006383324447
R+7_2_GATGATCCGGCAGAAGGCGT	0	R+7_2	Astronaut 2	R+7	R	17.0861895945395
R+7_2_GATGATCTACCCTAGGCCTT	1	R+7_2	Astronaut 2	R+7	R	18.9713329438286
R+7_2_GCAACAACTCCCGCTGCCTT	0	R+7_2	Astronaut 2	R+7	R	19.7809714988695
R+7_2_GCAACATTACCGATTGCTTG	0	R+7_2	Astronaut 2	R+7	R	16.153792817538
R+7_2_GCAACCCATACGCAAGCTGC	1	R+7_2	Astronaut 2	R+7	R	16.7311587461175
R+7_2_GCAACCCGCTCTAGTGGTCC	2	R+7_2	Astronaut 2	R+7	R	19.1470310754175
R+7_2_GCAACCTACGCTTAAGCGGT	3	R+7_2	Astronaut 2	R+7	R	18.3850872364583
R+7_2_GCAACGACTGGGTCCGCGGT	0	R+7_2	Astronaut 2	R+7	R	17.3955189369393
R+7_2_GCAACGATATGAGCTGGAGC	8	R+7_2	Astronaut 2	R+7	R	8.28779398281735
R+7_2_GCAACGCCTTCAGCGGATGA	1	R+7_2	Astronaut 2	R+7	R	19.7455164207279
R+7_2_GCAACGCCTTGGCAGGATGA	0	R+7_2	Astronaut 2	R+7	R	19.0936821100413
R+7_2_GCAACTTATGGCAACGCTGC	0	R+7_2	Astronaut 2	R+7	R	20.4120802385103
R+7_2_GCAGGAACGAGGTAAGCTTG	5	R+7_2	Astronaut 2	R+7	R	13.9913814387295
R+7_2_GCAGGAAGACCGACCGGCGT	3	R+7_2	Astronaut 2	R+7	R	18.3850874585687
R+7_2_GCAGGAAGCACAATCGATGA	4	R+7_2	Astronaut 2	R+7	R	17.9278382558105
R+7_2_GCAGGATCCTGTAATGGCGT	4	R+7_2	Astronaut 2	R+7	R	16.1387830006017
R+7_2_GCAGGCTACGCGCCTGATGA	1	R+7_2	Astronaut 2	R+7	R	17.3519464494697
R+7_2_GCAGGGGTAACGATTGCAAC	1	R+7_2	Astronaut 2	R+7	R	20.4120804606207
R+7_2_GCAGGGGTCCCAGTTGATAT	0	R+7_2	Astronaut 2	R+7	R	15.9907991125374
R+7_2_GCAGGGTAATGCCTTGCCTT	2	R+7_2	Astronaut 2	R+7	R	14.9230600096445
R+7_2_GCAGGTACGTGCTGCGGAGC	3	R+7_2	Astronaut 2	R+7	R	17.662520282435
R+7_2_GCCTTACGATCGCAAGGAGC	1	R+7_2	Astronaut 2	R+7	R	16.239931683339
R+7_2_GCCTTCTAACGCGGTGTCTA	2	R+7_2	Astronaut 2	R+7	R	17.9278384779208
R+7_2_GCCTTTAGGACAGCGGTCTA	0	R+7_2	Astronaut 2	R+7	R	16.255468109207
R+7_2_GCCTTTATGCGGCGTGCTGC	0	R+7_2	Astronaut 2	R+7	R	14.6552331912071
R+7_2_GCCTTTGGACGGAGCGCTGC	1	R+7_2	Astronaut 2	R+7	R	11.11470225574
R+7_2_GCCTTTTATGGCCTTGCTTG	0	R+7_2	Astronaut 2	R+7	R	12.6796674333612
R+7_2_GCGAAAACGAGAACCGGCGT	3	R+7_2	Astronaut 2	R+7	R	19.6872657654011
R+7_2_GCGAAACTTCCCTCAGATGA	2	R+7_2	Astronaut 2	R+7	R	19.0790475174785
R+7_2_GCGAAAGGCTCGCCTGATAT	7	R+7_2	Astronaut 2	R+7	R	20.4120806827311
R+7_2_GCGAAAGTTGCTGGAGATGA	0	R+7_2	Astronaut 2	R+7	R	19.8579581048526
R+7_2_GCGAAATCCTCGATTGTCTA	0	R+7_2	Astronaut 2	R+7	R	9.52915203370707
R+7_2_GCGAATCTACCCTCAGTCTA	0	R+7_2	Astronaut 2	R+7	R	34.1774965212088
R+7_2_GCGAATTGAAGGAGCGATAT	1	R+7_2	Astronaut 2	R+7	R	19.3926904390106
R+7_2_GCGGTAACTCCTACGGCTTG	3	R+7_2	Astronaut 2	R+7	R	17.6426696345439
R+7_2_GCGGTAACTCGGTCCGCTTG	0	R+7_2	Astronaut 2	R+7	R	16.8460585439554
R+7_2_GCGGTAGTTGCGATTGGCGT	4	R+7_2	Astronaut 2	R+7	R	18.8928204684776
R+7_2_GCGGTATTCACAGTTGGTCC	0	R+7_2	Astronaut 2	R+7	R	17.6557551457622
R+7_2_GCGGTATTCAGGCGTGGTCC	3	R+7_2	Astronaut 2	R+7	R	14.4074573076378
R+7_2_GCGGTCAATCGCAGGGCTTG	1	R+7_2	Astronaut 2	R+7	R	8.08372419057732
R+7_2_GCGGTCCGCTCTCCAGGCGT	1	R+7_2	Astronaut 2	R+7	R	20.4120809048415
R+7_2_GCGGTCTGGACTACGGGTCC	0	R+7_2	Astronaut 2	R+7	R	15.0207349109231
R+7_2_GCGGTGCTTGCCTCAGATAT	1	R+7_2	Astronaut 2	R+7	R	16.6865046759974
R+7_2_GCGGTGCTTGGCGGTGATAT	0	R+7_2	Astronaut 2	R+7	R	16.8460587660658
R+7_2_GCGGTGGAGCGCGAAGATAT	4	R+7_2	Astronaut 2	R+7	R	16.7446620452543
R+7_2_GCGGTGGCAGGCTCTGCAAC	4	R+7_2	Astronaut 2	R+7	R	20.4120811269519
R+7_2_GCGGTTATGCCGAAGGCCTT	7	R+7_2	Astronaut 2	R+7	R	17.9278387000312
R+7_2_GCTCTCGAAGGCTTGGGCGT	0	R+7_2	Astronaut 2	R+7	R	18.9244816615514
R+7_2_GCTCTCGCCTCGCTCGCTGC	0	R+7_2	Astronaut 2	R+7	R	18.385087680679
R+7_2_GCTCTCTGGACAGCGGCCTT	0	R+7_2	Astronaut 2	R+7	R	16.1293167373019
R+7_2_GCTCTGCGGTCAGCGGCGGT	0	R+7_2	Astronaut 2	R+7	R	17.6789482007336
R+7_2_GCTCTTACGTCTAGTGCGGT	2	R+7_2	Astronaut 2	R+7	R	19.8463537344272
R+7_2_GCTCTTACGTGGCGTGATGA	1	R+7_2	Astronaut 2	R+7	R	13.3093031064264
R+7_2_GCTCTTAGAGATTCAGCCTT	1	R+7_2	Astronaut 2	R+7	R	14.0324942807696
R+7_2_GCTGCAAGGTCTCCAGGAGC	0	R+7_2	Astronaut 2	R+7	R	18.7673994668537
R+7_2_GCTGCACGATATTCAGGCGT	1	R+7_2	Astronaut 2	R+7	R	18.1076347600089
R+7_2_GCTGCACTAACTTAAGGTCC	1	R+7_2	Astronaut 2	R+7	R	16.1282066005918
R+7_2_GCTGCATGCGCGTCGGGCGT	2	R+7_2	Astronaut 2	R+7	R	14.4098099119752
R+7_2_GCTGCATTCAATTGGGGCGT	4	R+7_2	Astronaut 2	R+7	R	19.8683573967133
R+7_2_GCTGCCGACCGCTGCGTCTA	0	R+7_2	Astronaut 2	R+7	R	17.1535787296585
R+7_2_GCTGCCGCAAGCAACGCCTT	0	R+7_2	Astronaut 2	R+7	R	17.3805077777856
R+7_2_GCTGCCTCCACTAACGTAAT	2	R+7_2	Astronaut 2	R+7	R	34.1774967433192
R+7_2_GCTGCGAGCTCTAGTGCGGT	0	R+7_2	Astronaut 2	R+7	R	19.2668024145333
R+7_2_GCTGCGAGTCCTAGTGCCTT	2	R+7_2	Astronaut 2	R+7	R	20.386552283761
R+7_2_GCTGCGCAGGGGAGCGCCTT	0	R+7_2	Astronaut 2	R+7	R	34.1774969654296
R+7_2_GCTGCTACGTCCTAGGCTTG	2	R+7_2	Astronaut 2	R+7	R	19.4056565183644
R+7_2_GCTGCTCGCGCAGCGGTCTA	1	R+7_2	Astronaut 2	R+7	R	15.8871283975673
R+7_2_GCTTGAACGACAATCGCAAC	4	R+7_2	Astronaut 2	R+7	R	14.8500575827361
R+7_2_GCTTGAGGCTCGGATGCTTG	0	R+7_2	Astronaut 2	R+7	R	12.8231966864079
R+7_2_GCTTGAGTTGGAGCTGGCGT	0	R+7_2	Astronaut 2	R+7	R	18.0396699778448
R+7_2_GCTTGCAGCGCTCCAGCCTT	2	R+7_2	Astronaut 2	R+7	R	19.1460649100873
R+7_2_GCTTGCTGGACCATAGGAGC	0	R+7_2	Astronaut 2	R+7	R	18.1619648494689
R+7_2_GCTTGGGAGCGGTAAGCAAC	1	R+7_2	Astronaut 2	R+7	R	6.85483137324482
R+7_2_GCTTGGGCGTCTCCAGGCGT	5	R+7_2	Astronaut 2	R+7	R	18.7346374293951
R+7_2_GCTTGTACGTGGCAGGGCGT	0	R+7_2	Astronaut 2	R+7	R	4.58836057355765
R+7_2_GCTTGTAGAGCAGTTGCTGC	2	R+7_2	Astronaut 2	R+7	R	20.4120813490622
R+7_2_GGAGCAGAACGCTTGGCCTT	0	R+7_2	Astronaut 2	R+7	R	19.1143405646708
R+7_2_GGAGCAGGCTCTAGTGTCTA	4	R+7_2	Astronaut 2	R+7	R	17.3192469986892
R+7_2_GGAGCATCCTGTAGAGTCTA	1	R+7_2	Astronaut 2	R+7	R	17.6756148628125
R+7_2_GGAGCATGCGCGGCAGTCTA	8	R+7_2	Astronaut 2	R+7	R	17.7274879461863
R+7_2_GGAGCCCGCTCAGAAGATAT	0	R+7_2	Astronaut 2	R+7	R	34.17749718754
R+7_2_GGAGCCCTAGGTATCGGAGC	0	R+7_2	Astronaut 2	R+7	R	17.320695002264
R+7_2_GGAGCCGGCACGGCAGCGGT	0	R+7_2	Astronaut 2	R+7	R	14.119220216868
R+7_2_GGAGCCGTCGCGTCGGCAAC	0	R+7_2	Astronaut 2	R+7	R	11.0081165836072
R+7_2_GGAGCCTTAAGCTTGGGAGC	7	R+7_2	Astronaut 2	R+7	R	18.7006221601689
R+7_2_GGAGCGCCTTCTACGGATGA	0	R+7_2	Astronaut 2	R+7	R	16.6767112594185
R+7_2_GGAGCGCGGTGCTGCGTCTA	0	R+7_2	Astronaut 2	R+7	R	16.7456382385278
R+7_2_GGAGCGGCGTCTGGAGCAAC	0	R+7_2	Astronaut 2	R+7	R	7.91624639407265
R+7_2_GGAGCTCATCGAGCTGGAGC	1	R+7_2	Astronaut 2	R+7	R	18.3850879027894
R+7_2_GGAGCTTCATGCAACGCAAC	2	R+7_2	Astronaut 2	R+7	R	20.3838944621066
R+7_2_GGCAGAAGGTCGCCTGATAT	0	R+7_2	Astronaut 2	R+7	R	20.4120815711726
R+7_2_GGCAGAAGGTCGCCTGATGA	1	R+7_2	Astronaut 2	R+7	R	19.7947780911609
R+7_2_GGCAGATTGGGGTAAGATGA	1	R+7_2	Astronaut 2	R+7	R	16.153940617306
R+7_2_GGCAGCAGAAGCAACGCGGT	5	R+7_2	Astronaut 2	R+7	R	20.412081793283
R+7_2_GGCAGCGCCTGACTGGGCGT	0	R+7_2	Astronaut 2	R+7	R	20.4120820153934
R+7_2_GGCAGCGGCACGCAAGCTTG	3	R+7_2	Astronaut 2	R+7	R	20.3928983829637
R+7_2_GGCAGCTTAAGAGCTGATAT	4	R+7_2	Astronaut 2	R+7	R	20.2422270491328
R+7_2_GGCAGGAGCTGGCAGGCTGC	5	R+7_2	Astronaut 2	R+7	R	9.74779965662711
R+7_2_GGCAGTATTGCTTAAGCGGT	0	R+7_2	Astronaut 2	R+7	R	19.7546628333807
R+7_2_GGCAGTATTGCTTAAGTAAT	2	R+7_2	Astronaut 2	R+7	R	20.3582413528851
R+7_2_GGCAGTGAGACCTAGGCTTG	2	R+7_2	Astronaut 2	R+7	R	18.0561372720471
R+7_2_GGCAGTGAGACGATTGCTTG	1	R+7_2	Astronaut 2	R+7	R	13.316007808627
R+7_2_GGCAGTTCATCGAAGGCTTG	4	R+7_2	Astronaut 2	R+7	R	19.0168958761222
R+7_2_GGCGTAACGAGAGCTGCAAC	1	R+7_2	Astronaut 2	R+7	R	16.6568177733683
R+7_2_GGCGTAACGAGCTTGGATGA	0	R+7_2	Astronaut 2	R+7	R	13.4080691313591
R+7_2_GGCGTAAGGTGCGGTGGCGT	4	R+7_2	Astronaut 2	R+7	R	20.4120822375038
R+7_2_GGCGTACTTCGCAACGCAAC	0	R+7_2	Astronaut 2	R+7	R	20.4120824596142
R+7_2_GGCGTATTGGCGACCGCCTT	1	R+7_2	Astronaut 2	R+7	R	15.8930357106782
R+7_2_GGCGTCCGCTGCTCTGTAAT	4	R+7_2	Astronaut 2	R+7	R	20.4120826817246
R+7_2_GGCGTCGCCTCCTCAGTAAT	7	R+7_2	Astronaut 2	R+7	R	12.900383949172
R+7_2_GGCGTGATATCAGTTGCCTT	0	R+7_2	Astronaut 2	R+7	R	18.8578362081769
R+7_2_GGCGTGTAGACGATTGATAT	0	R+7_2	Astronaut 2	R+7	R	39.306231096312
R+7_2_GGCGTTAGGACGGCAGCAAC	1	R+7_2	Astronaut 2	R+7	R	16.2427151418186
R+7_2_GGCGTTCGCGGGTAAGGCGT	0	R+7_2	Astronaut 2	R+7	R	13.0085059521545
R+7_2_GGCGTTCTACCGACCGGCGT	0	R+7_2	Astronaut 2	R+7	R	35.6053235281401
R+7_2_GGCGTTTCGACCTAGGCTGC	1	R+7_2	Astronaut 2	R+7	R	20.401230554306
R+7_2_GGTAAAAGGTGATATGCAAC	0	R+7_2	Astronaut 2	R+7	R	19.1057108139188
R+7_2_GGTAAAGAACCGCCTGGCGT	4	R+7_2	Astronaut 2	R+7	R	17.1085405288331
R+7_2_GGTAAAGGCTATTGGGCAAC	0	R+7_2	Astronaut 2	R+7	R	12.9286485327825
R+7_2_GGTAAAGGCTCCATAGCGGT	0	R+7_2	Astronaut 2	R+7	R	15.9340346210976
R+7_2_GGTAAATTCACCATAGCTTG	5	R+7_2	Astronaut 2	R+7	R	20.0665033770955
R+7_2_GGTAACGACCCAGTTGCTGC	0	R+7_2	Astronaut 2	R+7	R	14.6818777519719
R+7_2_GGTAACTAACGTAATGATAT	1	R+7_2	Astronaut 2	R+7	R	39.3062313184224
R+7_2_GGTAACTGGACAGTTGCTTG	0	R+7_2	Astronaut 2	R+7	R	19.9986554383338
R+7_2_GGTAAGGCGTGTAGAGATAT	1	R+7_2	Astronaut 2	R+7	R	14.143074339721
R+7_2_GGTAAGTAGACTAACGCAAC	4	R+7_2	Astronaut 2	R+7	R	13.7877832426015
R+7_2_GGTAATATGCCTAACGTCTA	0	R+7_2	Astronaut 2	R+7	R	16.8460589881762
R+7_2_GGTAATGCTAATTGGGATGA	0	R+7_2	Astronaut 2	R+7	R	17.3164734914066
R+7_2_GGTAATTGAAATTGGGGTCC	0	R+7_2	Astronaut 2	R+7	R	19.6107080759524
R+7_2_GGTCCAACCGGTAGAGCCTT	1	R+7_2	Astronaut 2	R+7	R	19.801243129079
R+7_2_GGTCCACCAGCGATTGCTGC	1	R+7_2	Astronaut 2	R+7	R	17.6356896700238
R+7_2_GGTCCCGGCACGACCGGCGT	0	R+7_2	Astronaut 2	R+7	R	18.2697245583996
R+7_2_GGTCCGAACCGGCGTGCGGT	3	R+7_2	Astronaut 2	R+7	R	14.0829296889537
R+7_2_GGTCCGCAACCGGCAGCGGT	5	R+7_2	Astronaut 2	R+7	R	14.406936240309
R+7_2_GGTCCTAGAGCAGAAGGCGT	0	R+7_2	Astronaut 2	R+7	R	4.63037072340685
R+7_2_GGTCCTGCGCCAGCGGGCGT	1	R+7_2	Astronaut 2	R+7	R	12.9455952674434
R+7_2_GGTCCTTATGCGGATGATAT	1	R+7_2	Astronaut 2	R+7	R	14.0258933032247
R+7_2_GTAATAAGACGCGGTGCTTG	3	R+7_2	Astronaut 2	R+7	R	19.8699433511649
R+7_2_GTAATACCAGCAGTTGCAAC	1	R+7_2	Astronaut 2	R+7	R	18.8781966462876
R+7_2_GTAATATCCTCTAGTGTCTA	0	R+7_2	Astronaut 2	R+7	R	19.1148946421059
R+7_2_GTAATCCGCTGCCTTGGTCC	0	R+7_2	Astronaut 2	R+7	R	18.1076349821193
R+7_2_GTAATCGCCTGCGGTGCAAC	0	R+7_2	Astronaut 2	R+7	R	19.615695120839
R+7_2_GTAATCGTCGGAACCGGAGC	4	R+7_2	Astronaut 2	R+7	R	13.8796369965095
R+7_2_GTAATCTACGCCATAGATAT	0	R+7_2	Astronaut 2	R+7	R	17.0899537226042
R+7_2_GTAATGTTAGCGATTGCGGT	0	R+7_2	Astronaut 2	R+7	R	11.7990496312671
R+7_2_GTAATGTTAGCTACGGGCGT	5	R+7_2	Astronaut 2	R+7	R	20.3851551220031
R+7_2_GTAGAAAGCAGATATGTCTA	1	R+7_2	Astronaut 2	R+7	R	12.1437592373461
R+7_2_GTAGAACTCGGCTGCGGCGT	2	R+7_2	Astronaut 2	R+7	R	19.7745373537705
R+7_2_GTAGAGAGTCCGCTCGGTCC	4	R+7_2	Astronaut 2	R+7	R	15.5530567473919
R+7_2_GTATCACTCGCAGTTGGCGT	8	R+7_2	Astronaut 2	R+7	R	18.1619650715793
R+7_2_GTATCACTCGGGCGTGGCGT	4	R+7_2	Astronaut 2	R+7	R	16.6911567278794
R+7_2_GTATCAGCGGCTTAAGCAAC	0	R+7_2	Astronaut 2	R+7	R	38.5581879330967
R+7_2_GTATCAGGCTCAATCGATAT	0	R+7_2	Astronaut 2	R+7	R	17.6837250971571
R+7_2_GTATCAGGCTCGATTGCGGT	4	R+7_2	Astronaut 2	R+7	R	14.7304638687265
R+7_2_GTATCCCTAGGCGGTGATGA	0	R+7_2	Astronaut 2	R+7	R	16.13147637495
R+7_2_GTATCCGTCGCAGCGGCGGT	1	R+7_2	Astronaut 2	R+7	R	20.4120829038349
R+7_2_GTATCCTAGTGTAGAGCTGC	0	R+7_2	Astronaut 2	R+7	R	11.0081168057176
R+7_2_GTATCGAGCTGCTGCGGAGC	0	R+7_2	Astronaut 2	R+7	R	18.1619652936897
R+7_2_GTATCGCAGGCGACCGATAT	0	R+7_2	Astronaut 2	R+7	R	20.1859891712298
R+7_2_GTATCGGCGTGATATGGTCC	2	R+7_2	Astronaut 2	R+7	R	17.3781155755854
R+7_2_GTATCGGTAAGCAACGGCGT	0	R+7_2	Astronaut 2	R+7	R	14.998294455255
R+7_2_GTATCTCAGTGCCTTGGCGT	1	R+7_2	Astronaut 2	R+7	R	20.400276243003
R+7_2_GTATCTCGTAGCAACGGCGT	2	R+7_2	Astronaut 2	R+7	R	9.52915225581746
R+7_2_GTCCGAGAGTATTGGGCTTG	4	R+7_2	Astronaut 2	R+7	R	19.0891381075218
R+7_2_GTCCGCAATCGTAGAGCTGC	1	R+7_2	Astronaut 2	R+7	R	20.1628015969695
R+7_2_GTCCGGCTTGCTCCAGCTTG	0	R+7_2	Astronaut 2	R+7	R	16.1346543905648
R+7_2_GTCCGGGCAGCCGCTGATGA	3	R+7_2	Astronaut 2	R+7	R	16.8460592102866
R+7_2_GTCCGGGCAGGCTGCGATAT	0	R+7_2	Astronaut 2	R+7	R	19.3505252223991
R+7_2_GTCCGTATGCGGCGTGATGA	4	R+7_2	Astronaut 2	R+7	R	19.8699435732753
R+7_2_GTCTAACGATCCATAGGTCC	0	R+7_2	Astronaut 2	R+7	R	20.4120831259453
R+7_2_GTCTAACTAACCATAGCTTG	0	R+7_2	Astronaut 2	R+7	R	16.0653422204958
R+7_2_GTCTAACTCGCGACCGCTGC	1	R+7_2	Astronaut 2	R+7	R	16.846059432397
R+7_2_GTCTAAGAACGTATCGTCTA	1	R+7_2	Astronaut 2	R+7	R	20.4120833480557
R+7_2_GTCTAATTCAGGTAAGATAT	0	R+7_2	Astronaut 2	R+7	R	19.0794151167582
R+7_2_GTCTAATTGGCCTAGGATGA	2	R+7_2	Astronaut 2	R+7	R	19.5762626806331
R+7_2_GTCTACCGCTCAACTGCGGT	4	R+7_2	Astronaut 2	R+7	R	12.804156722482
R+7_2_GTCTACGAAGCGATTGCTTG	2	R+7_2	Astronaut 2	R+7	R	18.365265956641
R+7_2_GTCTACGCTCGAACCGGCGT	0	R+7_2	Astronaut 2	R+7	R	18.1076352042297
R+7_2_GTCTAGAGCTCGCCTGCAAC	0	R+7_2	Astronaut 2	R+7	R	2.12699844739182
R+7_2_GTCTAGGAGCGATGAGCAAC	2	R+7_2	Astronaut 2	R+7	R	20.35789181051
R+7_2_GTCTAGGCGTCCATAGTAAT	4	R+7_2	Astronaut 2	R+7	R	17.3199490680411
R+7_2_GTCTATAAGGCGACCGCTGC	1	R+7_2	Astronaut 2	R+7	R	16.8460596545074
R+7_2_GTCTATACGTGAACCGCTTG	2	R+7_2	Astronaut 2	R+7	R	20.1628018190799
R+7_2_GTCTATTAGCGCAACGCGGT	2	R+7_2	Astronaut 2	R+7	R	20.4120835701661
R+7_2_GTTAGAAGCAGTATCGCTTG	2	R+7_2	Astronaut 2	R+7	R	20.1475417078349
R+7_2_GTTAGACTCGCAACTGGCGT	0	R+7_2	Astronaut 2	R+7	R	18.3850881248998
R+7_2_GTTAGAGAGTGGTAAGTAAT	0	R+7_2	Astronaut 2	R+7	R	13.9903576734024
R+7_2_GTTAGGATATCTACGGATGA	0	R+7_2	Astronaut 2	R+7	R	20.1069656362022
R+7_2_GTTAGGCAACCTGGAGATAT	0	R+7_2	Astronaut 2	R+7	R	14.9014934276554
R+7_2_GTTAGGCCTTGAGTCGCCTT	0	R+7_2	Astronaut 2	R+7	R	16.8460598766178
R+7_2_GTTAGGCTCTCGTCGGTAAT	0	R+7_2	Astronaut 2	R+7	R	17.6765022778123
R+7_2_GTTAGGTCCGGCCTTGCTGC	0	R+7_2	Astronaut 2	R+7	R	18.1076354263401
R+7_2_GTTAGTAGAGGCAGGGATGA	0	R+7_2	Astronaut 2	R+7	R	3.29017898818999
R+7_2_GTTAGTATTGATTGGGCCTT	5	R+7_2	Astronaut 2	R+7	R	19.0958775431099
R+7_2_GTTAGTGCTAGATGAGCTTG	4	R+7_2	Astronaut 2	R+7	R	20.4120837922765
R+7_2_GTTAGTTCGAGCTCTGTCTA	4	R+7_2	Astronaut 2	R+7	R	17.9278389221416
R+7_2_GTTAGTTGAACAGCGGTCTA	4	R+7_2	Astronaut 2	R+7	R	18.2065950937014
R+7_2_GTTAGTTGAAGCTTGGCTTG	3	R+7_2	Astronaut 2	R+7	R	18.1076356484505
R+7_2_TAAGGAACTCGTAATGATAT	0	R+7_2	Astronaut 2	R+7	R	20.4042618988192
R+7_2_TAAGGAAGCAGGTAAGGCGT	2	R+7_2	Astronaut 2	R+7	R	16.3968829829183
R+7_2_TAAGGCAGCGCGAAGGCCTT	0	R+7_2	Astronaut 2	R+7	R	14.7978235237528
R+7_2_TAAGGCGCCTCTTAAGTCTA	0	R+7_2	Astronaut 2	R+7	R	14.1335944156542
R+7_2_TAAGGGATATGCAGGGCTTG	3	R+7_2	Astronaut 2	R+7	R	20.4120840143869
R+7_2_TAAGGGATATGTAATGCTTG	4	R+7_2	Astronaut 2	R+7	R	12.9837502076971
R+7_2_TAAGGGATGAGCAACGGCGT	4	R+7_2	Astronaut 2	R+7	R	3.57210799327992
R+7_2_TAAGGTATTGCTAACGCAAC	6	R+7_2	Astronaut 2	R+7	R	20.4120842364973
R+7_2_TAAGGTGCTACGATTGATAT	0	R+7_2	Astronaut 2	R+7	R	13.7955400998597
R+7_2_TAAGGTTAGCCAGTTGGCGT	0	R+7_2	Astronaut 2	R+7	R	15.5310995263224
R+7_2_TAAGGTTGAACCTCAGCAAC	4	R+7_2	Astronaut 2	R+7	R	20.4120844586077
R+7_2_TACGTACTAACGCAAGCGGT	1	R+7_2	Astronaut 2	R+7	R	16.2447256092149
R+7_2_TACGTACTCGCCATAGCCTT	5	R+7_2	Astronaut 2	R+7	R	19.1152724393047
R+7_2_TACGTACTTCCGACCGCGGT	4	R+7_2	Astronaut 2	R+7	R	17.6425350638449
R+7_2_TACGTCAGAAATTCAGCGGT	0	R+7_2	Astronaut 2	R+7	R	20.1628020411903
R+7_2_TACGTCGATTCGCTCGCTGC	4	R+7_2	Astronaut 2	R+7	R	16.6495531309174
R+7_2_TACGTGAGCTCGCAAGGCGT	0	R+7_2	Astronaut 2	R+7	R	18.2987393846403
R+7_2_TACGTGAGCTCTAACGCCTT	4	R+7_2	Astronaut 2	R+7	R	20.1633872113909
R+7_2_TACGTGCGAAGTATCGATGA	3	R+7_2	Astronaut 2	R+7	R	20.3757595729732
R+7_2_TACGTGCGGTGATGAGGCGT	5	R+7_2	Astronaut 2	R+7	R	18.3850883470102
R+7_2_TACGTGTAGACTAACGATGA	0	R+7_2	Astronaut 2	R+7	R	18.2613777362229
R+7_2_TACGTTAGAGCTAACGCAAC	3	R+7_2	Astronaut 2	R+7	R	20.412084680718
R+7_2_TACGTTAGAGCTCCAGTCTA	4	R+7_2	Astronaut 2	R+7	R	34.1774974096503
R+7_2_TACGTTATTGCAATCGCCTT	0	R+7_2	Astronaut 2	R+7	R	19.5643732780772
R+7_2_TACGTTCAGTGCGAAGCGGT	3	R+7_2	Astronaut 2	R+7	R	20.1658605300492
R+7_2_TACGTTGAGAGCTCTGCGGT	4	R+7_2	Astronaut 2	R+7	R	19.1493084250768
R+7_2_TACGTTTCATATTGGGCCTT	4	R+7_2	Astronaut 2	R+7	R	34.1774976317607
R+7_2_TACGTTTCGACGAAGGGAGC	0	R+7_2	Astronaut 2	R+7	R	20.4120849028284
R+7_2_TAGAGAACCGCTACGGGAGC	9	R+7_2	Astronaut 2	R+7	R	16.1295653378456
R+7_2_TAGAGACTTCGCGAAGTAAT	2	R+7_2	Astronaut 2	R+7	R	16.8460600987282
R+7_2_TAGAGAGGTCCGACCGCTTG	2	R+7_2	Astronaut 2	R+7	R	19.3082024517359
R+7_2_TAGAGATCCTCGGCAGGTCC	1	R+7_2	Astronaut 2	R+7	R	16.1892583254241
R+7_2_TAGAGATTGGGGCGTGCTGC	0	R+7_2	Astronaut 2	R+7	R	11.2418416430559
R+7_2_TAGAGCGCCTATTGGGGAGC	0	R+7_2	Astronaut 2	R+7	R	16.0629767768718
R+7_2_TAGAGCTACGGCGAAGCTGC	4	R+7_2	Astronaut 2	R+7	R	20.209100406561
R+7_2_TAGAGGAACCCTGGAGCAAC	0	R+7_2	Astronaut 2	R+7	R	10.3359887119469
R+7_2_TAGAGGCCTTCTTAAGCTTG	3	R+7_2	Astronaut 2	R+7	R	16.7099306268122
R+7_2_TAGAGGCTCTGGAGCGCTGC	8	R+7_2	Astronaut 2	R+7	R	20.4120851249388
R+7_2_TAGAGGTAATCAACTGCGGT	0	R+7_2	Astronaut 2	R+7	R	17.3421785206247
R+7_2_TAGAGGTATCCCTAGGATGA	1	R+7_2	Astronaut 2	R+7	R	16.3968832050287
R+7_2_TAGAGTGCGCGCTCTGGTCC	0	R+7_2	Astronaut 2	R+7	R	16.1466467928093
R+7_2_TAGAGTGGACCTAGTGATGA	0	R+7_2	Astronaut 2	R+7	R	16.1301948396416
R+7_2_TAGAGTTAGCCGGCAGTCTA	3	R+7_2	Astronaut 2	R+7	R	13.8047154996427
R+7_2_TAGGAAGGCTGGCAGGATAT	0	R+7_2	Astronaut 2	R+7	R	12.0581029508074
R+7_2_TAGGAATCTGGGTCCGGTCC	0	R+7_2	Astronaut 2	R+7	R	19.1016117723981
R+7_2_TAGGAATTGGCTACGGCTTG	3	R+7_2	Astronaut 2	R+7	R	20.1603743991375
R+7_2_TAGGACGAAGCGTCGGCGGT	3	R+7_2	Astronaut 2	R+7	R	19.5576777644437
R+7_2_TAGGACGCCTGGAGCGGCGT	0	R+7_2	Astronaut 2	R+7	R	16.1289137816612
R+7_2_TAGGACGGATGGTCCGCTTG	1	R+7_2	Astronaut 2	R+7	R	39.3062315405327
R+7_2_TAGGAGTCCGGCAACGGCGT	1	R+7_2	Astronaut 2	R+7	R	18.1619655158001
R+7_2_TAGGATACGTCGGATGCTGC	0	R+7_2	Astronaut 2	R+7	R	17.927839144252
R+7_2_TAGGATAGGACAGTTGCTTG	0	R+7_2	Astronaut 2	R+7	R	14.1364524197264
R+7_2_TAGGATTATGCGGCAGCTTG	0	R+7_2	Astronaut 2	R+7	R	18.9995529413396
R+7_2_TATCTAACCGCAATCGATGA	2	R+7_2	Astronaut 2	R+7	R	38.8063583612973
R+7_2_TATCTAAGACCGGCAGATAT	0	R+7_2	Astronaut 2	R+7	R	20.4120853470492
R+7_2_TATCTCCTAGCAGCGGGCGT	1	R+7_2	Astronaut 2	R+7	R	13.0028003628811
R+7_2_TATCTGACTGCGATTGCAAC	4	R+7_2	Astronaut 2	R+7	R	18.3850885691206
R+7_2_TATCTGCAGGATTCAGGAGC	1	R+7_2	Astronaut 2	R+7	R	12.1675064772525
R+7_2_TATCTGCAGGGAGTCGGCGT	0	R+7_2	Astronaut 2	R+7	R	19.1588028484451
R+7_2_TATCTGCTGCGACTGGATGA	1	R+7_2	Astronaut 2	R+7	R	10.2078481473818
R+7_2_TATCTGTAGACGCAAGGCGT	0	R+7_2	Astronaut 2	R+7	R	15.5334940568553
R+7_2_TATCTTAGAGGGTAAGATAT	0	R+7_2	Astronaut 2	R+7	R	18.8093528495913
R+7_2_TATGCAGAGTCTAACGGCGT	0	R+7_2	Astronaut 2	R+7	R	14.7329727272622
R+7_2_TATGCAGAGTGCTTGGGCGT	0	R+7_2	Astronaut 2	R+7	R	16.396883427139
R+7_2_TATGCAGCGGATTCAGATGA	1	R+7_2	Astronaut 2	R+7	R	13.788210849536
R+7_2_TATGCAGGTCCCATAGCCTT	2	R+7_2	Astronaut 2	R+7	R	20.4120855691596
R+7_2_TATGCATTACCAGTTGCAAC	0	R+7_2	Astronaut 2	R+7	R	19.6680010996233
R+7_2_TATGCCGCCTGACTGGCAAC	3	R+7_2	Astronaut 2	R+7	R	18.7988674195361
R+7_2_TATGCCTACGCAATCGCCTT	8	R+7_2	Astronaut 2	R+7	R	17.6687867571865
R+7_2_TATGCCTAGTGCTTGGCTGC	4	R+7_2	Astronaut 2	R+7	R	17.0573097160706
R+7_2_TATGCGCCTTGCTGCGATGA	0	R+7_2	Astronaut 2	R+7	R	20.4044307534542
R+7_2_TATGCGGCAGGCGAAGGAGC	6	R+7_2	Astronaut 2	R+7	R	16.8460603208385
R+7_2_TATGCTAGGAATTCAGGTCC	0	R+7_2	Astronaut 2	R+7	R	34.1774978538711
R+7_2_TATGCTCATCGAGTCGCAAC	0	R+7_2	Astronaut 2	R+7	R	16.6529752366155
R+7_2_TATTGACTCGCGCCTGCGGT	3	R+7_2	Astronaut 2	R+7	R	20.41208579127
R+7_2_TATTGCAACTGGCAGGCGGT	0	R+7_2	Astronaut 2	R+7	R	19.0523660188097
R+7_2_TATTGCAGCGGGTAAGTCTA	8	R+7_2	Astronaut 2	R+7	R	20.1069658583126
R+7_2_TATTGCAGTTCGAAGGTAAT	2	R+7_2	Astronaut 2	R+7	R	18.385088791231
R+7_2_TATTGCCGCTGGTCCGCGGT	4	R+7_2	Astronaut 2	R+7	R	16.7681240470486
R+7_2_TATTGCTGGAGATGAGGAGC	0	R+7_2	Astronaut 2	R+7	R	19.0972929331098
R+7_2_TATTGGCGAAGCGAAGCCTT	0	R+7_2	Astronaut 2	R+7	R	18.7120820508767
R+7_2_TATTGTCATCGCAGGGGCGT	4	R+7_2	Astronaut 2	R+7	R	20.3973382502973
R+7_2_TATTGTGGACGAGTCGCCTT	1	R+7_2	Astronaut 2	R+7	R	18.1860852717273
R+7_2_TATTGTTAGCCAGCGGATAT	1	R+7_2	Astronaut 2	R+7	R	34.1774980759815
R+7_2_TATTGTTCATGCAGGGCAAC	4	R+7_2	Astronaut 2	R+7	R	20.1412937188462
R+7_2_TCAGTCGAAGGAACCGCTTG	1	R+7_2	Astronaut 2	R+7	R	20.4120860133804
R+7_2_TCAGTCGCTCCAACTGCAAC	1	R+7_2	Astronaut 2	R+7	R	8.11857019851655
R+7_2_TCAGTGAGTCCGACCGCTTG	1	R+7_2	Astronaut 2	R+7	R	20.4120862354908
R+7_2_TCAGTGGAGCGATGAGCAAC	2	R+7_2	Astronaut 2	R+7	R	13.9719817366486
R+7_2_TCAGTTGAGACGGATGTAAT	0	R+7_2	Astronaut 2	R+7	R	16.6741693106441
R+7_2_TCAGTTGCGCGGAGCGATGA	0	R+7_2	Astronaut 2	R+7	R	7.81153875821192
R+7_2_TCAGTTTATGCTAACGCAAC	8	R+7_2	Astronaut 2	R+7	R	16.3968836492494
R+7_2_TCATCACCAGCGATTGATAT	0	R+7_2	Astronaut 2	R+7	R	18.3850890133414
R+7_2_TCATCAGGCTCCTCAGATAT	1	R+7_2	Astronaut 2	R+7	R	18.1619657379105
R+7_2_TCATCCAATCGAACCGCGGT	0	R+7_2	Astronaut 2	R+7	R	16.3968838713598
R+7_2_TCATCGACTGCTGGAGCAAC	1	R+7_2	Astronaut 2	R+7	R	34.1774982980919
R+7_2_TCATCTGCTACTAACGATAT	1	R+7_2	Astronaut 2	R+7	R	15.0501351610375
R+7_2_TCCGGAACCGGCGGTGCGGT	0	R+7_2	Astronaut 2	R+7	R	19.6687130633727
R+7_2_TCCGGAGAGTCTGGAGCAAC	2	R+7_2	Astronaut 2	R+7	R	13.3926926895046
R+7_2_TCCGGAGGCTCAGCGGGCGT	0	R+7_2	Astronaut 2	R+7	R	34.1774985202023
R+7_2_TCCGGCAGAACTGGAGATGA	0	R+7_2	Astronaut 2	R+7	R	16.1461355164595
R+7_2_TCCGGCTTAACGTCGGCTGC	1	R+7_2	Astronaut 2	R+7	R	18.3850892354518
R+7_2_TCCGGGAGCTCAGAAGCAAC	3	R+7_2	Astronaut 2	R+7	R	20.4120864576011
R+7_2_TCCGGTAAGGGACTGGCTTG	6	R+7_2	Astronaut 2	R+7	R	20.1628022633007
R+7_2_TCCGGTAGAGCGGCAGATGA	8	R+7_2	Astronaut 2	R+7	R	30.8974885191224
R+7_2_TCCGGTAGGACGCAAGATAT	7	R+7_2	Astronaut 2	R+7	R	19.683771371341
R+7_2_TCCGGTTATGGTAATGCTGC	1	R+7_2	Astronaut 2	R+7	R	18.0152010345794
R+7_2_TCGCGAAGCACAGAAGATGA	0	R+7_2	Astronaut 2	R+7	R	34.1774987423127
R+7_2_TCGCGCGAAGGCTGCGCAAC	0	R+7_2	Astronaut 2	R+7	R	19.0886499160192
R+7_2_TCGCGGACTGCTGGAGGAGC	1	R+7_2	Astronaut 2	R+7	R	17.3691488571882
R+7_2_TCGCGGAGCTGGCAGGCTTG	4	R+7_2	Astronaut 2	R+7	R	19.7699230178013
R+7_2_TCGCGGCTTGCCATAGCTTG	0	R+7_2	Astronaut 2	R+7	R	9.34669868878063
R+7_2_TCGTAAACCGCTCCAGGTCC	0	R+7_2	Astronaut 2	R+7	R	14.9551914175438
R+7_2_TCGTAAGAGTCTAGTGATGA	0	R+7_2	Astronaut 2	R+7	R	18.1076358705609
R+7_2_TCGTAATCTGGAGCTGGAGC	1	R+7_2	Astronaut 2	R+7	R	34.1774989644231
R+7_2_TCGTAATTGGCGCCTGGCGT	3	R+7_2	Astronaut 2	R+7	R	20.1558363299013
R+7_2_TCGTACTCCACAACTGCCTT	0	R+7_2	Astronaut 2	R+7	R	17.1719453700076
R+7_2_TCGTACTGGACAGAAGATGA	0	R+7_2	Astronaut 2	R+7	R	16.1510379093754
R+7_2_TCGTAGAACCGTAGAGGCGT	0	R+7_2	Astronaut 2	R+7	R	18.4239330190648
R+7_2_TCGTAGTCTAGAGCTGGAGC	0	R+7_2	Astronaut 2	R+7	R	18.3850894575621
R+7_2_TCGTATACGTGTAGAGATGA	3	R+7_2	Astronaut 2	R+7	R	20.1712375164638
R+7_2_TCTACAAGACCCGCTGGCGT	0	R+7_2	Astronaut 2	R+7	R	19.1460651321977
R+7_2_TCTACACTAACTCCAGGAGC	1	R+7_2	Astronaut 2	R+7	R	16.3968840934702
R+7_2_TCTACCAACTCGACCGGAGC	0	R+7_2	Astronaut 2	R+7	R	17.0776046222304
R+7_2_TCTACGATATGATGAGGAGC	0	R+7_2	Astronaut 2	R+7	R	34.1774991865334
R+7_2_TCTACGTATCGCGAAGGAGC	3	R+7_2	Astronaut 2	R+7	R	18.1076360926713
R+7_2_TCTACGTTAGGGTAAGCTTG	0	R+7_2	Astronaut 2	R+7	R	19.7171549343699
R+7_2_TCTACTGAGACGGCAGCAAC	0	R+7_2	Astronaut 2	R+7	R	37.6572590962794
R+7_2_TCTACTGCTACGATTGATAT	0	R+7_2	Astronaut 2	R+7	R	16.3427493799902
R+7_2_TCTACTTGAAGGAGCGTCTA	0	R+7_2	Astronaut 2	R+7	R	16.3272151241285
R+7_2_TGAGAAACCGCAGAAGATAT	4	R+7_2	Astronaut 2	R+7	R	11.9016532854839
R+7_2_TGAGAAACTCCTAGTGATAT	2	R+7_2	Astronaut 2	R+7	R	20.4120866797115
R+7_2_TGAGAAAGACGAGTCGCCTT	3	R+7_2	Astronaut 2	R+7	R	16.1282068227022
R+7_2_TGAGAAGAACCTAGTGCTTG	0	R+7_2	Astronaut 2	R+7	R	16.6702781512434
R+7_2_TGAGAAGAACGTAATGGCGT	1	R+7_2	Astronaut 2	R+7	R	9.82641409129122
R+7_2_TGAGAAGAACGTAATGGTCC	0	R+7_2	Astronaut 2	R+7	R	15.5263579344488
R+7_2_TGAGAAGGCTGCTTGGTAAT	0	R+7_2	Astronaut 2	R+7	R	20.2630912836251
R+7_2_TGAGAATTACGTAGAGGCGT	1	R+7_2	Astronaut 2	R+7	R	20.3909803264738
R+7_2_TGAGACAATCGTATCGCTGC	0	R+7_2	Astronaut 2	R+7	R	17.057309938181
R+7_2_TGAGACCATAGTAATGCAAC	0	R+7_2	Astronaut 2	R+7	R	20.1023114447419
R+7_2_TGAGACGATTGCTGCGTCTA	4	R+7_2	Astronaut 2	R+7	R	19.6369214775352
R+7_2_TGAGACTCCAGTAGAGCAAC	5	R+7_2	Astronaut 2	R+7	R	13.3882090092837
R+7_2_TGAGACTGGAGCAGGGCAAC	0	R+7_2	Astronaut 2	R+7	R	15.5955229371012
R+7_2_TGAGAGCTGCGTAATGCGGT	1	R+7_2	Astronaut 2	R+7	R	14.960087757606
R+7_2_TGAGAGTAATCTAACGCCTT	1	R+7_2	Astronaut 2	R+7	R	17.0699193099839
R+7_2_TGAGATATGCCGACCGCAAC	2	R+7_2	Astronaut 2	R+7	R	19.1286821310166
R+7_2_TGAGATATTGATTGGGCTGC	2	R+7_2	Astronaut 2	R+7	R	20.162802485411
R+7_2_TGAGATATTGCTACGGATAT	4	R+7_2	Astronaut 2	R+7	R	10.2997859227157
R+7_2_TGCGCAAGCAGCGGTGGTCC	1	R+7_2	Astronaut 2	R+7	R	19.1442615791765
R+7_2_TGCGCACTTCCCTAGGCAAC	0	R+7_2	Astronaut 2	R+7	R	17.9278393663624
R+7_2_TGCGCAGCGGCGATTGGAGC	3	R+7_2	Astronaut 2	R+7	R	20.4120869018219
R+7_2_TGCGCCCTAGCTACGGGCGT	4	R+7_2	Astronaut 2	R+7	R	15.5214105991994
R+7_2_TGCGCCGTCGGTATCGGTCC	0	R+7_2	Astronaut 2	R+7	R	16.2675331295183
R+7_2_TGCGCGAGCTATTGGGCGGT	1	R+7_2	Astronaut 2	R+7	R	20.3918308828898
R+7_2_TGCGCGTCCGCAGAAGATAT	5	R+7_2	Astronaut 2	R+7	R	10.2078483694922
R+7_2_TGCGCGTCCGGCTCTGTAAT	0	R+7_2	Astronaut 2	R+7	R	16.137508104623
R+7_2_TGCGCTATTGCAGAAGCTTG	4	R+7_2	Astronaut 2	R+7	R	17.1474294510239
R+7_2_TGCGCTCGCGGCCTTGATGA	3	R+7_2	Astronaut 2	R+7	R	20.4120871239323
R+7_2_TGCGCTGCGCCTAACGGAGC	0	R+7_2	Astronaut 2	R+7	R	20.4120873460427
R+7_2_TGCGCTTGAACAGTTGATAT	0	R+7_2	Astronaut 2	R+7	R	14.9233045184031
R+7_2_TGCGCTTGAACTACGGTCTA	2	R+7_2	Astronaut 2	R+7	R	18.3850896796725
R+7_2_TGCTAACCAGGCCTTGATGA	2	R+7_2	Astronaut 2	R+7	R	20.4091333647638
R+7_2_TGCTAATCCTCTACGGCTGC	1	R+7_2	Astronaut 2	R+7	R	16.6952234135578
R+7_2_TGCTACAGTTGACTGGCTTG	6	R+7_2	Astronaut 2	R+7	R	20.4120875681531
R+7_2_TGCTACGCAAGTATCGCAAC	0	R+7_2	Astronaut 2	R+7	R	20.4120877902635
R+7_2_TGCTACGGCACGATTGGAGC	0	R+7_2	Astronaut 2	R+7	R	20.4017806951649
R+7_2_TGCTACGTCGCCATAGCTGC	0	R+7_2	Astronaut 2	R+7	R	19.1072907681953
R+7_2_TGCTACGTCGGGTAAGCTGC	1	R+7_2	Astronaut 2	R+7	R	16.7424264751671
R+7_2_TGCTACTCCACTACGGCGGT	3	R+7_2	Astronaut 2	R+7	R	17.3963251928464
R+7_2_TGCTAGGCGTGCGAAGCAAC	8	R+7_2	Astronaut 2	R+7	R	20.0375469612418
R+7_2_TGCTATGCGCCAACTGTCTA	0	R+7_2	Astronaut 2	R+7	R	34.1774994086438
R+7_2_TGCTATGCTAGCTTGGCTTG	1	R+7_2	Astronaut 2	R+7	R	11.3796912719045
R+7_2_TGGACACCAGCAGTTGGCGT	3	R+7_2	Astronaut 2	R+7	R	15.5135725818283
R+7_2_TGGACCAGTTCTAACGGTCC	1	R+7_2	Astronaut 2	R+7	R	17.9301413237975
R+7_2_TGGACGAACCGAGTCGGCGT	0	R+7_2	Astronaut 2	R+7	R	18.7498014718413
R+7_2_TGGACGCCTTATTCAGGTCC	4	R+7_2	Astronaut 2	R+7	R	15.5156836704348
R+7_2_TGGACGCGAACAGTTGGCGT	4	R+7_2	Astronaut 2	R+7	R	17.1851919354844
R+7_2_TGGACGCGAAGGCGTGGCGT	1	R+7_2	Astronaut 2	R+7	R	16.8460605429489
R+7_2_TGGACGTCCGGGCGTGTAAT	4	R+7_2	Astronaut 2	R+7	R	18.1040788223709
R+7_2_TGGACTAGAGGGTAAGATAT	2	R+7_2	Astronaut 2	R+7	R	16.7046673499765
R+7_2_TGGACTAGAGGGTAAGATGA	0	R+7_2	Astronaut 2	R+7	R	16.8460607650593
R+7_2_TGGACTCTACGTAATGCAAC	2	R+7_2	Astronaut 2	R+7	R	18.0052869355507
R+7_2_TGGACTTATGGTAGAGCCTT	8	R+7_2	Astronaut 2	R+7	R	14.0547511539901
R+7_2_TGGACTTCATGATATGGCGT	0	R+7_2	Astronaut 2	R+7	R	19.0932383203051
R+7_2_TTAGCAACGAGGCGTGCAAC	8	R+7_2	Astronaut 2	R+7	R	18.0244482907303
R+7_2_TTAGCACTAAGGTAAGCAAC	0	R+7_2	Astronaut 2	R+7	R	16.3968843155806
R+7_2_TTAGCATCCTCTACGGATAT	4	R+7_2	Astronaut 2	R+7	R	16.6710540211023
R+7_2_TTAGCATTACGGCAGGATAT	0	R+7_2	Astronaut 2	R+7	R	12.9631785300978
R+7_2_TTAGCCAACTCCTAGGATGA	3	R+7_2	Astronaut 2	R+7	R	14.6552334133175
R+7_2_TTAGCCAACTCCTAGGCCTT	2	R+7_2	Astronaut 2	R+7	R	20.4120880123738
R+7_2_TTAGCCAGCGCGACCGGTCC	4	R+7_2	Astronaut 2	R+7	R	17.3430739315538
R+7_2_TTAGCCAGTTCTCCAGCTTG	8	R+7_2	Astronaut 2	R+7	R	17.645511381181
R+7_2_TTAGCCGGATCGACCGCAAC	4	R+7_2	Astronaut 2	R+7	R	20.1628027075214
R+7_2_TTAGCGCAGGCGATTGCTTG	2	R+7_2	Astronaut 2	R+7	R	2.10853223325751
R+7_2_TTAGCGGAGCCCGCTGCTGC	0	R+7_2	Astronaut 2	R+7	R	16.8460609871697
R+7_2_TTAGCGTAGACAGTTGGCGT	0	R+7_2	Astronaut 2	R+7	R	14.9745229993109
R+7_2_TTAGCTCATCGTAGAGATAT	9	R+7_2	Astronaut 2	R+7	R	16.7339501973383
R+7_2_TTATGAACTCCGCAAGATGA	0	R+7_2	Astronaut 2	R+7	R	20.4120882344842
R+7_2_TTATGACTCGGAGTCGTCTA	0	R+7_2	Astronaut 2	R+7	R	17.1783268121608
R+7_2_TTATGATGCGCCGCTGTAAT	0	R+7_2	Astronaut 2	R+7	R	11.1297196603118
R+7_2_TTATGATGGCGATATGGTCC	0	R+7_2	Astronaut 2	R+7	R	19.1560972668075
R+7_2_TTATGATTGGCTAACGCTTG	1	R+7_2	Astronaut 2	R+7	R	11.016377786227
R+7_2_TTATGCAGAAGTATCGCCTT	1	R+7_2	Astronaut 2	R+7	R	20.0193981226628
R+7_2_TTATGCAGAAGTATCGGTCC	0	R+7_2	Astronaut 2	R+7	R	16.2008595847036
R+7_2_TTATGCCATAGAGTCGCAAC	0	R+7_2	Astronaut 2	R+7	R	15.0542183470203
R+7_2_TTATGCCGCTCAATCGCCTT	0	R+7_2	Astronaut 2	R+7	R	20.4120884565946
R+7_2_TTATGCGGCAGCCTTGCCTT	0	R+7_2	Astronaut 2	R+7	R	19.0327198848232
R+7_2_TTATGCTAACGCAGGGATAT	1	R+7_2	Astronaut 2	R+7	R	18.4630767674687
R+7_2_TTATGGTCCGCAACTGCAAC	2	R+7_2	Astronaut 2	R+7	R	20.1628029296318
R+7_2_TTATGTAGAGGGCGTGCCTT	2	R+7_2	Astronaut 2	R+7	R	15.5762690214644
R+7_2_TTATGTTATGCGCTCGTCTA	0	R+7_2	Astronaut 2	R+7	R	20.412088678705
R+7_2_TTCATACCAGCAACTGCGGT	0	R+7_2	Astronaut 2	R+7	R	17.3554815944996
R+7_2_TTCATACTCGGAACCGCGGT	0	R+7_2	Astronaut 2	R+7	R	14.1430745618314
R+7_2_TTCATCGCAAATTGGGTAAT	1	R+7_2	Astronaut 2	R+7	R	19.6789393671132
R+7_2_TTCATCGGCACCTAGGCGGT	6	R+7_2	Astronaut 2	R+7	R	18.4558231653349
R+7_2_TTCATCGGCACGCCTGCGGT	0	R+7_2	Astronaut 2	R+7	R	20.3589979831116
R+7_2_TTCATGATATCAGAAGGAGC	0	R+7_2	Astronaut 2	R+7	R	17.3151538405486
R+7_2_TTCATGATATGGAGCGCCTT	0	R+7_2	Astronaut 2	R+7	R	18.1759234951604
R+7_2_TTCATGCCTTCGAAGGATGA	5	R+7_2	Astronaut 2	R+7	R	19.2766840804358
R+7_2_TTCATGGAGCCGGATGGAGC	0	R+7_2	Astronaut 2	R+7	R	14.0980524787707
R+7_2_TTCATGTAGAGTAATGCTGC	0	R+7_2	Astronaut 2	R+7	R	19.6892659781097
R+7_2_TTCATTCTACGCTTGGATGA	0	R+7_2	Astronaut 2	R+7	R	15.5112857195992
R+7_2_TTCATTTGAACGGATGGAGC	0	R+7_2	Astronaut 2	R+7	R	3.76118483714915
R+7_2_TTCGAAAGCAGCAGGGCGGT	0	R+7_2	Astronaut 2	R+7	R	20.4120889008154
R+7_2_TTCGAATCTGGAACCGCTGC	1	R+7_2	Astronaut 2	R+7	R	12.0755627474334
R+7_2_TTCGAATTCACAGAAGCTTG	1	R+7_2	Astronaut 2	R+7	R	17.3496780692515
R+7_2_TTCGACAGTTCTTAAGCTGC	0	R+7_2	Astronaut 2	R+7	R	20.392573980421
R+7_2_TTCGACCTCACTGGAGCGGT	0	R+7_2	Astronaut 2	R+7	R	14.9247073078629
R+7_2_TTCGACTAACCAACTGCGGT	4	R+7_2	Astronaut 2	R+7	R	13.7820622327362
R+7_2_TTCGACTCCACTCCAGGAGC	0	R+7_2	Astronaut 2	R+7	R	20.0950377875619
R+7_2_TTCGATACGTCGCAAGTCTA	1	R+7_2	Astronaut 2	R+7	R	18.9327059649281
R+7_2_TTCGATCTACCAACTGTAAT	2	R+7_2	Astronaut 2	R+7	R	34.1774996307542
R+7_2_TTCGATGCTACTAACGATAT	1	R+7_2	Astronaut 2	R+7	R	17.6407004709227
R+7_2_TTGAAACGATGATGAGTCTA	0	R+7_2	Astronaut 2	R+7	R	20.3997753453322
R+7_2_TTGAAACTAAGATGAGGAGC	0	R+7_2	Astronaut 2	R+7	R	20.1628031517422
R+7_2_TTGAAATCCTATTCAGCTGC	0	R+7_2	Astronaut 2	R+7	R	17.0802944437438
R+7_2_TTGAACAGAACTGGAGATGA	3	R+7_2	Astronaut 2	R+7	R	34.1774998528646
R+7_2_TTGAACCATACGCCTGCCTT	0	R+7_2	Astronaut 2	R+7	R	17.315154062659
R+7_2_TTGAACGCAACCTAGGGTCC	0	R+7_2	Astronaut 2	R+7	R	16.2971325095138
R+7_2_TTGAAGCTTGCTCCAGCTTG	0	R+7_2	Astronaut 2	R+7	R	14.9314334509663
R+7_2_TTGAAGTCCGCGAAGGATGA	0	R+7_2	Astronaut 2	R+7	R	17.3429624296673
R+7_2_TTGAATCATCCTGGAGCAAC	8	R+7_2	Astronaut 2	R+7	R	20.1452224032784
R+7_2_TTGAATGCGCCTTAAGGCGT	2	R+7_2	Astronaut 2	R+7	R	19.7764978802978
R+7_2_TTGAATGCTAGCAACGCTTG	3	R+7_2	Astronaut 2	R+7	R	20.4120891229258
R+7_2_TTGAATGCTAGGTCCGATGA	2	R+7_2	Astronaut 2	R+7	R	18.4077021450703
R+7_3_AACCGAACCGGGCGTGTCCG	0	R+7_3	Astronaut 3	R+7	R	39.3062317626431
R+7_3_AACCGATTCACGCAAGGTCC	1	R+7_3	Astronaut 3	R+7	R	35.475287251374
R+7_3_AACCGCTTAACGAAGGGCAG	2	R+7_3	Astronaut 3	R+7	R	10.4181523330669
R+7_3_AACCGGGTAAGCTCTGGCAG	0	R+7_3	Astronaut 3	R+7	R	10.9669801084988
R+7_3_AACCGTATCTGGCGTGGTCC	1	R+7_3	Astronaut 3	R+7	R	10.9882458710073
R+7_3_AACGAACCAGCGCTCTAAGG	2	R+7_3	Astronaut 3	R+7	R	9.52915247792784
R+7_3_AACGAAGGTCCGACCGGTCC	0	R+7_3	Astronaut 3	R+7	R	12.616273082774
R+7_3_AACGAGACTGCGCTCGCGAA	2	R+7_3	Astronaut 3	R+7	R	14.7098058690726
R+7_3_AACGAGCCTTATTCAGTAAT	0	R+7_3	Astronaut 3	R+7	R	28.2633657436789
R+7_3_AACGATAAGGCCTAGGTCCG	0	R+7_3	Astronaut 3	R+7	R	8.16414484824648
R+7_3_AACGATAAGGGTAATGTCCG	0	R+7_3	Astronaut 3	R+7	R	38.558188155207
R+7_3_AACGATCGTAGAGCTGGTAA	0	R+7_3	Astronaut 3	R+7	R	39.3062319847535
R+7_3_AACTCAAGGTCCATAGCGAA	0	R+7_3	Astronaut 3	R+7	R	9.46966712553047
R+7_3_AACTCATTACGCTTGGCAGG	8	R+7_3	Astronaut 3	R+7	R	14.4060168064932
R+7_3_AACTCCAGCGCAGCGGCAGG	3	R+7_3	Astronaut 3	R+7	R	9.43475240476689
R+7_3_AACTCCGGATGATATGCAGG	4	R+7_3	Astronaut 3	R+7	R	11.2545027338263
R+7_3_AACTCGCAGGCTAGTGGCAG	9	R+7_3	Astronaut 3	R+7	R	12.083326865072
R+7_3_AACTCGGCGTCTTAAGCTCT	4	R+7_3	Astronaut 3	R+7	R	12.0833270871824
R+7_3_AACTCGTATCCGATTGTAGA	0	R+7_3	Astronaut 3	R+7	R	39.3062322068639
R+7_3_AAGACAACGACAGCGGTCCG	1	R+7_3	Astronaut 3	R+7	R	8.07548771286207
R+7_3_AAGACAAGCACGTCGGTAAT	3	R+7_3	Astronaut 3	R+7	R	10.3140440160363
R+7_3_AAGACAGAGTCGACCGTAGA	0	R+7_3	Astronaut 3	R+7	R	37.6758392028566
R+7_3_AAGACAGGCTGGCGTGCTCT	1	R+7_3	Astronaut 3	R+7	R	39.3062324289743
R+7_3_AAGACAGGTCCCATAGTTAG	3	R+7_3	Astronaut 3	R+7	R	10.9795483454915
R+7_3_AAGACATCTGGATGAGCGAA	0	R+7_3	Astronaut 3	R+7	R	10.3121640034204
R+7_3_AAGACATGGCGCGAAGGCAG	3	R+7_3	Astronaut 3	R+7	R	33.7054817696255
R+7_3_AAGCAACCAGGGCAGTAAGG	0	R+7_3	Astronaut 3	R+7	R	36.869837928723
R+7_3_AAGCAATGGCGGTCCGTTAG	1	R+7_3	Astronaut 3	R+7	R	34.177500074975
R+7_3_AAGCACGCCTGGCAGGTCCG	1	R+7_3	Astronaut 3	R+7	R	39.2033168246126
R+7_3_AAGCACGGATCAATCTAAGG	0	R+7_3	Astronaut 3	R+7	R	34.8213607771718
R+7_3_AAGCACTACGCTCCAGTAGA	3	R+7_3	Astronaut 3	R+7	R	34.3219858686117
R+7_3_AAGCAGATATGATATGTCCG	5	R+7_3	Astronaut 3	R+7	R	12.7520613913477
R+7_3_AAGCAGGCGTCTGGAGCGAA	0	R+7_3	Astronaut 3	R+7	R	37.7430237674115
R+7_3_AAGCATGCTACAACTGGCAG	0	R+7_3	Astronaut 3	R+7	R	34.7529039502346
R+7_3_AAGCATTGAACGAAGGGTCC	0	R+7_3	Astronaut 3	R+7	R	9.44370868413765
R+7_3_AAGGTACGATGCTTGGGCAG	2	R+7_3	Astronaut 3	R+7	R	10.2078485916026
R+7_3_AAGGTCGCTCGCGAAGGTAA	2	R+7_3	Astronaut 3	R+7	R	12.9221571751692
R+7_3_AAGGTCTTAAATTGGGTAGA	0	R+7_3	Astronaut 3	R+7	R	37.7099486773104
R+7_3_AAGGTGCAGGGCGGTGGTCC	0	R+7_3	Astronaut 3	R+7	R	10.3140442381466
R+7_3_AAGGTGTTAGATTGGGGTAA	0	R+7_3	Astronaut 3	R+7	R	38.0746339164987
R+7_3_ACCAGACTAACAGCGGCTCT	0	R+7_3	Astronaut 3	R+7	R	38.0728017550305
R+7_3_ACCAGACTAACAGCGGGTCC	2	R+7_3	Astronaut 3	R+7	R	32.5850753501223
R+7_3_ACCAGAGTTGCTAACTAAGG	3	R+7_3	Astronaut 3	R+7	R	39.3062326510847
R+7_3_ACCAGATTCACGCTCGCGAA	0	R+7_3	Astronaut 3	R+7	R	37.483023807786
R+7_3_ACCAGCGATTCGCCTGTAAT	0	R+7_3	Astronaut 3	R+7	R	12.0833273092927
R+7_3_ACCAGTCAGTGATATGCAGG	2	R+7_3	Astronaut 3	R+7	R	30.4308686680567
R+7_3_ACCAGTTCGACCTCAGCTCT	4	R+7_3	Astronaut 3	R+7	R	33.4173167152462
R+7_3_ACCTAAGAACGCGGTGGTAA	0	R+7_3	Astronaut 3	R+7	R	10.2078488137129
R+7_3_ACCTACAACTCAGCGTAAGG	1	R+7_3	Astronaut 3	R+7	R	13.3367759882392
R+7_3_ACCTAGCGGTGCAACGTCCG	7	R+7_3	Astronaut 3	R+7	R	39.3062328731951
R+7_3_ACCTATGCTAGAACCGCAGG	0	R+7_3	Astronaut 3	R+7	R	39.3062330953055
R+7_3_ACGATTCAGTCAGTTGCAGG	1	R+7_3	Astronaut 3	R+7	R	10.2078490358233
R+7_3_ACGATTTAGCGCTCTGTAGA	2	R+7_3	Astronaut 3	R+7	R	10.283262083895
R+7_3_ACTAAAAGACCGATTGTCCG	1	R+7_3	Astronaut 3	R+7	R	14.5264033599376
R+7_3_ACTAAACTAACGCTCGGTCC	1	R+7_3	Astronaut 3	R+7	R	9.58635126783976
R+7_3_ACTAAAGTTGGGCAGTAAGG	0	R+7_3	Astronaut 3	R+7	R	28.2838892595778
R+7_3_ACTAACCTAGGCTGCGCAGG	1	R+7_3	Astronaut 3	R+7	R	11.5400743038925
R+7_3_ACTAACGACCGACTGGTAAT	1	R+7_3	Astronaut 3	R+7	R	39.3062333174158
R+7_3_ACTAAGAGCTGGCGTGCGAA	2	R+7_3	Astronaut 3	R+7	R	13.8036181069732
R+7_3_ACTAATATCTCTAGTGTATC	6	R+7_3	Astronaut 3	R+7	R	9.11236874066384
R+7_3_ACTAATCAGTGCGGTGGTCC	0	R+7_3	Astronaut 3	R+7	R	32.4801987866185
R+7_3_ACTAATCATCGCCTTGCGAA	0	R+7_3	Astronaut 3	R+7	R	37.035810394095
R+7_3_ACTCGAAGACCCTAGGTAAT	7	R+7_3	Astronaut 3	R+7	R	14.6552336354279
R+7_3_ACTCGAGAGTGGAGCGTTAG	4	R+7_3	Astronaut 3	R+7	R	34.5689466638395
R+7_3_ACTCGAGCGGGCAACGCTCT	0	R+7_3	Astronaut 3	R+7	R	12.0833275314031
R+7_3_ACTCGATTACGATGAGTATC	0	R+7_3	Astronaut 3	R+7	R	39.3062335395262
R+7_3_ACTCGCTAACGCGGTGTCCG	4	R+7_3	Astronaut 3	R+7	R	14.6631170645543
R+7_3_ACTCGGATGAGTATCGCGAA	0	R+7_3	Astronaut 3	R+7	R	8.14219173364178
R+7_3_ACTTCAACTCCTGGAGCTCT	4	R+7_3	Astronaut 3	R+7	R	9.0534607455262
R+7_3_ACTTCATTGGGCAGGGGTAA	4	R+7_3	Astronaut 3	R+7	R	8.36184884724323
R+7_3_ACTTCCTGGAGAACCGTCCG	4	R+7_3	Astronaut 3	R+7	R	12.0833277535135
R+7_3_ACTTCGTAATCGCAAGCTCT	0	R+7_3	Astronaut 3	R+7	R	8.21157355451623
R+7_3_AGAACCGGATCGGCAGGTAA	0	R+7_3	Astronaut 3	R+7	R	8.06918677644551
R+7_3_AGAACCTAACCAGTTGGCAG	0	R+7_3	Astronaut 3	R+7	R	35.3800121181723
R+7_3_AGAACCTAGTGCTTGGCAGG	0	R+7_3	Astronaut 3	R+7	R	33.4948483978725
R+7_3_AGAACTAGAGCAACTGCGAA	8	R+7_3	Astronaut 3	R+7	R	10.3464403625515
R+7_3_AGAACTGCGCCGAAGGTAGA	1	R+7_3	Astronaut 3	R+7	R	12.0566949112716
R+7_3_AGAGTATCCTCCGCTGGTCC	1	R+7_3	Astronaut 3	R+7	R	36.6491113408966
R+7_3_AGAGTCTCCAATTCATAAGG	0	R+7_3	Astronaut 3	R+7	R	12.0833279756239
R+7_3_AGAGTTGCGCGCTGCGGTCC	1	R+7_3	Astronaut 3	R+7	R	16.8460612092801
R+7_3_AGAGTTTAGCCCTAGGCAGG	3	R+7_3	Astronaut 3	R+7	R	12.056695133382
R+7_3_AGCGGACTCGCGGCATAAGG	9	R+7_3	Astronaut 3	R+7	R	39.3062337616366
R+7_3_AGCGGGGCAGGGTAAGCTCT	8	R+7_3	Astronaut 3	R+7	R	38.5581883773174
R+7_3_AGCGGTCGTAGAGTCGTAAT	0	R+7_3	Astronaut 3	R+7	R	34.3219860907221
R+7_3_AGGCTGGCGTATTCAGTATC	1	R+7_3	Astronaut 3	R+7	R	37.2979463242552
R+7_3_AGGCTGTAATGTAGATAAGG	0	R+7_3	Astronaut 3	R+7	R	10.314044460257
R+7_3_AGGTCAGAACGGCAGTAAGG	3	R+7_3	Astronaut 3	R+7	R	36.8698381508333
R+7_3_AGGTCTAGGAGCTTGGTCCG	0	R+7_3	Astronaut 3	R+7	R	9.44228395391703
R+7_3_AGTTGAGCGGGCAGGGTAAT	0	R+7_3	Astronaut 3	R+7	R	12.0779514028252
R+7_3_AGTTGAGGCTATTGGGTAAT	1	R+7_3	Astronaut 3	R+7	R	17.0864041645583
R+7_3_AGTTGATCCTCTAGTGTATC	1	R+7_3	Astronaut 3	R+7	R	9.90974791327316
R+7_3_AGTTGCCGCTCAGTTGTCCG	4	R+7_3	Astronaut 3	R+7	R	14.6552338575383
R+7_3_AGTTGCCGCTGATATGTCCG	0	R+7_3	Astronaut 3	R+7	R	36.8698383729437
R+7_3_AGTTGCCGCTGGCGTGTCCG	3	R+7_3	Astronaut 3	R+7	R	30.1421369389365
R+7_3_AGTTGCTAACCTAGTGCTCT	8	R+7_3	Astronaut 3	R+7	R	33.1987330893717
R+7_3_AGTTGGGTCCCGCCTGGCAG	8	R+7_3	Astronaut 3	R+7	R	10.8747030355695
R+7_3_AGTTGTTCGAATTCAGTAAT	1	R+7_3	Astronaut 3	R+7	R	9.56028516725381
R+7_3_ATCCTAGGCTGGTCCGTTAG	0	R+7_3	Astronaut 3	R+7	R	33.0592404190975
R+7_3_ATCCTCCATACGCAAGTAGA	2	R+7_3	Astronaut 3	R+7	R	26.143340829072
R+7_3_ATCCTGACTGGCAGGTAAGG	0	R+7_3	Astronaut 3	R+7	R	36.5243946299245
R+7_3_ATCCTGGCGTCTTAAGTAGA	8	R+7_3	Astronaut 3	R+7	R	34.6906295872441
R+7_3_ATCCTTCAGTGTATCGCTCT	4	R+7_3	Astronaut 3	R+7	R	8.13305658359852
R+7_3_ATCCTTTGAACCGCTGTAAT	4	R+7_3	Astronaut 3	R+7	R	39.306233983747
R+7_3_ATCTGCCTAGCGCAAGTAAT	4	R+7_3	Astronaut 3	R+7	R	10.9811988364807
R+7_3_ATCTGCTTAACTACGGCAGG	3	R+7_3	Astronaut 3	R+7	R	35.5595880190035
R+7_3_ATCTGGTAATCTGGATAAGG	8	R+7_3	Astronaut 3	R+7	R	13.9282377646661
R+7_3_ATCTGTTCATGACTGTAAGG	0	R+7_3	Astronaut 3	R+7	R	32.5850755722327
R+7_3_ATGCGCGCTCCTGGAGGTAA	0	R+7_3	Astronaut 3	R+7	R	10.2518176975728
R+7_3_ATGGCAACTCCGCTCGTAAT	1	R+7_3	Astronaut 3	R+7	R	36.6491115630069
R+7_3_ATGGCACCTAGAGCTGTCCG	0	R+7_3	Astronaut 3	R+7	R	12.92639228241
R+7_3_ATGGCATCCTGCTTGGGTCC	5	R+7_3	Astronaut 3	R+7	R	11.0081170278279
R+7_3_ATGGCCTAGTGTAATGTCCG	8	R+7_3	Astronaut 3	R+7	R	9.68302319365422
R+7_3_ATGGCCTTAACGGATGCGAA	0	R+7_3	Astronaut 3	R+7	R	11.9392765994515
R+7_3_ATGGCGCTCTGTAGATAAGG	0	R+7_3	Astronaut 3	R+7	R	29.0281235151078
R+7_3_ATGGCTGAGAGCAACGGTCC	4	R+7_3	Astronaut 3	R+7	R	12.0833281977343
R+7_3_ATTACCGACCCTAGTGCTCT	4	R+7_3	Astronaut 3	R+7	R	36.8698385950541
R+7_3_ATTACCGCTCGACTGGTATC	0	R+7_3	Astronaut 3	R+7	R	13.3172366176654
R+7_3_ATTACTAAGGGGTCCGTCCG	2	R+7_3	Astronaut 3	R+7	R	39.3062342058574
R+7_3_ATTACTATTGGGAGCGGTCC	0	R+7_3	Astronaut 3	R+7	R	9.44363505130237
R+7_3_ATTCAAACTCCGATTGTAGA	8	R+7_3	Astronaut 3	R+7	R	10.9669803306092
R+7_3_ATTCAATCTGGAGTCGCTCT	0	R+7_3	Astronaut 3	R+7	R	9.56524535957027
R+7_3_ATTCACAACTATTCAGGTAA	0	R+7_3	Astronaut 3	R+7	R	9.57605778284477
R+7_3_ATTCACGACCGAACCGTTAG	0	R+7_3	Astronaut 3	R+7	R	8.08668011380271
R+7_3_ATTCAGCAACATTGGGCAGG	0	R+7_3	Astronaut 3	R+7	R	33.7543531774257
R+7_3_ATTCAGCAACGCTCTGCAGG	2	R+7_3	Astronaut 3	R+7	R	10.3140446823674
R+7_3_ATTGGCCGCTGCTCTGCAGG	1	R+7_3	Astronaut 3	R+7	R	32.0301078403119
R+7_3_ATTGGCGCTCCGACCGTAAT	6	R+7_3	Astronaut 3	R+7	R	10.2078492579337
R+7_3_CAACTAACTCCGGATGTCCG	0	R+7_3	Astronaut 3	R+7	R	7.89147108917465
R+7_3_CAACTATGCGCGCTCGGTCC	3	R+7_3	Astronaut 3	R+7	R	11.0473234839081
R+7_3_CAACTTAGGAGTAGATAAGG	4	R+7_3	Astronaut 3	R+7	R	9.52915270003823
R+7_3_CAACTTATCTCAATCGGTAA	1	R+7_3	Astronaut 3	R+7	R	12.0644462589752
R+7_3_CAACTTCGCGCTAACGTTAG	0	R+7_3	Astronaut 3	R+7	R	34.1775002970854
R+7_3_CAACTTCTACCAGCGGCTCT	4	R+7_3	Astronaut 3	R+7	R	16.8460614313905
R+7_3_CAACTTTAGCGCAGGGCTCT	6	R+7_3	Astronaut 3	R+7	R	14.6724028380208
R+7_3_CAACTTTATGATTGGGCTCT	0	R+7_3	Astronaut 3	R+7	R	39.3062344279678
R+7_3_CAATCAAGCAGATGAGGCAG	1	R+7_3	Astronaut 3	R+7	R	12.2123668719993
R+7_3_CAATCGCCTTCGACCGTCCG	0	R+7_3	Astronaut 3	R+7	R	30.2194760504823
R+7_3_CAATCGCGAAGACTGGCAGG	3	R+7_3	Astronaut 3	R+7	R	31.4294684245195
R+7_3_CAATCGTATCGACTGGGTAA	6	R+7_3	Astronaut 3	R+7	R	8.8036297306251
R+7_3_CAATCTACGTCTACGGCTCT	0	R+7_3	Astronaut 3	R+7	R	11.8911517784944
R+7_3_CAATCTTAGCCGAAGGGTCC	0	R+7_3	Astronaut 3	R+7	R	12.7392588421022
R+7_3_CAGAACGGCAGCAACGCAGG	1	R+7_3	Astronaut 3	R+7	R	36.8698388171645
R+7_3_CAGAATTGAAGAGCTGCGAA	2	R+7_3	Astronaut 3	R+7	R	14.0476713719331
R+7_3_CAGCGATTCACAGTTGGTCC	7	R+7_3	Astronaut 3	R+7	R	37.349617608268
R+7_3_CAGCGGGCGTCTAACGTTAG	9	R+7_3	Astronaut 3	R+7	R	12.0833284198447
R+7_3_CAGCGGTATCCGCAAGTAAT	9	R+7_3	Astronaut 3	R+7	R	32.5850757943431
R+7_3_CAGTTAACCGCTTAATAAGG	1	R+7_3	Astronaut 3	R+7	R	12.0617214589988
R+7_3_CAGTTAAGACGCTTGGGTAA	0	R+7_3	Astronaut 3	R+7	R	9.40591362128272
R+7_3_CAGTTCTAACCGCTCGCGAA	4	R+7_3	Astronaut 3	R+7	R	10.2078494800441
R+7_3_CAGTTGGTAAATTCAGTATC	0	R+7_3	Astronaut 3	R+7	R	7.79439404428611
R+7_3_CAGTTGTAGAGAGTCGGCAG	0	R+7_3	Astronaut 3	R+7	R	32.5850760164535
R+7_3_CCATAATGCGCTCCAGGTCC	0	R+7_3	Astronaut 3	R+7	R	12.8231969085183
R+7_3_CCATACGTCGCCTAGGGTAA	0	R+7_3	Astronaut 3	R+7	R	9.43768401352333
R+7_3_CCATACTAACCGACCGCAGG	2	R+7_3	Astronaut 3	R+7	R	12.0828438161421
R+7_3_CCATAGGAGCCGGATGGCAG	0	R+7_3	Astronaut 3	R+7	R	38.8282337835929
R+7_3_CCATAGGTAACGACCGGTCC	7	R+7_3	Astronaut 3	R+7	R	12.0666487081454
R+7_3_CCGCTCAGTTATTCAGCTCT	4	R+7_3	Astronaut 3	R+7	R	30.6773308140614
R+7_3_CCGCTCCGCTCGCTCGGTCC	0	R+7_3	Astronaut 3	R+7	R	38.1489103468994
R+7_3_CCGCTGTCTACGACCGTTAG	2	R+7_3	Astronaut 3	R+7	R	39.3062346500782
R+7_3_CCGCTTTCGAGTAATGCTCT	1	R+7_3	Astronaut 3	R+7	R	18.1852922720734
R+7_3_CCTAGTGGACCTTAAGGCAG	9	R+7_3	Astronaut 3	R+7	R	12.9192312644028
R+7_3_CCTCAAAGCACGTCGGCTCT	1	R+7_3	Astronaut 3	R+7	R	16.8460616535009
R+7_3_CCTCAATGGCGGCGTGCGAA	1	R+7_3	Astronaut 3	R+7	R	36.40384787469
R+7_3_CCTCACTAACCGACCGCGAA	0	R+7_3	Astronaut 3	R+7	R	39.2255655078239
R+7_3_CCTCAGAACCGGAGCGGTAA	4	R+7_3	Astronaut 3	R+7	R	10.2560896191018
R+7_3_CCTCAGACTGCTACGGCAGG	2	R+7_3	Astronaut 3	R+7	R	13.3292055681875
R+7_3_CCTCAGAGCTATTGGGCGAA	0	R+7_3	Astronaut 3	R+7	R	35.9117676304233
R+7_3_CCTCAGCAGGGTATCGTAAT	8	R+7_3	Astronaut 3	R+7	R	14.4086380029054
R+7_3_CCTCAGCTTGCCTAGGTAAT	9	R+7_3	Astronaut 3	R+7	R	36.8698390392749
R+7_3_CCTCATAAGGGCTCTGCTCT	4	R+7_3	Astronaut 3	R+7	R	36.678072295999
R+7_3_CCTCATAGGAGCGGTGGTCC	2	R+7_3	Astronaut 3	R+7	R	13.7928135524833
R+7_3_CCTCATCCGGCAGCGGTCCG	2	R+7_3	Astronaut 3	R+7	R	9.07553315860095
R+7_3_CGAAGACTTCGCCTTGGTAA	6	R+7_3	Astronaut 3	R+7	R	31.4108736140323
R+7_3_CGAAGCGATTCTTAAGTAAT	8	R+7_3	Astronaut 3	R+7	R	14.6552340796487
R+7_3_CGAAGGCAACGGAGCGCAGG	0	R+7_3	Astronaut 3	R+7	R	36.0347103518202
R+7_3_CGAAGGCCTTATTCAGGTCC	8	R+7_3	Astronaut 3	R+7	R	7.7943942663965
R+7_3_CGAAGTATTGGTATCGGTCC	0	R+7_3	Astronaut 3	R+7	R	37.7524051776457
R+7_3_CGACCATTCACAGAAGTCCG	0	R+7_3	Astronaut 3	R+7	R	33.0592406412079
R+7_3_CGACCCTTAAGGTCCGGTAA	1	R+7_3	Astronaut 3	R+7	R	35.3222920665447
R+7_3_CGACCGATGACCTCAGGTAA	0	R+7_3	Astronaut 3	R+7	R	32.1656471473537
R+7_3_CGACCGGCGTCAGAAGGTCC	1	R+7_3	Astronaut 3	R+7	R	39.1506931900343
R+7_3_CGACCGTTAGCGCCTGTAGA	0	R+7_3	Astronaut 3	R+7	R	11.5294791613081
R+7_3_CGATTCTAACCTCCAGCTCT	4	R+7_3	Astronaut 3	R+7	R	12.0814922887573
R+7_3_CGATTGATATCAATCGTAAT	7	R+7_3	Astronaut 3	R+7	R	20.4120893450362
R+7_3_CGATTGATGAGATGAGCTCT	0	R+7_3	Astronaut 3	R+7	R	33.492861614401
R+7_3_CGATTGGTCCCGACCGGTCC	1	R+7_3	Astronaut 3	R+7	R	12.8231971306286
R+7_3_CGATTGTATCCGGATGTAGA	3	R+7_3	Astronaut 3	R+7	R	34.3219863128325
R+7_3_CGATTTAGGAGTAATGGTAA	7	R+7_3	Astronaut 3	R+7	R	39.3062348721885
R+7_3_CGATTTTGAACTACGGTTAG	3	R+7_3	Astronaut 3	R+7	R	8.18736309303864
R+7_3_CGCAAAGAACGGCAGGGCAG	0	R+7_3	Astronaut 3	R+7	R	10.3340252555588
R+7_3_CGCAAATTACCGCCTGGCAG	0	R+7_3	Astronaut 3	R+7	R	11.9052348459813
R+7_3_CGCAAATTGGCAGCGGTTAG	6	R+7_3	Astronaut 3	R+7	R	13.8573522158556
R+7_3_CGCAACTTAAGGAGCGTCCG	6	R+7_3	Astronaut 3	R+7	R	12.7526578323766
R+7_3_CGCAAGCTTGCGTCGGGCAG	4	R+7_3	Astronaut 3	R+7	R	34.7756149008171
R+7_3_CGCAATTCATCCGCTGCTCT	0	R+7_3	Astronaut 3	R+7	R	32.5035178485934
R+7_3_CGCCTATCTGCGTCGTAAGG	4	R+7_3	Astronaut 3	R+7	R	33.8347344917272
R+7_3_CGCCTATTACGATATGGCAG	5	R+7_3	Astronaut 3	R+7	R	32.3576821505809
R+7_3_CGCCTCGACCGCGAAGTTAG	0	R+7_3	Astronaut 3	R+7	R	37.3186329088436
R+7_3_CGCCTCGCAACCTAGGTCCG	0	R+7_3	Astronaut 3	R+7	R	36.3210200493974
R+7_3_CGCCTCTAACGCTTGGTAAT	2	R+7_3	Astronaut 3	R+7	R	12.9062461805927
R+7_3_CGCCTGAGTCCCTAGGTTAG	0	R+7_3	Astronaut 3	R+7	R	10.5490725404991
R+7_3_CGCTCAAGACGGCGTGGTCC	0	R+7_3	Astronaut 3	R+7	R	32.8124270929043
R+7_3_CGCTCCAGTTGCGAAGGTAA	8	R+7_3	Astronaut 3	R+7	R	12.0566953554924
R+7_3_CGCTCGCAGGCCATAGCAGG	1	R+7_3	Astronaut 3	R+7	R	13.7862827629949
R+7_3_CGCTCGGTAACGCCTGTAAT	8	R+7_3	Astronaut 3	R+7	R	17.3963254149568
R+7_3_CGGATACGATCTAACGTCCG	6	R+7_3	Astronaut 3	R+7	R	12.0833286419551
R+7_3_CGGATAGCGGCTAACGGTAA	4	R+7_3	Astronaut 3	R+7	R	14.6577774424888
R+7_3_CGGATCAATCCAGCGGTCCG	0	R+7_3	Astronaut 3	R+7	R	32.5850762385639
R+7_3_CGGATCGCAAGCGAAGCAGG	0	R+7_3	Astronaut 3	R+7	R	37.551753315609
R+7_3_CGGATGACTGGCGAAGTCCG	2	R+7_3	Astronaut 3	R+7	R	9.57838326181454
R+7_3_CGGCAAGCGGGATGAGTTAG	0	R+7_3	Astronaut 3	R+7	R	39.3062350942989
R+7_3_CGGCACCTCAGATGAGGTCC	8	R+7_3	Astronaut 3	R+7	R	12.14792380702
R+7_3_CGGCACTAGTCTAGTGCTCT	7	R+7_3	Astronaut 3	R+7	R	14.6552343017591
R+7_3_CGGCAGAGTCGCTTGGGCAG	7	R+7_3	Astronaut 3	R+7	R	34.7548196340701
R+7_3_CGGCAGGTAAGATATGTCCG	1	R+7_3	Astronaut 3	R+7	R	12.823197352739
R+7_3_CGTCGAACGACCTAGGCGAA	9	R+7_3	Astronaut 3	R+7	R	39.3062353164093
R+7_3_CGTCGACTTCGCAACGCTCT	5	R+7_3	Astronaut 3	R+7	R	12.0626981101846
R+7_3_CGTCGAGAGTGCGGTGTTAG	0	R+7_3	Astronaut 3	R+7	R	11.3085212008165
R+7_3_CGTCGCGATTCAGCGGGTAA	3	R+7_3	Astronaut 3	R+7	R	39.3062355385197
R+7_3_CGTCGCGATTGGCAGGGTAA	0	R+7_3	Astronaut 3	R+7	R	35.3222922886551
R+7_3_CGTCGGATGAGTAGAGTCCG	1	R+7_3	Astronaut 3	R+7	R	13.7803061170463
R+7_3_CGTCGGCAGGCGATTGTAAT	0	R+7_3	Astronaut 3	R+7	R	38.5581885994278
R+7_3_CGTCGGCAGGCTTAAGTAAT	1	R+7_3	Astronaut 3	R+7	R	39.3062357606301
R+7_3_CGTCGGCAGGGCTCTGTAAT	2	R+7_3	Astronaut 3	R+7	R	13.3578341765897
R+7_3_CGTCGGCGAACTCCAGCTCT	0	R+7_3	Astronaut 3	R+7	R	39.3062359827405
R+7_3_CGTCGGCGGTGGAGCGTTAG	0	R+7_3	Astronaut 3	R+7	R	9.50116837543155
R+7_3_CGTCGTCCGGCCTCAGGCAG	0	R+7_3	Astronaut 3	R+7	R	10.2078497021545
R+7_3_CTAACAGCGGCGCTCGGTCC	5	R+7_3	Astronaut 3	R+7	R	12.6524446643654
R+7_3_CTAACCAATCGGCAGGCGAA	4	R+7_3	Astronaut 3	R+7	R	37.2979465463656
R+7_3_CTAACCAGAAGCCTTGCAGG	9	R+7_3	Astronaut 3	R+7	R	39.3062362048509
R+7_3_CTAACCCATAGCGAAGTAAT	3	R+7_3	Astronaut 3	R+7	R	10.3140449044778
R+7_3_CTAACGTCCGCCTAGGGTCC	0	R+7_3	Astronaut 3	R+7	R	12.0594822695249
R+7_3_CTAACTTAGCGGTCCGTAGA	0	R+7_3	Astronaut 3	R+7	R	37.7013994834664
R+7_3_CTACGCAGCGGCGAAGGCAG	0	R+7_3	Astronaut 3	R+7	R	28.2799682644617
R+7_3_CTACGCGCAACGTCGGGTAA	0	R+7_3	Astronaut 3	R+7	R	12.6174701989962
R+7_3_CTACGGATGACAATCGGTAA	0	R+7_3	Astronaut 3	R+7	R	39.3062364269613
R+7_3_CTACGGGCGTCTAACGTAAT	0	R+7_3	Astronaut 3	R+7	R	11.1006452723424
R+7_3_CTACGTATTGCTCCAGTAGA	1	R+7_3	Astronaut 3	R+7	R	9.08841937459415
R+7_3_CTAGTACCTAGAACCGCTCT	2	R+7_3	Astronaut 3	R+7	R	12.9796878618928
R+7_3_CTAGTCAGAACGCTCGCTCT	1	R+7_3	Astronaut 3	R+7	R	14.6552345238694
R+7_3_CTAGTCTCCAGCAGGGCAGG	2	R+7_3	Astronaut 3	R+7	R	11.0195078151819
R+7_3_CTAGTTACGTGAGTCGCAGG	4	R+7_3	Astronaut 3	R+7	R	9.69458020552942
R+7_3_CTAGTTGAGACGCAAGTATC	0	R+7_3	Astronaut 3	R+7	R	8.04275094371559
R+7_3_CTCCAAGAACCTTAAGCAGG	2	R+7_3	Astronaut 3	R+7	R	10.2378985011377
R+7_3_CTCCAATGGCGGCGTGCAGG	0	R+7_3	Astronaut 3	R+7	R	33.6250835877158
R+7_3_CTCCACCTAGCGATTGGTCC	1	R+7_3	Astronaut 3	R+7	R	11.2739599385019
R+7_3_CTCCAGGAGCGAGTCGGTCC	0	R+7_3	Astronaut 3	R+7	R	14.6552347459798
R+7_3_CTCCATAAGGGGTCCGTCCG	1	R+7_3	Astronaut 3	R+7	R	29.0495144450731
R+7_3_CTCCATACGTCTAACGTTAG	1	R+7_3	Astronaut 3	R+7	R	11.0267712818518
R+7_3_CTGGAAAGGTGGCAGGTATC	4	R+7_3	Astronaut 3	R+7	R	35.6053237502505
R+7_3_CTGGACAACTGCTCTGGTAA	6	R+7_3	Astronaut 3	R+7	R	34.1775005191958
R+7_3_CTGGACTAGTCGCAAGGCAG	0	R+7_3	Astronaut 3	R+7	R	10.4214149660452
R+7_3_CTGGAGTCCGGATATGTATC	0	R+7_3	Astronaut 3	R+7	R	9.40262717146342
R+7_3_CTGGATGCTACCATAGTATC	2	R+7_3	Astronaut 3	R+7	R	12.067171493906
R+7_3_CTTAAGTTAGCGATTGGTCC	1	R+7_3	Astronaut 3	R+7	R	34.8115850264315
R+7_3_GAACCACGATGGTCCGGTAA	6	R+7_3	Astronaut 3	R+7	R	10.82386101712
R+7_3_GAACCCGGATGTATCGGTCC	0	R+7_3	Astronaut 3	R+7	R	35.6053239723608
R+7_3_GAACCGCGGTGGCAGGTAGA	0	R+7_3	Astronaut 3	R+7	R	8.11524820560313
R+7_3_GAACCGGTCCGATGAGCAGG	0	R+7_3	Astronaut 3	R+7	R	39.3062366490716
R+7_3_GAACCTAGGACGTCGGCTCT	3	R+7_3	Astronaut 3	R+7	R	16.396884537691
R+7_3_GAACCTATCTCCATAGCTCT	0	R+7_3	Astronaut 3	R+7	R	38.7040828048583
R+7_3_GAACCTTCATGTAATGTAAT	1	R+7_3	Astronaut 3	R+7	R	11.0081172499383
R+7_3_GACTGAGTTGCCGCTGTAAT	1	R+7_3	Astronaut 3	R+7	R	33.6185023760949
R+7_3_GACTGATCCTGCGGTGTAAT	4	R+7_3	Astronaut 3	R+7	R	11.0081174720487
R+7_3_GACTGGAGCTGCGGTGTATC	0	R+7_3	Astronaut 3	R+7	R	31.9933731691296
R+7_3_GACTGGCGGTATTGGGTAAT	6	R+7_3	Astronaut 3	R+7	R	37.4786744715984
R+7_3_GACTGTGCGCGCTTGGCAGG	2	R+7_3	Astronaut 3	R+7	R	9.5036261966445
R+7_3_GACTGTTCGAGCTGCGTAAT	9	R+7_3	Astronaut 3	R+7	R	36.8698392613853
R+7_3_GAGCTATTGGCCGCTTAAGG	1	R+7_3	Astronaut 3	R+7	R	11.062712701917
R+7_3_GAGCTCGCCTCCTAGTAAGG	8	R+7_3	Astronaut 3	R+7	R	14.0418623547088
R+7_3_GAGCTCGCTCATTCAGCTCT	1	R+7_3	Astronaut 3	R+7	R	35.3383290157832
R+7_3_GAGCTGCTTGGTAATGTCCG	2	R+7_3	Astronaut 3	R+7	R	39.306236871182
R+7_3_GAGCTGGTAACGGATGGTAA	8	R+7_3	Astronaut 3	R+7	R	14.6552349680902
R+7_3_GAGCTGGTAAGCGAAGCAGG	4	R+7_3	Astronaut 3	R+7	R	10.2078499242649
R+7_3_GAGCTGTAGACAGCGGGTCC	0	R+7_3	Astronaut 3	R+7	R	9.91910833272704
R+7_3_GAGTCGTTAGCGTCGGTAGA	1	R+7_3	Astronaut 3	R+7	R	9.48603734234446
R+7_3_GAGTCTATGCCAGCGGGTCC	6	R+7_3	Astronaut 3	R+7	R	9.34491922743958
R+7_3_GAGTCTGGACCAGTTGGTCC	3	R+7_3	Astronaut 3	R+7	R	35.4525101667392
R+7_3_GATATACTTCGTATCGTCCG	0	R+7_3	Astronaut 3	R+7	R	34.6466663058663
R+7_3_GATATAGAACCTAACTAAGG	7	R+7_3	Astronaut 3	R+7	R	11.0081176941591
R+7_3_GATATAGAGTCGTCGGCGAA	2	R+7_3	Astronaut 3	R+7	R	10.2078501463753
R+7_3_GATATATCCTCAGTTGCTCT	0	R+7_3	Astronaut 3	R+7	R	39.1809159402578
R+7_3_GATATCAGAAGAACCGTAAT	1	R+7_3	Astronaut 3	R+7	R	14.1087560970986
R+7_3_GATATGAACCGGAGCGTATC	1	R+7_3	Astronaut 3	R+7	R	14.9636069145601
R+7_3_GATGACAATCCAATCGTCCG	0	R+7_3	Astronaut 3	R+7	R	7.86284156294393
R+7_3_GATGACCGCTGAGTCTAAGG	0	R+7_3	Astronaut 3	R+7	R	10.255815757083
R+7_3_GATGACGACCGCGAAGGTAA	3	R+7_3	Astronaut 3	R+7	R	33.6068844724101
R+7_3_GATGACTAACCCTAGGGTCC	0	R+7_3	Astronaut 3	R+7	R	32.4870027858532
R+7_3_GCAACCAGCGGTAATGCGAA	0	R+7_3	Astronaut 3	R+7	R	39.3062370932924
R+7_3_GCAACCCGCTCGCTCGTATC	4	R+7_3	Astronaut 3	R+7	R	12.2123670941096
R+7_3_GCAACCTTAACAATCTAAGG	0	R+7_3	Astronaut 3	R+7	R	34.1775007413061
R+7_3_GCAACTTGAAGATGAGTAGA	0	R+7_3	Astronaut 3	R+7	R	30.8974887412328
R+7_3_GCAGGATCTGGATGAGTAGA	0	R+7_3	Astronaut 3	R+7	R	7.9652521712547
R+7_3_GCAGGCGGATCCATAGTAAT	2	R+7_3	Astronaut 3	R+7	R	12.8138836518995
R+7_3_GCAGGGAGCTCCGCTGCAGG	1	R+7_3	Astronaut 3	R+7	R	11.8323439748944
R+7_3_GCAGGGCGGTCTAGTGTTAG	0	R+7_3	Astronaut 3	R+7	R	38.665210367594
R+7_3_GCAGGTAGAGGACTGGTAGA	0	R+7_3	Astronaut 3	R+7	R	39.3062373154028
R+7_3_GCCTTAACGAGCTCTGGTCC	4	R+7_3	Astronaut 3	R+7	R	10.2272150663911
R+7_3_GCCTTACTAAGGTAAGTAAT	0	R+7_3	Astronaut 3	R+7	R	12.0833288640655
R+7_3_GCCTTCAGTTCTAACGGTAA	3	R+7_3	Astronaut 3	R+7	R	10.9720025533382
R+7_3_GCCTTGAACCGCAACGCAGG	0	R+7_3	Astronaut 3	R+7	R	10.2078503684857
R+7_3_GCCTTGTATCCGCCTGGTCC	3	R+7_3	Astronaut 3	R+7	R	12.1261639292658
R+7_3_GCGAAAGAACATTCAGGTAA	1	R+7_3	Astronaut 3	R+7	R	37.8614890267441
R+7_3_GCGAACTAACGGCGTGCGAA	0	R+7_3	Astronaut 3	R+7	R	12.1668995472525
R+7_3_GCGAAGAACCGTATCGCGAA	0	R+7_3	Astronaut 3	R+7	R	37.5177176204089
R+7_3_GCGGTGGAGCGCAACGGCAG	2	R+7_3	Astronaut 3	R+7	R	12.0593646581489
R+7_3_GCGGTTGCTAGATGAGGTCC	1	R+7_3	Astronaut 3	R+7	R	10.3140451265882
R+7_3_GCTCTAACTCGGAGCGGTAA	3	R+7_3	Astronaut 3	R+7	R	25.9250318812151
R+7_3_GCTCTCTAACGCAGGGCAGG	0	R+7_3	Astronaut 3	R+7	R	38.8282340057032
R+7_3_GCTCTGATATGATGAGTAGA	3	R+7_3	Astronaut 3	R+7	R	12.8231975748494
R+7_3_GCTGCCCTCACTACGTAAGG	1	R+7_3	Astronaut 3	R+7	R	38.5581888215382
R+7_3_GCTGCCGCCTATTCAGGCAG	0	R+7_3	Astronaut 3	R+7	R	12.9089676131262
R+7_3_GCTGCGTTAGGACTGGTAAT	8	R+7_3	Astronaut 3	R+7	R	10.3140453486986
R+7_3_GCTGCTGCGCCAATCGGTAA	9	R+7_3	Astronaut 3	R+7	R	9.14164417819372
R+7_3_GCTTGAAGCAGCAACGCAGG	0	R+7_3	Astronaut 3	R+7	R	9.05807537794564
R+7_3_GCTTGCAGAAGGCGTTAAGG	0	R+7_3	Astronaut 3	R+7	R	33.7054819917359
R+7_3_GCTTGGCAGGGTAATGCTCT	0	R+7_3	Astronaut 3	R+7	R	14.750742784043
R+7_3_GCTTGTTCGACGAAGGTATC	0	R+7_3	Astronaut 3	R+7	R	34.816587460525
R+7_3_GGCAGGAGCTCTTAAGCTCT	1	R+7_3	Astronaut 3	R+7	R	39.3062375375132
R+7_3_GGCAGGGTAAGTAATGGTCC	0	R+7_3	Astronaut 3	R+7	R	10.207850590596
R+7_3_GGCAGTGCGCCGCCTGTAAT	2	R+7_3	Astronaut 3	R+7	R	12.0833290861758
R+7_3_GGCGTCAATCCGCAAGGTCC	4	R+7_3	Astronaut 3	R+7	R	33.7967118516405
R+7_3_GGCGTTAAGGCGGATGTCCG	0	R+7_3	Astronaut 3	R+7	R	9.83645953207949
R+7_3_GGCGTTCTACCGATTTAAGG	2	R+7_3	Astronaut 3	R+7	R	12.9049410144525
R+7_3_GGTAAAGAACGCGGTGGTAA	0	R+7_3	Astronaut 3	R+7	R	29.5326834130359
R+7_3_GGTAAAGAACGCGGTGTAAT	8	R+7_3	Astronaut 3	R+7	R	9.59573888839434
R+7_3_GGTAAAGAGTCAGTTGTCCG	0	R+7_3	Astronaut 3	R+7	R	39.3062377596236
R+7_3_GGTAAAGAGTCAGTTGTTAG	0	R+7_3	Astronaut 3	R+7	R	34.1775009634165
R+7_3_GGTAACTAACCAGCGGTCCG	0	R+7_3	Astronaut 3	R+7	R	38.8282342278136
R+7_3_GGTAACTTAAGAACCGGTCC	3	R+7_3	Astronaut 3	R+7	R	31.4526112434989
R+7_3_GGTAAGAGTCCCTCAGCAGG	1	R+7_3	Astronaut 3	R+7	R	10.2078508127064
R+7_3_GGTAATAGGAGAGCTGGCAG	2	R+7_3	Astronaut 3	R+7	R	37.075244494844
R+7_3_GGTAATGGACCTACGGGCAG	8	R+7_3	Astronaut 3	R+7	R	33.0592408633183
R+7_3_GGTAATTCATGTAGAGGTAA	3	R+7_3	Astronaut 3	R+7	R	10.4955432984769
R+7_3_GGTCCATGCGCCTCATAAGG	3	R+7_3	Astronaut 3	R+7	R	12.0833293082862
R+7_3_GGTCCATGCGGTATCGGCAG	3	R+7_3	Astronaut 3	R+7	R	33.2914923029002
R+7_3_GGTCCCAGCGGTAATGCGAA	0	R+7_3	Astronaut 3	R+7	R	34.8289333591131
R+7_3_GGTCCCAGTTGCAGGGCGAA	0	R+7_3	Astronaut 3	R+7	R	7.81137904439943
R+7_3_GGTCCCTGGAGCTTGGTCCG	0	R+7_3	Astronaut 3	R+7	R	8.08372441268771
R+7_3_GGTCCGCGAACTACGGCGAA	0	R+7_3	Astronaut 3	R+7	R	30.1064972021409
R+7_3_GTAATATCCTCCTAGGGTAA	0	R+7_3	Astronaut 3	R+7	R	33.4451895028105
R+7_3_GTAATGCGGTGGTAAGGTCC	4	R+7_3	Astronaut 3	R+7	R	36.0087551842582
R+7_3_GTAATGCTGCCAGAAGGTCC	0	R+7_3	Astronaut 3	R+7	R	12.9279305073767
R+7_3_GTAATTAGAGGCGGTGTATC	0	R+7_3	Astronaut 3	R+7	R	11.8088776823423
R+7_3_GTAGAAAGGTCGCAAGGCAG	0	R+7_3	Astronaut 3	R+7	R	39.306237981734
R+7_3_GTAGACTTAACCGCTGGCAG	0	R+7_3	Astronaut 3	R+7	R	30.1607086993619
R+7_3_GTAGACTTAAGCTGCGCAGG	7	R+7_3	Astronaut 3	R+7	R	33.4173169373566
R+7_3_GTAGAGCGAACTGGAGCGAA	0	R+7_3	Astronaut 3	R+7	R	38.0794557921665
R+7_3_GTAGAGTCCGGAGCTGTATC	0	R+7_3	Astronaut 3	R+7	R	37.0514849648756
R+7_3_GTAGATAGAGCTAACGGTAA	0	R+7_3	Astronaut 3	R+7	R	10.9669805527196
R+7_3_GTAGATATGCCAATCGGTAA	0	R+7_3	Astronaut 3	R+7	R	10.21315037761
R+7_3_GTAGATCGTAGAGCTGTAAT	8	R+7_3	Astronaut 3	R+7	R	10.314045570809
R+7_3_GTATCATTACCAGCGGCAGG	1	R+7_3	Astronaut 3	R+7	R	7.79439448850688
R+7_3_GTATCGAACCGCTCTGTTAG	0	R+7_3	Astronaut 3	R+7	R	11.8130394839734
R+7_3_GTATCGCCTTGTAGAGTCCG	1	R+7_3	Astronaut 3	R+7	R	35.4299222297634
R+7_3_GTATCTCAGTGGCGTGCTCT	0	R+7_3	Astronaut 3	R+7	R	12.715075122059
R+7_3_GTCCGACTCGCTGGAGCAGG	3	R+7_3	Astronaut 3	R+7	R	10.0158764938736
R+7_3_GTCCGACTCGGCTGCGGCAG	3	R+7_3	Astronaut 3	R+7	R	10.3140457929194
R+7_3_GTCCGGAGCTCAGTTGTTAG	1	R+7_3	Astronaut 3	R+7	R	9.52841396534504
R+7_3_GTCTAAAGGTGAGTCGGTAA	0	R+7_3	Astronaut 3	R+7	R	9.8137241312798
R+7_3_GTCTAATCCTATTGGTAAGG	0	R+7_3	Astronaut 3	R+7	R	31.9620241919358
R+7_3_GTCTAATCCTGCTCTGGCAG	0	R+7_3	Astronaut 3	R+7	R	39.1827749220993
R+7_3_GTCTACTAGTGCTGCGGCAG	0	R+7_3	Astronaut 3	R+7	R	9.50935978462559
R+7_3_GTCTAGTCCGCGCTCTAAGG	7	R+7_3	Astronaut 3	R+7	R	12.0696520279307
R+7_3_GTCTAGTCCGGGAGCGGTCC	0	R+7_3	Astronaut 3	R+7	R	9.44425686243475
R+7_3_GTTAGAAGCACCTCAGTAGA	0	R+7_3	Astronaut 3	R+7	R	36.8698394834957
R+7_3_GTTAGGCGGTATTGGGGTCC	1	R+7_3	Astronaut 3	R+7	R	39.3062382038444
R+7_3_GTTAGGTAATGTAGATAAGG	1	R+7_3	Astronaut 3	R+7	R	13.764903705154
R+7_3_GTTAGGTATCCGACCGTAAT	0	R+7_3	Astronaut 3	R+7	R	20.4120895671466
R+7_3_TAAGGCGATTGAGCTGCGAA	0	R+7_3	Astronaut 3	R+7	R	9.54700653823933
R+7_3_TAAGGGGTCCCTTAAGCAGG	2	R+7_3	Astronaut 3	R+7	R	31.9620244140462
R+7_3_TAAGGGTTAGCTACGGGTCC	1	R+7_3	Astronaut 3	R+7	R	9.57759347003112
R+7_3_TAAGGTATGCCCATAGTAAT	7	R+7_3	Astronaut 3	R+7	R	16.8460618756113
R+7_3_TAAGGTCGCGGAGTCGGTCC	1	R+7_3	Astronaut 3	R+7	R	8.07788986033229
R+7_3_TAAGGTTAGCGATGAGTTAG	0	R+7_3	Astronaut 3	R+7	R	16.0424171612877
R+7_3_TACGTAACTCCAACTGGTAA	0	R+7_3	Astronaut 3	R+7	R	39.3062384259547
R+7_3_TACGTACCAGCGCAAGCAGG	0	R+7_3	Astronaut 3	R+7	R	12.951389034419
R+7_3_TACGTCGCTCCGCAAGCAGG	1	R+7_3	Astronaut 3	R+7	R	36.28861856601
R+7_3_TACGTCTAACGAGCTGGTAA	0	R+7_3	Astronaut 3	R+7	R	34.7969131301034
R+7_3_TACGTGGAGCCGCCTGGCAG	1	R+7_3	Astronaut 3	R+7	R	11.8293396799871
R+7_3_TACGTTATCTGGCAGGGTCC	3	R+7_3	Astronaut 3	R+7	R	9.59712544672648
R+7_3_TAGAGCAGCGCGAAGGTCCG	3	R+7_3	Astronaut 3	R+7	R	9.804629573295
R+7_3_TAGAGCCGCTCGACCGTAAT	2	R+7_3	Astronaut 3	R+7	R	12.8294084781038
R+7_3_TAGAGCTGGACGGCAGGTAA	8	R+7_3	Astronaut 3	R+7	R	9.52915292214862
R+7_3_TAGAGGCGAAGACTGGGTCC	1	R+7_3	Astronaut 3	R+7	R	7.82038829522342
R+7_3_TAGAGGGAGCCGCAATAAGG	4	R+7_3	Astronaut 3	R+7	R	33.0592410854287
R+7_3_TAGAGGTAGAGATATGTAAT	6	R+7_3	Astronaut 3	R+7	R	10.2427742451018
R+7_3_TAGAGTCAGTCGCCTGTAAT	6	R+7_3	Astronaut 3	R+7	R	10.2078510348168
R+7_3_TAGAGTGAGAGCCTTGGCAG	1	R+7_3	Astronaut 3	R+7	R	12.0776295160971
R+7_3_TAGGACTCCACGAAGGGTCC	0	R+7_3	Astronaut 3	R+7	R	10.9893045820374
R+7_3_TAGGAGCAACCCATAGCGAA	0	R+7_3	Astronaut 3	R+7	R	10.2078512569272
R+7_3_TAGGAGTCCGCAATCGTAGA	9	R+7_3	Astronaut 3	R+7	R	33.9390191308652
R+7_3_TAGGATGAGAGATGAGCAGG	2	R+7_3	Astronaut 3	R+7	R	37.8221301119083
R+7_3_TATCTAGCGGGAACCGTAAT	7	R+7_3	Astronaut 3	R+7	R	12.0694981437551
R+7_3_TATCTGACTGCCATAGGTAA	0	R+7_3	Astronaut 3	R+7	R	30.0911648808301
R+7_3_TATCTGACTGGGTAAGGTAA	0	R+7_3	Astronaut 3	R+7	R	36.4923117681458
R+7_3_TATCTGTAGAGTAGAGCGAA	4	R+7_3	Astronaut 3	R+7	R	12.0833295303966
R+7_3_TATCTTGCTAGAACCGTCCG	3	R+7_3	Astronaut 3	R+7	R	10.2409114147064
R+7_3_TATCTTGGACCTACGGGTCC	0	R+7_3	Astronaut 3	R+7	R	39.3062386480651
R+7_3_TATGCCTAGTCGACCGTATC	0	R+7_3	Astronaut 3	R+7	R	11.0002872499251
R+7_3_TATGCGAGTCCTAGTGCTCT	1	R+7_3	Astronaut 3	R+7	R	31.7577711311843
R+7_3_TATGCGGTCCGCAACTAAGG	4	R+7_3	Astronaut 3	R+7	R	10.2078514790376
R+7_3_TATGCTTCGACTAGTTAAGG	1	R+7_3	Astronaut 3	R+7	R	35.6053241944712
R+7_3_TATTGACTCGGAGCTTAAGG	8	R+7_3	Astronaut 3	R+7	R	12.0566955776028
R+7_3_TATTGATGCGGGCAGGTAAT	2	R+7_3	Astronaut 3	R+7	R	16.8460620977216
R+7_3_TATTGTAGAGGGCGTGTTAG	3	R+7_3	Astronaut 3	R+7	R	16.3968847598014
R+7_3_TATTGTTCATGGCAGGTATC	6	R+7_3	Astronaut 3	R+7	R	13.3225637897176
R+7_3_TCAGTAAGCAGGTAATAAGG	8	R+7_3	Astronaut 3	R+7	R	13.9105118833909
R+7_3_TCAGTACTCGATTGGGCTCT	4	R+7_3	Astronaut 3	R+7	R	31.1466415107914
R+7_3_TCAGTCGGCAGGTAAGTCCG	6	R+7_3	Astronaut 3	R+7	R	12.816992523942
R+7_3_TCATCAGCGGGCAACGCTCT	0	R+7_3	Astronaut 3	R+7	R	12.0590134176695
R+7_3_TCATCATTGGGCCTTGGTAA	0	R+7_3	Astronaut 3	R+7	R	10.3140460150297
R+7_3_TCATCCGATTGCGAAGCTCT	3	R+7_3	Astronaut 3	R+7	R	3.73794226921759
R+7_3_TCATCCGATTGTATCGCTCT	2	R+7_3	Astronaut 3	R+7	R	35.4510843579592
R+7_3_TCATCGAGCTGTAGAGTATC	0	R+7_3	Astronaut 3	R+7	R	38.8020217467891
R+7_3_TCATCGTATCCGCTCGTATC	0	R+7_3	Astronaut 3	R+7	R	9.4842141319941
R+7_3_TCATCTATGCCTAACGGCAG	3	R+7_3	Astronaut 3	R+7	R	12.083329752507
R+7_3_TCATCTATTGCGACCGGTCC	4	R+7_3	Astronaut 3	R+7	R	10.207851701148
R+7_3_TCATCTCCGGGTAATGGTAA	6	R+7_3	Astronaut 3	R+7	R	13.4584399435183
R+7_3_TCCGGACTTCCAATCGTAAT	0	R+7_3	Astronaut 3	R+7	R	9.57820405973975
R+7_3_TCCGGCAGTTCTGGATAAGG	4	R+7_3	Astronaut 3	R+7	R	39.3062388701755
R+7_3_TCCGGCCTCACAGTTGGCAG	6	R+7_3	Astronaut 3	R+7	R	14.6719743503456
R+7_3_TCCGGCGAAGGAGTCGTAAT	3	R+7_3	Astronaut 3	R+7	R	38.5581890436486
R+7_3_TCCGGCTGGACGATTGGCAG	1	R+7_3	Astronaut 3	R+7	R	10.3706680945286
R+7_3_TCCGGGAACCGCTCTGTTAG	0	R+7_3	Astronaut 3	R+7	R	33.0592413075391
R+7_3_TCCGGGAGTCCAGCGGTAAT	2	R+7_3	Astronaut 3	R+7	R	10.3281457951283
R+7_3_TCCGGGGCAGCTGGAGCGAA	0	R+7_3	Astronaut 3	R+7	R	39.1591666461905
R+7_3_TCCGGTATTGCCATATAAGG	7	R+7_3	Astronaut 3	R+7	R	10.2078519232584
R+7_3_TCCGGTTCGAGTAATGGTCC	3	R+7_3	Astronaut 3	R+7	R	12.9722207996929
R+7_3_TCGCGCTACGCGCAAGGTCC	2	R+7_3	Astronaut 3	R+7	R	10.1903117088371
R+7_3_TCGCGTGGACGCTGCGTAGA	0	R+7_3	Astronaut 3	R+7	R	13.4215704340052
R+7_3_TCGTAAACGAGCGAATAAGG	0	R+7_3	Astronaut 3	R+7	R	28.9699422105119
R+7_3_TCGTAACGATCCTAGGTTAG	1	R+7_3	Astronaut 3	R+7	R	9.52915314425901
R+7_3_TCGTAACTAACTACGTAAGG	0	R+7_3	Astronaut 3	R+7	R	39.3062390922859
R+7_3_TCGTACAATCCTCCAGGTAA	6	R+7_3	Astronaut 3	R+7	R	12.0833299746174
R+7_3_TCGTACCGCTGCCTTGGTCC	0	R+7_3	Astronaut 3	R+7	R	8.15818026971417
R+7_3_TCGTAGCAACGGTCCGTAAT	7	R+7_3	Astronaut 3	R+7	R	13.3689826880987
R+7_3_TCGTAGTCCGGATATGCGAA	0	R+7_3	Astronaut 3	R+7	R	10.2216785409754
R+7_3_TCGTATATGCGAACCTAAGG	3	R+7_3	Astronaut 3	R+7	R	15.5834972194684
R+7_3_TCTACACTAACGGATGTCCG	2	R+7_3	Astronaut 3	R+7	R	37.7157916154346
R+7_3_TCTACCAGTTCGCCTTAAGG	0	R+7_3	Astronaut 3	R+7	R	10.3140462371401
R+7_3_TCTACGGAGCCGCCTGTTAG	0	R+7_3	Astronaut 3	R+7	R	25.8395721986034
R+7_3_TCTACGGCGTCTTAAGCTCT	1	R+7_3	Astronaut 3	R+7	R	36.4038480968004
R+7_3_TGAGACGATTCAGTTTAAGG	0	R+7_3	Astronaut 3	R+7	R	27.7156995388725
R+7_3_TGAGACGCTCGGTAATAAGG	4	R+7_3	Astronaut 3	R+7	R	10.3140464592505
R+7_3_TGAGATAAGGGATGAGTAGA	8	R+7_3	Astronaut 3	R+7	R	39.3062393143963
R+7_3_TGAGATGCGCCGGCAGGTAA	7	R+7_3	Astronaut 3	R+7	R	11.0081179162695
R+7_3_TGAGATTATGGTAGAGCAGG	3	R+7_3	Astronaut 3	R+7	R	38.558189265759
R+7_3_TGCGCAACCGGGCGTGCTCT	1	R+7_3	Astronaut 3	R+7	R	37.5322575844886
R+7_3_TGCGCAACTCATTCAGTCCG	3	R+7_3	Astronaut 3	R+7	R	35.4421143054781
R+7_3_TGCGCACCAGGCTTGGCTCT	7	R+7_3	Astronaut 3	R+7	R	32.5850764606742
R+7_3_TGCGCACTTCCAGTTGGTAA	0	R+7_3	Astronaut 3	R+7	R	10.3140466813609
R+7_3_TGCGCACTTCGGCGTGGTAA	0	R+7_3	Astronaut 3	R+7	R	9.51395525616999
R+7_3_TGCGCAGAGTCTGGAGCTCT	0	R+7_3	Astronaut 3	R+7	R	12.0833301967278
R+7_3_TGCGCCCGCTGGTCCGCTCT	0	R+7_3	Astronaut 3	R+7	R	37.9933406528605
R+7_3_TGCGCCGATTGGCGTGTAGA	0	R+7_3	Astronaut 3	R+7	R	39.3062395365067
R+7_3_TGCGCCGGCAGATATGCGAA	0	R+7_3	Astronaut 3	R+7	R	39.3062397586171
R+7_3_TGCGCGTATCCAGCGGCTCT	1	R+7_3	Astronaut 3	R+7	R	12.0833304188382
R+7_3_TGCGCGTATCGAGTCGCTCT	4	R+7_3	Astronaut 3	R+7	R	39.3062399807274
R+7_3_TGCGCGTATCGGCAGGCTCT	0	R+7_3	Astronaut 3	R+7	R	34.6073707987702
R+7_3_TGCGCTTCATCTACGGCGAA	1	R+7_3	Astronaut 3	R+7	R	34.1775011855269
R+7_3_TGCGCTTCGAGATGAGCTCT	0	R+7_3	Astronaut 3	R+7	R	34.3219865349429
R+7_3_TGCGCTTGAACGAAGGGTCC	2	R+7_3	Astronaut 3	R+7	R	8.13668620677491
R+7_3_TGCTACGCTCGTATCGTTAG	6	R+7_3	Astronaut 3	R+7	R	13.3708091755077
R+7_3_TGCTAGGAGCCAGTTGCAGG	2	R+7_3	Astronaut 3	R+7	R	11.7969651901556
R+7_3_TGCTAGTTAGCAATCGCTCT	2	R+7_3	Astronaut 3	R+7	R	14.6981441334115
R+7_3_TGGACAGCGGCGCCTGGCAG	2	R+7_3	Astronaut 3	R+7	R	34.1775014076373
R+7_3_TGGACATTGGCGTCGGTAGA	0	R+7_3	Astronaut 3	R+7	R	11.8872632245455
R+7_3_TGGACCGCCTGCTTGGTCCG	4	R+7_3	Astronaut 3	R+7	R	38.1439734060466
R+7_3_TGGACGAACCCGAAGTAAGG	5	R+7_3	Astronaut 3	R+7	R	39.3062402028378
R+7_3_TGGACTCGTAGGCAGGTAGA	0	R+7_3	Astronaut 3	R+7	R	39.3062404249482
R+7_3_TTAGCAACCGCCTAGGTAGA	0	R+7_3	Astronaut 3	R+7	R	36.5071060733255
R+7_3_TTAGCAAGCACAGCGGTAGA	2	R+7_3	Astronaut 3	R+7	R	39.3062406470586
R+7_3_TTAGCGGCAGCTAGTTAAGG	0	R+7_3	Astronaut 3	R+7	R	37.8291995316301
R+7_3_TTAGCTAGGAGGCAGGTCCG	0	R+7_3	Astronaut 3	R+7	R	11.8884547026164
R+7_3_TTAGCTATCTGATGAGCAGG	3	R+7_3	Astronaut 3	R+7	R	8.24400338147609
R+7_3_TTATGAACTCCGCAAGGTAA	0	R+7_3	Astronaut 3	R+7	R	34.3219867570533
R+7_3_TTATGAAGGTCAACTGTTAG	0	R+7_3	Astronaut 3	R+7	R	27.4846263895629
R+7_3_TTATGATGCGCTCCAGTAAT	2	R+7_3	Astronaut 3	R+7	R	11.0081181383799
R+7_3_TTATGCAGCGCTTAAGTAAT	5	R+7_3	Astronaut 3	R+7	R	17.3963256370672
R+7_3_TTATGGCAACCTTAAGTTAG	1	R+7_3	Astronaut 3	R+7	R	11.1058615924557
R+7_3_TTATGGCTCTCAACTGTAAT	0	R+7_3	Astronaut 3	R+7	R	9.36358490392529
R+7_3_TTATGGTAGACGGCATAAGG	0	R+7_3	Astronaut 3	R+7	R	8.09331080393608
R+7_3_TTATGTATGCCTAACTAAGG	0	R+7_3	Astronaut 3	R+7	R	10.2078521453688
R+7_3_TTATGTCAGTGGTCCGCTCT	1	R+7_3	Astronaut 3	R+7	R	10.8912183896182
R+7_3_TTATGTCGCGCCATAGTCCG	0	R+7_3	Astronaut 3	R+7	R	10.2796376445069
R+7_3_TTCATAGTTGGATATGTAAT	0	R+7_3	Astronaut 3	R+7	R	36.4038483189108
R+7_3_TTCATAGTTGGGCGTGTAAT	1	R+7_3	Astronaut 3	R+7	R	36.8698397056061
R+7_3_TTCATCCGCTGGTCCGTCCG	1	R+7_3	Astronaut 3	R+7	R	11.2950831943121
R+7_3_TTCATGCGGTGGAGCGTAAT	1	R+7_3	Astronaut 3	R+7	R	14.6552351902006
R+7_3_TTCATTCTACATTGGGTAGA	0	R+7_3	Astronaut 3	R+7	R	36.8698399277164
R+7_3_TTCATTCTACCTTAAGCAGG	7	R+7_3	Astronaut 3	R+7	R	19.4056567404748
R+7_3_TTCATTGCTACTAACGGCAG	2	R+7_3	Astronaut 3	R+7	R	34.5454630425603
R+7_3_TTCATTGGACCAGAAGCAGG	1	R+7_3	Astronaut 3	R+7	R	39.306240869169
R+7_3_TTCGAAGCGGGCAACGCTCT	1	R+7_3	Astronaut 3	R+7	R	12.736527090376
R+7_3_TTCGAAGGTCGACTGGTAGA	8	R+7_3	Astronaut 3	R+7	R	38.828234449924
R+7_3_TTCGAAGTTGGAGCTGGTCC	0	R+7_3	Astronaut 3	R+7	R	36.8698401498268
R+7_3_TTCGACAACTCGCAAGTCCG	0	R+7_3	Astronaut 3	R+7	R	34.1775016297477
R+7_3_TTCGAGCTGCGCTGCGGTAA	0	R+7_3	Astronaut 3	R+7	R	12.1792109090915
R+7_3_TTCGATCGCGGCCTTGTTAG	1	R+7_3	Astronaut 3	R+7	R	10.9889251883892
R+7_3_TTGAAAGAGTGGCAGGGTCC	0	R+7_3	Astronaut 3	R+7	R	34.1775018518581
R+7_3_TTGAAAGCGGCTCCAGCTCT	1	R+7_3	Astronaut 3	R+7	R	13.9689022649579
R+7_3_TTGAACTAGTGGTCCGCAGG	2	R+7_3	Astronaut 3	R+7	R	11.0081183604903
R+7_3_TTGAACTTAAGTAGAGTATC	4	R+7_3	Astronaut 3	R+7	R	10.2641147330385
