barcode	cluster	sample	astronaut	timepoint	stage	pseudotime
FD150_1_AACCGAGTTGCGGATGTCTA	4	FD150_1	Astronaut 1	FD150	FD	45.3071091411975
FD150_1_AACCGCTGGACCTCAGGAGC	1	FD150_1	Astronaut 1	FD150	FD	41.0902078197802
FD150_1_AACCGTCGTACGCCTGATAT	0	FD150_1	Astronaut 1	FD150	FD	48.3771341245493
FD150_1_AACGAAACGAGCAGGGGCGT	1	FD150_1	Astronaut 1	FD150	FD	38.5046363323028
FD150_1_AACGAAAGACGATATGATAT	1	FD150_1	Astronaut 1	FD150	FD	48.4069701598978
FD150_1_AACGACGGATCGGATGCTTG	1	FD150_1	Astronaut 1	FD150	FD	46.9486881868868
FD150_1_AACGAGTATCATTGGGCGGT	0	FD150_1	Astronaut 1	FD150	FD	46.9486882466602
FD150_1_AACGAGTCCGCGCCTGGAGC	0	FD150_1	Astronaut 1	FD150	FD	48.3746107940148
FD150_1_AACTCAGAACGGTAAGATGA	1	FD150_1	Astronaut 1	FD150	FD	48.1722763312509
FD150_1_AACTCAGAGTCTTAAGCAAC	0	FD150_1	Astronaut 1	FD150	FD	43.5385846215535
FD150_1_AACTCGTTAGCAATCGCAAC	1	FD150_1	Astronaut 1	FD150	FD	61.4709146964751
FD150_1_AAGACAACGACTCCAGCTGC	0	FD150_1	Astronaut 1	FD150	FD	52.5365828708151
FD150_1_AAGACAGTTGCTAGTGATGA	3	FD150_1	Astronaut 1	FD150	FD	53.3707684777708
FD150_1_AAGACGGAGCGGAGCGATGA	1	FD150_1	Astronaut 1	FD150	FD	48.1722763910243
FD150_1_AAGACGGTCCCAACTGTCTA	1	FD150_1	Astronaut 1	FD150	FD	48.4177396887991
FD150_1_AAGCAATTACCAATCGCGGT	4	FD150_1	Astronaut 1	FD150	FD	42.243050549278
FD150_1_AAGCAGGCAGCCTAGGATGA	1	FD150_1	Astronaut 1	FD150	FD	48.1722764507976
FD150_1_AAGCAGTAGACAACTGCTTG	1	FD150_1	Astronaut 1	FD150	FD	45.1500944557121
FD150_1_AAGGTCCTAGCGAAGGCAAC	0	FD150_1	Astronaut 1	FD150	FD	46.9486883064335
FD150_1_AAGGTGGTCCCGCCTGGCGT	0	FD150_1	Astronaut 1	FD150	FD	45.3071092009709
FD150_1_AAGGTTATCTCAGCGGCTGC	0	FD150_1	Astronaut 1	FD150	FD	50.743425144698
FD150_1_ACCAGATGCGGCTGCGGCGT	1	FD150_1	Astronaut 1	FD150	FD	57.4614410715504
FD150_1_ACCAGCGTCGGAGTCGCAAC	1	FD150_1	Astronaut 1	FD150	FD	47.8475705330656
FD150_1_ACCAGCTAGTGCAGGGGAGC	0	FD150_1	Astronaut 1	FD150	FD	48.4177397485725
FD150_1_ACCAGGGCGTGTATCGCCTT	0	FD150_1	Astronaut 1	FD150	FD	46.8705676681012
FD150_1_ACCAGGTAATGCGGTGGAGC	0	FD150_1	Astronaut 1	FD150	FD	44.0459266009574
FD150_1_ACCAGTATCTGAGCTGCTGC	1	FD150_1	Astronaut 1	FD150	FD	44.922463993777
FD150_1_ACCTACGCCTGCAACGCAAC	1	FD150_1	Astronaut 1	FD150	FD	47.1123179993817
FD150_1_ACCTAGATGACAGTTGTAAT	2	FD150_1	Astronaut 1	FD150	FD	54.657504838179
FD150_1_ACCTAGTCTACGTCGGTCTA	0	FD150_1	Astronaut 1	FD150	FD	42.2839155179134
FD150_1_ACCTATTATGATTGGGATGA	5	FD150_1	Astronaut 1	FD150	FD	18.9950294741612
FD150_1_ACGATAACGACGTCGGCAAC	1	FD150_1	Astronaut 1	FD150	FD	46.9486883662068
FD150_1_ACGATCGAAGGCAGGGATAT	0	FD150_1	Astronaut 1	FD150	FD	27.733987917585
FD150_1_ACGATTATGCGTAGAGCAAC	4	FD150_1	Astronaut 1	FD150	FD	42.220020097857
FD150_1_ACGATTTCGACAGCGGTAAT	0	FD150_1	Astronaut 1	FD150	FD	33.1823496996975
FD150_1_ACTAACGACCCGCAAGGAGC	0	FD150_1	Astronaut 1	FD150	FD	45.3071092607442
FD150_1_ACTAAGCAACGATGAGCGGT	3	FD150_1	Astronaut 1	FD150	FD	48.3768576798365
FD150_1_ACTAAGCTCTGATGAGATGA	1	FD150_1	Astronaut 1	FD150	FD	36.7214902376769
FD150_1_ACTAAGTTAGCAGTTGCCTT	3	FD150_1	Astronaut 1	FD150	FD	44.9391882191906
FD150_1_ACTCGATTCAGTATCGCCTT	0	FD150_1	Astronaut 1	FD150	FD	38.4992296008288
FD150_1_ACTCGCTACGCCTCAGCAAC	1	FD150_1	Astronaut 1	FD150	FD	50.6781520880724
FD150_1_ACTCGGTTAGATTGGGATGA	0	FD150_1	Astronaut 1	FD150	FD	54.743900686693
FD150_1_ACTTCCAGCGGGCGTGGAGC	4	FD150_1	Astronaut 1	FD150	FD	43.5170924542343
FD150_1_ACTTCGAACCGTAATGCAAC	5	FD150_1	Astronaut 1	FD150	FD	24.9006907242752
FD150_1_ACTTCGCAACCTAACGATGA	0	FD150_1	Astronaut 1	FD150	FD	45.3071093205175
FD150_1_ACTTCTTGAACAGTTGGCGT	0	FD150_1	Astronaut 1	FD150	FD	44.939188278964
FD150_1_AGAACACCAGGAACCGCAAC	5	FD150_1	Astronaut 1	FD150	FD	47.7308485991922
FD150_1_AGAACCTGGACGCCTGCAAC	0	FD150_1	Astronaut 1	FD150	FD	48.1722765105709
FD150_1_AGAACGAGCTCGAAGGATAT	4	FD150_1	Astronaut 1	FD150	FD	51.2352237144547
FD150_1_AGAACGTCCGCGAAGGCGGT	3	FD150_1	Astronaut 1	FD150	FD	45.3071093802909
FD150_1_AGAGTAACTCGAGCTGTAAT	0	FD150_1	Astronaut 1	FD150	FD	49.4725585227487
FD150_1_AGAGTACTAACGACCGATGA	2	FD150_1	Astronaut 1	FD150	FD	51.3345507268716
FD150_1_AGAGTGTCCGCAATCGTAAT	0	FD150_1	Astronaut 1	FD150	FD	46.9486884259802
FD150_1_AGAGTTCGCGCAGCGGATAT	0	FD150_1	Astronaut 1	FD150	FD	30.3970509141424
FD150_1_AGCGGAGTTGGCTGCGGCGT	0	FD150_1	Astronaut 1	FD150	FD	44.0135307840129
FD150_1_AGCGGATCCTGGAGCGGCGT	1	FD150_1	Astronaut 1	FD150	FD	45.3071094400642
FD150_1_AGCGGGTCTACGCAAGCTTG	1	FD150_1	Astronaut 1	FD150	FD	36.5801544115321
FD150_1_AGCGGTAAGGCTAGTGTAAT	2	FD150_1	Astronaut 1	FD150	FD	45.3053617053923
FD150_1_AGCGGTCCGGCTACGGCAAC	1	FD150_1	Astronaut 1	FD150	FD	44.8639958336902
FD150_1_AGCGGTCGTAATTGGGATAT	4	FD150_1	Astronaut 1	FD150	FD	44.0840756143923
FD150_1_AGCGGTCGTAATTGGGGTCC	0	FD150_1	Astronaut 1	FD150	FD	38.3444778615329
FD150_1_AGGCTCGGATCCTCAGATAT	0	FD150_1	Astronaut 1	FD150	FD	48.1722765703443
FD150_1_AGGCTTAGGACTGGAGATGA	1	FD150_1	Astronaut 1	FD150	FD	48.4548200938251
FD150_1_AGGCTTGAGAGTATCGTCTA	2	FD150_1	Astronaut 1	FD150	FD	44.0305381187762
FD150_1_AGGTCACTTCGCGAAGGTCC	0	FD150_1	Astronaut 1	FD150	FD	47.4470783563966
FD150_1_AGTTGAAGCAGCTCTGGAGC	0	FD150_1	Astronaut 1	FD150	FD	46.4825664712356
FD150_1_AGTTGCGCCTGCGGTGATAT	6	FD150_1	Astronaut 1	FD150	FD	48.3296774626588
FD150_1_AGTTGCTCCACTGGAGGCGT	3	FD150_1	Astronaut 1	FD150	FD	46.9486884857535
FD150_1_AGTTGGATGACTTAAGGAGC	0	FD150_1	Astronaut 1	FD150	FD	48.4548201535984
FD150_1_AGTTGGCCTTCTAACGGAGC	0	FD150_1	Astronaut 1	FD150	FD	45.2658839604655
FD150_1_AGTTGTAGGAGGCGTGCCTT	0	FD150_1	Astronaut 1	FD150	FD	44.9391883387373
FD150_1_AGTTGTTATGCAGAAGTAAT	0	FD150_1	Astronaut 1	FD150	FD	45.3071094998376
FD150_1_ATCCTAACTCGTATCGCTGC	0	FD150_1	Astronaut 1	FD150	FD	49.1683368802718
FD150_1_ATCCTACGATGCAACGGCGT	3	FD150_1	Astronaut 1	FD150	FD	52.0580858046451
FD150_1_ATCCTCGACCGGTAAGATAT	3	FD150_1	Astronaut 1	FD150	FD	46.9486885455268
FD150_1_ATCCTTTCGAGCTCTGTAAT	1	FD150_1	Astronaut 1	FD150	FD	46.9486886053002
FD150_1_ATCTGTAAGGCCTCAGATGA	0	FD150_1	Astronaut 1	FD150	FD	48.4026930117358
FD150_1_ATGCGCCATACTTAAGTAAT	0	FD150_1	Astronaut 1	FD150	FD	33.1926164272185
FD150_1_ATGCGCGATTCGATTGATGA	0	FD150_1	Astronaut 1	FD150	FD	46.8705677278745
FD150_1_ATGCGGGTAACGTCGGGCGT	0	FD150_1	Astronaut 1	FD150	FD	45.3071095596109
FD150_1_ATGGCAGTTGGGTCCGCTTG	0	FD150_1	Astronaut 1	FD150	FD	47.3419413385514
FD150_1_ATGGCCGCTCGGTAAGGCGT	3	FD150_1	Astronaut 1	FD150	FD	37.6869369402483
FD150_1_ATGGCGCGGTCCTCAGCAAC	0	FD150_1	Astronaut 1	FD150	FD	52.1215609681819
FD150_1_ATGGCGCTTGCAACTGATGA	0	FD150_1	Astronaut 1	FD150	FD	46.8705677876478
FD150_1_ATTACAAGACATTCAGCTGC	0	FD150_1	Astronaut 1	FD150	FD	40.6327141964646
FD150_1_ATTACCAGCGGCCTTGATAT	5	FD150_1	Astronaut 1	FD150	FD	53.6752745691692
FD150_1_ATTACCGGCACGTCGGGAGC	1	FD150_1	Astronaut 1	FD150	FD	48.3246087575205
FD150_1_ATTACGGTAAGGTCCGATAT	1	FD150_1	Astronaut 1	FD150	FD	48.1722766301176
FD150_1_ATTCAATCCTGGTAAGGCGT	3	FD150_1	Astronaut 1	FD150	FD	49.1159272035027
FD150_1_ATTCACGCTCCCTAGGTAAT	0	FD150_1	Astronaut 1	FD150	FD	54.5570485172589
FD150_1_ATTCATTAGCCGTCGGGAGC	1	FD150_1	Astronaut 1	FD150	FD	46.9486886650735
FD150_1_ATTGGAACGACAACTGCAAC	1	FD150_1	Astronaut 1	FD150	FD	41.6038516866243
FD150_1_ATTGGCGCAACCATAGCTGC	0	FD150_1	Astronaut 1	FD150	FD	44.0824037350531
FD150_1_ATTGGGCGGTGGCAGGCTTG	1	FD150_1	Astronaut 1	FD150	FD	47.6498709871911
FD150_1_ATTGGGTAGAGGTCCGATGA	1	FD150_1	Astronaut 1	FD150	FD	46.9486887248468
FD150_1_ATTGGTATTGCCATAGCCTT	0	FD150_1	Astronaut 1	FD150	FD	54.6332721062226
FD150_1_CAACTACTAAGCTTGGGCGT	0	FD150_1	Astronaut 1	FD150	FD	48.1636475134582
FD150_1_CAACTCCTAGCGCCTGCTGC	0	FD150_1	Astronaut 1	FD150	FD	44.1448635937151
FD150_1_CAACTCTGGAGGCAGGCTGC	0	FD150_1	Astronaut 1	FD150	FD	44.9683592499305
FD150_1_CAACTCTTAAATTCAGCTGC	7	FD150_1	Astronaut 1	FD150	FD	44.0968614900045
FD150_1_CAACTTAAGGGGCGTGATAT	0	FD150_1	Astronaut 1	FD150	FD	46.9486887846202
FD150_1_CAACTTCCGGCCTAGGCCTT	2	FD150_1	Astronaut 1	FD150	FD	50.2098865246018
FD150_1_CAACTTTGAAGCGGTGCGGT	0	FD150_1	Astronaut 1	FD150	FD	44.0135308437862
FD150_1_CAATCAAGACGCTCTGGCGT	0	FD150_1	Astronaut 1	FD150	FD	44.0135309035595
FD150_1_CAATCCAGCGGCAGGGCTTG	2	FD150_1	Astronaut 1	FD150	FD	48.1722766898909
FD150_1_CAATCCGGATGCTGCGGAGC	3	FD150_1	Astronaut 1	FD150	FD	44.8639958934635
FD150_1_CAATCGAGCTCCGCTGCCTT	0	FD150_1	Astronaut 1	FD150	FD	46.8705678474212
FD150_1_CAATCGTTAGCAATCGGCGT	1	FD150_1	Astronaut 1	FD150	FD	48.1736423115664
FD150_1_CAGAACCGCTGTAATGGCGT	2	FD150_1	Astronaut 1	FD150	FD	53.6735405992756
FD150_1_CAGAACGCAAATTGGGGCGT	0	FD150_1	Astronaut 1	FD150	FD	45.2857538838547
FD150_1_CAGAACTAACCGCTCGGCGT	0	FD150_1	Astronaut 1	FD150	FD	45.3071096193842
FD150_1_CAGAACTCCAGATGAGTAAT	0	FD150_1	Astronaut 1	FD150	FD	53.3109778020086
FD150_1_CAGCGTAGGACAGCGGATAT	4	FD150_1	Astronaut 1	FD150	FD	40.6939501463548
FD150_1_CAGCGTTCGAGGTCCGTCTA	0	FD150_1	Astronaut 1	FD150	FD	46.89419846758
FD150_1_CAGTTAGTTGCAACTGGCGT	1	FD150_1	Astronaut 1	FD150	FD	48.1722767496643
FD150_1_CAGTTAGTTGGCAACGCCTT	2	FD150_1	Astronaut 1	FD150	FD	30.3970509739157
FD150_1_CAGTTATTGGCGAAGGCTTG	1	FD150_1	Astronaut 1	FD150	FD	47.8459557224448
FD150_1_CAGTTCAGTTCCGCTGCAAC	0	FD150_1	Astronaut 1	FD150	FD	48.1722768094376
FD150_1_CAGTTGATGACAGAAGATGA	2	FD150_1	Astronaut 1	FD150	FD	48.3203873822584
FD150_1_CAGTTGTAGACCGCTGCAAC	0	FD150_1	Astronaut 1	FD150	FD	44.0135309633329
FD150_1_CAGTTTAGGAGCTCTGCCTT	0	FD150_1	Astronaut 1	FD150	FD	52.2096624802544
FD150_1_CCATACCTCACCATAGCAAC	0	FD150_1	Astronaut 1	FD150	FD	51.0476020026619
FD150_1_CCATAGTCTACGGATGATAT	5	FD150_1	Astronaut 1	FD150	FD	48.7270961751151
FD150_1_CCATATCGTAGGTAAGCCTT	0	FD150_1	Astronaut 1	FD150	FD	45.3071096791576
FD150_1_CCATATTAGCCAGTTGATGA	0	FD150_1	Astronaut 1	FD150	FD	52.5258976353443
FD150_1_CCGCTGCTTGATTCAGGCGT	0	FD150_1	Astronaut 1	FD150	FD	56.8046011936596
FD150_1_CCTAGATGCGCCTCAGCTGC	0	FD150_1	Astronaut 1	FD150	FD	45.1606815174407
FD150_1_CCTAGCCTCACGCTCGCAAC	7	FD150_1	Astronaut 1	FD150	FD	50.6746262962334
FD150_1_CCTAGCGATTGCCTTGATGA	0	FD150_1	Astronaut 1	FD150	FD	38.5046363920762
FD150_1_CCTAGCTGGAGCTTGGATGA	0	FD150_1	Astronaut 1	FD150	FD	48.435983132763
FD150_1_CCTAGTATGCCTAACGCGGT	0	FD150_1	Astronaut 1	FD150	FD	45.3071097389309
FD150_1_CCTAGTCTACCAGAAGGCGT	0	FD150_1	Astronaut 1	FD150	FD	48.4177398083458
FD150_1_CCTCAACGATCGGCAGCAAC	0	FD150_1	Astronaut 1	FD150	FD	40.5806324648315
FD150_1_CCTCAGCGGTGGAGCGGAGC	0	FD150_1	Astronaut 1	FD150	FD	41.1032829151733
FD150_1_CCTCAGGCAGCAGTTGCTGC	0	FD150_1	Astronaut 1	FD150	FD	38.5046364518495
FD150_1_CCTCAGTAATGGTCCGCTTG	0	FD150_1	Astronaut 1	FD150	FD	51.9281087670986
FD150_1_CCTCATATTGGGTCCGTCTA	0	FD150_1	Astronaut 1	FD150	FD	44.8824510392846
FD150_1_CGAAGAAGACCCTCAGCCTT	0	FD150_1	Astronaut 1	FD150	FD	47.8559154293236
FD150_1_CGAAGCCGCTCCTCAGATGA	0	FD150_1	Astronaut 1	FD150	FD	51.9743334080135
FD150_1_CGACCCCATACTAGTGCAAC	0	FD150_1	Astronaut 1	FD150	FD	53.7332825468891
FD150_1_CGACCGGTCCATTGGGTAAT	1	FD150_1	Astronaut 1	FD150	FD	46.1782574791623
FD150_1_CGACCGTAATCGGCAGCCTT	0	FD150_1	Astronaut 1	FD150	FD	45.3071097987042
FD150_1_CGACCTTGAAGAGTCGGAGC	0	FD150_1	Astronaut 1	FD150	FD	46.9486888443935
FD150_1_CGATTAAGACCAGCGGCGGT	2	FD150_1	Astronaut 1	FD150	FD	44.9171460711791
FD150_1_CGATTGCTCTGGCGTGTCTA	0	FD150_1	Astronaut 1	FD150	FD	46.9486889041669
FD150_1_CGCAAAAGGTGGCGTGATAT	2	FD150_1	Astronaut 1	FD150	FD	46.1991974021645
FD150_1_CGCAAACTTCCTGGAGGCGT	0	FD150_1	Astronaut 1	FD150	FD	39.0758018726321
FD150_1_CGCAAAGAACCAGAAGTAAT	0	FD150_1	Astronaut 1	FD150	FD	46.1991974619378
FD150_1_CGCAAAGAGTGCAACGGAGC	4	FD150_1	Astronaut 1	FD150	FD	53.7332826066624
FD150_1_CGCAAATTACGGTCCGGAGC	0	FD150_1	Astronaut 1	FD150	FD	44.0287907392157
FD150_1_CGCCTACCAGATTCAGGCGT	1	FD150_1	Astronaut 1	FD150	FD	51.0476020624353
FD150_1_CGCCTAGGTCGGTAAGCTGC	0	FD150_1	Astronaut 1	FD150	FD	33.1926164869919
FD150_1_CGCCTCTTAAATTGGGCCTT	2	FD150_1	Astronaut 1	FD150	FD	42.2790482072776
FD150_1_CGCCTTAAGGCAGCGGATGA	1	FD150_1	Astronaut 1	FD150	FD	48.1722768692109
FD150_1_CGCCTTAGGAGGTCCGATAT	0	FD150_1	Astronaut 1	FD150	FD	51.0476021222086
FD150_1_CGCCTTTATGGGCAGGCAAC	0	FD150_1	Astronaut 1	FD150	FD	47.8557311912026
FD150_1_CGCTCATCTGCAGAAGCCTT	0	FD150_1	Astronaut 1	FD150	FD	45.3071098584776
FD150_1_CGCTCCTAACGCCTTGCCTT	0	FD150_1	Astronaut 1	FD150	FD	44.8586525958953
FD150_1_CGCTCTTAGCGAGTCGCAAC	3	FD150_1	Astronaut 1	FD150	FD	58.1941392979925
FD150_1_CGGATGTCTAGATGAGGCGT	1	FD150_1	Astronaut 1	FD150	FD	48.1722769289843
FD150_1_CGGATGTCTAGGCGTGTCTA	0	FD150_1	Astronaut 1	FD150	FD	31.5404324751215
FD150_1_CGGATTAGAGCAATCGCTTG	0	FD150_1	Astronaut 1	FD150	FD	57.9017822614114
FD150_1_CGGATTATCTGCTTGGCAAC	2	FD150_1	Astronaut 1	FD150	FD	38.5046365116228
FD150_1_CGGATTCAGTCTACGGATGA	1	FD150_1	Astronaut 1	FD150	FD	48.4065248650591
FD150_1_CGGATTTAGCCGCCTGTCTA	0	FD150_1	Astronaut 1	FD150	FD	38.5046365713962
FD150_1_CGGCAAAGACGCTTGGATGA	0	FD150_1	Astronaut 1	FD150	FD	48.4177398681191
FD150_1_CGGCAGAGCTGGCGTGCTTG	0	FD150_1	Astronaut 1	FD150	FD	30.3606115046309
FD150_1_CGGCAGATGAGCGAAGTAAT	0	FD150_1	Astronaut 1	FD150	FD	48.4177399278925
FD150_1_CGGCAGTTAGGAACCGGAGC	0	FD150_1	Astronaut 1	FD150	FD	42.2790482670509
FD150_1_CGTCGATCCTGTATCGGCGT	0	FD150_1	Astronaut 1	FD150	FD	45.5020211481991
FD150_1_CGTCGATTACATTGGGCGGT	0	FD150_1	Astronaut 1	FD150	FD	45.3071099182509
FD150_1_CGTCGGGTAACGTCGGCTTG	1	FD150_1	Astronaut 1	FD150	FD	48.4177399876658
FD150_1_CTAACAGCGGGATATGATGA	3	FD150_1	Astronaut 1	FD150	FD	46.7019458069485
FD150_1_CTAACAGGTCGAGTCGCAAC	0	FD150_1	Astronaut 1	FD150	FD	41.0918804452706
FD150_1_CTAACCGATTCCGCTGATGA	1	FD150_1	Astronaut 1	FD150	FD	48.3083821336092
FD150_1_CTACGAAGGTCGTCGGCAAC	2	FD150_1	Astronaut 1	FD150	FD	42.7347811326795
FD150_1_CTACGAAGGTGCGAAGCTGC	4	FD150_1	Astronaut 1	FD150	FD	31.5404325348948
FD150_1_CTACGGGTAAGATGAGCCTT	0	FD150_1	Astronaut 1	FD150	FD	48.1636475732315
FD150_1_CTACGTTCATCCTCAGGTCC	3	FD150_1	Astronaut 1	FD150	FD	46.5354083834557
FD150_1_CTAGTACCTACGGATGCTTG	1	FD150_1	Astronaut 1	FD150	FD	46.9486889639402
FD150_1_CTAGTTGAGAGGCGTGCAAC	2	FD150_1	Astronaut 1	FD150	FD	55.650496038068
FD150_1_CTCCAACTAACGCAAGCAAC	0	FD150_1	Astronaut 1	FD150	FD	53.3376295479579
FD150_1_CTCCAACTTCGATATGCAAC	0	FD150_1	Astronaut 1	FD150	FD	44.0135310231062
FD150_1_CTCCAGCTGCCTGGAGGCGT	0	FD150_1	Astronaut 1	FD150	FD	46.9486890237135
FD150_1_CTGGACGAAGCCATAGATAT	1	FD150_1	Astronaut 1	FD150	FD	48.4177400474391
FD150_1_CTGGAGTCCGATTGGGGTCC	0	FD150_1	Astronaut 1	FD150	FD	45.3071099780242
FD150_1_CTGGATTGAACAGCGGATGA	0	FD150_1	Astronaut 1	FD150	FD	30.397051033689
FD150_1_CTTAAAGAACCTAACGGCGT	0	FD150_1	Astronaut 1	FD150	FD	36.5801544713055
FD150_1_CTTAAATCCTGCAGGGTAAT	0	FD150_1	Astronaut 1	FD150	FD	46.8705679071945
FD150_1_CTTAACAACTGCCTTGTCTA	4	FD150_1	Astronaut 1	FD150	FD	39.5295815216059
FD150_1_CTTAAGGTAACGGCAGATGA	1	FD150_1	Astronaut 1	FD150	FD	44.1012482001709
FD150_1_CTTAATAAGGGTAGAGCCTT	2	FD150_1	Astronaut 1	FD150	FD	38.5046366311695
FD150_1_CTTAATGGACGTAATGCCTT	0	FD150_1	Astronaut 1	FD150	FD	45.3071100377976
FD150_1_GAACCCGATTGGCAGGGCGT	0	FD150_1	Astronaut 1	FD150	FD	48.4177401072125
FD150_1_GAACCCGGCAGCCTTGCGGT	4	FD150_1	Astronaut 1	FD150	FD	46.1991975217112
FD150_1_GAACCCGGCAGCCTTGTAAT	0	FD150_1	Astronaut 1	FD150	FD	46.9471339391007
FD150_1_GAACCCTCCACAGCGGCTGC	0	FD150_1	Astronaut 1	FD150	FD	48.4177401669858
FD150_1_GAACCTTCGAGTAGAGCAAC	1	FD150_1	Astronaut 1	FD150	FD	45.3071100975709
FD150_1_GACTGACCAGCGACCGCTGC	0	FD150_1	Astronaut 1	FD150	FD	53.2180593430063
FD150_1_GACTGATCCTCGACCGCGGT	5	FD150_1	Astronaut 1	FD150	FD	44.8639959532369
FD150_1_GACTGATTACGGTAAGGCGT	0	FD150_1	Astronaut 1	FD150	FD	30.3970510934624
FD150_1_GACTGCCTCACCATAGATGA	1	FD150_1	Astronaut 1	FD150	FD	42.0166321324977
FD150_1_GACTGGAGTCCGCTCGGAGC	0	FD150_1	Astronaut 1	FD150	FD	43.2617161820411
FD150_1_GACTGGCAGGGCTTGGGAGC	0	FD150_1	Astronaut 1	FD150	FD	41.8463515422632
FD150_1_GACTGTCGTAGGCAGGGCGT	3	FD150_1	Astronaut 1	FD150	FD	48.3291500119547
FD150_1_GAGCTACGATCGGATGCGGT	2	FD150_1	Astronaut 1	FD150	FD	52.9917204775392
FD150_1_GAGCTAGAGTGATGAGTAAT	0	FD150_1	Astronaut 1	FD150	FD	47.8513241808564
FD150_1_GAGCTCAACTGCTGCGCCTT	0	FD150_1	Astronaut 1	FD150	FD	37.792036035856
FD150_1_GAGCTGAACCCGGATGATAT	0	FD150_1	Astronaut 1	FD150	FD	58.7870429973668
FD150_1_GAGCTTAGGACAGTTGCGGT	0	FD150_1	Astronaut 1	FD150	FD	44.1448636534885
FD150_1_GAGCTTCGTACCATAGCTTG	0	FD150_1	Astronaut 1	FD150	FD	48.387069681899
FD150_1_GAGTCAAGACGTAGAGATAT	4	FD150_1	Astronaut 1	FD150	FD	42.2839155776867
FD150_1_GAGTCAAGCAGCAACGCTGC	3	FD150_1	Astronaut 1	FD150	FD	44.8639960130102
FD150_1_GAGTCAAGGTCAATCGCGGT	4	FD150_1	Astronaut 1	FD150	FD	48.1636476330048
FD150_1_GAGTCATCCTCTACGGTAAT	3	FD150_1	Astronaut 1	FD150	FD	48.2579905957507
FD150_1_GAGTCCGTCGCCTCAGCTTG	1	FD150_1	Astronaut 1	FD150	FD	51.1868513318401
FD150_1_GATATAAGCAATTGGGGCGT	1	FD150_1	Astronaut 1	FD150	FD	48.1722769887576
FD150_1_GATATAGAGTGCCTTGTAAT	0	FD150_1	Astronaut 1	FD150	FD	45.3071101573442
FD150_1_GATATAGTTGGATATGCGGT	1	FD150_1	Astronaut 1	FD150	FD	45.3071102171176
FD150_1_GATATAGTTGGCCTTGCTTG	0	FD150_1	Astronaut 1	FD150	FD	45.3071102768909
FD150_1_GATATATCTGGGCGTGATGA	2	FD150_1	Astronaut 1	FD150	FD	33.1907234138216
FD150_1_GATATTACGTCAATCGCTTG	4	FD150_1	Astronaut 1	FD150	FD	37.648833585286
FD150_1_GATATTAGGACCATAGCTTG	0	FD150_1	Astronaut 1	FD150	FD	44.101266814282
FD150_1_GATATTCCGGCAGAAGATGA	0	FD150_1	Astronaut 1	FD150	FD	44.1448637132618
FD150_1_GATATTCCGGGCTGCGCAAC	1	FD150_1	Astronaut 1	FD150	FD	48.4177402267592
FD150_1_GATATTTGAAGCTGCGATGA	3	FD150_1	Astronaut 1	FD150	FD	45.3071103366642
FD150_1_GATGAAGGTCCGTCGGATAT	1	FD150_1	Astronaut 1	FD150	FD	46.8705679669678
FD150_1_GATGAATCCTCAATCGATGA	0	FD150_1	Astronaut 1	FD150	FD	33.1842711134458
FD150_1_GATGACAGCGCGAAGGCGGT	0	FD150_1	Astronaut 1	FD150	FD	48.2568805879728
FD150_1_GATGAGATGAGAACCGATAT	4	FD150_1	Astronaut 1	FD150	FD	44.0568788155121
FD150_1_GATGAGGAGCGAACCGCCTT	3	FD150_1	Astronaut 1	FD150	FD	33.1926165467652
FD150_1_GATGAGGCGTCAATCGATAT	3	FD150_1	Astronaut 1	FD150	FD	51.0476021819819
FD150_1_GATGAGTTAGATTCAGCTTG	1	FD150_1	Astronaut 1	FD150	FD	48.172277048531
FD150_1_GCAACACCTAGCTCTGGCGT	0	FD150_1	Astronaut 1	FD150	FD	31.9609460335182
FD150_1_GCAACATTGGCGCCTGGAGC	3	FD150_1	Astronaut 1	FD150	FD	44.0912038006635
FD150_1_GCAACCCTCAGCTGCGATGA	0	FD150_1	Astronaut 1	FD150	FD	47.2416046134855
FD150_1_GCAACCGCAAGCGGTGCTGC	0	FD150_1	Astronaut 1	FD150	FD	44.9391883985106
FD150_1_GCAACCTGGACGCCTGCGGT	1	FD150_1	Astronaut 1	FD150	FD	53.7332826664357
FD150_1_GCAACTGCGCCCATAGTCTA	0	FD150_1	Astronaut 1	FD150	FD	48.4177402865325
FD150_1_GCAGGACTCGCGCAAGTCTA	0	FD150_1	Astronaut 1	FD150	FD	44.9632036715048
FD150_1_GCAGGCAGCGCAACTGCGGT	0	FD150_1	Astronaut 1	FD150	FD	48.2791061786285
FD150_1_GCAGGCAGCGCTAACGATGA	1	FD150_1	Astronaut 1	FD150	FD	46.9486890834869
FD150_1_GCAGGCGATTCAGCGGCTTG	3	FD150_1	Astronaut 1	FD150	FD	52.3812495825427
FD150_1_GCAGGTCGCGCGCTCGTAAT	0	FD150_1	Astronaut 1	FD150	FD	44.0671469635551
FD150_1_GCCTTCGATTCGATTGCGGT	4	FD150_1	Astronaut 1	FD150	FD	42.0521931121399
FD150_1_GCCTTTGAGACCTAGGCAAC	1	FD150_1	Astronaut 1	FD150	FD	48.4548202133718
FD150_1_GCCTTTTAGCGCGAAGCTTG	0	FD150_1	Astronaut 1	FD150	FD	41.6038517463976
FD150_1_GCGAAAAGGTCGTCGGCTGC	0	FD150_1	Astronaut 1	FD150	FD	48.3477339036891
FD150_1_GCGAAACTAAGCTCTGATGA	3	FD150_1	Astronaut 1	FD150	FD	44.1448637730351
FD150_1_GCGAAATTACGGCGTGCAAC	1	FD150_1	Astronaut 1	FD150	FD	21.6974115177716
FD150_1_GCGAACCTAGGCGAAGCAAC	0	FD150_1	Astronaut 1	FD150	FD	46.9486891432602
FD150_1_GCGAACGACCGCTCTGCTTG	5	FD150_1	Astronaut 1	FD150	FD	51.2640262695466
FD150_1_GCGAACGCTCCTAACGGCGT	0	FD150_1	Astronaut 1	FD150	FD	46.9252948155189
FD150_1_GCGAACGGCAATTCAGGAGC	0	FD150_1	Astronaut 1	FD150	FD	46.9486892030335
FD150_1_GCGAATATGCCGGCAGTAAT	1	FD150_1	Astronaut 1	FD150	FD	48.4548202731451
FD150_1_GCGGTACGATCGGCAGATAT	0	FD150_1	Astronaut 1	FD150	FD	46.9486892628069
FD150_1_GCGGTGCCTTCAGTTGCAAC	0	FD150_1	Astronaut 1	FD150	FD	42.7460656237682
FD150_1_GCGGTTGCTAGGCGTGTCTA	3	FD150_1	Astronaut 1	FD150	FD	52.8910472469591
FD150_1_GCTCTAAGGTCCTCAGTCTA	4	FD150_1	Astronaut 1	FD150	FD	44.9697997024929
FD150_1_GCTCTCTTAAGCTGCGCAAC	0	FD150_1	Astronaut 1	FD150	FD	41.0956624013021
FD150_1_GCTCTGAACCCTTAAGCGGT	0	FD150_1	Astronaut 1	FD150	FD	41.1037731115296
FD150_1_GCTCTGCGGTGCTCTGATGA	1	FD150_1	Astronaut 1	FD150	FD	54.9746599473673
FD150_1_GCTGCATTACCGTCGGATAT	0	FD150_1	Astronaut 1	FD150	FD	47.8591932793177
FD150_1_GCTGCGACTGCTTAAGTAAT	0	FD150_1	Astronaut 1	FD150	FD	48.3845433539319
FD150_1_GCTGCTCATCCTACGGGAGC	0	FD150_1	Astronaut 1	FD150	FD	54.6660053934551
FD150_1_GCTTGACCAGCAATCGATAT	0	FD150_1	Astronaut 1	FD150	FD	44.939188458284
FD150_1_GCTTGCGAAGGCCTTGCCTT	0	FD150_1	Astronaut 1	FD150	FD	42.2743456455079
FD150_1_GCTTGCGGCAGGTAAGCTTG	0	FD150_1	Astronaut 1	FD150	FD	36.5801545310788
FD150_1_GCTTGGGCAGCTAGTGGAGC	0	FD150_1	Astronaut 1	FD150	FD	48.4141993499604
FD150_1_GCTTGTATTGCAATCGCCTT	0	FD150_1	Astronaut 1	FD150	FD	51.5225214932245
FD150_1_GCTTGTCGCGCTACGGATAT	3	FD150_1	Astronaut 1	FD150	FD	41.603851806171
FD150_1_GGAGCGGAGCCGGATGCTTG	0	FD150_1	Astronaut 1	FD150	FD	47.8668092584477
FD150_1_GGCAGAACGAGAGTCGCGGT	4	FD150_1	Astronaut 1	FD150	FD	31.9335288130653
FD150_1_GGCAGCTTAAGCGAAGCAAC	1	FD150_1	Astronaut 1	FD150	FD	51.3962261126305
FD150_1_GGCAGGTCTACTACGGATAT	0	FD150_1	Astronaut 1	FD150	FD	60.6200449289246
FD150_1_GGCAGTCTACGAGTCGATGA	1	FD150_1	Astronaut 1	FD150	FD	52.1064043032481
FD150_1_GGCGTCGAAGCGCTCGGAGC	0	FD150_1	Astronaut 1	FD150	FD	43.9940904043791
FD150_1_GGCGTCGTCGCAGAAGATAT	0	FD150_1	Astronaut 1	FD150	FD	31.9609460932915
FD150_1_GGCGTGAGTCGTATCGCTTG	1	FD150_1	Astronaut 1	FD150	FD	51.4808721283275
FD150_1_GGCGTGTAATCTAACGGCGT	0	FD150_1	Astronaut 1	FD150	FD	54.6125937751725
FD150_1_GGCGTTCTACCCGCTGATGA	2	FD150_1	Astronaut 1	FD150	FD	44.9391885180573
FD150_1_GGCGTTTCATCGTCGGCAAC	5	FD150_1	Astronaut 1	FD150	FD	44.9391885778306
FD150_1_GGTAAATCCTGAGTCGCGGT	3	FD150_1	Astronaut 1	FD150	FD	40.5748792993202
FD150_1_GGTAACAGAACCTAGGATAT	0	FD150_1	Astronaut 1	FD150	FD	44.9325168291733
FD150_1_GGTAACGTCGCTGGAGCAAC	1	FD150_1	Astronaut 1	FD150	FD	48.4177403463058
FD150_1_GGTAACTACGCTAGTGCGGT	7	FD150_1	Astronaut 1	FD150	FD	49.1683369400451
FD150_1_GGTAAGCCTTGAGTCGATAT	0	FD150_1	Astronaut 1	FD150	FD	44.7554505184991
FD150_1_GGTAATTCATGAACCGGAGC	0	FD150_1	Astronaut 1	FD150	FD	48.1636476927782
FD150_1_GGTCCGCGGTCCTAGGTCTA	6	FD150_1	Astronaut 1	FD150	FD	48.3106452059639
FD150_1_GTAATCCTCAGGCGTGCAAC	0	FD150_1	Astronaut 1	FD150	FD	41.6962945218883
FD150_1_GTAATCGGATGAGTCGCCTT	0	FD150_1	Astronaut 1	FD150	FD	21.1157374458831
FD150_1_GTAATGCGAACCTCAGGAGC	0	FD150_1	Astronaut 1	FD150	FD	42.28391563746
FD150_1_GTAATTATCTCGGCAGATAT	5	FD150_1	Astronaut 1	FD150	FD	48.1636477525515
FD150_1_GTAATTTCATGTATCGATGA	1	FD150_1	Astronaut 1	FD150	FD	38.5046366909428
FD150_1_GTAGAAGAACGGTCCGCCTT	0	FD150_1	Astronaut 1	FD150	FD	33.1926166065386
FD150_1_GTAGAAGTTGCAGCGGCAAC	3	FD150_1	Astronaut 1	FD150	FD	48.4177404060792
FD150_1_GTAGAAGTTGCGCCTGGAGC	2	FD150_1	Astronaut 1	FD150	FD	45.2823568165412
FD150_1_GTAGAATTACGATATGGCGT	0	FD150_1	Astronaut 1	FD150	FD	45.1378738705872
FD150_1_GTAGACCTAGGTAGAGATAT	3	FD150_1	Astronaut 1	FD150	FD	36.5801545908522
FD150_1_GTAGAGCTCTCTAGTGATGA	0	FD150_1	Astronaut 1	FD150	FD	38.4951405394533
FD150_1_GTAGATCCGGGATGAGTAAT	0	FD150_1	Astronaut 1	FD150	FD	46.9486893225802
FD150_1_GTATCAACTCGCAACGGAGC	4	FD150_1	Astronaut 1	FD150	FD	48.1636478123248
FD150_1_GTATCACTAACAGTTGATGA	3	FD150_1	Astronaut 1	FD150	FD	41.6038518659443
FD150_1_GTATCACTTCCTGGAGATGA	5	FD150_1	Astronaut 1	FD150	FD	54.7196820149128
FD150_1_GTATCGCCTTGCTGCGCTGC	1	FD150_1	Astronaut 1	FD150	FD	44.939188637604
FD150_1_GTATCGCTCTCAGCGGGCGT	1	FD150_1	Astronaut 1	FD150	FD	46.9486893823535
FD150_1_GTATCGCTTGGTATCGCGGT	1	FD150_1	Astronaut 1	FD150	FD	44.0844621151075
FD150_1_GTCCGAACTCATTGGGTCTA	0	FD150_1	Astronaut 1	FD150	FD	53.5964880954099
FD150_1_GTCCGAACTCGGTCCGATGA	0	FD150_1	Astronaut 1	FD150	FD	38.5046367507162
FD150_1_GTCCGACTAACTAACGCCTT	0	FD150_1	Astronaut 1	FD150	FD	41.8299151848635
FD150_1_GTCCGAGCGGCCTCAGCAAC	0	FD150_1	Astronaut 1	FD150	FD	45.3071103964376
FD150_1_GTCCGCGATTCAGTTGATAT	4	FD150_1	Astronaut 1	FD150	FD	38.5046368104895
FD150_1_GTCCGTAAGGATTGGGCTGC	0	FD150_1	Astronaut 1	FD150	FD	33.1871380486271
FD150_1_GTCCGTACGTGCTGCGTAAT	0	FD150_1	Astronaut 1	FD150	FD	48.4177404658525
FD150_1_GTCCGTATCTGCGAAGATGA	1	FD150_1	Astronaut 1	FD150	FD	50.7363382775662
FD150_1_GTCCGTCATCCAACTGTAAT	0	FD150_1	Astronaut 1	FD150	FD	46.8162137915073
FD150_1_GTCTAAAGACGGCAGGGAGC	0	FD150_1	Astronaut 1	FD150	FD	48.4177405256258
FD150_1_GTCTAACGATGCGAAGATAT	0	FD150_1	Astronaut 1	FD150	FD	48.4177405853992
FD150_1_GTCTAACTTCCAGAAGCGGT	0	FD150_1	Astronaut 1	FD150	FD	46.1554062545471
FD150_1_GTCTAATCCTCTGGAGGCGT	0	FD150_1	Astronaut 1	FD150	FD	33.7648568898701
FD150_1_GTCTAATTGGCTAGTGCAAC	0	FD150_1	Astronaut 1	FD150	FD	48.5572236633015
FD150_1_GTCTACGACCCCGCTGTAAT	0	FD150_1	Astronaut 1	FD150	FD	47.8511651622965
FD150_1_GTCTACGGCACTCCAGATAT	3	FD150_1	Astronaut 1	FD150	FD	45.3071104562109
FD150_1_GTCTATACGTGCTCTGCGGT	1	FD150_1	Astronaut 1	FD150	FD	48.3044262399947
FD150_1_GTTAGAGGCTCCATAGGCGT	1	FD150_1	Astronaut 1	FD150	FD	46.9486894421269
FD150_1_GTTAGCAATCATTCAGCTGC	5	FD150_1	Astronaut 1	FD150	FD	48.1636478720982
FD150_1_GTTAGCTTAAGCAGGGCAAC	0	FD150_1	Astronaut 1	FD150	FD	54.700892522193
FD150_1_GTTAGGTCTACCTCAGATGA	0	FD150_1	Astronaut 1	FD150	FD	44.7923074005277
FD150_1_GTTAGTTAGCGAACCGCTTG	0	FD150_1	Astronaut 1	FD150	FD	44.9391886973773
FD150_1_TAAGGCCTAGCGGATGCTTG	0	FD150_1	Astronaut 1	FD150	FD	49.472558582522
FD150_1_TAAGGGTCCGCTGGAGGAGC	3	FD150_1	Astronaut 1	FD150	FD	46.9486895019002
FD150_1_TAGAGCCGCTCTGGAGATAT	0	FD150_1	Astronaut 1	FD150	FD	51.9710717380552
FD150_1_TAGAGGATATGATGAGCTTG	0	FD150_1	Astronaut 1	FD150	FD	33.9298292985547
FD150_1_TAGAGTACGTCTAGTGCTGC	0	FD150_1	Astronaut 1	FD150	FD	44.0135310828795
FD150_1_TAGGAAGTTGGCGAAGTAAT	0	FD150_1	Astronaut 1	FD150	FD	51.0476022417553
FD150_1_TAGGAATGGCCGCAAGGCGT	0	FD150_1	Astronaut 1	FD150	FD	30.3970511532357
FD150_1_TAGGACTTAACCTCAGCCTT	2	FD150_1	Astronaut 1	FD150	FD	52.1343761642943
FD150_1_TAGGAGATATCAACTGGAGC	1	FD150_1	Astronaut 1	FD150	FD	48.1722771083043
FD150_1_TAGGAGCTCTGCCTTGCTTG	3	FD150_1	Astronaut 1	FD150	FD	41.7015052262794
FD150_1_TAGGAGCTCTGCGGTGCTTG	0	FD150_1	Astronaut 1	FD150	FD	45.0006403756462
FD150_1_TATCTCGCAAGCAGGGCAAC	0	FD150_1	Astronaut 1	FD150	FD	44.8639960727835
FD150_1_TATCTGGTCCGCGAAGCAAC	2	FD150_1	Astronaut 1	FD150	FD	56.8998613136563
FD150_1_TATCTTGAGAGGCGTGTCTA	0	FD150_1	Astronaut 1	FD150	FD	44.9391887571506
FD150_1_TATCTTTCATGCAGGGATGA	3	FD150_1	Astronaut 1	FD150	FD	51.0476023015286
FD150_1_TATGCAAGCACTAACGGCGT	0	FD150_1	Astronaut 1	FD150	FD	36.7214902974502
FD150_1_TATGCAGGCTGGTCCGCGGT	0	FD150_1	Astronaut 1	FD150	FD	49.7282508881317
FD150_1_TATGCCGATTATTGGGGAGC	0	FD150_1	Astronaut 1	FD150	FD	45.3071105159842
FD150_1_TATGCCGATTGCTTGGGAGC	0	FD150_1	Astronaut 1	FD150	FD	33.9298293583281
FD150_1_TATGCCTAGTGCTTGGTCTA	3	FD150_1	Astronaut 1	FD150	FD	47.1591104204097
FD150_1_TATGCGGTAACGATTGCAAC	0	FD150_1	Astronaut 1	FD150	FD	48.1722771680776
FD150_1_TATGCTCGTACGCTCGGCGT	5	FD150_1	Astronaut 1	FD150	FD	48.4177406451725
FD150_1_TATTGCCGCTCAACTGTCTA	0	FD150_1	Astronaut 1	FD150	FD	41.0982933954367
FD150_1_TCAGTCAGTTGCGGTGATAT	5	FD150_1	Astronaut 1	FD150	FD	52.3608284492181
FD150_1_TCATCGGCGTGCTCTGGCGT	1	FD150_1	Astronaut 1	FD150	FD	48.172277227851
FD150_1_TCCGGAAGGTCAGAAGATAT	0	FD150_1	Astronaut 1	FD150	FD	44.1448638328085
FD150_1_TCCGGAGGTCCTCCAGGCGT	0	FD150_1	Astronaut 1	FD150	FD	46.6718257136165
FD150_1_TCCGGGGCGTCAGTTGGTCC	1	FD150_1	Astronaut 1	FD150	FD	45.3071105757576
FD150_1_TCGCGATTCAGGTAAGTCTA	0	FD150_1	Astronaut 1	FD150	FD	51.0476023613019
FD150_1_TCGCGGCAACCAGAAGATAT	0	FD150_1	Astronaut 1	FD150	FD	33.9776463844082
FD150_1_TCGCGGTAATCGATTGCAAC	5	FD150_1	Astronaut 1	FD150	FD	38.5046368702628
FD150_1_TCGCGTCTACGTATCGTAAT	0	FD150_1	Astronaut 1	FD150	FD	48.3087253129919
FD150_1_TCGCGTGCGCCTAACGGAGC	0	FD150_1	Astronaut 1	FD150	FD	30.3970512130091
FD150_1_TCGCGTTATGGATGAGTAAT	2	FD150_1	Astronaut 1	FD150	FD	45.4100449525027
FD150_1_TCGCGTTGAACCTCAGGAGC	3	FD150_1	Astronaut 1	FD150	FD	35.9885041856217
FD150_1_TCGTAAAGGTGTATCGATGA	0	FD150_1	Astronaut 1	FD150	FD	49.728250947905
FD150_1_TCGTAATCCTCAACTGGCGT	0	FD150_1	Astronaut 1	FD150	FD	54.5222835802279
FD150_1_TCGTACAGCGGGCAGGCCTT	0	FD150_1	Astronaut 1	FD150	FD	53.5768166839846
FD150_1_TCTACACCTACGATTGTCTA	0	FD150_1	Astronaut 1	FD150	FD	48.2980335067077
FD150_1_TCTACGAGCTGCTTGGCGGT	0	FD150_1	Astronaut 1	FD150	FD	45.3071106355309
FD150_1_TCTACTCGCGCCTCAGATGA	3	FD150_1	Astronaut 1	FD150	FD	35.988504245395
FD150_1_TCTACTGCGCCGTCGGATAT	0	FD150_1	Astronaut 1	FD150	FD	53.6944910283298
FD150_1_TGAGAAACTCCGCCTGGCGT	1	FD150_1	Astronaut 1	FD150	FD	51.0476024210753
FD150_1_TGAGACAGCGGGCAGGATAT	2	FD150_1	Astronaut 1	FD150	FD	45.3071106953042
FD150_1_TGAGACCATAGGCAGGATAT	0	FD150_1	Astronaut 1	FD150	FD	52.5258976951177
FD150_1_TGAGAGGCGTCGGCAGATAT	4	FD150_1	Astronaut 1	FD150	FD	35.9885043051683
FD150_1_TGAGATAAGGGAGCTGATAT	0	FD150_1	Astronaut 1	FD150	FD	39.5295815813792
FD150_1_TGCGCATGCGCTGGAGATGA	0	FD150_1	Astronaut 1	FD150	FD	61.4709147562485
FD150_1_TGCGCATTACGATGAGTCTA	0	FD150_1	Astronaut 1	FD150	FD	44.5286385229078
FD150_1_TGCGCCCATACTAGTGGCGT	0	FD150_1	Astronaut 1	FD150	FD	54.6014529089987
FD150_1_TGCGCGGTAACTCCAGATAT	0	FD150_1	Astronaut 1	FD150	FD	42.1276205092177
FD150_1_TGCTACTACGGTAATGCGGT	0	FD150_1	Astronaut 1	FD150	FD	45.2710889692223
FD150_1_TGCTAGGCAGGGTAAGGAGC	2	FD150_1	Astronaut 1	FD150	FD	50.7363383373395
FD150_1_TGGACACGATGATGAGCCTT	0	FD150_1	Astronaut 1	FD150	FD	46.9486895616735
FD150_1_TTAGCAGAACCGGATGATAT	4	FD150_1	Astronaut 1	FD150	FD	45.3071107550776
FD150_1_TTAGCATTCACGTCGGTCTA	0	FD150_1	Astronaut 1	FD150	FD	48.4177407049458
FD150_1_TTAGCGAGTCGTAATGGAGC	0	FD150_1	Astronaut 1	FD150	FD	46.9486896214469
FD150_1_TTATGCAGAACGCAAGCAAC	1	FD150_1	Astronaut 1	FD150	FD	42.0182347641068
FD150_1_TTATGCCGCTGGTCCGTAAT	0	FD150_1	Astronaut 1	FD150	FD	46.7061777988802
FD150_1_TTATGCTCCACGAAGGGAGC	5	FD150_1	Astronaut 1	FD150	FD	46.8705680267412
FD150_1_TTATGGACTGCAACTGTAAT	5	FD150_1	Astronaut 1	FD150	FD	38.5046369300362
FD150_1_TTATGGATATGAACCGCTGC	0	FD150_1	Astronaut 1	FD150	FD	49.7282510076783
FD150_1_TTATGGGTAAGGTAAGGTCC	2	FD150_1	Astronaut 1	FD150	FD	46.8705680865145
FD150_1_TTATGGTAGACCTCAGGAGC	2	FD150_1	Astronaut 1	FD150	FD	46.9486896812202
FD150_1_TTCATACGATGGTCCGCTTG	0	FD150_1	Astronaut 1	FD150	FD	46.9486897409935
FD150_1_TTCATGCTGCGCGAAGCGGT	0	FD150_1	Astronaut 1	FD150	FD	44.939188816924
FD150_1_TTCATGCTTGCTAACGGTCC	0	FD150_1	Astronaut 1	FD150	FD	52.2975762360126
FD150_1_TTCATGGTAAGCTGCGTCTA	0	FD150_1	Astronaut 1	FD150	FD	40.3738560187666
FD150_1_TTCGAACTAACGCCTGCAAC	0	FD150_1	Astronaut 1	FD150	FD	48.3900523369295
FD150_1_TTCGAAGAACCCGCTGCGGT	0	FD150_1	Astronaut 1	FD150	FD	44.9378004645007
FD150_1_TTCGACGCAAGATGAGTCTA	0	FD150_1	Astronaut 1	FD150	FD	55.4508610564483
FD150_1_TTCGACGCCTCCTAGGCCTT	0	FD150_1	Astronaut 1	FD150	FD	41.1037325202247
FD150_1_TTCGACGGATGACTGGCAAC	0	FD150_1	Astronaut 1	FD150	FD	41.8895893254411
FD150_1_TTCGAGAGCTCAGCGGTAAT	0	FD150_1	Astronaut 1	FD150	FD	51.0476024808486
FD150_1_TTCGAGCAGGGCTTGGTCTA	4	FD150_1	Astronaut 1	FD150	FD	45.3071108148509
FD150_1_TTCGATCATCATTCAGATAT	2	FD150_1	Astronaut 1	FD150	FD	53.6202933945177
FD150_1_TTCGATGCGCCAACTGCGGT	3	FD150_1	Astronaut 1	FD150	FD	48.3640265899189
FD150_1_TTGAAAAGACCGCTCGCTTG	4	FD150_1	Astronaut 1	FD150	FD	48.3808597889468
FD150_1_TTGAAAAGACGCAACGATGA	3	FD150_1	Astronaut 1	FD150	FD	35.9885043649417
FD150_1_TTGAAAGAACGCAGGGGCGT	1	FD150_1	Astronaut 1	FD150	FD	49.1683369998184
FD150_1_TTGAAAGTTGGCAGGGCCTT	2	FD150_1	Astronaut 1	FD150	FD	51.0476025406219
FD150_1_TTGAACCTCAGCGGTGCTTG	0	FD150_1	Astronaut 1	FD150	FD	53.7332827262091
FD150_1_TTGAAGAGCTCCTAGGATAT	0	FD150_1	Astronaut 1	FD150	FD	53.6174345151765
FD150_1_TTGAAGCAACCTAACGATGA	0	FD150_1	Astronaut 1	FD150	FD	54.584130922857
FD150_1_TTGAAGGAGCGTAGAGCGGT	0	FD150_1	Astronaut 1	FD150	FD	18.9950295339346
FD150_1_TTGAATACGTGGTAAGATGA	7	FD150_1	Astronaut 1	FD150	FD	46.9486898007669
FD150_2_AACCGATCCTGCTCTGCTTG	1	FD150_2	Astronaut 2	FD150	FD	44.1448638925818
FD150_2_AACCGATGCGCTTAAGCCTT	0	FD150_2	Astronaut 2	FD150	FD	31.5404325946681
FD150_2_AACCGATTGGCCATAGATAT	0	FD150_2	Astronaut 2	FD150	FD	43.8292048140715
FD150_2_AACCGCAATCGGTAAGGAGC	1	FD150_2	Astronaut 2	FD150	FD	31.5404326544415
FD150_2_AACCGCCTAGCAGTTGCTTG	1	FD150_2	Astronaut 2	FD150	FD	27.8187130126042
FD150_2_AACCGCGACCGGTCCGCAAC	1	FD150_2	Astronaut 2	FD150	FD	27.7339879773583
FD150_2_AACCGCGTCGCCGCTGCAAC	1	FD150_2	Astronaut 2	FD150	FD	43.8824909266705
FD150_2_AACCGGACTGGAGTCGTCTA	0	FD150_2	Astronaut 2	FD150	FD	32.1044447638453
FD150_2_AACCGGATATGGCGTGCTTG	1	FD150_2	Astronaut 2	FD150	FD	49.3198910775211
FD150_2_AACCGGGTCCCTACGGCAAC	1	FD150_2	Astronaut 2	FD150	FD	36.7214903572235
FD150_2_AACCGGGTCCGCAACGCGGT	0	FD150_2	Astronaut 2	FD150	FD	31.5404327142148
FD150_2_AACCGTATGCCTGGAGCTTG	1	FD150_2	Astronaut 2	FD150	FD	34.9215149270818
FD150_2_AACCGTCATCGGCGTGATAT	0	FD150_2	Astronaut 2	FD150	FD	54.5222836400012
FD150_2_AACCGTCGCGGCTGCGTCTA	0	FD150_2	Astronaut 2	FD150	FD	21.8618217775334
FD150_2_AACGAACTTCCCATAGCAAC	1	FD150_2	Astronaut 2	FD150	FD	30.3606115644042
FD150_2_AACGAAGAACCTTAAGCCTT	0	FD150_2	Astronaut 2	FD150	FD	30.3606116241776
FD150_2_AACGAAGAACCTTAAGGCGT	1	FD150_2	Astronaut 2	FD150	FD	60.1721038165221
FD150_2_AACGAAGGCTCGCTCGCAAC	1	FD150_2	Astronaut 2	FD150	FD	31.3791454595893
FD150_2_AACGAATCCTGGTCCGCTGC	1	FD150_2	Astronaut 2	FD150	FD	59.83572963654
FD150_2_AACGAATCTGATTGGGCGGT	1	FD150_2	Astronaut 2	FD150	FD	35.4436809284163
FD150_2_AACGAATTACCAGTTGCCTT	3	FD150_2	Astronaut 2	FD150	FD	30.3606116839509
FD150_2_AACGACCTAGCCTAGGCTTG	6	FD150_2	Astronaut 2	FD150	FD	57.839686940303
FD150_2_AACGACGCCTGGCGTGCGGT	0	FD150_2	Astronaut 2	FD150	FD	31.5404327739881
FD150_2_AACGACTAACGGAGCGTCTA	0	FD150_2	Astronaut 2	FD150	FD	34.7166248208513
FD150_2_AACGACTTAACTAACGCTGC	6	FD150_2	Astronaut 2	FD150	FD	32.1044448236186
FD150_2_AACGAGATATGATATGATAT	1	FD150_2	Astronaut 2	FD150	FD	56.4688314714493
FD150_2_AACGATAAGGCGTCGGATGA	1	FD150_2	Astronaut 2	FD150	FD	31.5404328337615
FD150_2_AACGATAAGGGAGTCGCTTG	1	FD150_2	Astronaut 2	FD150	FD	49.0934457663423
FD150_2_AACGATAGAGCGCCTGCGGT	5	FD150_2	Astronaut 2	FD150	FD	28.0885098675109
FD150_2_AACGATGGACGTAGAGCAAC	0	FD150_2	Astronaut 2	FD150	FD	49.2215478501552
FD150_2_AACTCAACTCCGCAAGTCTA	0	FD150_2	Astronaut 2	FD150	FD	31.5404328935348
FD150_2_AACTCACTCGGCGGTGCGGT	0	FD150_2	Astronaut 2	FD150	FD	49.1683370595918
FD150_2_AACTCATGGCCTACGGCGGT	0	FD150_2	Astronaut 2	FD150	FD	29.8308066225223
FD150_2_AACTCATTCAGCAGGGATGA	0	FD150_2	Astronaut 2	FD150	FD	23.884574624713
FD150_2_AACTCCGGATGGCGTGATGA	1	FD150_2	Astronaut 2	FD150	FD	44.1448639523551
FD150_2_AACTCCGTCGCTTAAGCGGT	1	FD150_2	Astronaut 2	FD150	FD	34.7166248806246
FD150_2_AACTCCGTCGCTTAAGCTTG	1	FD150_2	Astronaut 2	FD150	FD	25.9893980642274
FD150_2_AACTCCTAACGCAGGGTAAT	1	FD150_2	Astronaut 2	FD150	FD	50.6246648888426
FD150_2_AACTCCTAACGGTAAGCTGC	2	FD150_2	Astronaut 2	FD150	FD	21.9606431758401
FD150_2_AACTCGCTTGCGACCGTCTA	1	FD150_2	Astronaut 2	FD150	FD	57.8396870000763
FD150_2_AACTCGTAGACGGATGTCTA	1	FD150_2	Astronaut 2	FD150	FD	57.8396870598496
FD150_2_AACTCGTAGACTGGAGATGA	0	FD150_2	Astronaut 2	FD150	FD	31.0375820715542
FD150_2_AACTCTATCTCTCCAGCAAC	1	FD150_2	Astronaut 2	FD150	FD	31.5404329533082
FD150_2_AACTCTCTACCGGATGCGGT	0	FD150_2	Astronaut 2	FD150	FD	43.8717913201051
FD150_2_AAGACACGATGTAGAGCAAC	0	FD150_2	Astronaut 2	FD150	FD	43.712119622063
FD150_2_AAGACATCTGCCGCTGCAAC	6	FD150_2	Astronaut 2	FD150	FD	30.3606117437242
FD150_2_AAGACCTAGTGGTCCGCGGT	0	FD150_2	Astronaut 2	FD150	FD	57.839687119623
FD150_2_AAGACGAGCTCCGCTGATAT	6	FD150_2	Astronaut 2	FD150	FD	57.8396871793963
FD150_2_AAGACGAGCTCCTAGGGTCC	1	FD150_2	Astronaut 2	FD150	FD	61.4709148160218
FD150_2_AAGACGGAGCGTAATGGTCC	1	FD150_2	Astronaut 2	FD150	FD	49.1683371193651
FD150_2_AAGACTTAGCGGAGCGCAAC	1	FD150_2	Astronaut 2	FD150	FD	54.5222836997745
FD150_2_AAGCAAACTCGCTCTGCGGT	0	FD150_2	Astronaut 2	FD150	FD	50.7363383971128
FD150_2_AAGCAAAGACGAACCGCAAC	1	FD150_2	Astronaut 2	FD150	FD	44.9391888766973
FD150_2_AAGCAACGATGCCTTGCAAC	5	FD150_2	Astronaut 2	FD150	FD	31.5404330130815
FD150_2_AAGCAACTAACAGCGGTAAT	1	FD150_2	Astronaut 2	FD150	FD	58.7156879656889
FD150_2_AAGCAACTTCCTAGTGCTGC	1	FD150_2	Astronaut 2	FD150	FD	54.5222837595479
FD150_2_AAGCAAGAGTGCAACGCGGT	1	FD150_2	Astronaut 2	FD150	FD	54.5222838193212
FD150_2_AAGCAAGGTCGATGAGCAAC	5	FD150_2	Astronaut 2	FD150	FD	36.496174637711
FD150_2_AAGCACTCCACTGGAGCTGC	0	FD150_2	Astronaut 2	FD150	FD	58.6173983632972
FD150_2_AAGCACTGGAATTGGGCGGT	5	FD150_2	Astronaut 2	FD150	FD	54.633272165996
FD150_2_AAGCAGAGCTCGACCGCAAC	1	FD150_2	Astronaut 2	FD150	FD	18.9950295937079
FD150_2_AAGCAGATGACTTAAGATGA	2	FD150_2	Astronaut 2	FD150	FD	54.6332722257693
FD150_2_AAGCAGGCAGCGGCAGCTTG	5	FD150_2	Astronaut 2	FD150	FD	24.5024207270373
FD150_2_AAGCAGGCGTCAGTTGCTGC	1	FD150_2	Astronaut 2	FD150	FD	35.4436809881896
FD150_2_AAGCATACGTCGATTGTAAT	0	FD150_2	Astronaut 2	FD150	FD	34.265809730333
FD150_2_AAGCATAGGAGCAACGCAAC	3	FD150_2	Astronaut 2	FD150	FD	31.3851762144545
FD150_2_AAGCATCGCGCGAAGGATAT	0	FD150_2	Astronaut 2	FD150	FD	30.3606118034976
FD150_2_AAGGTGATATGAGTCGGAGC	1	FD150_2	Astronaut 2	FD150	FD	30.5899760952609
FD150_2_AAGGTGCAACCCGCTGGAGC	0	FD150_2	Astronaut 2	FD150	FD	29.4313484417949
FD150_2_AAGGTTATTGCGGATGCTTG	2	FD150_2	Astronaut 2	FD150	FD	18.9950296534813
FD150_2_AAGGTTATTGCGGATGTAAT	0	FD150_2	Astronaut 2	FD150	FD	60.1353116889254
FD150_2_AAGGTTCCGGATTGGGCTTG	5	FD150_2	Astronaut 2	FD150	FD	30.6549321319207
FD150_2_AAGGTTTCGACAGTTGGTCC	6	FD150_2	Astronaut 2	FD150	FD	30.3606118632709
FD150_2_ACCAGAAGACCAACTGCAAC	1	FD150_2	Astronaut 2	FD150	FD	31.5404330728548
FD150_2_ACCAGAGGTCGCAGGGCTGC	1	FD150_2	Astronaut 2	FD150	FD	57.8396872391696
FD150_2_ACCAGCAGAACTGGAGGTCC	0	FD150_2	Astronaut 2	FD150	FD	44.1448640121285
FD150_2_ACCAGCGCAAGAACCGCTTG	1	FD150_2	Astronaut 2	FD150	FD	35.4436810479629
FD150_2_ACCAGGAGTCCGCAAGATGA	7	FD150_2	Astronaut 2	FD150	FD	56.887808369679
FD150_2_ACCAGGATATGGCGTGATAT	0	FD150_2	Astronaut 2	FD150	FD	49.4725586422954
FD150_2_ACCAGGCAACGATGAGCTGC	0	FD150_2	Astronaut 2	FD150	FD	31.5404331326282
FD150_2_ACCAGGTCCGCGTCGGCTGC	1	FD150_2	Astronaut 2	FD150	FD	31.5404331924015
FD150_2_ACCAGGTTAGGAGTCGCGGT	1	FD150_2	Astronaut 2	FD150	FD	49.0934458261156
FD150_2_ACCAGTCTACGAGTCGTCTA	0	FD150_2	Astronaut 2	FD150	FD	31.5404332521749
FD150_2_ACCAGTTCATGGTAAGTAAT	0	FD150_2	Astronaut 2	FD150	FD	30.6507981265002
FD150_2_ACCTAACTCGGCAACGATGA	1	FD150_2	Astronaut 2	FD150	FD	50.7363384568862
FD150_2_ACCTAAGGCTCGCTCGCTTG	1	FD150_2	Astronaut 2	FD150	FD	27.4930093811889
FD150_2_ACCTACGCAAGGTCCGATGA	1	FD150_2	Astronaut 2	FD150	FD	35.4436811077363
FD150_2_ACCTAGAGTCGCAACGTCTA	0	FD150_2	Astronaut 2	FD150	FD	30.7132348199403
FD150_2_ACCTAGCAACGCGGTGCAAC	1	FD150_2	Astronaut 2	FD150	FD	44.1448640719018
FD150_2_ACCTAGCAGGGCCTTGATAT	0	FD150_2	Astronaut 2	FD150	FD	31.5404333119482
FD150_2_ACCTAGCCTTGTAATGCTGC	1	FD150_2	Astronaut 2	FD150	FD	28.0868437957226
FD150_2_ACCTAGCTCTCTACGGCGGT	0	FD150_2	Astronaut 2	FD150	FD	32.1044448833919
FD150_2_ACCTAGGTAACAACTGTCTA	1	FD150_2	Astronaut 2	FD150	FD	44.2852227357745
FD150_2_ACCTAGTAGAGTAATGTCTA	5	FD150_2	Astronaut 2	FD150	FD	61.4709148757951
FD150_2_ACCTAGTCTAGGCGTGATAT	0	FD150_2	Astronaut 2	FD150	FD	44.25486419263
FD150_2_ACCTATTCGAGAGTCGATAT	1	FD150_2	Astronaut 2	FD150	FD	49.1683371791384
FD150_2_ACGATAACTCGGTAAGCTTG	1	FD150_2	Astronaut 2	FD150	FD	35.4436811675096
FD150_2_ACGATATGCGCGATTGCCTT	1	FD150_2	Astronaut 2	FD150	FD	30.3606119230443
FD150_2_ACGATCAGCGCTGGAGGCGT	2	FD150_2	Astronaut 2	FD150	FD	49.1683372389118
FD150_2_ACGATCGACCCGGATGCTGC	0	FD150_2	Astronaut 2	FD150	FD	30.1289967442223
FD150_2_ACGATGATGAGCAGGGCTTG	1	FD150_2	Astronaut 2	FD150	FD	49.0934458858889
FD150_2_ACGATGGTAAGCTCTGTAAT	0	FD150_2	Astronaut 2	FD150	FD	31.2333388760136
FD150_2_ACGATTCAGTGTAGAGTAAT	0	FD150_2	Astronaut 2	FD150	FD	44.1448641316751
FD150_2_ACGATTCGTAGCGGTGCTGC	6	FD150_2	Astronaut 2	FD150	FD	26.7160470413082
FD150_2_ACGATTCGTAGTATCGTCTA	3	FD150_2	Astronaut 2	FD150	FD	44.1448641914485
FD150_2_ACTAAACTTCGTAATGTAAT	0	FD150_2	Astronaut 2	FD150	FD	30.3606119828176
FD150_2_ACTAAAGGTCCGTCGGATAT	5	FD150_2	Astronaut 2	FD150	FD	30.6252668178212
FD150_2_ACTAACCATAGCCTTGTCTA	1	FD150_2	Astronaut 2	FD150	FD	54.6332722855426
FD150_2_ACTAACGGCACCTAGGCTGC	1	FD150_2	Astronaut 2	FD150	FD	30.3606120425909
FD150_2_ACTAACGTCGCGACCGCTTG	0	FD150_2	Astronaut 2	FD150	FD	20.1637158561855
FD150_2_ACTAAGGAGCCCTAGGTCTA	0	FD150_2	Astronaut 2	FD150	FD	36.4033643244151
FD150_2_ACTAAGGAGCGGCAGGGCGT	0	FD150_2	Astronaut 2	FD150	FD	44.1448642512218
FD150_2_ACTAAGGAGCGGTAAGCTTG	3	FD150_2	Astronaut 2	FD150	FD	50.7363385166595
FD150_2_ACTAATAAGGGTAGAGCAAC	1	FD150_2	Astronaut 2	FD150	FD	43.3064226548033
FD150_2_ACTAATTAGCGCAACGCTTG	5	FD150_2	Astronaut 2	FD150	FD	44.1448643109952
FD150_2_ACTCGAACTCGGCAGGCCTT	0	FD150_2	Astronaut 2	FD150	FD	34.716624940398
FD150_2_ACTCGAAGACGCCTTGCTGC	0	FD150_2	Astronaut 2	FD150	FD	50.5716042945801
FD150_2_ACTCGAAGGTATTGGGATAT	0	FD150_2	Astronaut 2	FD150	FD	56.526765240993
FD150_2_ACTCGAGTTGGGAGCGTCTA	0	FD150_2	Astronaut 2	FD150	FD	29.9115278081161
FD150_2_ACTCGATGCGCGCTCGATAT	1	FD150_2	Astronaut 2	FD150	FD	32.5471076352427
FD150_2_ACTCGCGCCTGGAGCGCTTG	1	FD150_2	Astronaut 2	FD150	FD	49.1683372986851
FD150_2_ACTCGGCTTGGAGCTGATGA	3	FD150_2	Astronaut 2	FD150	FD	35.4436812272829
FD150_2_ACTCGGGCAGCGATTGATAT	0	FD150_2	Astronaut 2	FD150	FD	31.5183580892299
FD150_2_ACTTCAACTCGTATCGCTGC	0	FD150_2	Astronaut 2	FD150	FD	31.5404333717215
FD150_2_ACTTCAAGACGAACCGATAT	1	FD150_2	Astronaut 2	FD150	FD	49.4725587020687
FD150_2_ACTTCACGATCGAAGGATAT	0	FD150_2	Astronaut 2	FD150	FD	32.4895874138418
FD150_2_ACTTCATTACGGCAGGCTTG	1	FD150_2	Astronaut 2	FD150	FD	57.839687298943
FD150_2_ACTTCGCTGCCGGATGATGA	0	FD150_2	Astronaut 2	FD150	FD	30.7780387144228
FD150_2_ACTTCGGAGCCGCTCGCAAC	1	FD150_2	Astronaut 2	FD150	FD	57.8396873587163
FD150_2_ACTTCGTCTAGACTGGCTGC	1	FD150_2	Astronaut 2	FD150	FD	50.7363385764328
FD150_2_ACTTCGTCTAGGTAAGATAT	3	FD150_2	Astronaut 2	FD150	FD	49.0934459456623
FD150_2_ACTTCTTAGCCTGGAGTCTA	0	FD150_2	Astronaut 2	FD150	FD	50.7363386362062
FD150_2_AGAACAAGCAGTATCGATAT	1	FD150_2	Astronaut 2	FD150	FD	44.1448643707685
FD150_2_AGAACACCAGCGTCGGGAGC	0	FD150_2	Astronaut 2	FD150	FD	31.496540475167
FD150_2_AGAACAGGCTGCTCTGCAAC	1	FD150_2	Astronaut 2	FD150	FD	35.4436812870563
FD150_2_AGAACAGGTCGGAGCGCGGT	0	FD150_2	Astronaut 2	FD150	FD	50.4323972558274
FD150_2_AGAACAGTTGGGCAGGTCTA	0	FD150_2	Astronaut 2	FD150	FD	18.9950297132546
FD150_2_AGAACATCTGGCTTGGGTCC	0	FD150_2	Astronaut 2	FD150	FD	50.7363386959795
FD150_2_AGAACCGCTCGAACCGGAGC	0	FD150_2	Astronaut 2	FD150	FD	58.7317509011182
FD150_2_AGAACGCGGTGCCTTGGCGT	0	FD150_2	Astronaut 2	FD150	FD	61.4709149355685
FD150_2_AGAACGTTAGCGGATGCTTG	1	FD150_2	Astronaut 2	FD150	FD	31.5404334314949
FD150_2_AGAACTCCGGCAGCGGATAT	1	FD150_2	Astronaut 2	FD150	FD	54.5222838790945
FD150_2_AGAGTAACCGGCAACGATGA	2	FD150_2	Astronaut 2	FD150	FD	49.0934460054356
FD150_2_AGAGTAAGGTGCAGGGTCTA	0	FD150_2	Astronaut 2	FD150	FD	32.6195195061393
FD150_2_AGAGTATGCGCGACCGTCTA	0	FD150_2	Astronaut 2	FD150	FD	30.3606121023643
FD150_2_AGAGTCCGCTGATGAGTCTA	1	FD150_2	Astronaut 2	FD150	FD	54.5337337537106
FD150_2_AGAGTCGCTCGGAGCGTCTA	2	FD150_2	Astronaut 2	FD150	FD	50.7363387557528
FD150_2_AGAGTCGTCGCTAGTGTCTA	1	FD150_2	Astronaut 2	FD150	FD	50.4364656688331
FD150_2_AGAGTCTAGTCAACTGCTTG	1	FD150_2	Astronaut 2	FD150	FD	32.4895874736151
FD150_2_AGAGTGAGCTGCGAAGGCGT	6	FD150_2	Astronaut 2	FD150	FD	31.5404334912682
FD150_2_AGAGTGGTCCGTAATGCGGT	0	FD150_2	Astronaut 2	FD150	FD	44.2113250266317
FD150_2_AGAGTGTATCGGAGCGATAT	7	FD150_2	Astronaut 2	FD150	FD	34.7283430479765
FD150_2_AGCGGAAGACGATGAGATGA	2	FD150_2	Astronaut 2	FD150	FD	30.3606121621376
FD150_2_AGCGGAGAGTCGCAAGCGGT	0	FD150_2	Astronaut 2	FD150	FD	50.7363388155262
FD150_2_AGCGGCGCCTCAGAAGATGA	0	FD150_2	Astronaut 2	FD150	FD	36.2389034833408
FD150_2_AGCGGCTCCACGGCAGCGGT	0	FD150_2	Astronaut 2	FD150	FD	49.1683373584584
FD150_2_AGCGGGAACCCCTAGGCAAC	1	FD150_2	Astronaut 2	FD150	FD	54.5222839388679
FD150_2_AGCGGGAGCTGCTGCGATAT	1	FD150_2	Astronaut 2	FD150	FD	61.4709149953418
FD150_2_AGCGGTACGTGGCGTGTCTA	0	FD150_2	Astronaut 2	FD150	FD	50.7363388752995
FD150_2_AGCGGTAGAGATTGGGCTTG	1	FD150_2	Astronaut 2	FD150	FD	49.0934460652089
FD150_2_AGCGGTCAGTCAGAAGCTTG	1	FD150_2	Astronaut 2	FD150	FD	44.1448644305418
FD150_2_AGGCTAGCGGCGCTCGATGA	3	FD150_2	Astronaut 2	FD150	FD	35.4436813468296
FD150_2_AGGCTAGTTGCTAGTGGCGT	2	FD150_2	Astronaut 2	FD150	FD	30.360612221911
FD150_2_AGGCTAGTTGGATGAGTCTA	1	FD150_2	Astronaut 2	FD150	FD	28.5937901389962
FD150_2_AGGCTCCATACTTAAGATGA	0	FD150_2	Astronaut 2	FD150	FD	50.7363389350728
FD150_2_AGGCTGAGTCCGGCAGCTTG	1	FD150_2	Astronaut 2	FD150	FD	57.8396874184897
FD150_2_AGGCTGCAACGCTGCGCAAC	1	FD150_2	Astronaut 2	FD150	FD	49.472558761842
FD150_2_AGGCTGGCAGCGCTCGATAT	1	FD150_2	Astronaut 2	FD150	FD	50.7363389948462
FD150_2_AGGCTGGCGTCGCTCGGCGT	0	FD150_2	Astronaut 2	FD150	FD	31.0133396761401
FD150_2_AGGCTGTCCGGTAGAGGAGC	1	FD150_2	Astronaut 2	FD150	FD	30.6736011978901
FD150_2_AGGCTGTCTACAGTTGATAT	0	FD150_2	Astronaut 2	FD150	FD	36.1587163203368
FD150_2_AGGCTTACGTGTAATGGTCC	5	FD150_2	Astronaut 2	FD150	FD	30.117636032506
FD150_2_AGGCTTCATCGGTCCGGCGT	0	FD150_2	Astronaut 2	FD150	FD	31.5404335510415
FD150_2_AGGCTTGCTACTACGGCAAC	5	FD150_2	Astronaut 2	FD150	FD	54.633272345316
FD150_2_AGGCTTTCATCGGCAGATGA	1	FD150_2	Astronaut 2	FD150	FD	30.3606122816843
FD150_2_AGGTCAACCGGCTGCGATAT	5	FD150_2	Astronaut 2	FD150	FD	35.4436814066029
FD150_2_AGGTCATCCTGCGAAGATGA	2	FD150_2	Astronaut 2	FD150	FD	58.9182411273535
FD150_2_AGGTCATCTGCGCCTGGCGT	2	FD150_2	Astronaut 2	FD150	FD	23.513216119587
FD150_2_AGGTCCAACTCGAAGGATGA	0	FD150_2	Astronaut 2	FD150	FD	56.4688315312226
FD150_2_AGGTCCCTAGATTCAGATGA	0	FD150_2	Astronaut 2	FD150	FD	57.839687478263
FD150_2_AGGTCCGGCACTCCAGCTGC	0	FD150_2	Astronaut 2	FD150	FD	30.1815194749512
FD150_2_AGGTCGACTGGCAACGATGA	0	FD150_2	Astronaut 2	FD150	FD	54.5222839986412
FD150_2_AGGTCGCAACGATGAGGTCC	5	FD150_2	Astronaut 2	FD150	FD	31.499273943033
FD150_2_AGGTCTCATCCCGCTGCTTG	1	FD150_2	Astronaut 2	FD150	FD	58.7353867617637
FD150_2_AGGTCTGAGAGCCTTGCCTT	5	FD150_2	Astronaut 2	FD150	FD	49.4725588216154
FD150_2_AGTTGAACTCGAACCGCAAC	2	FD150_2	Astronaut 2	FD150	FD	22.1167560164446
FD150_2_AGTTGACTCGGCGAAGATAT	1	FD150_2	Astronaut 2	FD150	FD	54.8201011175189
FD150_2_AGTTGATTACCGCTCGCGGT	5	FD150_2	Astronaut 2	FD150	FD	32.5342393470647
FD150_2_AGTTGCCGCTCGGATGTAAT	1	FD150_2	Astronaut 2	FD150	FD	54.5222840584145
FD150_2_AGTTGCTGGACGATTGCAAC	2	FD150_2	Astronaut 2	FD150	FD	27.7339880371317
FD150_2_AGTTGGCGGTCAACTGTAAT	0	FD150_2	Astronaut 2	FD150	FD	44.177643084768
FD150_2_AGTTGTAGGAGGTCCGATGA	1	FD150_2	Astronaut 2	FD150	FD	49.1683374182318
FD150_2_ATCCTACTCGCAGTTGCTGC	0	FD150_2	Astronaut 2	FD150	FD	26.177106204247
FD150_2_ATCCTCGCCTCTAACGTCTA	0	FD150_2	Astronaut 2	FD150	FD	32.5186035196682
FD150_2_ATCCTCGTCGCCTCAGATGA	1	FD150_2	Astronaut 2	FD150	FD	31.5404336108149
FD150_2_ATCCTGCAGGGCAACGCTGC	0	FD150_2	Astronaut 2	FD150	FD	30.3606123414576
FD150_2_ATCCTTATCTCGCTCGCTTG	1	FD150_2	Astronaut 2	FD150	FD	37.1546733789412
FD150_2_ATCCTTCATCCCTCAGGCGT	5	FD150_2	Astronaut 2	FD150	FD	30.138173901977
FD150_2_ATCTGAGAACGGAGCGATGA	1	FD150_2	Astronaut 2	FD150	FD	28.995119229506
FD150_2_ATCTGATCTGGGTAAGTAAT	2	FD150_2	Astronaut 2	FD150	FD	49.1683374780051
FD150_2_ATCTGATGGCCAGCGGTAAT	1	FD150_2	Astronaut 2	FD150	FD	49.1213216812849
FD150_2_ATCTGATTACCAGCGGCAAC	0	FD150_2	Astronaut 2	FD150	FD	31.5404336705882
FD150_2_ATCTGCCATACTACGGCCTT	1	FD150_2	Astronaut 2	FD150	FD	28.2044564064729
FD150_2_ATCTGCGAAGCCATAGGAGC	1	FD150_2	Astronaut 2	FD150	FD	36.7298654045216
FD150_2_ATCTGCGATTGAGTCGTAAT	1	FD150_2	Astronaut 2	FD150	FD	30.360612401231
FD150_2_ATCTGCTCCAGAACCGTCTA	1	FD150_2	Astronaut 2	FD150	FD	57.292679053431
FD150_2_ATCTGGATGACAGTTGTCTA	0	FD150_2	Astronaut 2	FD150	FD	35.4436814663763
FD150_2_ATCTGGCTTGCAGTTGATGA	0	FD150_2	Astronaut 2	FD150	FD	54.5874041750109
FD150_2_ATCTGTCTACCTGGAGCTTG	1	FD150_2	Astronaut 2	FD150	FD	31.5404337303616
FD150_2_ATGCGACGATGGTAAGATAT	1	FD150_2	Astronaut 2	FD150	FD	27.7351755188941
FD150_2_ATGCGAGAACGCAACGCTTG	1	FD150_2	Astronaut 2	FD150	FD	31.5404337901349
FD150_2_ATGCGAGAGTCTCCAGCTTG	3	FD150_2	Astronaut 2	FD150	FD	31.5404338499082
FD150_2_ATGCGCGACCGCAACGCAAC	1	FD150_2	Astronaut 2	FD150	FD	31.5404339096816
FD150_2_ATGCGGCTCTCGACCGCTTG	6	FD150_2	Astronaut 2	FD150	FD	32.4923622231859
FD150_2_ATGCGGGTAAGCTGCGCAAC	6	FD150_2	Astronaut 2	FD150	FD	32.546087521992
FD150_2_ATGCGTACGTGCAACGGCGT	7	FD150_2	Astronaut 2	FD150	FD	30.3970512727824
FD150_2_ATGGCAAGCAGCGAAGTAAT	1	FD150_2	Astronaut 2	FD150	FD	31.5404339694549
FD150_2_ATGGCCGTCGGGTAAGGTCC	6	FD150_2	Astronaut 2	FD150	FD	50.7363390546195
FD150_2_ATGGCTAGAGCCTAGGGAGC	1	FD150_2	Astronaut 2	FD150	FD	32.4922738830347
FD150_2_ATGGCTATTGCGGCAGTAAT	0	FD150_2	Astronaut 2	FD150	FD	49.4725588813887
FD150_2_ATGGCTATTGCTTAAGTAAT	2	FD150_2	Astronaut 2	FD150	FD	30.6264035696304
FD150_2_ATTACAACTCCAGTTGCAAC	1	FD150_2	Astronaut 2	FD150	FD	44.1448644903152
FD150_2_ATTACAAGGTGCTGCGATAT	1	FD150_2	Astronaut 2	FD150	FD	50.2815151888308
FD150_2_ATTACAGCGGCAGAAGGTCC	6	FD150_2	Astronaut 2	FD150	FD	27.4801857569818
FD150_2_ATTACATTCACAGTTGTAAT	1	FD150_2	Astronaut 2	FD150	FD	54.5222841181879
FD150_2_ATTACGCAGGCGGATGATAT	1	FD150_2	Astronaut 2	FD150	FD	31.5404340292282
FD150_2_ATTACGTAATCTACGGCTTG	1	FD150_2	Astronaut 2	FD150	FD	54.5222841779612
FD150_2_ATTACTAGAGGCAACGATGA	0	FD150_2	Astronaut 2	FD150	FD	49.0934461249823
FD150_2_ATTACTAGGACTGGAGATAT	1	FD150_2	Astronaut 2	FD150	FD	49.472558941162
FD150_2_ATTACTAGGAGACTGGCTGC	3	FD150_2	Astronaut 2	FD150	FD	26.6289393119575
FD150_2_ATTACTTATGCAGTTGATAT	1	FD150_2	Astronaut 2	FD150	FD	54.5222842377346
FD150_2_ATTACTTATGGGCGTGATAT	1	FD150_2	Astronaut 2	FD150	FD	53.3827207728987
FD150_2_ATTCAAAGGTGATATGCTTG	1	FD150_2	Astronaut 2	FD150	FD	54.5222842975079
FD150_2_ATTCAACTTCCCATAGCCTT	0	FD150_2	Astronaut 2	FD150	FD	58.6995263618821
FD150_2_ATTCACAGCGGCGGTGGCGT	3	FD150_2	Astronaut 2	FD150	FD	50.7363391143928
FD150_2_ATTCACGCCTGGTCCGCCTT	1	FD150_2	Astronaut 2	FD150	FD	31.328342613678
FD150_2_ATTCAGCAGGGGTCCGATGA	3	FD150_2	Astronaut 2	FD150	FD	49.0934461847556
FD150_2_ATTCAGGTAACTCCAGCAAC	1	FD150_2	Astronaut 2	FD150	FD	50.5129563891444
FD150_2_ATTCATAGGACAACTGCCTT	5	FD150_2	Astronaut 2	FD150	FD	31.5404340890016
FD150_2_ATTCATATGCCCTAGGGTCC	1	FD150_2	Astronaut 2	FD150	FD	49.0934462445289
FD150_2_ATTCATTAGCGATGAGCGGT	7	FD150_2	Astronaut 2	FD150	FD	60.4684979078903
FD150_2_ATTGGAGAACGTATCGGTCC	0	FD150_2	Astronaut 2	FD150	FD	31.5404341487749
FD150_2_ATTGGCAGCGGAGCTGTAAT	0	FD150_2	Astronaut 2	FD150	FD	30.5899761550342
FD150_2_ATTGGCGGATGGTCCGATGA	1	FD150_2	Astronaut 2	FD150	FD	28.3725836920678
FD150_2_ATTGGCTCCAGGCAGGGCGT	1	FD150_2	Astronaut 2	FD150	FD	59.7296954787185
FD150_2_ATTGGGATATGGTAAGGAGC	1	FD150_2	Astronaut 2	FD150	FD	31.5404342085483
FD150_2_CAACTAACCGGTAGAGATAT	0	FD150_2	Astronaut 2	FD150	FD	32.4961015072015
FD150_2_CAACTACTTCCCTAGGCTGC	1	FD150_2	Astronaut 2	FD150	FD	44.1778222771306
FD150_2_CAACTGAGTCCTGGAGCTTG	3	FD150_2	Astronaut 2	FD150	FD	30.308693733952
FD150_2_CAACTGTCTAGGCGTGTCTA	0	FD150_2	Astronaut 2	FD150	FD	44.1448645500885
FD150_2_CAACTTGCTACTGGAGGCGT	0	FD150_2	Astronaut 2	FD150	FD	27.7496488465537
FD150_2_CAATCAGAACGCAACGGCGT	5	FD150_2	Astronaut 2	FD150	FD	61.4709150551151
FD150_2_CAATCCAATCGGAGCGCTGC	1	FD150_2	Astronaut 2	FD150	FD	61.4709151148885
FD150_2_CAATCCGACCGCAGGGTAAT	2	FD150_2	Astronaut 2	FD150	FD	32.4895875333884
FD150_2_CAATCCGTCGCAATCGGTCC	6	FD150_2	Astronaut 2	FD150	FD	30.3606124610043
FD150_2_CAATCGAACCCTGGAGCTGC	1	FD150_2	Astronaut 2	FD150	FD	54.5222843572812
FD150_2_CAATCGATATCTTAAGTAAT	0	FD150_2	Astronaut 2	FD150	FD	49.4725590009354
FD150_2_CAATCGCTGCGGTAAGCAAC	2	FD150_2	Astronaut 2	FD150	FD	49.1683375377784
FD150_2_CAATCTCGTAATTGGGCCTT	2	FD150_2	Astronaut 2	FD150	FD	31.5404342683216
FD150_2_CAATCTTATGCCTAGGCTTG	3	FD150_2	Astronaut 2	FD150	FD	50.4187293229308
FD150_2_CAGAAAACTCGCTCTGCAAC	0	FD150_2	Astronaut 2	FD150	FD	31.4414357175939
FD150_2_CAGAAACTTCGTAGAGTAAT	7	FD150_2	Astronaut 2	FD150	FD	61.4709151746618
FD150_2_CAGAACTCCAGCTGCGATAT	1	FD150_2	Astronaut 2	FD150	FD	38.8967214794835
FD150_2_CAGAAGTAGAGCGAAGGAGC	2	FD150_2	Astronaut 2	FD150	FD	58.6967521745837
FD150_2_CAGAATAGAGCTCCAGATAT	3	FD150_2	Astronaut 2	FD150	FD	54.5222844170546
FD150_2_CAGAATCGTACAGCGGCTTG	1	FD150_2	Astronaut 2	FD150	FD	28.6767976094641
FD150_2_CAGAATTATGGGTCCGCTGC	0	FD150_2	Astronaut 2	FD150	FD	61.4709152344351
FD150_2_CAGAATTCGACTCCAGCGGT	0	FD150_2	Astronaut 2	FD150	FD	58.6173984230706
FD150_2_CAGCGAAGACCTCCAGGTCC	0	FD150_2	Astronaut 2	FD150	FD	50.6806484775971
FD150_2_CAGCGAGAACCTCCAGATGA	0	FD150_2	Astronaut 2	FD150	FD	50.7363391741662
FD150_2_CAGCGCGGATCAGCGGTAAT	1	FD150_2	Astronaut 2	FD150	FD	58.8161736844977
FD150_2_CAGCGGTATCGCGAAGCCTT	0	FD150_2	Astronaut 2	FD150	FD	30.3606125207776
FD150_2_CAGCGTAGAGGCAGGGTAAT	0	FD150_2	Astronaut 2	FD150	FD	32.62731594375
FD150_2_CAGCGTCAGTGCGGTGTAAT	1	FD150_2	Astronaut 2	FD150	FD	36.2839514844494
FD150_2_CAGCGTCGTACTAGTGATAT	1	FD150_2	Astronaut 2	FD150	FD	53.3960863135107
FD150_2_CAGCGTGCGCGATGAGCTTG	0	FD150_2	Astronaut 2	FD150	FD	30.6073582440837
FD150_2_CAGCGTTGAAGATGAGCCTT	1	FD150_2	Astronaut 2	FD150	FD	34.7166250001713
FD150_2_CAGTTAGAACCTTAAGCCTT	0	FD150_2	Astronaut 2	FD150	FD	27.4930094409622
FD150_2_CAGTTATGCGCGATTGCTGC	2	FD150_2	Astronaut 2	FD150	FD	29.7904354323673
FD150_2_CAGTTATTCAGCAGGGTAAT	0	FD150_2	Astronaut 2	FD150	FD	29.8021640957943
FD150_2_CAGTTCGTCGGAACCGGCGT	0	FD150_2	Astronaut 2	FD150	FD	30.2118982299059
FD150_2_CAGTTGCCTTCGGATGCTTG	1	FD150_2	Astronaut 2	FD150	FD	50.7363392339395
FD150_2_CAGTTGGTCCGCTTGGATGA	5	FD150_2	Astronaut 2	FD150	FD	60.1721038762954
FD150_2_CCATAACCTAGCAGGGCAAC	1	FD150_2	Astronaut 2	FD150	FD	37.1546734387145
FD150_2_CCATAACGATGCTTGGGCGT	0	FD150_2	Astronaut 2	FD150	FD	29.4841807492073
FD150_2_CCATAAGTTGCTACGGTCTA	1	FD150_2	Astronaut 2	FD150	FD	31.4805087107633
FD150_2_CCATACCGCTCGTCGGCCTT	2	FD150_2	Astronaut 2	FD150	FD	49.4725590607087
FD150_2_CCATACCTAGGGCAGGATGA	0	FD150_2	Astronaut 2	FD150	FD	35.0836113815917
FD150_2_CCATACCTAGGGCAGGCAAC	1	FD150_2	Astronaut 2	FD150	FD	36.261132476354
FD150_2_CCATAGCGAAGATATGCTGC	6	FD150_2	Astronaut 2	FD150	FD	31.5404343280949
FD150_2_CCATAGTCCGCCATAGCCTT	1	FD150_2	Astronaut 2	FD150	FD	18.9950297730279
FD150_2_CCATATAGAGCTACGGGCGT	1	FD150_2	Astronaut 2	FD150	FD	31.5404343878683
FD150_2_CCATATATTGGCTGCGGTCC	0	FD150_2	Astronaut 2	FD150	FD	50.5555555260759
FD150_2_CCGCTAAGGTGCAGGGGCGT	0	FD150_2	Astronaut 2	FD150	FD	54.6332724050893
FD150_2_CCGCTAGAGTGAGCTGTAAT	1	FD150_2	Astronaut 2	FD150	FD	38.6532468121403
FD150_2_CCGCTAGGCTCTAGTGATAT	1	FD150_2	Astronaut 2	FD150	FD	54.5222844768279
FD150_2_CCGCTCCTCACAACTGGCGT	1	FD150_2	Astronaut 2	FD150	FD	49.0934463043023
FD150_2_CCGCTCTAACGAGTCGGCGT	1	FD150_2	Astronaut 2	FD150	FD	59.8338858133405
FD150_2_CCGCTCTCCAGAGTCGGCGT	0	FD150_2	Astronaut 2	FD150	FD	30.0937578388327
FD150_2_CCGCTCTGGAGTAATGATGA	3	FD150_2	Astronaut 2	FD150	FD	32.5142420042879
FD150_2_CCGCTGAGTCCAACTGCGGT	3	FD150_2	Astronaut 2	FD150	FD	43.5385846813268
FD150_2_CCGCTGGCGTCTAACGTCTA	3	FD150_2	Astronaut 2	FD150	FD	29.5254415167422
FD150_2_CCGCTTATCTGTAGAGCAAC	2	FD150_2	Astronaut 2	FD150	FD	20.8381453606748
FD150_2_CCGCTTCGTACGAAGGCTTG	1	FD150_2	Astronaut 2	FD150	FD	26.2411380365349
FD150_2_CCGCTTTCGAGCAGGGGAGC	2	FD150_2	Astronaut 2	FD150	FD	31.1542553061989
FD150_2_CCTAGCTCCAGTAGAGTAAT	2	FD150_2	Astronaut 2	FD150	FD	35.4436815261496
FD150_2_CCTAGGAGTCGCGGTGATGA	1	FD150_2	Astronaut 2	FD150	FD	57.9933545061832
FD150_2_CCTAGGGCAGGATGAGATAT	2	FD150_2	Astronaut 2	FD150	FD	60.1721039360687
FD150_2_CCTAGTGGACGAACCGATAT	1	FD150_2	Astronaut 2	FD150	FD	50.7363392937129
FD150_2_CCTAGTTCATCAATCGTAAT	1	FD150_2	Astronaut 2	FD150	FD	18.9950298328013
FD150_2_CCTAGTTGAACTTAAGGCGT	0	FD150_2	Astronaut 2	FD150	FD	54.6332724648626
FD150_2_CCTCAGCAACCCTCAGCTTG	1	FD150_2	Astronaut 2	FD150	FD	57.4635497187555
FD150_2_CCTCAGTATCCGAAGGCTGC	1	FD150_2	Astronaut 2	FD150	FD	36.5801546506255
FD150_2_CCTCATAGAGCTGGAGATAT	3	FD150_2	Astronaut 2	FD150	FD	34.8750432059258
FD150_2_CGAAGAACCGCTCCAGCAAC	1	FD150_2	Astronaut 2	FD150	FD	29.4053430986046
FD150_2_CGAAGCGTCGCTAGTGTCTA	3	FD150_2	Astronaut 2	FD150	FD	32.4895875931618
FD150_2_CGAAGCGTCGGTATCGCGGT	0	FD150_2	Astronaut 2	FD150	FD	25.1274834901331
FD150_2_CGAAGCTTAACGATTGCTTG	1	FD150_2	Astronaut 2	FD150	FD	57.8396875380363
FD150_2_CGAAGGAGTCGGCGTGCTTG	0	FD150_2	Astronaut 2	FD150	FD	30.3970513325557
FD150_2_CGAAGGCCTTGATGAGATGA	3	FD150_2	Astronaut 2	FD150	FD	31.5404344476416
FD150_2_CGAAGGCTTGGAGCTGCAAC	1	FD150_2	Astronaut 2	FD150	FD	44.2670610310468
FD150_2_CGAAGGGCAGCAGTTGCTTG	1	FD150_2	Astronaut 2	FD150	FD	50.7363393534862
FD150_2_CGAAGTATCTCCATAGCAAC	1	FD150_2	Astronaut 2	FD150	FD	43.7681274830801
FD150_2_CGAAGTGAGAGCAACGATAT	0	FD150_2	Astronaut 2	FD150	FD	54.633272524636
FD150_2_CGAAGTGGACCGATTGTAAT	1	FD150_2	Astronaut 2	FD150	FD	32.1044449431653
FD150_2_CGACCAGGCTCGCAAGGCGT	6	FD150_2	Astronaut 2	FD150	FD	29.3633856189441
FD150_2_CGACCATTGGCAGTTGCCTT	0	FD150_2	Astronaut 2	FD150	FD	31.540434507415
FD150_2_CGACCCGGATCTGGAGCTTG	5	FD150_2	Astronaut 2	FD150	FD	50.278468540967
FD150_2_CGACCTAAGGCCATAGCCTT	1	FD150_2	Astronaut 2	FD150	FD	50.7363394132595
FD150_2_CGACCTTGAAGCTCTGGAGC	2	FD150_2	Astronaut 2	FD150	FD	18.9950298925746
FD150_2_CGATTAACTCGAGCTGCTTG	6	FD150_2	Astronaut 2	FD150	FD	28.5578173310581
FD150_2_CGATTAAGCACAGCGGCAAC	1	FD150_2	Astronaut 2	FD150	FD	30.6107180294848
FD150_2_CGATTATCCTCGCCTGATGA	2	FD150_2	Astronaut 2	FD150	FD	35.4436815859229
FD150_2_CGATTCAATCCAATCGATAT	0	FD150_2	Astronaut 2	FD150	FD	35.4436816456963
FD150_2_CGATTGATGAGGAGCGCAAC	1	FD150_2	Astronaut 2	FD150	FD	49.1683375975518
FD150_2_CGATTGGAGCCTACGGGAGC	0	FD150_2	Astronaut 2	FD150	FD	30.3970513923291
FD150_2_CGATTGTTAGCTCCAGCTTG	1	FD150_2	Astronaut 2	FD150	FD	49.4725591204821
FD150_2_CGATTTAAGGGCGGTGCCTT	0	FD150_2	Astronaut 2	FD150	FD	30.360612580551
FD150_2_CGATTTAGAGGCAGGGCTGC	3	FD150_2	Astronaut 2	FD150	FD	31.36720772506
FD150_2_CGATTTATTGGATATGCGGT	1	FD150_2	Astronaut 2	FD150	FD	43.3218768399215
FD150_2_CGATTTCGTACGCAAGCCTT	1	FD150_2	Astronaut 2	FD150	FD	50.7363394730329
FD150_2_CGCAAACTTCCTAACGATAT	0	FD150_2	Astronaut 2	FD150	FD	50.7363395328062
FD150_2_CGCAACGACCGTATCGCAAC	0	FD150_2	Astronaut 2	FD150	FD	31.0547196335141
FD150_2_CGCAACTACGCTCCAGTAAT	2	FD150_2	Astronaut 2	FD150	FD	35.083611441365
FD150_2_CGCAACTACGGATATGATGA	1	FD150_2	Astronaut 2	FD150	FD	34.8068286961973
FD150_2_CGCAACTGGACGAAGGCTTG	1	FD150_2	Astronaut 2	FD150	FD	31.8444811912795
FD150_2_CGCAAGTATCGCAACGATAT	5	FD150_2	Astronaut 2	FD150	FD	49.1683376573251
FD150_2_CGCAATATGCATTGGGATGA	5	FD150_2	Astronaut 2	FD150	FD	50.7363395925795
FD150_2_CGCAATCATCCTGGAGATAT	5	FD150_2	Astronaut 2	FD150	FD	54.5222845366012
FD150_2_CGCAATTCGACGGCAGCTTG	1	FD150_2	Astronaut 2	FD150	FD	49.1683377170984
FD150_2_CGCAATTGAAGCCTTGCTGC	0	FD150_2	Astronaut 2	FD150	FD	21.8618218373068
FD150_2_CGCCTAAGGTATTGGGTAAT	3	FD150_2	Astronaut 2	FD150	FD	31.002754877783
FD150_2_CGCCTACCAGGGCAGGGAGC	0	FD150_2	Astronaut 2	FD150	FD	43.5385847411001
FD150_2_CGCCTACCTAGAACCGCAAC	1	FD150_2	Astronaut 2	FD150	FD	58.6173984828439
FD150_2_CGCCTAGAGTGCAGGGCTTG	1	FD150_2	Astronaut 2	FD150	FD	44.1448646098618
FD150_2_CGCCTAGCGGGAGCTGCAAC	1	FD150_2	Astronaut 2	FD150	FD	32.5831576814876
FD150_2_CGCCTCCATACGACCGTAAT	1	FD150_2	Astronaut 2	FD150	FD	29.6139264228679
FD150_2_CGCCTCGCTCCGCTCGCTTG	1	FD150_2	Astronaut 2	FD150	FD	32.4905106442658
FD150_2_CGCCTCGGCACGCCTGATAT	5	FD150_2	Astronaut 2	FD150	FD	53.2533406132979
FD150_2_CGCCTCTACGCCGCTGATAT	1	FD150_2	Astronaut 2	FD150	FD	31.5404345671883
FD150_2_CGCCTCTCCACTAGTGGCGT	0	FD150_2	Astronaut 2	FD150	FD	53.2057183631514
FD150_2_CGCCTGCGGTGAACCGCAAC	5	FD150_2	Astronaut 2	FD150	FD	49.1683377768718
FD150_2_CGCCTTAGAGCCTCAGTAAT	0	FD150_2	Astronaut 2	FD150	FD	49.4725591802554
FD150_2_CGCCTTATGCCGCCTGGCGT	1	FD150_2	Astronaut 2	FD150	FD	24.5024207868107
FD150_2_CGCTCAACGAGGAGCGATGA	1	FD150_2	Astronaut 2	FD150	FD	35.4436817054696
FD150_2_CGCTCAAGGTCGGATGCTTG	2	FD150_2	Astronaut 2	FD150	FD	61.4804842006856
FD150_2_CGCTCACCAGCTCCAGTCTA	0	FD150_2	Astronaut 2	FD150	FD	27.733988096905
FD150_2_CGCTCACTCGCGGATGCTTG	7	FD150_2	Astronaut 2	FD150	FD	56.2095301848049
FD150_2_CGCTCCAGTTCAATCGGCGT	0	FD150_2	Astronaut 2	FD150	FD	28.1041716283184
FD150_2_CGCTCCGCAAGCTCTGTCTA	0	FD150_2	Astronaut 2	FD150	FD	28.3432471015941
FD150_2_CGCTCCTAGTGCTCTGGCGT	3	FD150_2	Astronaut 2	FD150	FD	30.3606126403243
FD150_2_CGCTCGCTTGGCCTTGATGA	2	FD150_2	Astronaut 2	FD150	FD	34.946392081779
FD150_2_CGCTCGGCGTCGAAGGCTGC	0	FD150_2	Astronaut 2	FD150	FD	19.1641455886097
FD150_2_CGCTCGTAGAGTATCGGCGT	0	FD150_2	Astronaut 2	FD150	FD	31.3420768002851
FD150_2_CGCTCTCATCCGATTGATAT	3	FD150_2	Astronaut 2	FD150	FD	30.7123551608362
FD150_2_CGCTCTCGCGGATGAGTCTA	3	FD150_2	Astronaut 2	FD150	FD	56.4888705875553
FD150_2_CGCTCTGAGACCATAGCTTG	1	FD150_2	Astronaut 2	FD150	FD	54.5222845963746
FD150_2_CGCTCTGGACGCGGTGGCGT	3	FD150_2	Astronaut 2	FD150	FD	50.7363396523529
FD150_2_CGGATATCCTCGCAAGATGA	0	FD150_2	Astronaut 2	FD150	FD	35.0836115011384
FD150_2_CGGATATCCTCTCCAGTCTA	1	FD150_2	Astronaut 2	FD150	FD	44.1448646696352
FD150_2_CGGATCGACCGCGAAGCCTT	1	FD150_2	Astronaut 2	FD150	FD	53.4616547322417
FD150_2_CGGATCGATTGAACCGGTCC	5	FD150_2	Astronaut 2	FD150	FD	30.7744608761756
FD150_2_CGGATCTCCACAGAAGGTCC	1	FD150_2	Astronaut 2	FD150	FD	44.612094073632
FD150_2_CGGATGCCTTCAGCGGCGGT	5	FD150_2	Astronaut 2	FD150	FD	31.5404346269616
FD150_2_CGGATGGTCCGCAACGCTGC	0	FD150_2	Astronaut 2	FD150	FD	31.076610205853
FD150_2_CGGATTCAGTCAGCGGCAAC	1	FD150_2	Astronaut 2	FD150	FD	49.2025044276188
FD150_2_CGGATTCAGTGAGTCGCAAC	1	FD150_2	Astronaut 2	FD150	FD	49.1683378366451
FD150_2_CGGATTCAGTGGCAGGCAAC	1	FD150_2	Astronaut 2	FD150	FD	54.8201011772923
FD150_2_CGGATTCATCGTAGAGATGA	1	FD150_2	Astronaut 2	FD150	FD	31.540434686735
FD150_2_CGGCAACCAGGTAGAGCCTT	0	FD150_2	Astronaut 2	FD150	FD	50.7363397121262
FD150_2_CGGCAAGAGTGCAACGCCTT	0	FD150_2	Astronaut 2	FD150	FD	43.7527866367845
FD150_2_CGGCACAATCCCTAGGATGA	0	FD150_2	Astronaut 2	FD150	FD	60.5042957603071
FD150_2_CGGCACAGCGCAGAAGTCTA	0	FD150_2	Astronaut 2	FD150	FD	32.1044450029386
FD150_2_CGGCACCATAGGTAAGTCTA	0	FD150_2	Astronaut 2	FD150	FD	18.995029952348
FD150_2_CGGCATCCGGATTCAGATAT	1	FD150_2	Astronaut 2	FD150	FD	35.0836115609117
FD150_2_CGGCATTAGCGATGAGCGGT	2	FD150_2	Astronaut 2	FD150	FD	49.1683378964184
FD150_2_CGTCGAACCGCGGATGATAT	3	FD150_2	Astronaut 2	FD150	FD	49.0934463640756
FD150_2_CGTCGAAGCAGCTCTGCAAC	0	FD150_2	Astronaut 2	FD150	FD	20.7554090799363
FD150_2_CGTCGACTTCGTATCGCTTG	1	FD150_2	Astronaut 2	FD150	FD	60.1656476162553
FD150_2_CGTCGAGCGGGATGAGCCTT	6	FD150_2	Astronaut 2	FD150	FD	60.1721039958421
FD150_2_CGTCGGATGAATTCAGCGGT	3	FD150_2	Astronaut 2	FD150	FD	50.7363397718995
FD150_2_CGTCGGCCTTCAATCGCTGC	0	FD150_2	Astronaut 2	FD150	FD	30.3606127000977
FD150_2_CGTCGGTAGACCTAGGCAAC	1	FD150_2	Astronaut 2	FD150	FD	50.466401465533
FD150_2_CGTCGGTATCCCTAGGCTTG	3	FD150_2	Astronaut 2	FD150	FD	30.360612759871
FD150_2_CGTCGTGCTACTTAAGCTTG	1	FD150_2	Astronaut 2	FD150	FD	61.1323761688179
FD150_2_CGTCGTGGACCGGCAGCTTG	3	FD150_2	Astronaut 2	FD150	FD	31.5404347465083
FD150_2_CTAACAACGACGAAGGCAAC	1	FD150_2	Astronaut 2	FD150	FD	30.477864324239
FD150_2_CTAACGAGCTGCAGGGCCTT	1	FD150_2	Astronaut 2	FD150	FD	49.0934464238489
FD150_2_CTAACTATGCCAGCGGCTGC	3	FD150_2	Astronaut 2	FD150	FD	29.3757205059657
FD150_2_CTACGATCCTCTGGAGGTCC	1	FD150_2	Astronaut 2	FD150	FD	31.5404348062816
FD150_2_CTACGCAGAACCATAGCTGC	0	FD150_2	Astronaut 2	FD150	FD	31.540434866055
FD150_2_CTACGCGCCTGGCAGGCTTG	1	FD150_2	Astronaut 2	FD150	FD	30.3606128196443
FD150_2_CTACGGAACCGGTAAGGCGT	0	FD150_2	Astronaut 2	FD150	FD	31.5404349258283
FD150_2_CTACGGAGCTCCGCTGATAT	5	FD150_2	Astronaut 2	FD150	FD	30.4320861264061
FD150_2_CTACGGATGACAGCGGCTTG	2	FD150_2	Astronaut 2	FD150	FD	32.1044450627119
FD150_2_CTACGTATGCGGCAGGGCGT	1	FD150_2	Astronaut 2	FD150	FD	50.7363398316729
FD150_2_CTACGTCAGTGCTTGGTCTA	4	FD150_2	Astronaut 2	FD150	FD	50.7363398914462
FD150_2_CTAGTAAGGTCGCAAGCTTG	1	FD150_2	Astronaut 2	FD150	FD	35.4436817652429
FD150_2_CTAGTACTCGGATATGGCGT	0	FD150_2	Astronaut 2	FD150	FD	30.3606128794177
FD150_2_CTAGTATTACGTAATGCTTG	7	FD150_2	Astronaut 2	FD150	FD	49.3857136099408
FD150_2_CTAGTCGACCGCGGTGCGGT	6	FD150_2	Astronaut 2	FD150	FD	18.9950300121213
FD150_2_CTAGTGGAGCATTCAGCTTG	1	FD150_2	Astronaut 2	FD150	FD	32.4934924670614
FD150_2_CTAGTGTCCGATTCAGATGA	0	FD150_2	Astronaut 2	FD150	FD	35.4436818250163
FD150_2_CTAGTTCATCCGATTGATGA	0	FD150_2	Astronaut 2	FD150	FD	50.6919008914349
FD150_2_CTAGTTCGTACTTAAGCAAC	6	FD150_2	Astronaut 2	FD150	FD	44.1448647294085
FD150_2_CTAGTTCTACGTAGAGTAAT	0	FD150_2	Astronaut 2	FD150	FD	26.027209593003
FD150_2_CTCCAAAGACCAGAAGCAAC	5	FD150_2	Astronaut 2	FD150	FD	30.360612939191
FD150_2_CTCCAACGATCCTCAGTCTA	2	FD150_2	Astronaut 2	FD150	FD	30.3606129989644
FD150_2_CTCCAATTCACAGCGGCAAC	1	FD150_2	Astronaut 2	FD150	FD	31.5404349856017
FD150_2_CTCCACGTCGGAACCGTCTA	0	FD150_2	Astronaut 2	FD150	FD	29.7958053744655
FD150_2_CTCCAGCGAAGTATCGGCGT	3	FD150_2	Astronaut 2	FD150	FD	31.540435045375
FD150_2_CTCCAGCTGCGTATCGCAAC	1	FD150_2	Astronaut 2	FD150	FD	31.0594584434884
FD150_2_CTCCATATTGCTAACGCTTG	1	FD150_2	Astronaut 2	FD150	FD	54.5222846561479
FD150_2_CTGGAAACGAGAGTCGCAAC	1	FD150_2	Astronaut 2	FD150	FD	54.6332725844093
FD150_2_CTGGAAGCGGCTGGAGCTTG	1	FD150_2	Astronaut 2	FD150	FD	54.5222847159212
FD150_2_CTGGACGCAACGTCGGGTCC	0	FD150_2	Astronaut 2	FD150	FD	54.5222847756946
FD150_2_CTGGAGACTGCCTCAGATAT	1	FD150_2	Astronaut 2	FD150	FD	54.5222848354679
FD150_2_CTGGATAGAGCGTCGGGAGC	2	FD150_2	Astronaut 2	FD150	FD	54.5222848952412
FD150_2_CTGGATCCGGGTAATGGTCC	1	FD150_2	Astronaut 2	FD150	FD	35.4436818847896
FD150_2_CTGGATCTACCTTAAGCCTT	0	FD150_2	Astronaut 2	FD150	FD	54.6332726441827
FD150_2_CTGGATTCGAGAACCGCAAC	1	FD150_2	Astronaut 2	FD150	FD	50.7363399512195
FD150_2_CTTAAAAGGTCTTAAGGCGT	1	FD150_2	Astronaut 2	FD150	FD	44.1448647891818
FD150_2_CTTAAACTTCGCAGGGCCTT	1	FD150_2	Astronaut 2	FD150	FD	49.4725592400287
FD150_2_CTTAAACTTCGCAGGGCTTG	1	FD150_2	Astronaut 2	FD150	FD	30.3606130587377
FD150_2_CTTAAATTGGGAGCTGGTCC	0	FD150_2	Astronaut 2	FD150	FD	44.1448648489552
FD150_2_CTTAACGATTGGCAGGTCTA	0	FD150_2	Astronaut 2	FD150	FD	49.4725592998021
FD150_2_CTTAACTCCACTCCAGTAAT	5	FD150_2	Astronaut 2	FD150	FD	35.4436819445629
FD150_2_CTTAAGACTGGATGAGTCTA	0	FD150_2	Astronaut 2	FD150	FD	31.5404351051483
FD150_2_CTTAAGTCCGATTCAGCAAC	5	FD150_2	Astronaut 2	FD150	FD	56.4688315909959
FD150_2_CTTAAGTTAGGCAACGCAAC	1	FD150_2	Astronaut 2	FD150	FD	26.5995919202024
FD150_2_CTTAATAGGAGCCTTGATGA	0	FD150_2	Astronaut 2	FD150	FD	30.360613118511
FD150_2_CTTAATATTGCGCAAGATAT	0	FD150_2	Astronaut 2	FD150	FD	32.5458818351295
FD150_2_CTTAATTCATCGAAGGGTCC	1	FD150_2	Astronaut 2	FD150	FD	31.5404351649217
FD150_2_CTTAATTGAACGTCGGCCTT	1	FD150_2	Astronaut 2	FD150	FD	26.9912212431246
FD150_2_GAACCACTCGCGCCTGGAGC	1	FD150_2	Astronaut 2	FD150	FD	44.1448649087285
FD150_2_GAACCATTACGGCAGGCTTG	7	FD150_2	Astronaut 2	FD150	FD	61.5312996480093
FD150_2_GAACCCAATCGTAATGTCTA	1	FD150_2	Astronaut 2	FD150	FD	44.1448649685018
FD150_2_GAACCCAGAAGTAGAGTAAT	1	FD150_2	Astronaut 2	FD150	FD	49.4725593595754
FD150_2_GAACCCCGCTCCTCAGCGGT	2	FD150_2	Astronaut 2	FD150	FD	49.0934464836223
FD150_2_GAACCGGAGCCAGCGGCTGC	0	FD150_2	Astronaut 2	FD150	FD	30.5899762148076
FD150_2_GAACCGGAGCGGCGTGATGA	5	FD150_2	Astronaut 2	FD150	FD	43.5182502690881
FD150_2_GAACCTATGCCGATTGCTTG	1	FD150_2	Astronaut 2	FD150	FD	54.69486685297
FD150_2_GACTGAAGGTATTCAGTCTA	0	FD150_2	Astronaut 2	FD150	FD	36.1587163801102
FD150_2_GACTGAGGCTGCTCTGATAT	1	FD150_2	Astronaut 2	FD150	FD	49.1683379561918
FD150_2_GACTGCGTCGGGCGTGCTGC	0	FD150_2	Astronaut 2	FD150	FD	23.8116746272689
FD150_2_GACTGCTCCAGATGAGCGGT	0	FD150_2	Astronaut 2	FD150	FD	49.3303398950183
FD150_2_GACTGGCAACCCTCAGATGA	1	FD150_2	Astronaut 2	FD150	FD	52.1715609265403
FD150_2_GACTGGGCGTCGTCGGCCTT	1	FD150_2	Astronaut 2	FD150	FD	44.1448650282752
FD150_2_GACTGGTAGACAATCGCCTT	0	FD150_2	Astronaut 2	FD150	FD	49.1921371863014
FD150_2_GACTGTAGGACTCCAGGCGT	2	FD150_2	Astronaut 2	FD150	FD	31.3413009785973
FD150_2_GACTGTGCTAGGCAGGCGGT	1	FD150_2	Astronaut 2	FD150	FD	38.3334732665303
FD150_2_GAGCTAAGACCAGTTGCTGC	0	FD150_2	Astronaut 2	FD150	FD	60.1721040556154
FD150_2_GAGCTACCTAGAGCTGCTTG	1	FD150_2	Astronaut 2	FD150	FD	23.1334040018864
FD150_2_GAGCTATGGCGAGCTGGCGT	1	FD150_2	Astronaut 2	FD150	FD	26.17921210919
FD150_2_GAGCTATTGGCGACCGCTTG	1	FD150_2	Astronaut 2	FD150	FD	18.9950300718946
FD150_2_GAGCTCGCTCATTGGGCTTG	1	FD150_2	Astronaut 2	FD150	FD	57.8396875978097
FD150_2_GAGCTCGCTCCTCCAGATAT	0	FD150_2	Astronaut 2	FD150	FD	30.7168274546419
FD150_2_GAGCTCGTCGCGCTCGGAGC	1	FD150_2	Astronaut 2	FD150	FD	50.7363400109929
FD150_2_GAGCTTCAGTCTAACGATGA	3	FD150_2	Astronaut 2	FD150	FD	60.1528051210737
FD150_2_GAGCTTGCGCGATGAGCTGC	6	FD150_2	Astronaut 2	FD150	FD	61.4709152942085
FD150_2_GAGCTTTATGCGCTCGCTGC	3	FD150_2	Astronaut 2	FD150	FD	31.1345403660456
FD150_2_GAGCTTTATGGAACCGCTGC	1	FD150_2	Astronaut 2	FD150	FD	54.633272703956
FD150_2_GAGCTTTATGGACTGGCTGC	3	FD150_2	Astronaut 2	FD150	FD	60.1701665552733
FD150_2_GAGTCAAGGTCGTCGGCTTG	5	FD150_2	Astronaut 2	FD150	FD	30.3606131782844
FD150_2_GAGTCAGAGTCTCCAGCCTT	6	FD150_2	Astronaut 2	FD150	FD	30.6308442540985
FD150_2_GAGTCCGTCGCGAAGGCTGC	5	FD150_2	Astronaut 2	FD150	FD	35.4479814441925
FD150_2_GAGTCGATATCTGGAGCCTT	1	FD150_2	Astronaut 2	FD150	FD	26.6750779277651
FD150_2_GAGTCGGCAGGTAGAGATGA	2	FD150_2	Astronaut 2	FD150	FD	31.2777803654196
FD150_2_GAGTCGGCAGGTATCGATAT	0	FD150_2	Astronaut 2	FD150	FD	36.1587164398835
FD150_2_GAGTCTCATCCGCCTGGCGT	0	FD150_2	Astronaut 2	FD150	FD	31.540435224695
FD150_2_GAGTCTCGTAGTATCGGCGT	2	FD150_2	Astronaut 2	FD150	FD	29.4480974062395
FD150_2_GAGTCTCTACGCGAAGCTTG	1	FD150_2	Astronaut 2	FD150	FD	50.7125885172531
FD150_2_GAGTCTTCATGTAATGCTTG	1	FD150_2	Astronaut 2	FD150	FD	56.4688316507693
FD150_2_GAGTCTTGAAATTCAGTCTA	3	FD150_2	Astronaut 2	FD150	FD	34.7978378633785
FD150_2_GATATAACTCCGCCTGCAAC	0	FD150_2	Astronaut 2	FD150	FD	31.2664278988184
FD150_2_GATATCCTCACGACCGATGA	2	FD150_2	Astronaut 2	FD150	FD	61.4709153539818
FD150_2_GATATCGACCGAACCGCAAC	5	FD150_2	Astronaut 2	FD150	FD	58.6173985426173
FD150_2_GATATCGCTCCTACGGTCTA	0	FD150_2	Astronaut 2	FD150	FD	44.1448650880485
FD150_2_GATATCTAACCCTAGGCGGT	1	FD150_2	Astronaut 2	FD150	FD	30.3606132380577
FD150_2_GATATGCTCTCTGGAGCAAC	1	FD150_2	Astronaut 2	FD150	FD	32.4895876529351
FD150_2_GATATGCTTGCAGTTGCTGC	0	FD150_2	Astronaut 2	FD150	FD	29.8713665870713
FD150_2_GATATTCCGGCTAACGGAGC	3	FD150_2	Astronaut 2	FD150	FD	61.4709154137552
FD150_2_GATATTGAGACGCTCGATAT	1	FD150_2	Astronaut 2	FD150	FD	54.8201012370656
FD150_2_GATGAAAGACCTCCAGATAT	6	FD150_2	Astronaut 2	FD150	FD	50.4277361734451
FD150_2_GATGAACTAAGGCAGGATGA	0	FD150_2	Astronaut 2	FD150	FD	49.4725594193487
FD150_2_GATGAATTGGGACTGGATGA	1	FD150_2	Astronaut 2	FD150	FD	49.1683380159651
FD150_2_GATGACAACTCGGATGATAT	0	FD150_2	Astronaut 2	FD150	FD	32.651770057454
FD150_2_GATGACCTAGGATGAGCAAC	1	FD150_2	Astronaut 2	FD150	FD	31.5404352844684
FD150_2_GATGACGCCTCTTAAGGCGT	0	FD150_2	Astronaut 2	FD150	FD	29.6916299100433
FD150_2_GATGAGGAGCGCTCTGATAT	7	FD150_2	Astronaut 2	FD150	FD	44.1448651478218
FD150_2_GATGAGGAGCGCTCTGCTGC	1	FD150_2	Astronaut 2	FD150	FD	26.7668351889186
FD150_2_GATGAGGTCCCTGGAGGCGT	1	FD150_2	Astronaut 2	FD150	FD	53.0999133520171
FD150_2_GATGATATCTGCTTGGTAAT	0	FD150_2	Astronaut 2	FD150	FD	18.995030131668
FD150_2_GCAACACCAGCCTAGGCCTT	0	FD150_2	Astronaut 2	FD150	FD	49.1683380757385
FD150_2_GCAACATCTGGAGTCGCTGC	0	FD150_2	Astronaut 2	FD150	FD	31.5404353442417
FD150_2_GCAACCCTAGCCTAGGTAAT	5	FD150_2	Astronaut 2	FD150	FD	31.0455046028517
FD150_2_GCAACGTCTACGAAGGGCGT	2	FD150_2	Astronaut 2	FD150	FD	57.9158164580503
FD150_2_GCAACGTCTAGTATCGATAT	0	FD150_2	Astronaut 2	FD150	FD	35.4646214667226
FD150_2_GCAACTCAGTCTACGGCGGT	5	FD150_2	Astronaut 2	FD150	FD	31.540435404015
FD150_2_GCAACTGAGACGTCGGGAGC	0	FD150_2	Astronaut 2	FD150	FD	44.1448652075952
FD150_2_GCAGGCCTAGCGCCTGATAT	1	FD150_2	Astronaut 2	FD150	FD	49.1683381355118
FD150_2_GCAGGCGCAAGCCTTGCTTG	1	FD150_2	Astronaut 2	FD150	FD	29.9385458403048
FD150_2_GCAGGCGCAAGCTGCGATAT	1	FD150_2	Astronaut 2	FD150	FD	58.0669038986667
FD150_2_GCAGGCTGGAGGCAGGCTTG	1	FD150_2	Astronaut 2	FD150	FD	23.4081314394655
FD150_2_GCAGGGATATCGCCTGGCGT	0	FD150_2	Astronaut 2	FD150	FD	35.4436820043363
FD150_2_GCAGGGATGACAATCGGAGC	1	FD150_2	Astronaut 2	FD150	FD	54.5222849550146
FD150_2_GCAGGGTTAGGAACCGCAAC	0	FD150_2	Astronaut 2	FD150	FD	21.8618218970801
FD150_2_GCAGGTATTGGCTGCGCGGT	1	FD150_2	Astronaut 2	FD150	FD	54.5222850147879
FD150_2_GCCTTAGCGGGAACCGCGGT	2	FD150_2	Astronaut 2	FD150	FD	50.5066907652846
FD150_2_GCCTTAGGCTCAGTTGATAT	1	FD150_2	Astronaut 2	FD150	FD	31.5404354637884
FD150_2_GCCTTCGATTGAGCTGATGA	7	FD150_2	Astronaut 2	FD150	FD	24.4251573409686
FD150_2_GCCTTGACTGCTGGAGATAT	0	FD150_2	Astronaut 2	FD150	FD	18.9950301914413
FD150_2_GCCTTTGGACCGGATGCCTT	1	FD150_2	Astronaut 2	FD150	FD	49.0934465433956
FD150_2_GCGAAAAGGTCAGAAGCAAC	2	FD150_2	Astronaut 2	FD150	FD	54.6332727637293
FD150_2_GCGAAACCAGATTGGGTAAT	3	FD150_2	Astronaut 2	FD150	FD	30.0665955154904
FD150_2_GCGAAATTACCTAACGCCTT	1	FD150_2	Astronaut 2	FD150	FD	28.2044564662463
FD150_2_GCGAACCTAGGAGTCGGCGT	1	FD150_2	Astronaut 2	FD150	FD	49.4725594791221
FD150_2_GCGAACGAAGCCATAGTCTA	0	FD150_2	Astronaut 2	FD150	FD	31.5404355235617
FD150_2_GCGAACGAAGGGCGTGTCTA	6	FD150_2	Astronaut 2	FD150	FD	49.4725595388954
FD150_2_GCGAACTCCACGTCGGTAAT	1	FD150_2	Astronaut 2	FD150	FD	27.3975958409201
FD150_2_GCGAAGCAACGGTCCGGCGT	3	FD150_2	Astronaut 2	FD150	FD	56.8960872020853
FD150_2_GCGAAGTCCGGTATCGCTGC	6	FD150_2	Astronaut 2	FD150	FD	61.4709154735285
FD150_2_GCGAATCCGGGCTGCGCTTG	2	FD150_2	Astronaut 2	FD150	FD	60.5507919906855
FD150_2_GCGAATTCGAGCAGGGATGA	1	FD150_2	Astronaut 2	FD150	FD	44.1448652673685
FD150_2_GCGAATTCGAGTAATGATGA	1	FD150_2	Astronaut 2	FD150	FD	44.2125442073304
FD150_2_GCGGTAGGCTGTAGAGCTTG	1	FD150_2	Astronaut 2	FD150	FD	18.9950302512146
FD150_2_GCGGTATGCGCGCCTGATGA	1	FD150_2	Astronaut 2	FD150	FD	23.7807786883194
FD150_2_GCGGTCAGAACAGAAGCCTT	0	FD150_2	Astronaut 2	FD150	FD	30.360613297831
FD150_2_GCGGTCTGGACGTCGGATGA	0	FD150_2	Astronaut 2	FD150	FD	29.3858725953781
FD150_2_GCGGTGCTCTGCAGGGCAAC	3	FD150_2	Astronaut 2	FD150	FD	49.4725595986687
FD150_2_GCGGTGCTCTGGCGTGCGGT	1	FD150_2	Astronaut 2	FD150	FD	31.1301601242579
FD150_2_GCGGTGTCTAGCTCTGGAGC	1	FD150_2	Astronaut 2	FD150	FD	31.0147838189322
FD150_2_GCGGTTGCGCCTAGTGATGA	1	FD150_2	Astronaut 2	FD150	FD	58.6173986023906
FD150_2_GCTCTACCAGCGCAAGATGA	0	FD150_2	Astronaut 2	FD150	FD	34.8021716289377
FD150_2_GCTCTACCAGGCTTGGGAGC	1	FD150_2	Astronaut 2	FD150	FD	50.6638575506971
FD150_2_GCTCTACTCGGCTGCGTCTA	1	FD150_2	Astronaut 2	FD150	FD	31.540435583335
FD150_2_GCTCTACTTCCGGATGCAAC	5	FD150_2	Astronaut 2	FD150	FD	28.5977540524457
FD150_2_GCTCTAGGCTGATGAGATGA	2	FD150_2	Astronaut 2	FD150	FD	61.4709155333018
FD150_2_GCTCTATCCTCAACTGATGA	0	FD150_2	Astronaut 2	FD150	FD	35.4608097567037
FD150_2_GCTCTATCCTGAGCTGGTCC	2	FD150_2	Astronaut 2	FD150	FD	31.5404356431084
FD150_2_GCTCTATCCTGTATCGGCGT	2	FD150_2	Astronaut 2	FD150	FD	50.7363400707662
FD150_2_GCTCTCAGTTCTAGTGCTGC	1	FD150_2	Astronaut 2	FD150	FD	49.4725596584421
FD150_2_GCTCTCCTAGGAACCGATAT	1	FD150_2	Astronaut 2	FD150	FD	59.774543455352
FD150_2_GCTCTCGCAACTAACGGAGC	1	FD150_2	Astronaut 2	FD150	FD	49.1683381952851
FD150_2_GCTCTGATATCGTCGGTCTA	5	FD150_2	Astronaut 2	FD150	FD	31.5404357028817
FD150_2_GCTCTGCCTTGCAACGTCTA	0	FD150_2	Astronaut 2	FD150	FD	18.995030310988
FD150_2_GCTCTTCTACCCTAGGTCTA	2	FD150_2	Astronaut 2	FD150	FD	28.1148047623965
FD150_2_GCTCTTTCATGGCGTGATGA	3	FD150_2	Astronaut 2	FD150	FD	44.1448653271418
FD150_2_GCTGCAACGAGACTGGATGA	1	FD150_2	Astronaut 2	FD150	FD	44.1448653869152
FD150_2_GCTGCAGGCTGGCAGGATGA	2	FD150_2	Astronaut 2	FD150	FD	58.6771292484305
FD150_2_GCTGCCAGCGCAGCGGCTGC	0	FD150_2	Astronaut 2	FD150	FD	31.5404357626551
FD150_2_GCTGCCCGCTGGTAAGCAAC	1	FD150_2	Astronaut 2	FD150	FD	31.5404358224284
FD150_2_GCTGCCCTAGGCGAAGATAT	1	FD150_2	Astronaut 2	FD150	FD	48.9120866857338
FD150_2_GCTGCCGCCTCAACTGCTTG	2	FD150_2	Astronaut 2	FD150	FD	32.6100117207263
FD150_2_GCTGCTATGCGAACCGTCTA	3	FD150_2	Astronaut 2	FD150	FD	30.3606133576044
FD150_2_GCTGCTCAGTGGCAGGGCGT	1	FD150_2	Astronaut 2	FD150	FD	59.6716448207081
FD150_2_GCTGCTCCGGCCTAGGGCGT	3	FD150_2	Astronaut 2	FD150	FD	31.5404358822017
FD150_2_GCTGCTTAGCCGCCTGTAAT	2	FD150_2	Astronaut 2	FD150	FD	54.5222850745612
FD150_2_GCTTGACTTCGCTTGGTAAT	2	FD150_2	Astronaut 2	FD150	FD	28.5919575891388
FD150_2_GCTTGAGAACATTGGGGCGT	3	FD150_2	Astronaut 2	FD150	FD	49.1683382550585
FD150_2_GCTTGAGAACCGTCGGCTTG	1	FD150_2	Astronaut 2	FD150	FD	44.1448654466885
FD150_2_GCTTGATGGCGAACCGCCTT	5	FD150_2	Astronaut 2	FD150	FD	31.5404359419751
FD150_2_GCTTGCAGCGCGCAAGCTTG	1	FD150_2	Astronaut 2	FD150	FD	56.2993114387176
FD150_2_GCTTGCGATTGTATCGCTGC	1	FD150_2	Astronaut 2	FD150	FD	29.841071953758
FD150_2_GCTTGCGGCACGCTCGTCTA	0	FD150_2	Astronaut 2	FD150	FD	30.3606134173777
FD150_2_GCTTGGAGCTGCCTTGTCTA	0	FD150_2	Astronaut 2	FD150	FD	37.3307140815611
FD150_2_GCTTGGAGTCCGCCTGCTTG	1	FD150_2	Astronaut 2	FD150	FD	50.7363401305395
FD150_2_GCTTGGGTCCGTATCGTCTA	0	FD150_2	Astronaut 2	FD150	FD	50.7363401903129
FD150_2_GCTTGTACGTGGTAAGATGA	3	FD150_2	Astronaut 2	FD150	FD	49.4725597182154
FD150_2_GCTTGTAGGACTTAAGATGA	0	FD150_2	Astronaut 2	FD150	FD	30.3606134771511
FD150_2_GCTTGTCATCGAGCTGCAAC	2	FD150_2	Astronaut 2	FD150	FD	29.9545020123825
FD150_2_GCTTGTTGAACGATTGCTTG	2	FD150_2	Astronaut 2	FD150	FD	28.3553174713029
FD150_2_GGAGCCAGCGCGTCGGGTCC	1	FD150_2	Astronaut 2	FD150	FD	49.0934466031689
FD150_2_GGAGCCGAAGGATATGCTTG	1	FD150_2	Astronaut 2	FD150	FD	49.1683383148318
FD150_2_GGAGCCTACGCGACCGTCTA	0	FD150_2	Astronaut 2	FD150	FD	25.7492436760705
FD150_2_GGAGCGCGGTCTAGTGTAAT	5	FD150_2	Astronaut 2	FD150	FD	30.3606135369244
FD150_2_GGAGCGTATCGGCAGGCTTG	1	FD150_2	Astronaut 2	FD150	FD	30.3606135966977
FD150_2_GGAGCTCTACCGATTGGAGC	0	FD150_2	Astronaut 2	FD150	FD	24.789557944744
FD150_2_GGAGCTGCTAGCAACGCCTT	1	FD150_2	Astronaut 2	FD150	FD	58.6173986621639
FD150_2_GGAGCTTCGACGCAAGATAT	1	FD150_2	Astronaut 2	FD150	FD	54.861734222606
FD150_2_GGCAGAACGAGCAACGTAAT	3	FD150_2	Astronaut 2	FD150	FD	26.6171591037641
FD150_2_GGCAGAAGACCGCAAGCTTG	1	FD150_2	Astronaut 2	FD150	FD	53.3065335593406
FD150_2_GGCAGAAGACGAACCGCTTG	6	FD150_2	Astronaut 2	FD150	FD	18.9950303707613
FD150_2_GGCAGAAGGTCCTAGGTCTA	0	FD150_2	Astronaut 2	FD150	FD	49.1683383746051
FD150_2_GGCAGAGAGTGAACCGGCGT	0	FD150_2	Astronaut 2	FD150	FD	31.5404360017484
FD150_2_GGCAGATCTGGATGAGCTTG	1	FD150_2	Astronaut 2	FD150	FD	44.1448655064618
FD150_2_GGCAGCCTCACTGGAGGCGT	0	FD150_2	Astronaut 2	FD150	FD	31.5404360615217
FD150_2_GGCAGCGGCACTAACGGTCC	1	FD150_2	Astronaut 2	FD150	FD	49.1683384343785
FD150_2_GGCAGGACTGGAGCTGGCGT	3	FD150_2	Astronaut 2	FD150	FD	31.5404361212951
FD150_2_GGCAGGCGGTGATATGATAT	2	FD150_2	Astronaut 2	FD150	FD	30.3606136564711
FD150_2_GGCAGGCGGTGATATGTAAT	0	FD150_2	Astronaut 2	FD150	FD	29.1122795193092
FD150_2_GGCAGGGTCCCAGAAGCCTT	2	FD150_2	Astronaut 2	FD150	FD	49.1683384941518
FD150_2_GGCAGGTAATGCGGTGGAGC	6	FD150_2	Astronaut 2	FD150	FD	35.4436820641096
FD150_2_GGCAGTATTGGTAGAGCTTG	1	FD150_2	Astronaut 2	FD150	FD	54.6332728235027
FD150_2_GGCAGTCTACCTAGTGGTCC	0	FD150_2	Astronaut 2	FD150	FD	32.4944611575663
FD150_2_GGCGTAACGACTTAAGATAT	1	FD150_2	Astronaut 2	FD150	FD	44.1448655662352
FD150_2_GGCGTAAGACCAGCGGGTCC	0	FD150_2	Astronaut 2	FD150	FD	31.5404361810684
FD150_2_GGCGTAAGACGAACCGATGA	0	FD150_2	Astronaut 2	FD150	FD	58.0439423084375
FD150_2_GGCGTAGGTCATTGGGGCGT	5	FD150_2	Astronaut 2	FD150	FD	58.6173987219373
FD150_2_GGCGTATCCTGCGGTGCAAC	5	FD150_2	Astronaut 2	FD150	FD	50.7363402500862
FD150_2_GGCGTCAGTTCAATCGCAAC	1	FD150_2	Astronaut 2	FD150	FD	27.7339881566784
FD150_2_GGCGTCTCCAGAGCTGGTCC	1	FD150_2	Astronaut 2	FD150	FD	28.6493845781994
FD150_2_GGCGTCTGGACTACGGGCGT	0	FD150_2	Astronaut 2	FD150	FD	31.193831073975
FD150_2_GGTAAAAGGTATTGGGTAAT	1	FD150_2	Astronaut 2	FD150	FD	43.8253390648939
FD150_2_GGTAAACGATGCTCTGTCTA	3	FD150_2	Astronaut 2	FD150	FD	30.3606137162444
FD150_2_GGTAAAGTTGGCTCTGATGA	1	FD150_2	Astronaut 2	FD150	FD	57.8480268849633
FD150_2_GGTAAATCCTCAGCGGTAAT	1	FD150_2	Astronaut 2	FD150	FD	31.5404362408418
FD150_2_GGTAACAACTGGTAAGCGGT	0	FD150_2	Astronaut 2	FD150	FD	57.839687657583
FD150_2_GGTAACAATCCGACCGATGA	5	FD150_2	Astronaut 2	FD150	FD	58.6173987817106
FD150_2_GGTAACTAACCTTAAGGCGT	6	FD150_2	Astronaut 2	FD150	FD	32.5160271222674
FD150_2_GGTCCCTGGAATTGGGCTTG	1	FD150_2	Astronaut 2	FD150	FD	61.4709155930752
FD150_2_GGTCCGATATATTCAGTAAT	1	FD150_2	Astronaut 2	FD150	FD	49.0934466629423
FD150_2_GGTCCGCTTGGGTAAGGAGC	1	FD150_2	Astronaut 2	FD150	FD	30.3606137760178
FD150_2_GGTCCTAGAGCGTCGGGAGC	1	FD150_2	Astronaut 2	FD150	FD	31.5404363006151
FD150_2_GGTCCTATCTGAGCTGGCGT	1	FD150_2	Astronaut 2	FD150	FD	49.0934467227156
FD150_2_GTAATAGTTGGCTGCGCCTT	1	FD150_2	Astronaut 2	FD150	FD	49.1683385539251
FD150_2_GTAATATTACGCTCTGATAT	0	FD150_2	Astronaut 2	FD150	FD	30.3606138357911
FD150_2_GTAATGATATGTAATGATGA	3	FD150_2	Astronaut 2	FD150	FD	36.5772446030002
FD150_2_GTAATGATGAATTGGGATAT	5	FD150_2	Astronaut 2	FD150	FD	57.8396877173563
FD150_2_GTAATGCAACGCGGTGTAAT	0	FD150_2	Astronaut 2	FD150	FD	26.7625969894218
FD150_2_GTAATGTAGAGCAACGGAGC	3	FD150_2	Astronaut 2	FD150	FD	61.4709156528485
FD150_2_GTAATGTATCGCGGTGCTGC	5	FD150_2	Astronaut 2	FD150	FD	23.9698683528714
FD150_2_GTAATGTCCGGCGGTGTAAT	5	FD150_2	Astronaut 2	FD150	FD	31.381864326485
FD150_2_GTAATGTTAGCGATTGATGA	0	FD150_2	Astronaut 2	FD150	FD	61.2011742314663
FD150_2_GTAATTACGTCGATTGTCTA	0	FD150_2	Astronaut 2	FD150	FD	29.702552336543
FD150_2_GTAATTCTACCGCCTGCTTG	2	FD150_2	Astronaut 2	FD150	FD	18.9950304305347
FD150_2_GTAATTGCTACGCCTGTAAT	0	FD150_2	Astronaut 2	FD150	FD	49.0934467824889
FD150_2_GTAGAACTAAGATGAGGAGC	1	FD150_2	Astronaut 2	FD150	FD	23.1065378076356
FD150_2_GTAGAACTCGGGCAGGCTTG	5	FD150_2	Astronaut 2	FD150	FD	33.2847679474717
FD150_2_GTAGAATTACGCTTGGGTCC	0	FD150_2	Astronaut 2	FD150	FD	30.3606138955644
FD150_2_GTAGACAATCCGGCAGCGGT	1	FD150_2	Astronaut 2	FD150	FD	31.5404363603884
FD150_2_GTAGACAGTTCAGCGGATGA	1	FD150_2	Astronaut 2	FD150	FD	36.2621160762073
FD150_2_GTAGACTAGTCTAACGATAT	1	FD150_2	Astronaut 2	FD150	FD	44.1448656260085
FD150_2_GTAGACTAGTCTGGAGGAGC	0	FD150_2	Astronaut 2	FD150	FD	28.3573612816423
FD150_2_GTAGACTGGACTGGAGTCTA	1	FD150_2	Astronaut 2	FD150	FD	54.633272883276
FD150_2_GTAGAGATGAATTGGGGAGC	0	FD150_2	Astronaut 2	FD150	FD	28.5986809553041
FD150_2_GTAGAGTCTACAGAAGTCTA	2	FD150_2	Astronaut 2	FD150	FD	22.7613091631731
FD150_2_GTAGATCGTACTCCAGCAAC	1	FD150_2	Astronaut 2	FD150	FD	61.4865589700615
FD150_2_GTAGATGCTACTCCAGCTGC	0	FD150_2	Astronaut 2	FD150	FD	54.5222851343346
FD150_2_GTATCACTTCCTAGTGATAT	2	FD150_2	Astronaut 2	FD150	FD	30.8636418992901
FD150_2_GTATCAGCGGCCGCTGCTTG	1	FD150_2	Astronaut 2	FD150	FD	58.6173988414839
FD150_2_GTATCATCTGCCTCAGCCTT	1	FD150_2	Astronaut 2	FD150	FD	28.1127928560454
FD150_2_GTATCGAGTCCGGATGCTTG	1	FD150_2	Astronaut 2	FD150	FD	31.5404364201618
FD150_2_GTATCGCAGGGCTCTGATGA	0	FD150_2	Astronaut 2	FD150	FD	30.3606139553378
FD150_2_GTATCGCCTTGGCAGGATGA	7	FD150_2	Astronaut 2	FD150	FD	30.7482571958829
FD150_2_GTATCGCTTGCAGTTGCAAC	1	FD150_2	Astronaut 2	FD150	FD	45.1525994702162
FD150_2_GTATCGCTTGCGGCAGCAAC	1	FD150_2	Astronaut 2	FD150	FD	43.0239740059457
FD150_2_GTATCGGTAACGACCGATAT	0	FD150_2	Astronaut 2	FD150	FD	61.4709157126218
FD150_2_GTATCGGTCCGTAATGCTGC	3	FD150_2	Astronaut 2	FD150	FD	56.2339299743059
FD150_2_GTATCTAGAGCTCCAGTCTA	0	FD150_2	Astronaut 2	FD150	FD	30.9576673380243
FD150_2_GTATCTTGAACGCAAGGAGC	1	FD150_2	Astronaut 2	FD150	FD	49.0934468422623
FD150_2_GTCCGAGTTGGATGAGGAGC	0	FD150_2	Astronaut 2	FD150	FD	49.3125278836064
FD150_2_GTCCGCAGCGCGAAGGGCGT	5	FD150_2	Astronaut 2	FD150	FD	49.1683386136985
FD150_2_GTCCGCGCTCCTTAAGATGA	1	FD150_2	Astronaut 2	FD150	FD	50.7363403098595
FD150_2_GTCCGGACTGCTTAAGGCGT	0	FD150_2	Astronaut 2	FD150	FD	31.5404364799351
FD150_2_GTCCGGATGAGAGTCGCAAC	1	FD150_2	Astronaut 2	FD150	FD	32.1044451224853
FD150_2_GTCCGTATCTGGTAAGGCGT	1	FD150_2	Astronaut 2	FD150	FD	35.443682123883
FD150_2_GTCCGTCGCGCTGGAGCTTG	5	FD150_2	Astronaut 2	FD150	FD	29.8929339179339
FD150_2_GTCCGTCGCGGCAGGGCTTG	1	FD150_2	Astronaut 2	FD150	FD	35.4436821836563
FD150_2_GTCCGTCGCGGGTCCGTCTA	0	FD150_2	Astronaut 2	FD150	FD	50.7363403696329
FD150_2_GTCCGTCGTAGAGTCGCTTG	6	FD150_2	Astronaut 2	FD150	FD	49.0934469020356
FD150_2_GTCCGTTCGACGCTCGGCGT	0	FD150_2	Astronaut 2	FD150	FD	57.8396877771297
FD150_2_GTCTAAAGACGATATGCGGT	2	FD150_2	Astronaut 2	FD150	FD	30.0064238000237
FD150_2_GTCTAAAGACGATATGCTTG	1	FD150_2	Astronaut 2	FD150	FD	36.1587164996568
FD150_2_GTCTAAGAGTCGCCTGTAAT	1	FD150_2	Astronaut 2	FD150	FD	31.5404365397085
FD150_2_GTCTAAGGCTCTAACGGTCC	7	FD150_2	Astronaut 2	FD150	FD	19.1959900779929
FD150_2_GTCTAATGGCATTGGGCTTG	1	FD150_2	Astronaut 2	FD150	FD	36.4033643841884
FD150_2_GTCTACGTCGCGTCGGATGA	0	FD150_2	Astronaut 2	FD150	FD	31.4755974244103
FD150_2_GTCTACTCCAGGTCCGCTGC	5	FD150_2	Astronaut 2	FD150	FD	31.5404365994818
FD150_2_GTCTACTGGACTTAAGCGGT	0	FD150_2	Astronaut 2	FD150	FD	31.4424775009255
FD150_2_GTCTAGGTAAGGTAAGGAGC	7	FD150_2	Astronaut 2	FD150	FD	21.8618219568535
FD150_2_GTCTAGTAATCGTCGGCAAC	0	FD150_2	Astronaut 2	FD150	FD	57.839687836903
FD150_2_GTCTAGTATCCGGATGCAAC	1	FD150_2	Astronaut 2	FD150	FD	28.1202486055915
FD150_2_GTCTAGTTAGGCGGTGCGGT	1	FD150_2	Astronaut 2	FD150	FD	35.4436822434296
FD150_2_GTCTATATGCATTCAGCAAC	3	FD150_2	Astronaut 2	FD150	FD	31.5404366592551
FD150_2_GTCTATGCGCGTAGAGTAAT	0	FD150_2	Astronaut 2	FD150	FD	27.4651314647866
FD150_2_GTCTATGCTACTTAAGCTGC	0	FD150_2	Astronaut 2	FD150	FD	18.995030490308
FD150_2_GTTAGATCCTGGCGTGCTGC	6	FD150_2	Astronaut 2	FD150	FD	57.2926791132043
FD150_2_GTTAGCGATTGATGAGTAAT	1	FD150_2	Astronaut 2	FD150	FD	61.4709157723952
FD150_2_GTTAGCGGCACTTAAGATAT	0	FD150_2	Astronaut 2	FD150	FD	32.5868680393288
FD150_2_GTTAGGAGCTCCATAGGCGT	3	FD150_2	Astronaut 2	FD150	FD	44.1448656857819
FD150_2_GTTAGGAGCTGATGAGGCGT	3	FD150_2	Astronaut 2	FD150	FD	30.6288106779402
FD150_2_GTTAGGAGTCCCTAGGATAT	3	FD150_2	Astronaut 2	FD150	FD	31.5404367190285
FD150_2_GTTAGGAGTCGTAATGATAT	0	FD150_2	Astronaut 2	FD150	FD	34.7166250599446
FD150_2_GTTAGGCTTGATTCAGATGA	2	FD150_2	Astronaut 2	FD150	FD	31.5404367788018
FD150_2_GTTAGGTCCGGCTGCGCAAC	3	FD150_2	Astronaut 2	FD150	FD	54.5222851941079
FD150_2_GTTAGTAGAGGACTGGGAGC	0	FD150_2	Astronaut 2	FD150	FD	32.6756160049172
FD150_2_GTTAGTCAGTCCTCAGCAAC	1	FD150_2	Astronaut 2	FD150	FD	35.443682303203
FD150_2_GTTAGTCGTAGTAATGCCTT	3	FD150_2	Astronaut 2	FD150	FD	49.1683386734718
FD150_2_GTTAGTGCGCGAGCTGCTGC	1	FD150_2	Astronaut 2	FD150	FD	54.5222852538812
FD150_2_TAAGGACTAAGTAATGCTTG	1	FD150_2	Astronaut 2	FD150	FD	31.5404368385751
FD150_2_TAAGGAGGCTGATATGCTGC	5	FD150_2	Astronaut 2	FD150	FD	30.9923063952423
FD150_2_TAAGGATCCTCAGCGGCAAC	1	FD150_2	Astronaut 2	FD150	FD	44.1448657455552
FD150_2_TAAGGATCCTCGGATGCAAC	1	FD150_2	Astronaut 2	FD150	FD	43.5929810689661
FD150_2_TAAGGATCCTGGCAGGCAAC	0	FD150_2	Astronaut 2	FD150	FD	35.4715195274971
FD150_2_TAAGGCTGGACAGTTGCGGT	1	FD150_2	Astronaut 2	FD150	FD	57.8396878966763
FD150_2_TAAGGGCTCTGGTAAGTCTA	1	FD150_2	Astronaut 2	FD150	FD	43.2617162418144
FD150_2_TACGTACTCGGTAATGCAAC	1	FD150_2	Astronaut 2	FD150	FD	49.1228004418784
FD150_2_TACGTAGAACGAACCGCAAC	1	FD150_2	Astronaut 2	FD150	FD	49.3630290656712
FD150_2_TACGTATCTGCCTCAGCTGC	2	FD150_2	Astronaut 2	FD150	FD	31.5404368983485
FD150_2_TACGTGCGGTCGGATGTCTA	1	FD150_2	Astronaut 2	FD150	FD	30.7417485541218
FD150_2_TACGTTTATGCCTCAGGAGC	3	FD150_2	Astronaut 2	FD150	FD	57.8396879564497
FD150_2_TAGAGACTCGCGGATGCCTT	1	FD150_2	Astronaut 2	FD150	FD	50.7259503195677
FD150_2_TAGAGATCTGGAGCTGATGA	3	FD150_2	Astronaut 2	FD150	FD	56.9129509523698
FD150_2_TAGAGCAACTGCCTTGATAT	1	FD150_2	Astronaut 2	FD150	FD	31.5404369581218
FD150_2_TAGAGCCTAGCAGTTGGAGC	1	FD150_2	Astronaut 2	FD150	FD	32.4895877127084
FD150_2_TAGAGCGCAACAGTTGATGA	0	FD150_2	Astronaut 2	FD150	FD	28.6906147090362
FD150_2_TAGAGGCTGCATTCAGGCGT	0	FD150_2	Astronaut 2	FD150	FD	27.74868929367
FD150_2_TAGAGGTAGAGCCTTGCGGT	7	FD150_2	Astronaut 2	FD150	FD	57.839688016223
FD150_2_TAGAGTCGCGGGCGTGCTTG	1	FD150_2	Astronaut 2	FD150	FD	52.525897754891
FD150_2_TAGGAAGAGTGGTCCGCCTT	6	FD150_2	Astronaut 2	FD150	FD	54.5222853136546
FD150_2_TAGGAAGGTCGGCGTGATAT	1	FD150_2	Astronaut 2	FD150	FD	56.299311498491
FD150_2_TAGGAAGGTCGTAGAGTCTA	0	FD150_2	Astronaut 2	FD150	FD	31.5404370178952
FD150_2_TAGGACAACTGCTTGGCTTG	3	FD150_2	Astronaut 2	FD150	FD	26.3158956744013
FD150_2_TAGGACCGCTGCGAAGATGA	1	FD150_2	Astronaut 2	FD150	FD	18.9950305500813
FD150_2_TAGGACGGCAGAGTCGATGA	1	FD150_2	Astronaut 2	FD150	FD	57.9087364016657
FD150_2_TAGGATATGCATTCAGCCTT	0	FD150_2	Astronaut 2	FD150	FD	29.383247695204
FD150_2_TATCTAACGACCTAGGCCTT	2	FD150_2	Astronaut 2	FD150	FD	30.3606140151111
FD150_2_TATCTCGATTGGCAGGCCTT	7	FD150_2	Astronaut 2	FD150	FD	31.1345404258189
FD150_2_TATCTTCCGGCGAAGGCTTG	1	FD150_2	Astronaut 2	FD150	FD	29.6373106333003
FD150_2_TATCTTTCGACAGTTGCAAC	1	FD150_2	Astronaut 2	FD150	FD	29.8118116156712
FD150_2_TATCTTTGAAGCTCTGCTTG	5	FD150_2	Astronaut 2	FD150	FD	61.4709158321685
FD150_2_TATGCACTCGATTCAGATGA	0	FD150_2	Astronaut 2	FD150	FD	60.581353140827
FD150_2_TATGCATTCACTTAAGGCGT	0	FD150_2	Astronaut 2	FD150	FD	24.4096866708413
FD150_2_TATTGCAGCGCTGGAGTAAT	0	FD150_2	Astronaut 2	FD150	FD	31.5404370776685
FD150_2_TATTGGGAGCGCCTTGTAAT	0	FD150_2	Astronaut 2	FD150	FD	31.5404371374418
FD150_2_TATTGGGCAGGCAGGGATGA	0	FD150_2	Astronaut 2	FD150	FD	49.1301416953365
FD150_2_TATTGTAGAGCGGATGTAAT	1	FD150_2	Astronaut 2	FD150	FD	31.4217511220567
FD150_2_TATTGTCGTACTGGAGATAT	1	FD150_2	Astronaut 2	FD150	FD	61.4709158919418
FD150_2_TATTGTTATGCAATCGCTGC	1	FD150_2	Astronaut 2	FD150	FD	61.4709159517152
FD150_2_TCAGTACCAGGCAGGGCTTG	6	FD150_2	Astronaut 2	FD150	FD	49.4041985917254
FD150_2_TCAGTATGGCCAGTTGTCTA	6	FD150_2	Astronaut 2	FD150	FD	27.4922918311263
FD150_2_TCAGTATGGCGGCGTGTCTA	3	FD150_2	Astronaut 2	FD150	FD	29.4772416242912
FD150_2_TCAGTCGACCGCCTTGCAAC	3	FD150_2	Astronaut 2	FD150	FD	50.7363404294062
FD150_2_TCAGTCTAGTCCTAGGATGA	2	FD150_2	Astronaut 2	FD150	FD	26.1781269162287
FD150_2_TCAGTGGCAGCAATCGGAGC	6	FD150_2	Astronaut 2	FD150	FD	29.8321862367512
FD150_2_TCAGTTAAGGGTAGAGCAAC	2	FD150_2	Astronaut 2	FD150	FD	31.4456503053424
FD150_2_TCAGTTAGAGGGCAGGCTTG	2	FD150_2	Astronaut 2	FD150	FD	57.8396880759963
FD150_2_TCAGTTATTGCGGATGTCTA	5	FD150_2	Astronaut 2	FD150	FD	31.5404371972152
FD150_2_TCAGTTCATCCTACGGGTCC	0	FD150_2	Astronaut 2	FD150	FD	54.5222853734279
FD150_2_TCATCAAGACGATATGGCGT	0	FD150_2	Astronaut 2	FD150	FD	31.5404372569885
FD150_2_TCATCAGGTCCGAAGGCTTG	1	FD150_2	Astronaut 2	FD150	FD	18.9950306098547
FD150_2_TCATCATGGCCCTAGGATGA	1	FD150_2	Astronaut 2	FD150	FD	58.6173989012573
FD150_2_TCATCCGATTCCATAGGCGT	5	FD150_2	Astronaut 2	FD150	FD	30.0068852618034
FD150_2_TCATCCGGATGAGTCGCGGT	0	FD150_2	Astronaut 2	FD150	FD	28.083506463536
FD150_2_TCATCGAGCTGTAATGTCTA	0	FD150_2	Astronaut 2	FD150	FD	18.995030669628
FD150_2_TCATCTCAGTGCAACGTCTA	0	FD150_2	Astronaut 2	FD150	FD	30.3606140748844
FD150_2_TCATCTCTACCAATCGATGA	3	FD150_2	Astronaut 2	FD150	FD	31.5404373167619
FD150_2_TCCGGAACCGGATGAGCAAC	1	FD150_2	Astronaut 2	FD150	FD	49.1683387332451
FD150_2_TCCGGAGGCTCGACCGTCTA	1	FD150_2	Astronaut 2	FD150	FD	57.5722250003643
FD150_2_TCCGGAGGTCATTGGGGAGC	1	FD150_2	Astronaut 2	FD150	FD	31.5404373765352
FD150_2_TCCGGCGTCGCAATCGCTTG	6	FD150_2	Astronaut 2	FD150	FD	60.471179678992
FD150_2_TCCGGCTAACGAGCTGGCGT	5	FD150_2	Astronaut 2	FD150	FD	30.3606141346578
FD150_2_TCCGGGGCGTCGAAGGCTGC	0	FD150_2	Astronaut 2	FD150	FD	30.3606141944311
FD150_2_TCCGGTCAGTGTAGAGCTTG	1	FD150_2	Astronaut 2	FD150	FD	57.9379795503131
FD150_2_TCCGGTTAGCGAGCTGATAT	7	FD150_2	Astronaut 2	FD150	FD	31.5404374363085
FD150_2_TCGCGACCAGCGATTGCTTG	7	FD150_2	Astronaut 2	FD150	FD	56.844149606971
FD150_2_TCGCGCCTCAGGTAAGCGGT	2	FD150_2	Astronaut 2	FD150	FD	44.1448658053285
FD150_2_TCGCGGAACCGATGAGGCGT	0	FD150_2	Astronaut 2	FD150	FD	27.7474939019351
FD150_2_TCGTAAAGACATTGGGATGA	3	FD150_2	Astronaut 2	FD150	FD	44.1448658651019
FD150_2_TCGTAACTTCCAGAAGCCTT	0	FD150_2	Astronaut 2	FD150	FD	49.3669494058765
FD150_2_TCGTACTAGTGCAACGCTGC	5	FD150_2	Astronaut 2	FD150	FD	43.5492942119653
FD150_2_TCGTACTCCACGATTGATAT	5	FD150_2	Astronaut 2	FD150	FD	18.9950307294014
FD150_2_TCGTATATTGCTACGGGCGT	7	FD150_2	Astronaut 2	FD150	FD	56.4688317105426
FD150_2_TCGTATCATCGCCTTGATAT	1	FD150_2	Astronaut 2	FD150	FD	32.4895877724818
FD150_2_TCTACAACTCCTCCAGCTTG	1	FD150_2	Astronaut 2	FD150	FD	50.7363404891795
FD150_2_TCTACAGAACGCAACGATAT	5	FD150_2	Astronaut 2	FD150	FD	61.4709160114885
FD150_2_TCTACATTACGTATCGATGA	0	FD150_2	Astronaut 2	FD150	FD	30.1114062337872
FD150_2_TCTACCAGAAGGCAGGGCGT	1	FD150_2	Astronaut 2	FD150	FD	54.5222854332012
FD150_2_TCTACCGACCCTCCAGATGA	3	FD150_2	Astronaut 2	FD150	FD	30.6487687752144
FD150_2_TCTACCTTAAGAGTCGCAAC	1	FD150_2	Astronaut 2	FD150	FD	27.4930095007356
FD150_2_TCTACGCAGGGTAGAGGTCC	0	FD150_2	Astronaut 2	FD150	FD	50.7363405489529
FD150_2_TCTACTAAGGGGAGCGGCGT	0	FD150_2	Astronaut 2	FD150	FD	32.4994554897033
FD150_2_TCTACTCGTACTAACGATGA	0	FD150_2	Astronaut 2	FD150	FD	31.3799778481027
FD150_2_TGAGAACGATCGATTGCTGC	5	FD150_2	Astronaut 2	FD150	FD	50.7363406087262
FD150_2_TGAGAATTACGACTGGGCGT	2	FD150_2	Astronaut 2	FD150	FD	30.7394077442012
FD150_2_TGAGACAACTCGATTGGCGT	1	FD150_2	Astronaut 2	FD150	FD	56.2993115582643
FD150_2_TGAGACGGATGGCGTGATAT	2	FD150_2	Astronaut 2	FD150	FD	25.7492437358439
FD150_2_TGAGACGGCACTAGTGCTTG	1	FD150_2	Astronaut 2	FD150	FD	29.8988609765533
FD150_2_TGAGAGAGCTATTGGGCTGC	1	FD150_2	Astronaut 2	FD150	FD	49.232454388778
FD150_2_TGAGAGAGCTCGATTGCTGC	1	FD150_2	Astronaut 2	FD150	FD	32.5557396196817
FD150_2_TGAGATCGTAGTAATGATGA	1	FD150_2	Astronaut 2	FD150	FD	57.8396881357697
FD150_2_TGCGCAACGAGAACCGGCGT	5	FD150_2	Astronaut 2	FD150	FD	50.4794200211716
FD150_2_TGCGCACTCGCAGTTGCAAC	5	FD150_2	Astronaut 2	FD150	FD	30.3606142542045
FD150_2_TGCGCAGTTGCGAAGGTAAT	3	FD150_2	Astronaut 2	FD150	FD	50.7363406684996
FD150_2_TGCGCATTCAGAGCTGCCTT	3	FD150_2	Astronaut 2	FD150	FD	35.4436823629763
FD150_2_TGCGCCAGCGGAGTCGCTTG	1	FD150_2	Astronaut 2	FD150	FD	30.3606143139778
FD150_2_TGCGCCGGATGCGGTGCTTG	1	FD150_2	Astronaut 2	FD150	FD	31.5404374960819
FD150_2_TGCGCGCTTGCGTCGGTAAT	0	FD150_2	Astronaut 2	FD150	FD	23.8482901483934
FD150_2_TGCGCGGTAAGGAGCGGAGC	1	FD150_2	Astronaut 2	FD150	FD	32.1044451822586
FD150_2_TGCGCTCTACCTTAAGGCGT	2	FD150_2	Astronaut 2	FD150	FD	57.8617551822611
FD150_2_TGCTAAGAACCCTCAGATAT	0	FD150_2	Astronaut 2	FD150	FD	30.9253468625848
FD150_2_TGCTAAGTTGGCCTTGCGGT	1	FD150_2	Astronaut 2	FD150	FD	31.5404375558552
FD150_2_TGCTACGACCGTAGAGATGA	2	FD150_2	Astronaut 2	FD150	FD	31.431742318237
FD150_2_TGCTAGAGCTCTGGAGATGA	3	FD150_2	Astronaut 2	FD150	FD	18.9950307891747
FD150_2_TGCTAGGAGCCTGGAGGTCC	1	FD150_2	Astronaut 2	FD150	FD	57.839688195543
FD150_2_TGCTAGGCGTCGATTGTAAT	2	FD150_2	Astronaut 2	FD150	FD	31.5404376156285
FD150_2_TGCTATAGAGGCAACGTCTA	1	FD150_2	Astronaut 2	FD150	FD	44.1448659248752
FD150_2_TGGACAGGCTGGCAGGATGA	0	FD150_2	Astronaut 2	FD150	FD	24.7895580045173
FD150_2_TGGACCCATAGCTTGGGTCC	0	FD150_2	Astronaut 2	FD150	FD	30.9705761470735
FD150_2_TGGACCGTCGCAGCGGCAAC	1	FD150_2	Astronaut 2	FD150	FD	49.093446961809
FD150_2_TGGACCTCCACAGCGGCCTT	1	FD150_2	Astronaut 2	FD150	FD	21.8618220166268
FD150_2_TGGACGGTCCCTTAAGCTTG	2	FD150_2	Astronaut 2	FD150	FD	28.0757252466454
FD150_2_TGGACTCAGTCTAACGGCGT	2	FD150_2	Astronaut 2	FD150	FD	57.8396882553163
FD150_2_TTAGCCAATCCAATCGTCTA	1	FD150_2	Astronaut 2	FD150	FD	44.1448659846485
FD150_2_TTAGCCTACGGTATCGATAT	0	FD150_2	Astronaut 2	FD150	FD	44.1448660444219
FD150_2_TTAGCGCAGGGCCTTGATAT	0	FD150_2	Astronaut 2	FD150	FD	36.2680258835839
FD150_2_TTAGCGTATCCGCCTGCTTG	1	FD150_2	Astronaut 2	FD150	FD	37.1546734984879
FD150_2_TTAGCTTGAAGAGCTGATGA	1	FD150_2	Astronaut 2	FD150	FD	50.3481595597982
FD150_2_TTATGAACCGGGCAGGGCGT	1	FD150_2	Astronaut 2	FD150	FD	50.7363407282729
FD150_2_TTATGACTCGCGGCAGATGA	1	FD150_2	Astronaut 2	FD150	FD	50.5873577576282
FD150_2_TTATGACTCGGCTTGGCAAC	2	FD150_2	Astronaut 2	FD150	FD	61.4709160712618
FD150_2_TTATGACTTCCGCCTGCAAC	1	FD150_2	Astronaut 2	FD150	FD	36.4033644439618
FD150_2_TTATGGTCCGCGCTCGGCGT	0	FD150_2	Astronaut 2	FD150	FD	35.4436824227496
FD150_2_TTATGTAAGGCAGTTGTAAT	3	FD150_2	Astronaut 2	FD150	FD	30.3606143737511
FD150_2_TTATGTAAGGGGCGTGTAAT	2	FD150_2	Astronaut 2	FD150	FD	31.5404376754019
FD150_2_TTATGTAGGACTAACGGTCC	1	FD150_2	Astronaut 2	FD150	FD	31.5404377351752
FD150_2_TTATGTATTGGTATCGCTGC	0	FD150_2	Astronaut 2	FD150	FD	44.1448661041952
FD150_2_TTCATATGGCGGTCCGCTGC	5	FD150_2	Astronaut 2	FD150	FD	27.4409915171445
FD150_2_TTCATATTGGCAGTTGCTTG	3	FD150_2	Astronaut 2	FD150	FD	61.4709161310352
FD150_2_TTCATATTGGCAGTTGGAGC	1	FD150_2	Astronaut 2	FD150	FD	50.7363407880462
FD150_2_TTCATGGCGTGTAATGGCGT	0	FD150_2	Astronaut 2	FD150	FD	61.4709161908085
FD150_2_TTCATTATGCCTAGTGGCGT	3	FD150_2	Astronaut 2	FD150	FD	50.7363408478196
FD150_2_TTCATTCATCGATATGTAAT	0	FD150_2	Astronaut 2	FD150	FD	39.2956780845991
FD150_2_TTCATTGAGACAGTTGCTTG	1	FD150_2	Astronaut 2	FD150	FD	54.5222854929746
FD150_2_TTCATTGCGCGATGAGATGA	3	FD150_2	Astronaut 2	FD150	FD	58.737133152005
FD150_2_TTCGAAGCGGGTAATGATAT	5	FD150_2	Astronaut 2	FD150	FD	61.4709162505818
FD150_2_TTCGAATTACATTCAGCAAC	0	FD150_2	Astronaut 2	FD150	FD	30.9345103079456
FD150_2_TTCGAGCAGGCGACCGATGA	1	FD150_2	Astronaut 2	FD150	FD	35.443682482523
FD150_2_TTCGAGCTTGCCGCTGATGA	2	FD150_2	Astronaut 2	FD150	FD	61.4709163103552
FD150_2_TTCGAGGCAGGGCAGGCTTG	2	FD150_2	Astronaut 2	FD150	FD	57.8396883150897
FD150_2_TTCGATCATCATTGGGTCTA	0	FD150_2	Astronaut 2	FD150	FD	35.5246440269195
FD150_2_TTCGATTGAACCGCTGATGA	7	FD150_2	Astronaut 2	FD150	FD	58.6173989610306
FD150_2_TTGAAAGGCTCTAACGCCTT	1	FD150_2	Astronaut 2	FD150	FD	28.3275042567423
FD150_2_TTGAAATTGGGCCTTGATGA	0	FD150_2	Astronaut 2	FD150	FD	30.3606144335245
FD150_2_TTGAACCTAGGCAACGGAGC	0	FD150_2	Astronaut 2	FD150	FD	30.6571448774617
FD150_2_TTGAACGATTCTTAAGCCTT	6	FD150_2	Astronaut 2	FD150	FD	27.4784571776379
FD150_2_TTGAACGCTCCGGATGCTGC	0	FD150_2	Astronaut 2	FD150	FD	34.716625119718
FD150_2_TTGAACGGATCTTAAGGTCC	1	FD150_2	Astronaut 2	FD150	FD	44.1448661639685
FD150_2_TTGAACGGCAGGTCCGGTCC	0	FD150_2	Astronaut 2	FD150	FD	61.4709163701285
FD150_2_TTGAAGCCTTGTAGAGTAAT	2	FD150_2	Astronaut 2	FD150	FD	26.1945610912421
FD150_2_TTGAAGGAGCCGCTCGCAAC	1	FD150_2	Astronaut 2	FD150	FD	35.4436825422963
FD150_2_TTGAAGTTAGGCTCTGCCTT	0	FD150_2	Astronaut 2	FD150	FD	58.6173990208039
FD150_2_TTGAATACGTGTAGAGGCGT	0	FD150_2	Astronaut 2	FD150	FD	23.445426897533
FD150_2_TTGAATGCGCCTAACGGAGC	0	FD150_2	Astronaut 2	FD150	FD	32.4996511378629
FD150_3_AACCGGAGTCGGTCCGATAT	5	FD150_3	Astronaut 3	FD150	FD	60.4687921958961
FD150_3_AACGAAGAACGCTGCGCTGC	0	FD150_3	Astronaut 3	FD150	FD	50.3073063770966
FD150_3_AACGAAGTTGGCTGCGCAAC	5	FD150_3	Astronaut 3	FD150	FD	57.9246829224875
FD150_3_AACTCGAACCCTCCAGTCTA	1	FD150_3	Astronaut 3	FD150	FD	52.2120989117746
FD150_3_AAGCACGTCGCGATTGATGA	7	FD150_3	Astronaut 3	FD150	FD	55.1881594915973
FD150_3_AAGCATCAGTCTAACGCGGT	2	FD150_3	Astronaut 3	FD150	FD	52.2614632548996
FD150_3_AAGCATCGTAGGTAAGCAAC	4	FD150_3	Astronaut 3	FD150	FD	48.2339419852434
FD150_3_AAGGTTTGAAGGTAAGGCGT	0	FD150_3	Astronaut 3	FD150	FD	51.0603549699433
FD150_3_ACGATTGAGACTCCAGGAGC	6	FD150_3	Astronaut 3	FD150	FD	33.1789338154485
FD150_3_ACTCGAAGGTGTAATGCTGC	0	FD150_3	Astronaut 3	FD150	FD	56.2993116180376
FD150_3_ACTCGCTAGTCGACCGGCGT	1	FD150_3	Astronaut 3	FD150	FD	53.5484302110573
FD150_3_AGAGTATTACGTAATGGCGT	1	FD150_3	Astronaut 3	FD150	FD	52.8842358083903
FD150_3_AGTTGTACGTCGGATGCCTT	1	FD150_3	Astronaut 3	FD150	FD	48.4177407647192
FD150_3_AGTTGTAGGACGCAAGTAAT	1	FD150_3	Astronaut 3	FD150	FD	56.4878091555416
FD150_3_ATTACTCCGGGCGAAGCAAC	4	FD150_3	Astronaut 3	FD150	FD	42.9812781378603
FD150_3_CAACTTGCTAGGTCCGCCTT	4	FD150_3	Astronaut 3	FD150	FD	42.2790483268243
FD150_3_CAATCTAAGGGGAGCGCCTT	4	FD150_3	Astronaut 3	FD150	FD	38.722063139923
FD150_3_CAATCTTCATGCCTTGTCTA	5	FD150_3	Astronaut 3	FD150	FD	47.8471139541125
FD150_3_CAGAAGAGCTGTAGAGCGGT	1	FD150_3	Astronaut 3	FD150	FD	51.1713749441297
FD150_3_CCATAGTATCGAGCTGTCTA	2	FD150_3	Astronaut 3	FD150	FD	33.1926166663119
FD150_3_CGAAGAGGCTCAACTGATGA	4	FD150_3	Astronaut 3	FD150	FD	46.9486898605402
FD150_3_CGAAGAGGCTGAACCGATGA	1	FD150_3	Astronaut 3	FD150	FD	49.202715322249
FD150_3_CGAAGTCAGTGGAGCGCGGT	0	FD150_3	Astronaut 3	FD150	FD	44.9348929389585
FD150_3_CGAAGTCGTACGCCTGCCTT	4	FD150_3	Astronaut 3	FD150	FD	42.739005879253
FD150_3_CGACCAGAGTCAGTTGGCGT	1	FD150_3	Astronaut 3	FD150	FD	44.9391889364706
FD150_3_CGATTAACCGGGAGCGATGA	3	FD150_3	Astronaut 3	FD150	FD	53.639783962585
FD150_3_CGATTTACGTGTAATGATAT	4	FD150_3	Astronaut 3	FD150	FD	44.1448662237419
FD150_3_CGCCTAAGACCTTAAGGCGT	4	FD150_3	Astronaut 3	FD150	FD	51.1475590710898
FD150_3_CGCCTACTCGCTAACGCTTG	4	FD150_3	Astronaut 3	FD150	FD	44.8639961325569
FD150_3_CGCCTGAGTCCAGTTGGAGC	2	FD150_3	Astronaut 3	FD150	FD	35.9030172731639
FD150_3_CGCCTGGCAGCAGTTGATGA	4	FD150_3	Astronaut 3	FD150	FD	48.2369269091297
FD150_3_CGCTCCGACCCGATTGTAAT	4	FD150_3	Astronaut 3	FD150	FD	44.9718731698149
FD150_3_CGCTCTCATCGGTAAGTAAT	0	FD150_3	Astronaut 3	FD150	FD	53.3324900253989
FD150_3_CGCTCTCCGGGAGTCGATAT	5	FD150_3	Astronaut 3	FD150	FD	51.3209733673725
FD150_3_CTACGATGCGCAGCGGGCGT	4	FD150_3	Astronaut 3	FD150	FD	49.4725597779887
FD150_3_CTACGGGCGTGTAATGCAAC	2	FD150_3	Astronaut 3	FD150	FD	49.4725598377621
FD150_3_CTCCAGGCGTCTGGAGGAGC	5	FD150_3	Astronaut 3	FD150	FD	30.3970514521024
FD150_3_CTGGACGCTCCAACTGTCTA	4	FD150_3	Astronaut 3	FD150	FD	43.5385848008735
FD150_3_GACTGAGAACGCAACGGTCC	4	FD150_3	Astronaut 3	FD150	FD	49.2556525464739
FD150_3_GACTGCAACTCTAGTGCTTG	4	FD150_3	Astronaut 3	FD150	FD	55.3324400805693
FD150_3_GACTGTATTGCCTCAGCAAC	0	FD150_3	Astronaut 3	FD150	FD	55.6504960978413
FD150_3_GAGCTTCCGGGTAGAGATGA	2	FD150_3	Astronaut 3	FD150	FD	55.406777272347
FD150_3_GATATCTACGGTATCGTAAT	0	FD150_3	Astronaut 3	FD150	FD	54.6482491583462
FD150_3_GATATTATGCCAATCGATGA	0	FD150_3	Astronaut 3	FD150	FD	46.9486899203135
FD150_3_GATATTGCGCCTAACGATGA	3	FD150_3	Astronaut 3	FD150	FD	49.4725598975354
FD150_3_GCAACCCGCTGGCAGGCTGC	6	FD150_3	Astronaut 3	FD150	FD	31.5404377949486
FD150_3_GCGGTGAGCTCTGGAGCAAC	4	FD150_3	Astronaut 3	FD150	FD	53.3556365235138
FD150_3_GCTCTTGCTACGACCGATGA	0	FD150_3	Astronaut 3	FD150	FD	57.8572191943967
FD150_3_GCTGCTAAGGGCAACGTAAT	4	FD150_3	Astronaut 3	FD150	FD	49.6549075343817
FD150_3_GCTTGCGCTCGAGCTGCTGC	3	FD150_3	Astronaut 3	FD150	FD	52.5258978146643
FD150_3_GGAGCAGAACCTTAAGATAT	4	FD150_3	Astronaut 3	FD150	FD	48.1636479318715
FD150_3_GGAGCGTCCGGTAGAGTCTA	0	FD150_3	Astronaut 3	FD150	FD	50.7363409075929
FD150_3_GGCAGTTCGACGCAAGCTGC	0	FD150_3	Astronaut 3	FD150	FD	60.1507134872419
FD150_3_GGTAAAGTTGCCGCTGGTCC	0	FD150_3	Astronaut 3	FD150	FD	40.6428514051734
FD150_3_GGTAAAGTTGGCCTTGATGA	0	FD150_3	Astronaut 3	FD150	FD	51.4270664367543
FD150_3_GGTCCTAGAGGCTCTGCGGT	1	FD150_3	Astronaut 3	FD150	FD	41.6038519257176
FD150_3_GTATCCGAAGGCAACGCTTG	4	FD150_3	Astronaut 3	FD150	FD	39.6360688981913
FD150_3_GTATCTTCGAGGCAGGGCGT	0	FD150_3	Astronaut 3	FD150	FD	52.5359002963234
FD150_3_GTCCGAAGCACTACGGTCTA	4	FD150_3	Astronaut 3	FD150	FD	42.4741795735922
FD150_3_GTCTAAACCGCAGCGGCTGC	4	FD150_3	Astronaut 3	FD150	FD	44.4198370138765
FD150_3_GTCTAACTCGCCTCAGCCTT	4	FD150_3	Astronaut 3	FD150	FD	47.112318059155
FD150_3_GTCTATACGTGCGGTGATGA	0	FD150_3	Astronaut 3	FD150	FD	46.9486899800869
FD150_3_TAAGGGCGAACAGTTGATGA	7	FD150_3	Astronaut 3	FD150	FD	48.5572237230748
FD150_3_TATGCAACTCATTGGGCAAC	3	FD150_3	Astronaut 3	FD150	FD	54.9708154971435
FD150_3_TATGCTCGCGGCTCTGCGGT	2	FD150_3	Astronaut 3	FD150	FD	34.9398365876481
FD150_3_TATGCTTGAACGATTGATAT	4	FD150_3	Astronaut 3	FD150	FD	52.5365829305884
FD150_3_TATGCTTGAACTTAAGATAT	4	FD150_3	Astronaut 3	FD150	FD	49.7282510674517
FD150_3_TATTGGCAACCCTAGGGCGT	0	FD150_3	Astronaut 3	FD150	FD	31.5404378547219
FD150_3_TCAGTTGCGCCGTCGGTCTA	0	FD150_3	Astronaut 3	FD150	FD	41.603851985491
FD150_3_TCGCGAACGACTGGAGATGA	1	FD150_3	Astronaut 3	FD150	FD	53.2444319915392
FD150_3_TCGTACAGCGCCTAGGCCTT	2	FD150_3	Astronaut 3	FD150	FD	46.1991975814845
FD150_3_TCTACCTGGACTCCAGTCTA	4	FD150_3	Astronaut 3	FD150	FD	43.5170925140077
FD150_3_TCTACGAACCCTCCAGTCTA	0	FD150_3	Astronaut 3	FD150	FD	54.585691097772
FD150_3_TCTACGGTAACGCCTGCAAC	6	FD150_3	Astronaut 3	FD150	FD	49.4725599573087
FD150_3_TCTACTACGTGCTTGGTCTA	5	FD150_3	Astronaut 3	FD150	FD	50.1447325601142
FD150_3_TGCGCGGTAACTAGTGTCTA	1	FD150_3	Astronaut 3	FD150	FD	31.5404379144952
FD150_3_TGCGCTCCGGGAGCTGCAAC	3	FD150_3	Astronaut 3	FD150	FD	43.2735982060071
FD150_3_TGCTATCTACCGCTCGCCTT	0	FD150_3	Astronaut 3	FD150	FD	60.1721041153887
FD150_3_TTAGCAAGACATTGGGTAAT	0	FD150_3	Astronaut 3	FD150	FD	49.1202148142583
FD150_3_TTCGACGAAGGGAGCGGCGT	0	FD150_3	Astronaut 3	FD150	FD	48.1722772876243
FD150_3_TTGAACGATTATTGGGTCTA	3	FD150_3	Astronaut 3	FD150	FD	45.4424519760502
FD150_3_TTGAACGCCTCCATAGCAAC	5	FD150_3	Astronaut 3	FD150	FD	42.5296607895602
FD30_1_AACCGACCAGGGCAGGATGA	1	FD30_1	Astronaut 1	FD30	FD	15.2667783255031
FD30_1_AACCGACGATGATGAGATGA	3	FD30_1	Astronaut 1	FD30	FD	13.6332907180202
FD30_1_AACCGACTCGGAACCGGAGC	2	FD30_1	Astronaut 1	FD30	FD	7.14761444158096
FD30_1_AACCGAGTTGGGTCCGTCTA	2	FD30_1	Astronaut 1	FD30	FD	0.507535253206351
FD30_1_AACCGATCTGGCTTGGTCTA	1	FD30_1	Astronaut 1	FD30	FD	6.35742326533573
FD30_1_AACCGATTCAGGCGTGCGGT	1	FD30_1	Astronaut 1	FD30	FD	10.6347349595645
FD30_1_AACCGCCTCAGCTGCGCCTT	1	FD30_1	Astronaut 1	FD30	FD	3.07184656700603
FD30_1_AACCGCGATTCAGCGGATAT	1	FD30_1	Astronaut 1	FD30	FD	12.7194245228209
FD30_1_AACCGCTAACGAACCGCAAC	1	FD30_1	Astronaut 1	FD30	FD	2.52308999957449
FD30_1_AACCGCTGGACCATAGATGA	2	FD30_1	Astronaut 1	FD30	FD	10.9143520148568
FD30_1_AACCGGATGAGGCAGGATGA	1	FD30_1	Astronaut 1	FD30	FD	12.1628059463743
FD30_1_AACCGGCAGGCAACTGGCGT	3	FD30_1	Astronaut 1	FD30	FD	4.05314821109197
FD30_1_AACCGGCAGGGCCTTGCTTG	1	FD30_1	Astronaut 1	FD30	FD	7.79358078711307
FD30_1_AACCGGTATCCAGTTGCAAC	2	FD30_1	Astronaut 1	FD30	FD	13.7134976911668
FD30_1_AACCGGTCTAGACTGGCTGC	5	FD30_1	Astronaut 1	FD30	FD	1.9776336926873
FD30_1_AACCGTAGAGCGGATGGTCC	0	FD30_1	Astronaut 1	FD30	FD	14.8778689538458
FD30_1_AACCGTAGGACGCAAGGCGT	2	FD30_1	Astronaut 1	FD30	FD	3.9954224631748
FD30_1_AACCGTAGGACTACGGCAAC	0	FD30_1	Astronaut 1	FD30	FD	14.6333060615432
FD30_1_AACCGTATCTGATATGGAGC	2	FD30_1	Astronaut 1	FD30	FD	0.717436568127806
FD30_1_AACCGTCATCCTGGAGATGA	3	FD30_1	Astronaut 1	FD30	FD	8.10819279923331
FD30_1_AACCGTCCGGGAACCGCTTG	5	FD30_1	Astronaut 1	FD30	FD	18.995030848948
FD30_1_AACCGTCCGGGCGAAGATGA	2	FD30_1	Astronaut 1	FD30	FD	13.8539683521389
FD30_1_AACCGTGGACGCTCTGCTTG	5	FD30_1	Astronaut 1	FD30	FD	3.93045424769539
FD30_1_AACGAAAGCAGCTTGGATAT	0	FD30_1	Astronaut 1	FD30	FD	11.9417885735475
FD30_1_AACGAAAGGTCGCAAGTCTA	0	FD30_1	Astronaut 1	FD30	FD	15.2765387971661
FD30_1_AACGAAAGGTGGCGTGCTTG	6	FD30_1	Astronaut 1	FD30	FD	4.18413358627134e-07
FD30_1_AACGAACGATCGATTGGCGT	2	FD30_1	Astronaut 1	FD30	FD	12.3775955475815
FD30_1_AACGAACTCGGGAGCGGCGT	2	FD30_1	Astronaut 1	FD30	FD	4.25454598068299
FD30_1_AACGAAGAACCGGCAGTAAT	1	FD30_1	Astronaut 1	FD30	FD	3.02254847296143
FD30_1_AACGAATCCTGAACCGATGA	0	FD30_1	Astronaut 1	FD30	FD	11.2056323131394
FD30_1_AACGAATGGCGCAACGATGA	7	FD30_1	Astronaut 1	FD30	FD	8.10819285900665
FD30_1_AACGACAACTGGCAGGCGGT	0	FD30_1	Astronaut 1	FD30	FD	11.3011772742753
FD30_1_AACGACAGAACGCAAGCAAC	7	FD30_1	Astronaut 1	FD30	FD	7.73574738294255
FD30_1_AACGACAGTTGCTTGGGCGT	2	FD30_1	Astronaut 1	FD30	FD	3.16535828699302
FD30_1_AACGACGAAGCGCCTGCCTT	1	FD30_1	Astronaut 1	FD30	FD	17.3205163039665
FD30_1_AACGACTTAACGCAAGATGA	0	FD30_1	Astronaut 1	FD30	FD	12.7194245825943
FD30_1_AACGAGACTGGCCTTGCTTG	1	FD30_1	Astronaut 1	FD30	FD	2.00535175671393
FD30_1_AACGAGATATCTTAAGATAT	5	FD30_1	Astronaut 1	FD30	FD	14.4125431753058
FD30_1_AACGAGTAATGGCGTGCGGT	0	FD30_1	Astronaut 1	FD30	FD	14.6333061213166
FD30_1_AACGAGTAGACAACTGCAAC	5	FD30_1	Astronaut 1	FD30	FD	3.97192710743749
FD30_1_AACGAGTTAGGCGAAGATGA	2	FD30_1	Astronaut 1	FD30	FD	3.16689452008329
FD30_1_AACGATAAGGCTGGAGTCTA	0	FD30_1	Astronaut 1	FD30	FD	61.4709164299018
FD30_1_AACGATAGAGCGATTGCCTT	6	FD30_1	Astronaut 1	FD30	FD	7.73491781504725
FD30_1_AACGATTCATGATGAGCGGT	1	FD30_1	Astronaut 1	FD30	FD	2.16178241733454
FD30_1_AACGATTGAAGAGCTGGAGC	1	FD30_1	Astronaut 1	FD30	FD	6.29155352905592
FD30_1_AACTCAACTCCAACTGCAAC	7	FD30_1	Astronaut 1	FD30	FD	12.2822565969189
FD30_1_AACTCAAGCAGTAATGATAT	0	FD30_1	Astronaut 1	FD30	FD	61.4709164896752
FD30_1_AACTCAAGGTGATATGTCTA	1	FD30_1	Astronaut 1	FD30	FD	11.7520750777046
FD30_1_AACTCACTTCCAGAAGATAT	7	FD30_1	Astronaut 1	FD30	FD	10.143391075688
FD30_1_AACTCAGAGTCAGCGGATAT	2	FD30_1	Astronaut 1	FD30	FD	15.6325040064943
FD30_1_AACTCAGGCTCGCTCGATGA	3	FD30_1	Astronaut 1	FD30	FD	7.05743468326681
FD30_1_AACTCATCCTCCTCAGCTGC	0	FD30_1	Astronaut 1	FD30	FD	8.36740520023719
FD30_1_AACTCATCCTGGAGCGCCTT	0	FD30_1	Astronaut 1	FD30	FD	61.4709165494485
FD30_1_AACTCCAATCCAATCGTCTA	0	FD30_1	Astronaut 1	FD30	FD	10.3670086165606
FD30_1_AACTCCAATCCCTCAGCTTG	2	FD30_1	Astronaut 1	FD30	FD	4.12794943028094
FD30_1_AACTCCGAAGCGGATGATAT	0	FD30_1	Astronaut 1	FD30	FD	6.75414389280562
FD30_1_AACTCCGATTCGCAAGTCTA	1	FD30_1	Astronaut 1	FD30	FD	6.79233881977959
FD30_1_AACTCCGCAAGGTAAGCTGC	0	FD30_1	Astronaut 1	FD30	FD	13.6864577505646
FD30_1_AACTCCGCCTGCCTTGCTGC	5	FD30_1	Astronaut 1	FD30	FD	6.75844760142944
FD30_1_AACTCCGGATCGCTCGCTTG	1	FD30_1	Astronaut 1	FD30	FD	22.5155347167282
FD30_1_AACTCCTACGCAATCGCAAC	1	FD30_1	Astronaut 1	FD30	FD	7.72800657677234
FD30_1_AACTCCTAGTATTCAGGCGT	6	FD30_1	Astronaut 1	FD30	FD	15.6060232937067
FD30_1_AACTCCTAGTGCAGGGCCTT	3	FD30_1	Astronaut 1	FD30	FD	14.3597174861845
FD30_1_AACTCCTAGTGCGGTGCTGC	5	FD30_1	Astronaut 1	FD30	FD	6.35742332510906
FD30_1_AACTCGAGCTGCTTGGCCTT	0	FD30_1	Astronaut 1	FD30	FD	14.6333061810899
FD30_1_AACTCGAGTCGCTCTGTAAT	5	FD30_1	Astronaut 1	FD30	FD	3.07294995609015
FD30_1_AACTCGATGAGTATCGCAAC	5	FD30_1	Astronaut 1	FD30	FD	12.5982106073632
FD30_1_AACTCGCTCTCGAAGGATAT	1	FD30_1	Astronaut 1	FD30	FD	13.0422072477784
FD30_1_AACTCGCTTGCCTCAGCTTG	2	FD30_1	Astronaut 1	FD30	FD	1.79474894749138
FD30_1_AACTCGTCTAGCGGTGCTGC	3	FD30_1	Astronaut 1	FD30	FD	0.507535193433014
FD30_1_AACTCGTTAGCGATTGCGGT	7	FD30_1	Astronaut 1	FD30	FD	17.9303511762792
FD30_1_AACTCTAGGACGGATGGTCC	2	FD30_1	Astronaut 1	FD30	FD	3.26201883646431
FD30_1_AACTCTCCGGCTAGTGTCTA	1	FD30_1	Astronaut 1	FD30	FD	9.12304029312098
FD30_1_AACTCTCGCGGTAGAGGCGT	0	FD30_1	Astronaut 1	FD30	FD	11.722017381099
FD30_1_AACTCTCTACCGACCGGAGC	2	FD30_1	Astronaut 1	FD30	FD	10.5092260459075
FD30_1_AACTCTGCGCCGATTGTAAT	2	FD30_1	Astronaut 1	FD30	FD	4.17442384763787
FD30_1_AACTCTGCGCCGCTCGTAAT	0	FD30_1	Astronaut 1	FD30	FD	15.6517614300812
FD30_1_AACTCTTATGGAGTCGCGGT	6	FD30_1	Astronaut 1	FD30	FD	7.97396200842803
FD30_1_AACTCTTCGAGTAATGATGA	2	FD30_1	Astronaut 1	FD30	FD	11.8392504817992
FD30_1_AACTCTTCGAGTAATGCGGT	7	FD30_1	Astronaut 1	FD30	FD	12.7573741522474
FD30_1_AACTCTTGAAGTAGAGCGGT	7	FD30_1	Astronaut 1	FD30	FD	0.342444380296903
FD30_1_AAGACAACCGCGCTCGCAAC	1	FD30_1	Astronaut 1	FD30	FD	4.03660695914559
FD30_1_AAGACACCTAGGTAAGCGGT	2	FD30_1	Astronaut 1	FD30	FD	9.63148724635184
FD30_1_AAGACACTCGGCTTGGCTTG	6	FD30_1	Astronaut 1	FD30	FD	0.286962500015186
FD30_1_AAGACAGGCTCTTAAGATAT	2	FD30_1	Astronaut 1	FD30	FD	12.7194246423676
FD30_1_AAGACATGGCCCATAGCTTG	3	FD30_1	Astronaut 1	FD30	FD	1.3058813370663
FD30_1_AAGACATTACCAATCGCCTT	5	FD30_1	Astronaut 1	FD30	FD	61.4709166092218
FD30_1_AAGACATTACCGGCAGCCTT	1	FD30_1	Astronaut 1	FD30	FD	1.79474900726471
FD30_1_AAGACCAATCGCTGCGTCTA	2	FD30_1	Astronaut 1	FD30	FD	9.12892355254899
FD30_1_AAGACCAGCGCTTAAGATAT	1	FD30_1	Astronaut 1	FD30	FD	12.7833949860117
FD30_1_AAGACCGAAGGAGTCGGCGT	3	FD30_1	Astronaut 1	FD30	FD	6.45628139725596
FD30_1_AAGACCTTAAGGCAGGCAAC	2	FD30_1	Astronaut 1	FD30	FD	11.2056323729128
FD30_1_AAGACGAACCGCTCTGCAAC	5	FD30_1	Astronaut 1	FD30	FD	4.5875802581173
FD30_1_AAGACGAGTCGCCTTGCAAC	3	FD30_1	Astronaut 1	FD30	FD	4.01367193003677
FD30_1_AAGACGCAACGCTGCGGTCC	2	FD30_1	Astronaut 1	FD30	FD	4.77161532024293
FD30_1_AAGACGTAATCGATTGCAAC	3	FD30_1	Astronaut 1	FD30	FD	3.29437099041896
FD30_1_AAGACTAGGACGACCGCAAC	2	FD30_1	Astronaut 1	FD30	FD	11.2056324326861
FD30_1_AAGACTAGGACTTAAGCAAC	0	FD30_1	Astronaut 1	FD30	FD	11.2056324924594
FD30_1_AAGACTATCTGAGTCGTAAT	1	FD30_1	Astronaut 1	FD30	FD	12.348227607331
FD30_1_AAGACTCGCGCTCCAGCTTG	1	FD30_1	Astronaut 1	FD30	FD	3.58640021680401e-07
FD30_1_AAGCAAACCGCAGCGGCTGC	1	FD30_1	Astronaut 1	FD30	FD	6.38806662600047
FD30_1_AAGCAAACCGCGGATGCCTT	1	FD30_1	Astronaut 1	FD30	FD	6.3574233848824
FD30_1_AAGCAAACCGCTTAAGCGGT	2	FD30_1	Astronaut 1	FD30	FD	11.2056325522328
FD30_1_AAGCAAAGACCGCTCGTCTA	2	FD30_1	Astronaut 1	FD30	FD	1.80541155494681
FD30_1_AAGCAAAGCACGAAGGCTTG	7	FD30_1	Astronaut 1	FD30	FD	4.89349327363691
FD30_1_AAGCAAGAGTGCAGGGGCGT	5	FD30_1	Astronaut 1	FD30	FD	2.98866684733667e-07
FD30_1_AAGCAAGCGGCGAAGGATAT	1	FD30_1	Astronaut 1	FD30	FD	13.2429090686496
FD30_1_AAGCAAGCGGGCTCTGCTTG	1	FD30_1	Astronaut 1	FD30	FD	11.2102024885714
FD30_1_AAGCAAGGCTCGAAGGATGA	7	FD30_1	Astronaut 1	FD30	FD	10.441116139445
FD30_1_AAGCAAGGCTGCTGCGCAAC	4	FD30_1	Astronaut 1	FD30	FD	5.87706607276013
FD30_1_AAGCAAGTTGCTAGTGGCGT	0	FD30_1	Astronaut 1	FD30	FD	17.3215766609928
FD30_1_AAGCAAGTTGGCTGCGTAAT	0	FD30_1	Astronaut 1	FD30	FD	13.7364655248068
FD30_1_AAGCAATCCTCAGCGGCTGC	5	FD30_1	Astronaut 1	FD30	FD	11.2056326120061
FD30_1_AAGCAATCCTGTAATGCCTT	0	FD30_1	Astronaut 1	FD30	FD	13.8993347130825
FD30_1_AAGCACAGAAGGTCCGATGA	1	FD30_1	Astronaut 1	FD30	FD	6.39114403497908
FD30_1_AAGCACGATTGGTCCGTAAT	1	FD30_1	Astronaut 1	FD30	FD	4.17348617090246
FD30_1_AAGCACTACGCTAGTGCAAC	3	FD30_1	Astronaut 1	FD30	FD	0.0639144099028397
FD30_1_AAGCACTTAAGTAATGCTTG	6	FD30_1	Astronaut 1	FD30	FD	6.80476736614323
FD30_1_AAGCAGAGTCCAACTGCAAC	3	FD30_1	Astronaut 1	FD30	FD	8.10819291877998
FD30_1_AAGCAGATATGAGCTGATGA	1	FD30_1	Astronaut 1	FD30	FD	14.6333062408633
FD30_1_AAGCAGCGAACCATAGGCGT	1	FD30_1	Astronaut 1	FD30	FD	8.10819297855332
FD30_1_AAGCAGCGAAGTATCGTCTA	7	FD30_1	Astronaut 1	FD30	FD	10.6923466026598
FD30_1_AAGCAGGCAGCGGCAGCAAC	1	FD30_1	Astronaut 1	FD30	FD	6.35742344465574
FD30_1_AAGCAGTTAGCGACCGTAAT	0	FD30_1	Astronaut 1	FD30	FD	6.79343972032272
FD30_1_AAGCATAAGGCGTCGGCAAC	0	FD30_1	Astronaut 1	FD30	FD	11.3601350689743
FD30_1_AAGCATATCTGCAGGGATAT	0	FD30_1	Astronaut 1	FD30	FD	12.2204878108343
FD30_1_AAGCATCGCGCTACGGCAAC	3	FD30_1	Astronaut 1	FD30	FD	10.5976593915463
FD30_1_AAGCATCTACCCTAGGCAAC	1	FD30_1	Astronaut 1	FD30	FD	11.375705765082
FD30_1_AAGCATCTACCCTCAGCTGC	1	FD30_1	Astronaut 1	FD30	FD	2.39093347786934e-07
FD30_1_AAGCATTAGCCGACCGTCTA	1	FD30_1	Astronaut 1	FD30	FD	10.4902489472475
FD30_1_AAGGTAGAGTGTAGAGCTGC	0	FD30_1	Astronaut 1	FD30	FD	7.77136083632904
FD30_1_AAGGTAGTTGGTAGAGCAAC	7	FD30_1	Astronaut 1	FD30	FD	8.45814464696078
FD30_1_AAGGTATGCGATTGGGTAAT	0	FD30_1	Astronaut 1	FD30	FD	0.507535133659677
FD30_1_AAGGTCAGAAGGCAGGATAT	0	FD30_1	Astronaut 1	FD30	FD	12.7458347202276
FD30_1_AAGGTCTAGTCTAGTGGAGC	1	FD30_1	Astronaut 1	FD30	FD	2.1147329677747
FD30_1_AAGGTGATATGTATCGTAAT	0	FD30_1	Astronaut 1	FD30	FD	4.36464665721248
FD30_1_AAGGTGTAGACCTCAGGCGT	1	FD30_1	Astronaut 1	FD30	FD	3.07248823243841
FD30_1_AAGGTTAGAGGCAACGTCTA	7	FD30_1	Astronaut 1	FD30	FD	8.10819303832666
FD30_1_AAGGTTAGGACTCCAGCCTT	3	FD30_1	Astronaut 1	FD30	FD	14.8736342674017
FD30_1_AAGGTTCGTAGCTGCGTCTA	6	FD30_1	Astronaut 1	FD30	FD	6.35742350442907
FD30_1_ACCAGAAGACCTACGGCAAC	1	FD30_1	Astronaut 1	FD30	FD	61.4709166689952
FD30_1_ACCAGAAGCACAGTTGTAAT	1	FD30_1	Astronaut 1	FD30	FD	1.79474906703805
FD30_1_ACCAGACTAAGGAGCGGCGT	1	FD30_1	Astronaut 1	FD30	FD	2.01627034547911
FD30_1_ACCAGACTTCCGCTCGCTTG	2	FD30_1	Astronaut 1	FD30	FD	1.793200108402e-07
FD30_1_ACCAGAGAGTGTATCGCGGT	1	FD30_1	Astronaut 1	FD30	FD	1.79474912681139
FD30_1_ACCAGATGGCGCGAAGCTTG	2	FD30_1	Astronaut 1	FD30	FD	6.73165073547644
FD30_1_ACCAGCCTCACCATAGATGA	1	FD30_1	Astronaut 1	FD30	FD	6.31810441585738
FD30_1_ACCAGCGGATGAGCTGATAT	1	FD30_1	Astronaut 1	FD30	FD	15.2782779810559
FD30_1_ACCAGCTACGGCGAAGGCGT	1	FD30_1	Astronaut 1	FD30	FD	3.27801688373289
FD30_1_ACCAGCTAGTCTAGTGATAT	0	FD30_1	Astronaut 1	FD30	FD	10.6549233400809
FD30_1_ACCAGGAGTCCGATTGATGA	1	FD30_1	Astronaut 1	FD30	FD	12.566212452749
FD30_1_ACCAGGCAGGCCATAGCTTG	6	FD30_1	Astronaut 1	FD30	FD	7.74757420250633
FD30_1_ACCAGGCAGGGCGGTGGAGC	2	FD30_1	Astronaut 1	FD30	FD	1.79474918658473
FD30_1_ACCAGGCTTGCGGATGATGA	2	FD30_1	Astronaut 1	FD30	FD	17.31716010635
FD30_1_ACCAGGTAGACAGAAGCTTG	3	FD30_1	Astronaut 1	FD30	FD	15.2681990405665
FD30_1_ACCAGGTATCCTAACGCAAC	0	FD30_1	Astronaut 1	FD30	FD	10.373833422228
FD30_1_ACCAGGTCCGCGGATGATAT	0	FD30_1	Astronaut 1	FD30	FD	21.697411577545
FD30_1_ACCAGTCATCCTGGAGATAT	3	FD30_1	Astronaut 1	FD30	FD	4.00042869418638
FD30_1_ACCAGTCATCCTGGAGCAAC	0	FD30_1	Astronaut 1	FD30	FD	14.7745447475526
FD30_1_ACCAGTCTACCTCCAGGTCC	1	FD30_1	Astronaut 1	FD30	FD	4.17454966785122
FD30_1_ACCAGTGAGACGACCGATGA	1	FD30_1	Astronaut 1	FD30	FD	4.18969230665032
FD30_1_ACCAGTTATGCAGAAGCTGC	1	FD30_1	Astronaut 1	FD30	FD	10.395154761754
FD30_1_ACCTAAGAACATTCAGGTCC	0	FD30_1	Astronaut 1	FD30	FD	27.7339882164517
FD30_1_ACCTAATGCGCGCCTGGAGC	7	FD30_1	Astronaut 1	FD30	FD	8.10819309809999
FD30_1_ACCTAATTGGGGAGCGCTTG	1	FD30_1	Astronaut 1	FD30	FD	10.5375877601197
FD30_1_ACCTACAATCCAATCGCAAC	0	FD30_1	Astronaut 1	FD30	FD	6.35742356420241
FD30_1_ACCTACGATTCGAAGGGCGT	1	FD30_1	Astronaut 1	FD30	FD	11.7891360802995
FD30_1_ACCTACGTCGATTGGGCAAC	3	FD30_1	Astronaut 1	FD30	FD	12.2875637423652
FD30_1_ACCTACTGGAATTCAGCAAC	1	FD30_1	Astronaut 1	FD30	FD	14.4358387617128
FD30_1_ACCTAGCAGGCGCTCGGCGT	1	FD30_1	Astronaut 1	FD30	FD	1.23618731884999
FD30_1_ACCTAGGTCCGGCGTGATAT	1	FD30_1	Astronaut 1	FD30	FD	13.7255435292462
FD30_1_ACCTAGTCCGCCGCTGGTCC	0	FD30_1	Astronaut 1	FD30	FD	7.77705274422425
FD30_1_ACCTATACGTCAACTGATAT	2	FD30_1	Astronaut 1	FD30	FD	0.50753507388634
FD30_1_ACCTATTATGATTGGGCAAC	5	FD30_1	Astronaut 1	FD30	FD	13.7255377477265
FD30_1_ACCTATTCATCCTCAGATAT	2	FD30_1	Astronaut 1	FD30	FD	9.66470902074323
FD30_1_ACCTATTCGACAGCGGCAAC	1	FD30_1	Astronaut 1	FD30	FD	18.9950309087214
FD30_1_ACGATAACCGCTAACGGTCC	6	FD30_1	Astronaut 1	FD30	FD	10.2039095535272
FD30_1_ACGATAGAACATTGGGTAAT	5	FD30_1	Astronaut 1	FD30	FD	11.3431400502933
FD30_1_ACGATAGGCTCGCTCGCAAC	3	FD30_1	Astronaut 1	FD30	FD	10.432943779662
FD30_1_ACGATAGGCTGGCGTGATAT	0	FD30_1	Astronaut 1	FD30	FD	18.9950309684947
FD30_1_ACGATAGTTGGCTGCGGAGC	1	FD30_1	Astronaut 1	FD30	FD	7.73850031838541
FD30_1_ACGATATTGGCGCCTGATAT	2	FD30_1	Astronaut 1	FD30	FD	1.8583894174264
FD30_1_ACGATCCTCACTCCAGTAAT	2	FD30_1	Astronaut 1	FD30	FD	6.16940342354159
FD30_1_ACGATCTGGAGGTAAGCTTG	1	FD30_1	Astronaut 1	FD30	FD	6.74693218128289
FD30_1_ACGATTATCTGTATCGCTTG	3	FD30_1	Astronaut 1	FD30	FD	2.25989191164269
FD30_1_ACGATTATGCGCTGCGCCTT	1	FD30_1	Astronaut 1	FD30	FD	7.1476145013543
FD30_1_ACGATTTAGCCCTCAGTAAT	5	FD30_1	Astronaut 1	FD30	FD	1.8579724535478
FD30_1_ACGATTTATGGGCGTGCCTT	6	FD30_1	Astronaut 1	FD30	FD	10.1433911354614
FD30_1_ACTAAAAGCACTCCAGCGGT	1	FD30_1	Astronaut 1	FD30	FD	2.37222741004749
FD30_1_ACTAAACTCGCCTCAGCAAC	1	FD30_1	Astronaut 1	FD30	FD	1.79474924635806
FD30_1_ACTAAACTCGCGAAGGATAT	0	FD30_1	Astronaut 1	FD30	FD	14.4476366868625
FD30_1_ACTAAAGGCTGATGAGGCGT	6	FD30_1	Astronaut 1	FD30	FD	8.10819315787333
FD30_1_ACTAAATTGGCGTCGGGTCC	5	FD30_1	Astronaut 1	FD30	FD	3.05236227755719
FD30_1_ACTAACGGCACCTCAGGTCC	3	FD30_1	Astronaut 1	FD30	FD	1.31682732039348
FD30_1_ACTAACTAACGCTTGGGAGC	2	FD30_1	Astronaut 1	FD30	FD	3.79971858918609
FD30_1_ACTAACTGGAGGTAAGTAAT	7	FD30_1	Astronaut 1	FD30	FD	1.81107063229095
FD30_1_ACTAAGATATGGTAAGATGA	0	FD30_1	Astronaut 1	FD30	FD	10.3924945583244
FD30_1_ACTAAGCAACCAGTTGCTGC	1	FD30_1	Astronaut 1	FD30	FD	10.7124564619927
FD30_1_ACTAAGGCAGCAGAAGATGA	3	FD30_1	Astronaut 1	FD30	FD	6.75431312162639
FD30_1_ACTAAGGCAGGGTAAGTAAT	1	FD30_1	Astronaut 1	FD30	FD	7.14761456112764
FD30_1_ACTAAGTCCGCGCTCGTAAT	6	FD30_1	Astronaut 1	FD30	FD	11.7669993839777
FD30_1_ACTAATAAGGCCTAGGCTGC	1	FD30_1	Astronaut 1	FD30	FD	5.75348875990977
FD30_1_ACTAATACGTCGATTGCTTG	2	FD30_1	Astronaut 1	FD30	FD	11.355815056129
FD30_1_ACTAATAGAGCGTCGGCCTT	0	FD30_1	Astronaut 1	FD30	FD	11.2056326717795
FD30_1_ACTAATAGGAGCGGTGATAT	0	FD30_1	Astronaut 1	FD30	FD	6.27330513159204
FD30_1_ACTAATCAGTCGGCAGGAGC	3	FD30_1	Astronaut 1	FD30	FD	1.19546673893467e-07
FD30_1_ACTAATCGTACGTCGGCTTG	5	FD30_1	Astronaut 1	FD30	FD	9.76411721848933
FD30_1_ACTAATTCGACAACTGCTGC	1	FD30_1	Astronaut 1	FD30	FD	6.38948516494068
FD30_1_ACTCGACCTAGAGTCGATGA	2	FD30_1	Astronaut 1	FD30	FD	11.7220174408723
FD30_1_ACTCGACGATGCGAAGATGA	0	FD30_1	Astronaut 1	FD30	FD	11.435391904853
FD30_1_ACTCGACTTCCTGGAGCAAC	0	FD30_1	Astronaut 1	FD30	FD	8.10819321764667
FD30_1_ACTCGATTACGGTAAGCTGC	5	FD30_1	Astronaut 1	FD30	FD	6.25018951223132
FD30_1_ACTCGCAATCCGTCGGCTTG	1	FD30_1	Astronaut 1	FD30	FD	2.16178247710788
FD30_1_ACTCGCAGTTGCTCTGCTTG	1	FD30_1	Astronaut 1	FD30	FD	13.2461195638781
FD30_1_ACTCGCGAAGCAATCGATGA	0	FD30_1	Astronaut 1	FD30	FD	14.1792152819792
FD30_1_ACTCGCGACCGGAGCGATAT	2	FD30_1	Astronaut 1	FD30	FD	11.2056327315528
FD30_1_ACTCGCGCCTCGTCGGCTTG	1	FD30_1	Astronaut 1	FD30	FD	7.72800663654568
FD30_1_ACTCGCGGCACGTCGGCTTG	3	FD30_1	Astronaut 1	FD30	FD	61.4709167287685
FD30_1_ACTCGCTCCACAGAAGCAAC	0	FD30_1	Astronaut 1	FD30	FD	14.37084806476
FD30_1_ACTCGGAGTCGCTTGGTAAT	0	FD30_1	Astronaut 1	FD30	FD	60.9797720903773
FD30_1_ACTCGGCAGGGAACCGCTGC	1	FD30_1	Astronaut 1	FD30	FD	0.110038701452666
FD30_1_ACTCGGTATCCTAGTGATGA	3	FD30_1	Astronaut 1	FD30	FD	7.7557451112017
FD30_1_ACTCGTAAGGCCATAGATAT	3	FD30_1	Astronaut 1	FD30	FD	11.9474283123615
FD30_1_ACTCGTCCGGATTGGGCCTT	7	FD30_1	Astronaut 1	FD30	FD	2.2519882824142
FD30_1_ACTCGTCGCGCTAGTGCAAC	1	FD30_1	Astronaut 1	FD30	FD	9.82571561394731
FD30_1_ACTCGTGAGAGCGAAGGTCC	3	FD30_1	Astronaut 1	FD30	FD	5.97733369467335e-08
FD30_1_ACTCGTGCGCGGCAGGCAAC	5	FD30_1	Astronaut 1	FD30	FD	10.1433911952347
FD30_1_ACTCGTTAGCCAACTGCAAC	1	FD30_1	Astronaut 1	FD30	FD	12.989943540508
FD30_1_ACTCGTTCATCTTAAGGAGC	1	FD30_1	Astronaut 1	FD30	FD	9.1555797718851
FD30_1_ACTTCACCTACCTAGGATAT	0	FD30_1	Astronaut 1	FD30	FD	4.36464671698582
FD30_1_ACTTCAGAGTCTTAAGCTTG	1	FD30_1	Astronaut 1	FD30	FD	4.20169210029557
FD30_1_ACTTCAGGCTGGTAAGATAT	2	FD30_1	Astronaut 1	FD30	FD	1.86175536481114
FD30_1_ACTTCCCTAGCCATAGCAAC	1	FD30_1	Astronaut 1	FD30	FD	3.02254853273477
FD30_1_ACTTCCGCAACGGATGCGGT	1	FD30_1	Astronaut 1	FD30	FD	8.41313980961621
FD30_1_ACTTCCGCAACTAACGCAAC	3	FD30_1	Astronaut 1	FD30	FD	9.57857386015148
FD30_1_ACTTCCGCAACTAACGGCGT	3	FD30_1	Astronaut 1	FD30	FD	11.2630847165284
FD30_1_ACTTCCTAACGACTGGATAT	1	FD30_1	Astronaut 1	FD30	FD	0.194934586368454
FD30_1_ACTTCGCAGGCTAGTGTAAT	1	FD30_1	Astronaut 1	FD30	FD	0.687171459591538
FD30_1_ACTTCGCAGGCTTAAGCTTG	1	FD30_1	Astronaut 1	FD30	FD	12.9894426478692
FD30_1_ACTTCGCTTGCAATCGGAGC	7	FD30_1	Astronaut 1	FD30	FD	6.66247122276714
FD30_1_ACTTCGGAGCCCTAGGGCGT	1	FD30_1	Astronaut 1	FD30	FD	11.2295389013198
FD30_1_ACTTCGGAGCCGGCAGCGGT	5	FD30_1	Astronaut 1	FD30	FD	7.77176337467879
FD30_1_ACTTCGTCCGGGCAGGATAT	7	FD30_1	Astronaut 1	FD30	FD	8.40773362068419
FD30_1_AGAACAACTCCGGCAGCTTG	1	FD30_1	Astronaut 1	FD30	FD	12.4209345914726
FD30_1_AGAACACTAAGGTAAGTAAT	6	FD30_1	Astronaut 1	FD30	FD	10.4121816958121
FD30_1_AGAACACTAAGGTCCGATAT	5	FD30_1	Astronaut 1	FD30	FD	14.3711060789633
FD30_1_AGAACACTAAGTATCGCTTG	2	FD30_1	Astronaut 1	FD30	FD	2.48061286762278
FD30_1_AGAACAGTTGCGCAAGGCGT	5	FD30_1	Astronaut 1	FD30	FD	15.611892382874
FD30_1_AGAACCAGAACAGCGGCAAC	0	FD30_1	Astronaut 1	FD30	FD	61.4709167885418
FD30_1_AGAACCAGCGCGCTCGCCTT	1	FD30_1	Astronaut 1	FD30	FD	0.709724616493643
FD30_1_AGAACCTAACGGTCCGCTTG	1	FD30_1	Astronaut 1	FD30	FD	11.2056327913261
FD30_1_AGAACCTAGTCCATAGTCTA	5	FD30_1	Astronaut 1	FD30	FD	10.3928145920148
FD30_1_AGAACGAGTCCTGGAGCTTG	2	FD30_1	Astronaut 1	FD30	FD	9.00063840653523
FD30_1_AGAACGCCTTCAGCGGTAAT	6	FD30_1	Astronaut 1	FD30	FD	14.6333063006366
FD30_1_AGAACGCTCTGCTTGGGTCC	1	FD30_1	Astronaut 1	FD30	FD	3.83581716224575
FD30_1_AGAACGTCCGGCAGGGCTGC	2	FD30_1	Astronaut 1	FD30	FD	6.06679544258709
FD30_1_AGAACTAGAGCGCAAGATAT	1	FD30_1	Astronaut 1	FD30	FD	4.36464677675915
FD30_1_AGAACTAGGACAACTGGTCC	7	FD30_1	Astronaut 1	FD30	FD	9.1800713424173
FD30_1_AGAACTGGACCAGCGGATAT	0	FD30_1	Astronaut 1	FD30	FD	16.3800492352899
FD30_1_AGAACTGGACCAGTTGCTTG	1	FD30_1	Astronaut 1	FD30	FD	9.61095977329378
FD30_1_AGAACTGGACGCCTTGATGA	3	FD30_1	Astronaut 1	FD30	FD	12.7573018796659
FD30_1_AGAACTTATGGGTCCGATAT	1	FD30_1	Astronaut 1	FD30	FD	6.78761855955035
FD30_1_AGAGTAGAGTCGATTGCTTG	1	FD30_1	Astronaut 1	FD30	FD	4.34470098183271
FD30_1_AGAGTATTGGCTTAAGATAT	0	FD30_1	Astronaut 1	FD30	FD	10.568150775832
FD30_1_AGAGTCAGCGGGCAGGCGGT	6	FD30_1	Astronaut 1	FD30	FD	6.67539157913833
FD30_1_AGAGTCCGCTCGAAGGATGA	2	FD30_1	Astronaut 1	FD30	FD	7.76922269446414
FD30_1_AGAGTCGTCGCGGCAGTAAT	0	FD30_1	Astronaut 1	FD30	FD	15.2594918291795
FD30_1_AGAGTCGTCGGCTCTGGTCC	1	FD30_1	Astronaut 1	FD30	FD	10.5239999636207
FD30_1_AGAGTGCGGTCAATCGGCGT	2	FD30_1	Astronaut 1	FD30	FD	4.36464683653249
FD30_1_AGAGTGCTGCGCAGGGTCTA	5	FD30_1	Astronaut 1	FD30	FD	11.2811397417371
FD30_1_AGAGTGGAGCCGCAAGCGGT	2	FD30_1	Astronaut 1	FD30	FD	0.507535014113003
FD30_1_AGAGTGTATCGACTGGCGGT	5	FD30_1	Astronaut 1	FD30	FD	7.76850682681762
FD30_1_AGAGTGTATCGCGGTGGCGT	3	FD30_1	Astronaut 1	FD30	FD	7.72800669631901
FD30_1_AGAGTGTATCGGCGTGCTTG	1	FD30_1	Astronaut 1	FD30	FD	20.9028077182531
FD30_1_AGAGTTAAGGGACTGGCGGT	1	FD30_1	Astronaut 1	FD30	FD	13.2383242790943
FD30_1_AGAGTTCCGGCTAGTGTCTA	1	FD30_1	Astronaut 1	FD30	FD	8.36740526001052
FD30_1_AGAGTTCTACCGACCGCTTG	1	FD30_1	Astronaut 1	FD30	FD	17.968763526421
FD30_1_AGAGTTGGACCCATAGATAT	2	FD30_1	Astronaut 1	FD30	FD	14.2911390707839
FD30_1_AGAGTTTAGCGTAGAGCCTT	6	FD30_1	Astronaut 1	FD30	FD	4.01273163866388
FD30_1_AGCGGAAGGTCGTCGGCGGT	1	FD30_1	Astronaut 1	FD30	FD	8.36740531978386
FD30_1_AGCGGACTAACAGAAGATGA	0	FD30_1	Astronaut 1	FD30	FD	14.916442000452
FD30_1_AGCGGACTCGGATATGCTTG	3	FD30_1	Astronaut 1	FD30	FD	12.7833950457851
FD30_1_AGCGGAGGCTCGCAAGATAT	1	FD30_1	Astronaut 1	FD30	FD	7.73668038840362
FD30_1_AGCGGCAATCGCAGGGATGA	3	FD30_1	Astronaut 1	FD30	FD	2.13698156674996
FD30_1_AGCGGCAATCGTAATGCTGC	7	FD30_1	Astronaut 1	FD30	FD	11.279981601649
FD30_1_AGCGGCAGCGCGGATGTCTA	6	FD30_1	Astronaut 1	FD30	FD	0.506539254429239
FD30_1_AGCGGCGCCTCCTAGGTAAT	0	FD30_1	Astronaut 1	FD30	FD	8.10819327742
FD30_1_AGCGGCGTCGCAGAAGCAAC	0	FD30_1	Astronaut 1	FD30	FD	6.35742362397574
FD30_1_AGCGGCGTCGCAGAAGCTGC	3	FD30_1	Astronaut 1	FD30	FD	6.34865900847534
FD30_1_AGCGGCTACGCAATCGGAGC	2	FD30_1	Astronaut 1	FD30	FD	12.7194247021409
FD30_1_AGCGGCTCCACTAACGCAAC	5	FD30_1	Astronaut 1	FD30	FD	10.1533599947372
FD30_1_AGCGGGATGACGCCTGATGA	5	FD30_1	Astronaut 1	FD30	FD	3.24778085074735
FD30_1_AGCGGGGCGTCCTAGGCCTT	3	FD30_1	Astronaut 1	FD30	FD	0.717436627901143
FD30_1_AGCGGGGCGTGAGTCGTAAT	1	FD30_1	Astronaut 1	FD30	FD	7.8540374765511
FD30_1_AGCGGGGTCCCCGCTGATGA	1	FD30_1	Astronaut 1	FD30	FD	18.2848697532568
FD30_1_AGCGGGTAGACTAACGCTGC	1	FD30_1	Astronaut 1	FD30	FD	10.7547824147216
FD30_1_AGCGGGTATCGCCTTGCTGC	1	FD30_1	Astronaut 1	FD30	FD	4.22139213714802
FD30_1_AGCGGTATTGGAACCGATGA	0	FD30_1	Astronaut 1	FD30	FD	6.19887423444513
FD30_1_AGCGGTCGTAGAGCTGATAT	5	FD30_1	Astronaut 1	FD30	FD	1.87840021091572
FD30_1_AGCGGTGGACCCATAGGCGT	5	FD30_1	Astronaut 1	FD30	FD	2.16178253688122
FD30_1_AGGCTACCTACGTCGGATGA	2	FD30_1	Astronaut 1	FD30	FD	8.10819333719334
FD30_1_AGGCTACGATGTAATGGCGT	3	FD30_1	Astronaut 1	FD30	FD	14.439381710734
FD30_1_AGGCTACTAAGCGGTGCTTG	1	FD30_1	Astronaut 1	FD30	FD	10.4081615193682
FD30_1_AGGCTACTAAGGTCCGATAT	0	FD30_1	Astronaut 1	FD30	FD	17.9047129829305
FD30_1_AGGCTACTTCCTAACGATGA	1	FD30_1	Astronaut 1	FD30	FD	11.7220175006456
FD30_1_AGGCTACTTCGCAACGTCTA	6	FD30_1	Astronaut 1	FD30	FD	14.273112255282
FD30_1_AGGCTAGAACGCGGTGATGA	1	FD30_1	Astronaut 1	FD30	FD	12.7782925380553
FD30_1_AGGCTATCTGCGCCTGGAGC	5	FD30_1	Astronaut 1	FD30	FD	7.72800675609235
FD30_1_AGGCTATTACCCTCAGCAAC	1	FD30_1	Astronaut 1	FD30	FD	9.68220331059431
FD30_1_AGGCTCAGAACGGATGGCGT	7	FD30_1	Astronaut 1	FD30	FD	0.71743668767448
FD30_1_AGGCTCGGCACAGCGGATAT	1	FD30_1	Astronaut 1	FD30	FD	12.3775956073548
FD30_1_AGGCTCGTCGGAGTCGATAT	6	FD30_1	Astronaut 1	FD30	FD	11.2056328510995
FD30_1_AGGCTGAACCCGCAAGGCGT	0	FD30_1	Astronaut 1	FD30	FD	20.8785022773148
FD30_1_AGGCTGCTCTCAGTTGCCTT	2	FD30_1	Astronaut 1	FD30	FD	0.507534954339666
FD30_1_AGGCTGGCAGCGCAAGGAGC	1	FD30_1	Astronaut 1	FD30	FD	11.3000821195334
FD30_1_AGGCTGTATCGAACCGGCGT	0	FD30_1	Astronaut 1	FD30	FD	7.14761462090097
FD30_1_AGGCTGTCTACGCAAGCTTG	5	FD30_1	Astronaut 1	FD30	FD	27.733988276225
FD30_1_AGGCTTAAGGGGTCCGATAT	5	FD30_1	Astronaut 1	FD30	FD	4.26287672399445
FD30_1_AGGCTTACGTGCTGCGTAAT	0	FD30_1	Astronaut 1	FD30	FD	14.1528528679596
FD30_1_AGGCTTCAGTGCGAAGCGGT	3	FD30_1	Astronaut 1	FD30	FD	2.2902907877752
FD30_1_AGGCTTCTACCGGATGCTTG	1	FD30_1	Astronaut 1	FD30	FD	8.10819339696668
FD30_1_AGGCTTGAGAGCCTTGCTTG	7	FD30_1	Astronaut 1	FD30	FD	14.8047310499207
FD30_1_AGGTCAACCGCGAAGGGTCC	0	FD30_1	Astronaut 1	FD30	FD	0.717436747447817
FD30_1_AGGTCAACCGCGATTGGCGT	6	FD30_1	Astronaut 1	FD30	FD	1.92405912759316
FD30_1_AGGTCAACGACGGATGCGGT	1	FD30_1	Astronaut 1	FD30	FD	0.0
FD30_1_AGGTCACCTAATTGGGATGA	0	FD30_1	Astronaut 1	FD30	FD	11.4925414904623
FD30_1_AGGTCACCTAGCAACGGCGT	1	FD30_1	Astronaut 1	FD30	FD	6.45628145702929
FD30_1_AGGTCACTCGCTAGTGCAAC	5	FD30_1	Astronaut 1	FD30	FD	11.5449721411025
FD30_1_AGGTCACTTCCCATAGCTTG	2	FD30_1	Astronaut 1	FD30	FD	8.10819345674001
FD30_1_AGGTCAGAGTCAGTTGCTTG	1	FD30_1	Astronaut 1	FD30	FD	1.7947493061314
FD30_1_AGGTCAGTTGCAGCGGATAT	0	FD30_1	Astronaut 1	FD30	FD	14.8179625764587
FD30_1_AGGTCATCCTATTGGGATAT	6	FD30_1	Astronaut 1	FD30	FD	9.44174011432614
FD30_1_AGGTCATCCTATTGGGGAGC	1	FD30_1	Astronaut 1	FD30	FD	4.58758031789064
FD30_1_AGGTCATCTGCGAAGGCTTG	2	FD30_1	Astronaut 1	FD30	FD	14.6333063604099
FD30_1_AGGTCATGCGCTAGTGTAAT	5	FD30_1	Astronaut 1	FD30	FD	5.97733369467335e-08
FD30_1_AGGTCCAGTTCTACGGCGGT	2	FD30_1	Astronaut 1	FD30	FD	3.03577898246846
FD30_1_AGGTCCCGCTCTGGAGATGA	0	FD30_1	Astronaut 1	FD30	FD	12.7265756483929
FD30_1_AGGTCCCTCAATTGGGATGA	3	FD30_1	Astronaut 1	FD30	FD	11.4807810771923
FD30_1_AGGTCCGTCGCGCTCGATGA	2	FD30_1	Astronaut 1	FD30	FD	4.27643580314578
FD30_1_AGGTCCTCCACGACCGTAAT	5	FD30_1	Astronaut 1	FD30	FD	6.45628151680263
FD30_1_AGGTCGACTGCTAACGGTCC	3	FD30_1	Astronaut 1	FD30	FD	0.699611969391457
FD30_1_AGGTCGAGCTATTGGGATAT	5	FD30_1	Astronaut 1	FD30	FD	10.6917148182717
FD30_1_AGGTCGATGAGCCTTGATGA	2	FD30_1	Astronaut 1	FD30	FD	14.8128178058442
FD30_1_AGGTCGGAGCGTATCGATAT	1	FD30_1	Astronaut 1	FD30	FD	1.19546673893467e-07
FD30_1_AGGTCGGCAGCCGCTGATGA	0	FD30_1	Astronaut 1	FD30	FD	12.2421154871858
FD30_1_AGGTCGTAGACAACTGTAAT	1	FD30_1	Astronaut 1	FD30	FD	0.0937147373945129
FD30_1_AGGTCGTAGACCTCAGCTGC	0	FD30_1	Astronaut 1	FD30	FD	13.0422073075517
FD30_1_AGGTCGTCCGCGATTGATAT	3	FD30_1	Astronaut 1	FD30	FD	11.2056329108728
FD30_1_AGGTCGTCTACGGCAGATGA	0	FD30_1	Astronaut 1	FD30	FD	1.81618157800654
FD30_1_AGGTCGTTAGCTACGGATGA	1	FD30_1	Astronaut 1	FD30	FD	7.73155698206175
FD30_1_AGGTCTGCTACGTCGGCTTG	1	FD30_1	Astronaut 1	FD30	FD	32.7611354620564
FD30_1_AGTTGACTCGATTCAGGTCC	3	FD30_1	Astronaut 1	FD30	FD	0.717436807221154
FD30_1_AGTTGAGCGGATTCAGCTTG	1	FD30_1	Astronaut 1	FD30	FD	12.6083761798154
FD30_1_AGTTGAGGCTCTAACGCAAC	3	FD30_1	Astronaut 1	FD30	FD	10.7741452386873
FD30_1_AGTTGAGGCTGTAATGCGGT	2	FD30_1	Astronaut 1	FD30	FD	10.3519057323169
FD30_1_AGTTGATCCTGCTGCGGTCC	1	FD30_1	Astronaut 1	FD30	FD	0.520620831600583
FD30_1_AGTTGATTCACCTAGGCTTG	2	FD30_1	Astronaut 1	FD30	FD	12.615391255545
FD30_1_AGTTGATTCACGTCGGATGA	2	FD30_1	Astronaut 1	FD30	FD	4.37276489153559
FD30_1_AGTTGCCGCTGGTCCGCTTG	1	FD30_1	Astronaut 1	FD30	FD	14.7954504141268
FD30_1_AGTTGCGATTCGCCTGATGA	2	FD30_1	Astronaut 1	FD30	FD	11.722017560419
FD30_1_AGTTGCGATTCGCTCGTAAT	3	FD30_1	Astronaut 1	FD30	FD	19.0880121985226
FD30_1_AGTTGCGCTCCAATCGCAAC	0	FD30_1	Astronaut 1	FD30	FD	12.7194247619143
FD30_1_AGTTGCGGCAGACTGGGCGT	1	FD30_1	Astronaut 1	FD30	FD	3.02791572922819
FD30_1_AGTTGCTAGTCAGTTGCCTT	1	FD30_1	Astronaut 1	FD30	FD	7.75059773159402
FD30_1_AGTTGGCGAACGAAGGGCGT	1	FD30_1	Astronaut 1	FD30	FD	1.793200108402e-07
FD30_1_AGTTGGGTCCGCAGGGGCGT	0	FD30_1	Astronaut 1	FD30	FD	14.4545549175967
FD30_1_AGTTGGGTCCGGTCCGGCGT	7	FD30_1	Astronaut 1	FD30	FD	13.2352411997135
FD30_1_AGTTGGTCCGCAACTGATGA	6	FD30_1	Astronaut 1	FD30	FD	10.6251332074674
FD30_1_AGTTGGTCCGCCTCAGTCTA	1	FD30_1	Astronaut 1	FD30	FD	6.67975477274474
FD30_1_AGTTGGTTAGCGACCGATAT	1	FD30_1	Astronaut 1	FD30	FD	14.4402222083608
FD30_1_AGTTGGTTAGGTAGAGTAAT	0	FD30_1	Astronaut 1	FD30	FD	6.35742368374908
FD30_1_AGTTGTAGGAGAGCTGTCTA	2	FD30_1	Astronaut 1	FD30	FD	14.392586630092
FD30_1_AGTTGTCAGTCTCCAGCTTG	1	FD30_1	Astronaut 1	FD30	FD	10.3460535464632
FD30_1_AGTTGTGCGCCGAAGGCAAC	0	FD30_1	Astronaut 1	FD30	FD	11.7220176201923
FD30_1_AGTTGTTGAACCATAGCCTT	1	FD30_1	Astronaut 1	FD30	FD	10.2236645906133
FD30_1_ATCCTACCAGCTAGTGATGA	1	FD30_1	Astronaut 1	FD30	FD	4.28990990130833
FD30_1_ATCCTACTAACGCTCGGCGT	0	FD30_1	Astronaut 1	FD30	FD	12.7835361450931
FD30_1_ATCCTAGCGGGAACCGCTGC	6	FD30_1	Astronaut 1	FD30	FD	11.3044379300778
FD30_1_ATCCTAGGCTCGACCGCAAC	2	FD30_1	Astronaut 1	FD30	FD	11.2056329706461
FD30_1_ATCCTATCCTCTAACGATAT	0	FD30_1	Astronaut 1	FD30	FD	6.24511500367768
FD30_1_ATCCTATCCTGCGAAGCAAC	7	FD30_1	Astronaut 1	FD30	FD	6.80406442162738
FD30_1_ATCCTATTGGCCTCAGTAAT	1	FD30_1	Astronaut 1	FD30	FD	12.7715819294161
FD30_1_ATCCTCAATCCCTCAGATAT	2	FD30_1	Astronaut 1	FD30	FD	10.3959974210706
FD30_1_ATCCTCAGAACGCCTGGCGT	5	FD30_1	Astronaut 1	FD30	FD	11.7509787090881
FD30_1_ATCCTCAGTTCTTAAGCAAC	1	FD30_1	Astronaut 1	FD30	FD	4.05314827086531
FD30_1_ATCCTCCGCTCGCTCGCTGC	3	FD30_1	Astronaut 1	FD30	FD	11.2548388707401
FD30_1_ATCCTCTACGGTAATGGCGT	0	FD30_1	Astronaut 1	FD30	FD	61.4709168483152
FD30_1_ATCCTGATATATTGGGCAAC	2	FD30_1	Astronaut 1	FD30	FD	10.64810511247
FD30_1_ATCCTGCCTTCAGTTGATAT	7	FD30_1	Astronaut 1	FD30	FD	12.7194248216876
FD30_1_ATCCTGCCTTGATGAGATGA	0	FD30_1	Astronaut 1	FD30	FD	14.6333064201833
FD30_1_ATCCTGCGAACGCTCGGAGC	1	FD30_1	Astronaut 1	FD30	FD	17.2631645569397
FD30_1_ATCCTGCGAAGTAATGATGA	1	FD30_1	Astronaut 1	FD30	FD	3.0299180062695
FD30_1_ATCCTGGAGCGAACCGCTTG	1	FD30_1	Astronaut 1	FD30	FD	3.84715528494788
FD30_1_ATCCTGGCGTCCTCAGCTGC	0	FD30_1	Astronaut 1	FD30	FD	12.1624238105582
FD30_1_ATCCTGTATCGTAATGATAT	0	FD30_1	Astronaut 1	FD30	FD	8.10819351651335
FD30_1_ATCCTGTCTACGACCGATAT	1	FD30_1	Astronaut 1	FD30	FD	12.9988828408849
FD30_1_ATCCTGTCTACGACCGCTTG	3	FD30_1	Astronaut 1	FD30	FD	5.0679211720125
FD30_1_ATCCTGTTAGATTGGGTAAT	1	FD30_1	Astronaut 1	FD30	FD	1.79474936590474
FD30_1_ATCCTTCATCCGACCGATGA	2	FD30_1	Astronaut 1	FD30	FD	13.6945091780732
FD30_1_ATCCTTCTACGCCTTGCAAC	1	FD30_1	Astronaut 1	FD30	FD	11.9597286415533
FD30_1_ATCCTTGAGACAACTGGAGC	3	FD30_1	Astronaut 1	FD30	FD	0.507818623122383
FD30_1_ATCCTTGAGACTTAAGCGGT	0	FD30_1	Astronaut 1	FD30	FD	15.2817802995988
FD30_1_ATCCTTGCGCCGGCAGCTTG	5	FD30_1	Astronaut 1	FD30	FD	13.0422073673251
FD30_1_ATCCTTGCTACCATAGCTGC	2	FD30_1	Astronaut 1	FD30	FD	6.66247128254048
FD30_1_ATCCTTTCATGTAATGATGA	3	FD30_1	Astronaut 1	FD30	FD	11.7220176799657
FD30_1_ATCCTTTCGACGGCAGATGA	0	FD30_1	Astronaut 1	FD30	FD	11.284615528983
FD30_1_ATCTGAACCGATTGGGCAAC	1	FD30_1	Astronaut 1	FD30	FD	2.38901679576054
FD30_1_ATCTGAGAACGAGTCGCGGT	1	FD30_1	Astronaut 1	FD30	FD	7.73188762185777
FD30_1_ATCTGCGATTGACTGGTCTA	1	FD30_1	Astronaut 1	FD30	FD	7.7369732457168
FD30_1_ATCTGCGTCGCCATAGTCTA	0	FD30_1	Astronaut 1	FD30	FD	14.3534829314949
FD30_1_ATCTGCTACGCAGTTGGCGT	3	FD30_1	Astronaut 1	FD30	FD	11.722017739739
FD30_1_ATCTGGCTTGGGCAGGTCTA	5	FD30_1	Astronaut 1	FD30	FD	14.4043800055066
FD30_1_ATCTGGGTCCCAGTTGCGGT	1	FD30_1	Astronaut 1	FD30	FD	6.67338593066555
FD30_1_ATCTGGTCCGGATGAGCTTG	1	FD30_1	Astronaut 1	FD30	FD	10.4890643332473
FD30_1_ATCTGTAAGGGCTCTGGCGT	0	FD30_1	Astronaut 1	FD30	FD	11.2056330304195
FD30_1_ATCTGTACGTCGAAGGATGA	0	FD30_1	Astronaut 1	FD30	FD	13.6332907777936
FD30_1_ATCTGTACGTGGAGCGCAAC	2	FD30_1	Astronaut 1	FD30	FD	12.5624187629705
FD30_1_ATCTGTCTACGTAATGCTTG	1	FD30_1	Astronaut 1	FD30	FD	14.7865193785469
FD30_1_ATCTGTTGAAGGTCCGCTTG	5	FD30_1	Astronaut 1	FD30	FD	0.507534894566329
FD30_1_ATGCGACCAGCAATCGATGA	1	FD30_1	Astronaut 1	FD30	FD	4.20165644993928
FD30_1_ATGCGATGCGGCAACGCTTG	1	FD30_1	Astronaut 1	FD30	FD	11.208678575698
FD30_1_ATGCGATTACCGGCAGCTTG	6	FD30_1	Astronaut 1	FD30	FD	12.851501797646
FD30_1_ATGCGATTCAGGCAGGCAAC	1	FD30_1	Astronaut 1	FD30	FD	5.18395383850936
FD30_1_ATGCGCGCTCCTACGGCGGT	1	FD30_1	Astronaut 1	FD30	FD	9.32231649677988
FD30_1_ATGCGCGTCGGCCTTGATAT	0	FD30_1	Astronaut 1	FD30	FD	11.2056330901928
FD30_1_ATGCGCTTAACTGGAGATAT	1	FD30_1	Astronaut 1	FD30	FD	6.77610002752091
FD30_1_ATGCGGAGTCCAGCGGGCGT	0	FD30_1	Astronaut 1	FD30	FD	4.05314833063865
FD30_1_ATGCGGCAGGCGACCGATGA	2	FD30_1	Astronaut 1	FD30	FD	3.02329828294753
FD30_1_ATGCGGGTAACGCAAGCTTG	5	FD30_1	Astronaut 1	FD30	FD	9.60512938922943
FD30_1_ATGCGGTCCGGGTAAGGCGT	0	FD30_1	Astronaut 1	FD30	FD	5.96647041485038
FD30_1_ATGCGGTTAGGCTGCGGCGT	0	FD30_1	Astronaut 1	FD30	FD	3.04836195759387
FD30_1_ATGCGTAGAGGGTAAGTCTA	0	FD30_1	Astronaut 1	FD30	FD	11.2056331499662
FD30_1_ATGCGTATGCCGCCTGATGA	2	FD30_1	Astronaut 1	FD30	FD	10.4568182657619
FD30_1_ATGCGTATTGCTAACGGTCC	3	FD30_1	Astronaut 1	FD30	FD	2.39093347786934e-07
FD30_1_ATGGCACGATGGTAAGCGGT	0	FD30_1	Astronaut 1	FD30	FD	13.9483890370352
FD30_1_ATGGCAGGTCGTAATGCTTG	1	FD30_1	Astronaut 1	FD30	FD	2.20185651688462
FD30_1_ATGGCCAACTCTAACGCCTT	1	FD30_1	Astronaut 1	FD30	FD	10.1909094377831
FD30_1_ATGGCCCATACAATCGCTTG	3	FD30_1	Astronaut 1	FD30	FD	15.6758303762972
FD30_1_ATGGCCGACCCGCTCGATGA	3	FD30_1	Astronaut 1	FD30	FD	13.3464806284773
FD30_1_ATGGCCGCTCGCAACGGCGT	3	FD30_1	Astronaut 1	FD30	FD	14.4238053533098
FD30_1_ATGGCCGGATGGTAAGATAT	7	FD30_1	Astronaut 1	FD30	FD	8.63018965267243
FD30_1_ATGGCCGGCACAGTTGCTGC	1	FD30_1	Astronaut 1	FD30	FD	8.48848883052852
FD30_1_ATGGCCTGGACCGCTGCTTG	2	FD30_1	Astronaut 1	FD30	FD	10.3902468832017
FD30_1_ATGGCGCCTTCGGATGATAT	5	FD30_1	Astronaut 1	FD30	FD	22.4732997511143
FD30_1_ATGGCGCCTTCGGATGCAAC	6	FD30_1	Astronaut 1	FD30	FD	2.98866684733667e-07
FD30_1_ATGGCGCCTTGCAACGCTTG	3	FD30_1	Astronaut 1	FD30	FD	2.16454181318009
FD30_1_ATGGCGCTTGCAGAAGCGGT	5	FD30_1	Astronaut 1	FD30	FD	13.6950947026558
FD30_1_ATGGCGGCAGCGCAAGCCTT	1	FD30_1	Astronaut 1	FD30	FD	10.3134038905605
FD30_1_ATGGCGTTAGCGAAGGTAAT	5	FD30_1	Astronaut 1	FD30	FD	15.2415443894333
FD30_1_ATGGCTACGTCTCCAGCCTT	6	FD30_1	Astronaut 1	FD30	FD	7.14761468067431
FD30_1_ATGGCTAGAGCAACTGATAT	0	FD30_1	Astronaut 1	FD30	FD	14.8024173279318
FD30_1_ATGGCTGCGCGAGCTGCAAC	0	FD30_1	Astronaut 1	FD30	FD	18.995031028268
FD30_1_ATTACAACGAGCAACGATGA	1	FD30_1	Astronaut 1	FD30	FD	3.86365759836949
FD30_1_ATTACACCAGCAATCGGCGT	0	FD30_1	Astronaut 1	FD30	FD	13.7364655845801
FD30_1_ATTACACCAGGCGAAGATGA	3	FD30_1	Astronaut 1	FD30	FD	18.9950310880414
FD30_1_ATTACACTCGCGGATGATAT	1	FD30_1	Astronaut 1	FD30	FD	4.36464689630582
FD30_1_ATTACAGGCTCCTAGGCAAC	1	FD30_1	Astronaut 1	FD30	FD	10.3072203774936
FD30_1_ATTACAGTTGCTGGAGATAT	3	FD30_1	Astronaut 1	FD30	FD	3.09043085731531
FD30_1_ATTACATCCTCAGCGGCTGC	2	FD30_1	Astronaut 1	FD30	FD	8.10819357628669
FD30_1_ATTACATCCTGCAACGCCTT	0	FD30_1	Astronaut 1	FD30	FD	13.7299530358692
FD30_1_ATTACATGGCCCTCAGCCTT	5	FD30_1	Astronaut 1	FD30	FD	1.79474942567807
FD30_1_ATTACATGGCCCTCAGCTTG	1	FD30_1	Astronaut 1	FD30	FD	13.6332908375669
FD30_1_ATTACCCTCAGCCTTGATGA	0	FD30_1	Astronaut 1	FD30	FD	14.6333064799566
FD30_1_ATTACCGAAGCAGTTGCCTT	2	FD30_1	Astronaut 1	FD30	FD	11.2136579406097
FD30_1_ATTACCGACCCGATTGGAGC	3	FD30_1	Astronaut 1	FD30	FD	10.4838056501663
FD30_1_ATTACCGACCGCTGCGCTTG	7	FD30_1	Astronaut 1	FD30	FD	4.58758037766397
FD30_1_ATTACCGCCTCGATTGATGA	0	FD30_1	Astronaut 1	FD30	FD	10.4323163630296
FD30_1_ATTACCTCCAGCGGTGCTGC	0	FD30_1	Astronaut 1	FD30	FD	6.67551870387798
FD30_1_ATTACCTTAAATTCAGATAT	0	FD30_1	Astronaut 1	FD30	FD	16.20757235943
FD30_1_ATTACGCAGGGCCTTGCAAC	1	FD30_1	Astronaut 1	FD30	FD	3.79971864895942
FD30_1_ATTACGGTCCGTAGAGGAGC	2	FD30_1	Astronaut 1	FD30	FD	9.01261762041661
FD30_1_ATTACGTAATGATATGATGA	2	FD30_1	Astronaut 1	FD30	FD	12.1624238703316
FD30_1_ATTACTCCGGCGTCGGGCGT	1	FD30_1	Astronaut 1	FD30	FD	4.36464695607916
FD30_1_ATTACTGAGAGCTTGGCTGC	1	FD30_1	Astronaut 1	FD30	FD	6.32415553490146
FD30_1_ATTACTTAGCCGGCAGCAAC	3	FD30_1	Astronaut 1	FD30	FD	12.9813965354797
FD30_1_ATTACTTATGGCAGGGCCTT	1	FD30_1	Astronaut 1	FD30	FD	14.408538204693
FD30_1_ATTCAACGATGCTGCGATAT	0	FD30_1	Astronaut 1	FD30	FD	1.79474948545141
FD30_1_ATTCAAGAGTGTAATGCAAC	0	FD30_1	Astronaut 1	FD30	FD	8.10819363606002
FD30_1_ATTCAATCCTCAGTTGGAGC	7	FD30_1	Astronaut 1	FD30	FD	14.6333065397299
FD30_1_ATTCAATCCTCCATAGATAT	0	FD30_1	Astronaut 1	FD30	FD	17.2873417177625
FD30_1_ATTCAATCCTGTAATGCAAC	3	FD30_1	Astronaut 1	FD30	FD	14.3597175459578
FD30_1_ATTCAATCCTGTAATGGTCC	6	FD30_1	Astronaut 1	FD30	FD	6.32413413069447
FD30_1_ATTCACGGCACGCAAGATGA	5	FD30_1	Astronaut 1	FD30	FD	10.3458470804691
FD30_1_ATTCACTAACGGAGCGCTGC	2	FD30_1	Astronaut 1	FD30	FD	11.4480803176304
FD30_1_ATTCACTAACGGAGCGCTTG	3	FD30_1	Astronaut 1	FD30	FD	3.02254859250811
FD30_1_ATTCACTAGTATTGGGTAAT	0	FD30_1	Astronaut 1	FD30	FD	11.2056332097395
FD30_1_ATTCAGAACCATTCAGTCTA	1	FD30_1	Astronaut 1	FD30	FD	4.08744359833803
FD30_1_ATTCAGATATCGCCTGCAAC	7	FD30_1	Astronaut 1	FD30	FD	5.83442344546303
FD30_1_ATTCAGCCTTCGCAAGTCTA	0	FD30_1	Astronaut 1	FD30	FD	4.58717008968769
FD30_1_ATTCAGGCAGCCATAGCGGT	2	FD30_1	Astronaut 1	FD30	FD	0.717436866994491
FD30_1_ATTCAGTCCGGAGTCGTCTA	6	FD30_1	Astronaut 1	FD30	FD	6.45628157657597
FD30_1_ATTCATCTACCCTCAGCAAC	0	FD30_1	Astronaut 1	FD30	FD	6.20973673528889
FD30_1_ATTCATCTACGGCAGGTCTA	5	FD30_1	Astronaut 1	FD30	FD	6.33498565627733
FD30_1_ATTCATTCGAGCCTTGATGA	0	FD30_1	Astronaut 1	FD30	FD	11.7220177995123
FD30_1_ATTGGAACCGGCTTGGCGGT	1	FD30_1	Astronaut 1	FD30	FD	4.3646470158525
FD30_1_ATTGGACCTAGCTCTGCCTT	5	FD30_1	Astronaut 1	FD30	FD	7.08034310040153
FD30_1_ATTGGACGATCTGGAGTAAT	3	FD30_1	Astronaut 1	FD30	FD	17.9242876566052
FD30_1_ATTGGACTAACTACGGCAAC	0	FD30_1	Astronaut 1	FD30	FD	9.17174595497888
FD30_1_ATTGGACTCGCAACTGCAAC	2	FD30_1	Astronaut 1	FD30	FD	5.77912393200104
FD30_1_ATTGGACTCGCAACTGGCGT	7	FD30_1	Astronaut 1	FD30	FD	8.10819369583336
FD30_1_ATTGGAGTTGGTAATGATGA	1	FD30_1	Astronaut 1	FD30	FD	17.9859050988134
FD30_1_ATTGGATCCTCGAAGGCAAC	0	FD30_1	Astronaut 1	FD30	FD	14.7795037576493
FD30_1_ATTGGATTACGACTGGCAAC	7	FD30_1	Astronaut 1	FD30	FD	8.1081937556067
FD30_1_ATTGGCAACTCGACCGCAAC	1	FD30_1	Astronaut 1	FD30	FD	13.3642527352808
FD30_1_ATTGGCCTCACCATAGCTTG	1	FD30_1	Astronaut 1	FD30	FD	3.88515939537665
FD30_1_ATTGGGAGTCGACTGGCAAC	0	FD30_1	Astronaut 1	FD30	FD	13.6523327766274
FD30_1_ATTGGGATGAGCTTGGGCGT	0	FD30_1	Astronaut 1	FD30	FD	14.5014755435289
FD30_1_ATTGGGGAGCGGTCCGATAT	6	FD30_1	Astronaut 1	FD30	FD	6.35742374352242
FD30_1_ATTGGGGCAGGGCAGGCTTG	1	FD30_1	Astronaut 1	FD30	FD	18.0491635348389
FD30_1_ATTGGGTCTACGCAAGCAAC	5	FD30_1	Astronaut 1	FD30	FD	4.4260158235386
FD30_1_ATTGGGTTAGCAGTTGCAAC	7	FD30_1	Astronaut 1	FD30	FD	7.14761474044765
FD30_1_ATTGGGTTAGGATGAGCCTT	0	FD30_1	Astronaut 1	FD30	FD	11.8807862540219
FD30_1_ATTGGTAAGGCCATAGGAGC	1	FD30_1	Astronaut 1	FD30	FD	3.90238426323968
FD30_1_ATTGGTATGCCTTAAGCGGT	1	FD30_1	Astronaut 1	FD30	FD	2.44036243087238
FD30_1_ATTGGTCGCGCAATCGTAAT	0	FD30_1	Astronaut 1	FD30	FD	12.3272077521174
FD30_1_ATTGGTGAGAGATATGGAGC	2	FD30_1	Astronaut 1	FD30	FD	2.48910202130659
FD30_1_ATTGGTTATGGGAGCGCTTG	7	FD30_1	Astronaut 1	FD30	FD	6.29905813442706
FD30_1_CAACTAAGCACTCCAGCCTT	2	FD30_1	Astronaut 1	FD30	FD	15.3055493087181
FD30_1_CAACTACGATGCCTTGTCTA	0	FD30_1	Astronaut 1	FD30	FD	18.4349654299282
FD30_1_CAACTACGATGGTAAGCTTG	1	FD30_1	Astronaut 1	FD30	FD	6.4562816363493
FD30_1_CAACTACGATGGTAAGGAGC	1	FD30_1	Astronaut 1	FD30	FD	1.23441999099617
FD30_1_CAACTATGGCCTAACGGCGT	0	FD30_1	Astronaut 1	FD30	FD	23.8331518653446
FD30_1_CAACTCAGTTCAACTGATAT	7	FD30_1	Astronaut 1	FD30	FD	3.79971870873276
FD30_1_CAACTCGACCCTGGAGGAGC	2	FD30_1	Astronaut 1	FD30	FD	0.507534834792992
FD30_1_CAACTCGACCGCCTTGCGGT	5	FD30_1	Astronaut 1	FD30	FD	18.9950311478147
FD30_1_CAACTCGGCAATTCAGTCTA	0	FD30_1	Astronaut 1	FD30	FD	14.912795342407
FD30_1_CAACTCTAACCAGCGGCTGC	3	FD30_1	Astronaut 1	FD30	FD	9.31400981689886
FD30_1_CAACTCTAACGATATGCAAC	3	FD30_1	Astronaut 1	FD30	FD	9.0083368413015
FD30_1_CAACTGAGTCGAGCTGCGGT	1	FD30_1	Astronaut 1	FD30	FD	1.79474954522475
FD30_1_CAACTGATATGATATGCAAC	7	FD30_1	Astronaut 1	FD30	FD	12.2423856676222
FD30_1_CAACTGCTCTGAGTCGTCTA	2	FD30_1	Astronaut 1	FD30	FD	9.1093848036983
FD30_1_CAACTGTAATGTATCGCTGC	5	FD30_1	Astronaut 1	FD30	FD	10.7746627408548
FD30_1_CAACTTCATCCTAACGCGGT	1	FD30_1	Astronaut 1	FD30	FD	2.50343602840986
FD30_1_CAACTTCATCCTGGAGCAAC	0	FD30_1	Astronaut 1	FD30	FD	12.3574500418834
FD30_1_CAACTTCGCGGCCTTGTCTA	1	FD30_1	Astronaut 1	FD30	FD	10.3949272292075
FD30_1_CAACTTCGTACAACTGCCTT	0	FD30_1	Astronaut 1	FD30	FD	14.6333065995033
FD30_1_CAACTTGAGAGCCTTGTAAT	0	FD30_1	Astronaut 1	FD30	FD	24.4096867306147
FD30_1_CAACTTGGACCCTAGGGCGT	5	FD30_1	Astronaut 1	FD30	FD	9.61506779186007
FD30_1_CAATCACCAGGCGAAGCTTG	1	FD30_1	Astronaut 1	FD30	FD	11.2056332695128
FD30_1_CAATCACTAACTTAAGTAAT	3	FD30_1	Astronaut 1	FD30	FD	3.11096568518918
FD30_1_CAATCACTCGGAACCGCCTT	3	FD30_1	Astronaut 1	FD30	FD	9.17978853491167
FD30_1_CAATCACTCGGCAACGATAT	0	FD30_1	Astronaut 1	FD30	FD	11.7220178592857
FD30_1_CAATCATGCGCCTCAGGCGT	2	FD30_1	Astronaut 1	FD30	FD	13.9195752484245
FD30_1_CAATCATGCGCTGGAGGCGT	5	FD30_1	Astronaut 1	FD30	FD	1.83523624369128
FD30_1_CAATCCAGAACTACGGCAAC	2	FD30_1	Astronaut 1	FD30	FD	13.6332908973402
FD30_1_CAATCCAGTTCGAAGGGCGT	0	FD30_1	Astronaut 1	FD30	FD	8.10819381538003
FD30_1_CAATCCAGTTCTACGGTCTA	2	FD30_1	Astronaut 1	FD30	FD	11.722017919059
FD30_1_CAATCCGAAGGATATGCAAC	1	FD30_1	Astronaut 1	FD30	FD	3.30207567087976
FD30_1_CAATCCGAAGGCAGGGCGGT	1	FD30_1	Astronaut 1	FD30	FD	5.18624116490127
FD30_1_CAATCCGACCCAGTTGATAT	1	FD30_1	Astronaut 1	FD30	FD	11.2056333292862
FD30_1_CAATCCGGATCAGCGGCTTG	1	FD30_1	Astronaut 1	FD30	FD	0.461061190114247
FD30_1_CAATCCGGCAGGAGCGCCTT	2	FD30_1	Astronaut 1	FD30	FD	14.6333066592766
FD30_1_CAATCCGGCAGGAGCGCTGC	5	FD30_1	Astronaut 1	FD30	FD	3.05165846833556
FD30_1_CAATCGAGTCGCAACGCCTT	1	FD30_1	Astronaut 1	FD30	FD	1.42521535589002
FD30_1_CAATCGATATCGAAGGTAAT	7	FD30_1	Astronaut 1	FD30	FD	8.10819387515337
FD30_1_CAATCGCTTGGCTTGGCTGC	1	FD30_1	Astronaut 1	FD30	FD	9.80693323471682
FD30_1_CAATCGTAATGCGAAGCCTT	0	FD30_1	Astronaut 1	FD30	FD	17.3221913097758
FD30_1_CAATCGTAATGCGGTGTCTA	3	FD30_1	Astronaut 1	FD30	FD	12.7385016144953
FD30_1_CAATCGTCCGGAGCTGCTTG	2	FD30_1	Astronaut 1	FD30	FD	19.0044956916558
FD30_1_CAATCTATTGGGTCCGTCTA	1	FD30_1	Astronaut 1	FD30	FD	1.79474960499808
FD30_1_CAATCTCATCCAGTTGATAT	6	FD30_1	Astronaut 1	FD30	FD	16.3547088711418
FD30_1_CAATCTGAGAGCGGTGTAAT	0	FD30_1	Astronaut 1	FD30	FD	6.179496778828
FD30_1_CAATCTGGACCCATAGGCGT	1	FD30_1	Astronaut 1	FD30	FD	6.32014193612625
FD30_1_CAATCTTCGACTACGGCCTT	5	FD30_1	Astronaut 1	FD30	FD	6.7015258447662
FD30_1_CAGAAAAGGTCGGATGGAGC	3	FD30_1	Astronaut 1	FD30	FD	8.1081939349267
FD30_1_CAGAAACCTAGATATGGCGT	1	FD30_1	Astronaut 1	FD30	FD	6.30369293618306
FD30_1_CAGAAAGCGGGCCTTGGCGT	0	FD30_1	Astronaut 1	FD30	FD	3.85672839698207
FD30_1_CAGAAAGGTCCAGTTGCGGT	1	FD30_1	Astronaut 1	FD30	FD	2.49307781112839
FD30_1_CAGAAAGGTCCGCCTGATGA	0	FD30_1	Astronaut 1	FD30	FD	9.61165541229522
FD30_1_CAGAAATCCTGTATCGCCTT	2	FD30_1	Astronaut 1	FD30	FD	10.627514579989
FD30_1_CAGAACCATACTAGTGGCGT	2	FD30_1	Astronaut 1	FD30	FD	1.26852873252301
FD30_1_CAGAACCGCTCTGGAGTCTA	0	FD30_1	Astronaut 1	FD30	FD	13.736457680651
FD30_1_CAGAACTAACCCTCAGCCTT	2	FD30_1	Astronaut 1	FD30	FD	6.73570104096427
FD30_1_CAGAACTGGAGCAGGGCTGC	1	FD30_1	Astronaut 1	FD30	FD	12.5027086111611
FD30_1_CAGAACTGGAGCGAAGATAT	7	FD30_1	Astronaut 1	FD30	FD	14.3592225813709
FD30_1_CAGAAGAACCCGCTCGATAT	2	FD30_1	Astronaut 1	FD30	FD	13.634214721536
FD30_1_CAGAAGAACCGCTCTGATAT	0	FD30_1	Astronaut 1	FD30	FD	15.6057801066015
FD30_1_CAGAAGGAGCGAACCGGCGT	1	FD30_1	Astronaut 1	FD30	FD	3.08064332104331
FD30_1_CAGAAGGCGTCGGATGCGGT	0	FD30_1	Astronaut 1	FD30	FD	8.10819399470004
FD30_1_CAGAATAAGGGCCTTGCTGC	5	FD30_1	Astronaut 1	FD30	FD	10.4353522399812
FD30_1_CAGAATACGTGCTTGGGCGT	2	FD30_1	Astronaut 1	FD30	FD	10.3989166161566
FD30_1_CAGAATATGCGTAGAGCTTG	1	FD30_1	Astronaut 1	FD30	FD	14.6333067190499
FD30_1_CAGAATATTGCGAAGGGCGT	1	FD30_1	Astronaut 1	FD30	FD	6.35742380329575
FD30_1_CAGAATCCGGCTTAAGCAAC	2	FD30_1	Astronaut 1	FD30	FD	9.71253304390084
FD30_1_CAGAATCGTACGGATGGCGT	0	FD30_1	Astronaut 1	FD30	FD	10.321076358731
FD30_1_CAGAATGGACGATGAGCCTT	5	FD30_1	Astronaut 1	FD30	FD	2.16178259665455
FD30_1_CAGAATTAGCCGAAGGCAAC	1	FD30_1	Astronaut 1	FD30	FD	12.2601192716316
FD30_1_CAGCGAACGACGCTCGCGGT	0	FD30_1	Astronaut 1	FD30	FD	13.2352412594869
FD30_1_CAGCGAACGACGCTCGTAAT	0	FD30_1	Astronaut 1	FD30	FD	13.7364656443534
FD30_1_CAGCGACTAACTAGTGATGA	0	FD30_1	Astronaut 1	FD30	FD	13.238204948499
FD30_1_CAGCGACTTCCAGAAGCTGC	2	FD30_1	Astronaut 1	FD30	FD	11.7220179788323
FD30_1_CAGCGAGAACGGTCCGCTTG	0	FD30_1	Astronaut 1	FD30	FD	9.15817474065713
FD30_1_CAGCGATGGCCTTAAGCAAC	1	FD30_1	Astronaut 1	FD30	FD	12.8211707449353
FD30_1_CAGCGCAGCGCGGATGCAAC	1	FD30_1	Astronaut 1	FD30	FD	3.05377615074199
FD30_1_CAGCGCCGCTCGCTCGCAAC	3	FD30_1	Astronaut 1	FD30	FD	11.9128651477781
FD30_1_CAGCGCGACCCTCCAGGCGT	2	FD30_1	Astronaut 1	FD30	FD	10.4568183255352
FD30_1_CAGCGCTAGTCCTCAGATGA	2	FD30_1	Astronaut 1	FD30	FD	16.082075591973
FD30_1_CAGCGCTCCACAACTGCAAC	2	FD30_1	Astronaut 1	FD30	FD	6.45628169612264
FD30_1_CAGCGCTCCACTAGTGCTTG	7	FD30_1	Astronaut 1	FD30	FD	10.9372184231744
FD30_1_CAGCGGCTGCGCTGCGGCGT	1	FD30_1	Astronaut 1	FD30	FD	13.0422074270984
FD30_1_CAGCGGCTTGGTAGAGCTGC	2	FD30_1	Astronaut 1	FD30	FD	10.3269640619952
FD30_1_CAGCGGTCCGCTGGAGATGA	1	FD30_1	Astronaut 1	FD30	FD	4.82250302202618
FD30_1_CAGCGGTCCGGCAGGGGCGT	7	FD30_1	Astronaut 1	FD30	FD	1.84734723907176
FD30_1_CAGCGTAGGAGATGAGCAAC	3	FD30_1	Astronaut 1	FD30	FD	12.9755307615838
FD30_1_CAGCGTCGCGCGACCGTAAT	1	FD30_1	Astronaut 1	FD30	FD	4.49101881945982
FD30_1_CAGCGTCGCGGATGAGATAT	1	FD30_1	Astronaut 1	FD30	FD	2.04487033522571
FD30_1_CAGCGTTAGCCGAAGGCCTT	6	FD30_1	Astronaut 1	FD30	FD	10.4211983350943
FD30_1_CAGCGTTCGACAGCGGCTTG	1	FD30_1	Astronaut 1	FD30	FD	3.58640021680401e-07
FD30_1_CAGTTAAGACCGCCTGATGA	1	FD30_1	Astronaut 1	FD30	FD	9.3476998070382
FD30_1_CAGTTAAGACCGCCTGCAAC	0	FD30_1	Astronaut 1	FD30	FD	9.57533336067325
FD30_1_CAGTTACCAGGAGTCGCTGC	6	FD30_1	Astronaut 1	FD30	FD	7.78342417896731
FD30_1_CAGTTACGATCGACCGATGA	1	FD30_1	Astronaut 1	FD30	FD	11.2056333890595
FD30_1_CAGTTACTAAGCTGCGTCTA	7	FD30_1	Astronaut 1	FD30	FD	1.90713807366484
FD30_1_CAGTTACTAAGGCAGGCCTT	5	FD30_1	Astronaut 1	FD30	FD	10.4568183853085
FD30_1_CAGTTATCCTCCGCTGCCTT	2	FD30_1	Astronaut 1	FD30	FD	11.2056334488328
FD30_1_CAGTTATGCGGATATGGCGT	7	FD30_1	Astronaut 1	FD30	FD	4.18413358627134e-07
FD30_1_CAGTTATTCAGGTCCGCCTT	5	FD30_1	Astronaut 1	FD30	FD	12.6553951844181
FD30_1_CAGTTATTCAGGTCCGTAAT	5	FD30_1	Astronaut 1	FD30	FD	10.4579623573051
FD30_1_CAGTTCAGCGCCTAGGATAT	0	FD30_1	Astronaut 1	FD30	FD	7.72800681586569
FD30_1_CAGTTCAGTTATTGGGTAAT	2	FD30_1	Astronaut 1	FD30	FD	2.08858698664873
FD30_1_CAGTTCCATACAACTGATGA	2	FD30_1	Astronaut 1	FD30	FD	2.16178265642789
FD30_1_CAGTTCCATACAACTGCTTG	3	FD30_1	Astronaut 1	FD30	FD	11.5724034597101
FD30_1_CAGTTCGCAAGGCAGGTAAT	1	FD30_1	Astronaut 1	FD30	FD	3.06956279929735
FD30_1_CAGTTCGCCTCCGCTGGAGC	1	FD30_1	Astronaut 1	FD30	FD	0.437570796770842
FD30_1_CAGTTCGGATCTGGAGGTCC	6	FD30_1	Astronaut 1	FD30	FD	3.0747450067743
FD30_1_CAGTTCTAACCGTCGGCGGT	0	FD30_1	Astronaut 1	FD30	FD	14.2998799363235
FD30_1_CAGTTCTACGGTAATGATGA	0	FD30_1	Astronaut 1	FD30	FD	8.10819405447338
FD30_1_CAGTTCTAGTGTAGAGTCTA	5	FD30_1	Astronaut 1	FD30	FD	7.02101963435647
FD30_1_CAGTTCTCCAGCTCTGATAT	4	FD30_1	Astronaut 1	FD30	FD	23.4363393754201
FD30_1_CAGTTGAGCTCAACTGTCTA	0	FD30_1	Astronaut 1	FD30	FD	61.4709169080885
FD30_1_CAGTTGCGAAGCTTGGGCGT	1	FD30_1	Astronaut 1	FD30	FD	10.4574369040018
FD30_1_CAGTTGGAGCCTAGTGCTGC	3	FD30_1	Astronaut 1	FD30	FD	0.671732403093005
FD30_1_CAGTTGTTAGCTCCAGCAAC	1	FD30_1	Astronaut 1	FD30	FD	6.23444275078966
FD30_1_CAGTTTACGTGGCAGGCGGT	5	FD30_1	Astronaut 1	FD30	FD	8.43393386202964
FD30_1_CAGTTTAGAGGACTGGATGA	0	FD30_1	Astronaut 1	FD30	FD	12.3316851640875
FD30_1_CAGTTTATGCCAACTGTCTA	0	FD30_1	Astronaut 1	FD30	FD	6.35742386306909
FD30_1_CAGTTTATGCGATGAGTCTA	1	FD30_1	Astronaut 1	FD30	FD	4.78186695573868e-07
FD30_1_CAGTTTCATCCGCTCGGCGT	0	FD30_1	Astronaut 1	FD30	FD	13.2430603692324
FD30_1_CAGTTTCTACCGCTCGTCTA	0	FD30_1	Astronaut 1	FD30	FD	9.736415742719
FD30_1_CAGTTTCTACGTATCGCAAC	1	FD30_1	Astronaut 1	FD30	FD	5.37960032520601e-07
FD30_1_CAGTTTGGACGGTAAGCTGC	5	FD30_1	Astronaut 1	FD30	FD	10.6707434419794
FD30_1_CAGTTTTATGGGAGCGCTTG	2	FD30_1	Astronaut 1	FD30	FD	1.79474966477142
FD30_1_CCATAAACCGCGAAGGCGGT	1	FD30_1	Astronaut 1	FD30	FD	4.02049814886065
FD30_1_CCATAACCTACGGCAGCCTT	0	FD30_1	Astronaut 1	FD30	FD	7.02347774650792
FD30_1_CCATAACGATCAATCGCGGT	1	FD30_1	Astronaut 1	FD30	FD	6.72792940273107
FD30_1_CCATAACGATCAGTTGTCTA	1	FD30_1	Astronaut 1	FD30	FD	3.06642196963129
FD30_1_CCATAAGTTGCAGTTGATAT	1	FD30_1	Astronaut 1	FD30	FD	13.2352413192602
FD30_1_CCATAATCCTGCGGTGCTGC	1	FD30_1	Astronaut 1	FD30	FD	11.2056335086062
FD30_1_CCATAATCCTGCGGTGTCTA	5	FD30_1	Astronaut 1	FD30	FD	7.763081392941
FD30_1_CCATAATCCTGCTCTGTCTA	3	FD30_1	Astronaut 1	FD30	FD	5.97733369467335e-07
FD30_1_CCATACAGTTGCTGCGATAT	5	FD30_1	Astronaut 1	FD30	FD	6.35742392284243
FD30_1_CCATACCGCTCTTAAGCGGT	1	FD30_1	Astronaut 1	FD30	FD	18.9950312075881
FD30_1_CCATACTAACGAGTCGATAT	2	FD30_1	Astronaut 1	FD30	FD	12.7833951055584
FD30_1_CCATACTAACGCCTTGCAAC	0	FD30_1	Astronaut 1	FD30	FD	10.4132947409304
FD30_1_CCATACTGGACGAAGGATAT	1	FD30_1	Astronaut 1	FD30	FD	10.1805577617642
FD30_1_CCATAGCGAACTTAAGCGGT	3	FD30_1	Astronaut 1	FD30	FD	17.9082570924832
FD30_1_CCATAGCTCTCTGGAGCTGC	5	FD30_1	Astronaut 1	FD30	FD	14.7745448073259
FD30_1_CCATAGGCGTGCTTGGCTTG	2	FD30_1	Astronaut 1	FD30	FD	7.72800687563902
FD30_1_CCATAGGTAACGTCGGATAT	0	FD30_1	Astronaut 1	FD30	FD	9.28370588516287
FD30_1_CCATAGTCCGCGCAAGTAAT	1	FD30_1	Astronaut 1	FD30	FD	11.2324280886251
FD30_1_CCATAGTTAGCCATAGCAAC	0	FD30_1	Astronaut 1	FD30	FD	13.7033286399383
FD30_1_CCATATACGTCCATAGTCTA	5	FD30_1	Astronaut 1	FD30	FD	12.2104396930952
FD30_1_CCATATATCTGGTAAGATAT	0	FD30_1	Astronaut 1	FD30	FD	10.5024151464505
FD30_1_CCATATATGCCGAAGGATAT	0	FD30_1	Astronaut 1	FD30	FD	12.7651043194431
FD30_1_CCATATATTGCGGCAGCAAC	1	FD30_1	Astronaut 1	FD30	FD	7.72800693541236
FD30_1_CCATATCGCGGGTAAGGCGT	7	FD30_1	Astronaut 1	FD30	FD	9.00063846630857
FD30_1_CCATATGGACCGCCTGGAGC	3	FD30_1	Astronaut 1	FD30	FD	0.507534775019655
FD30_1_CCATATTCATCTAACGCTTG	6	FD30_1	Astronaut 1	FD30	FD	2.20185657665795
FD30_1_CCATATTGAACAATCGTAAT	0	FD30_1	Astronaut 1	FD30	FD	12.2597339830225
FD30_1_CCGCTAACGACCATAGCTTG	2	FD30_1	Astronaut 1	FD30	FD	4.50685846847927
FD30_1_CCGCTATCTGCTACGGCGGT	2	FD30_1	Astronaut 1	FD30	FD	12.7194248814609
FD30_1_CCGCTATCTGGCGAAGCTGC	3	FD30_1	Astronaut 1	FD30	FD	3.02254865228144
FD30_1_CCGCTATGGCCAACTGATAT	0	FD30_1	Astronaut 1	FD30	FD	14.6333067788233
FD30_1_CCGCTCCATAGAGTCGCTTG	1	FD30_1	Astronaut 1	FD30	FD	7.78044007309136
FD30_1_CCGCTCCTCACGGATGCTTG	1	FD30_1	Astronaut 1	FD30	FD	3.02254871205478
FD30_1_CCGCTCGCAACTGGAGTAAT	5	FD30_1	Astronaut 1	FD30	FD	9.15817480043046
FD30_1_CCGCTCGGCAGTAGAGGCGT	1	FD30_1	Astronaut 1	FD30	FD	7.81813970590406
FD30_1_CCGCTCTCCAGTAGAGGCGT	1	FD30_1	Astronaut 1	FD30	FD	6.81208806720022
FD30_1_CCGCTGAGCTGCTTGGCAAC	1	FD30_1	Astronaut 1	FD30	FD	8.10819411424671
FD30_1_CCGCTGGAGCGATATGCTTG	2	FD30_1	Astronaut 1	FD30	FD	13.6335327599636
FD30_1_CCGCTGGTAACTCCAGCAAC	1	FD30_1	Astronaut 1	FD30	FD	8.44210281868806
FD30_1_CCGCTGTAGACTCCAGCCTT	5	FD30_1	Astronaut 1	FD30	FD	18.0981558920267
FD30_1_CCGCTGTAGAGATGAGCAAC	1	FD30_1	Astronaut 1	FD30	FD	3.06931626308138
FD30_1_CCGCTTAGAGGTAATGCCTT	1	FD30_1	Astronaut 1	FD30	FD	4.36464707562583
FD30_1_CCGCTTCATCGCAGGGATGA	5	FD30_1	Astronaut 1	FD30	FD	6.45628175589598
FD30_1_CCGCTTCCGGGACTGGCGGT	5	FD30_1	Astronaut 1	FD30	FD	2.17102725778938
FD30_1_CCGCTTCGTACCTCAGCAAC	1	FD30_1	Astronaut 1	FD30	FD	14.6333068385966
FD30_1_CCTAGAACCGGGCGTGCTGC	1	FD30_1	Astronaut 1	FD30	FD	9.67086388277391
FD30_1_CCTAGACGATCTACGGTAAT	1	FD30_1	Astronaut 1	FD30	FD	0.703787322347858
FD30_1_CCTAGACGATGATGAGATGA	0	FD30_1	Astronaut 1	FD30	FD	10.404286650679
FD30_1_CCTAGAGAACGATATGCTTG	5	FD30_1	Astronaut 1	FD30	FD	0.507534715246318
FD30_1_CCTAGAGAACGCAACGCTTG	7	FD30_1	Astronaut 1	FD30	FD	6.57506706414068e-07
FD30_1_CCTAGAGAGTGATGAGATGA	3	FD30_1	Astronaut 1	FD30	FD	11.874733750642
FD30_1_CCTAGATTACGTAGAGCTGC	1	FD30_1	Astronaut 1	FD30	FD	10.3898077109209
FD30_1_CCTAGCAATCCTACGGCAAC	1	FD30_1	Astronaut 1	FD30	FD	8.10819417402005
FD30_1_CCTAGCTACGCAGTTGCAAC	5	FD30_1	Astronaut 1	FD30	FD	9.56034732452289
FD30_1_CCTAGCTCCAATTGGGCGGT	1	FD30_1	Astronaut 1	FD30	FD	4.15703981464319
FD30_1_CCTAGCTTAACCATAGCCTT	0	FD30_1	Astronaut 1	FD30	FD	18.9950312673614
FD30_1_CCTAGGACTGCTTAAGCCTT	1	FD30_1	Astronaut 1	FD30	FD	9.1155568109758
FD30_1_CCTAGGCCTTGCGGTGCTGC	5	FD30_1	Astronaut 1	FD30	FD	9.76692452137125
FD30_1_CCTAGGCGAACCGCTGTCTA	6	FD30_1	Astronaut 1	FD30	FD	8.10819423379339
FD30_1_CCTAGGCTGCCAGAAGCAAC	3	FD30_1	Astronaut 1	FD30	FD	2.31208893341072
FD30_1_CCTAGGCTTGCAGTTGATGA	0	FD30_1	Astronaut 1	FD30	FD	5.72935325961328
FD30_1_CCTAGGGTAAGGTAAGCTTG	1	FD30_1	Astronaut 1	FD30	FD	0.507534655472981
FD30_1_CCTAGGTCCGCCATAGCTTG	2	FD30_1	Astronaut 1	FD30	FD	8.10819429356672
FD30_1_CCTAGTACGTGCGGTGCTGC	1	FD30_1	Astronaut 1	FD30	FD	4.25848733023783
FD30_1_CCTAGTAGAGGCTCTGGAGC	1	FD30_1	Astronaut 1	FD30	FD	1.3049429596567
FD30_1_CCTAGTCATCCTAACGGTCC	1	FD30_1	Astronaut 1	FD30	FD	13.2382182440389
FD30_1_CCTAGTCTACCGCCTGGAGC	0	FD30_1	Astronaut 1	FD30	FD	14.63330689837
FD30_1_CCTAGTCTACCGGCAGCAAC	3	FD30_1	Astronaut 1	FD30	FD	7.73851949532617
FD30_1_CCTAGTCTACGCTCTGATGA	1	FD30_1	Astronaut 1	FD30	FD	12.9775893532525
FD30_1_CCTAGTGCGCCGCCTGCTTG	2	FD30_1	Astronaut 1	FD30	FD	0.646354064414448
FD30_1_CCTCAAACTCGAACCGGTCC	1	FD30_1	Astronaut 1	FD30	FD	6.67950179164932
FD30_1_CCTCAACCTAGGCAGGATGA	2	FD30_1	Astronaut 1	FD30	FD	14.819810351357
FD30_1_CCTCAACTCGGGCAGGATGA	2	FD30_1	Astronaut 1	FD30	FD	7.7280069951857
FD30_1_CCTCAAGGTCGTATCGCTTG	1	FD30_1	Astronaut 1	FD30	FD	9.15493287834223
FD30_1_CCTCACAGCGCAGAAGTAAT	0	FD30_1	Astronaut 1	FD30	FD	9.42050614743538
FD30_1_CCTCACCTAGGATATGGCGT	1	FD30_1	Astronaut 1	FD30	FD	2.09027097140626
FD30_1_CCTCACCTAGGCAACGGCGT	1	FD30_1	Astronaut 1	FD30	FD	4.36464713539917
FD30_1_CCTCACTACGGGCGTGCTGC	2	FD30_1	Astronaut 1	FD30	FD	1.79474972454476
FD30_1_CCTCAGCCTTCGCAAGTCTA	0	FD30_1	Astronaut 1	FD30	FD	11.2056335683795
FD30_1_CCTCAGCGGTGGCAGGTCTA	0	FD30_1	Astronaut 1	FD30	FD	16.2127144038208
FD30_1_CCTCAGTATCGCAACGATAT	2	FD30_1	Astronaut 1	FD30	FD	17.8878161661241
FD30_1_CCTCAGTATCGCAACGGCGT	1	FD30_1	Astronaut 1	FD30	FD	13.2379145493384
FD30_1_CCTCAGTTAGCGATTGATAT	2	FD30_1	Astronaut 1	FD30	FD	10.6111546162986
FD30_1_CCTCATAGGAGTAATGCAAC	3	FD30_1	Astronaut 1	FD30	FD	6.33656025728262
FD30_1_CCTCATCATCGACTGGGCGT	0	FD30_1	Astronaut 1	FD30	FD	8.04341458506751
FD30_1_CCTCATCCGGATTGGGCAAC	3	FD30_1	Astronaut 1	FD30	FD	10.8472444316707
FD30_1_CCTCATGAGACCTAGGATAT	1	FD30_1	Astronaut 1	FD30	FD	7.72800705495903
FD30_1_CCTCATTCATCTCCAGCGGT	3	FD30_1	Astronaut 1	FD30	FD	14.3597176057311
FD30_1_CCTCATTGAAGAGCTGATAT	2	FD30_1	Astronaut 1	FD30	FD	3.88502933457843
FD30_1_CGAAGAACGACAATCGCGGT	0	FD30_1	Astronaut 1	FD30	FD	7.14761480022098
FD30_1_CGAAGACGATGTAATGCTGC	0	FD30_1	Astronaut 1	FD30	FD	14.7873604612479
FD30_1_CGAAGACTAACCTCAGCGGT	3	FD30_1	Astronaut 1	FD30	FD	5.25698625559104
FD30_1_CGAAGAGCGGCGTCGGATAT	3	FD30_1	Astronaut 1	FD30	FD	9.56436589811777
FD30_1_CGAAGAGGCTCAGCGGTCTA	0	FD30_1	Astronaut 1	FD30	FD	14.4568976386827
FD30_1_CGAAGCTAACGTAGAGGCGT	1	FD30_1	Astronaut 1	FD30	FD	8.38995677335397
FD30_1_CGAAGGAACCCCATAGATGA	1	FD30_1	Astronaut 1	FD30	FD	9.62508447321709
FD30_1_CGAAGGAGTCGCCTTGATGA	1	FD30_1	Astronaut 1	FD30	FD	3.07012737566138
FD30_1_CGAAGGCAACGAGTCGCTTG	1	FD30_1	Astronaut 1	FD30	FD	14.3314335891724
FD30_1_CGAAGGCAGGGATGAGCTTG	5	FD30_1	Astronaut 1	FD30	FD	9.09494353702694
FD30_1_CGAAGGCGGTGGCGTGATGA	0	FD30_1	Astronaut 1	FD30	FD	15.2818465832408
FD30_1_CGAAGGCGGTGGCGTGGAGC	2	FD30_1	Astronaut 1	FD30	FD	13.9483890968085
FD30_1_CGAAGGGAGCGCGGTGCGGT	3	FD30_1	Astronaut 1	FD30	FD	6.73912516348572
FD30_1_CGAAGGTAATCAGTTGCTTG	1	FD30_1	Astronaut 1	FD30	FD	9.07859545389559
FD30_1_CGAAGGTCCGATTCAGGAGC	5	FD30_1	Astronaut 1	FD30	FD	6.76028570439558
FD30_1_CGAAGTCAGTGCAGGGCCTT	1	FD30_1	Astronaut 1	FD30	FD	6.29572670124358
FD30_1_CGAAGTCATCCAGCGGCTTG	2	FD30_1	Astronaut 1	FD30	FD	4.71820130781841
FD30_1_CGAAGTGAGACCATAGATAT	2	FD30_1	Astronaut 1	FD30	FD	3.04221448338276
FD30_1_CGAAGTGAGAGGTCCGCAAC	1	FD30_1	Astronaut 1	FD30	FD	1.79474978431809
FD30_1_CGAAGTGCGCCAACTGCAAC	0	FD30_1	Astronaut 1	FD30	FD	9.19902270196893
FD30_1_CGAAGTGGACGCAGGGTCTA	1	FD30_1	Astronaut 1	FD30	FD	7.17280043360802e-07
FD30_1_CGACCAAGGTCTCCAGATGA	5	FD30_1	Astronaut 1	FD30	FD	13.6975017396899
FD30_1_CGACCACCTAGCGGTGTAAT	3	FD30_1	Astronaut 1	FD30	FD	7.75732734059567
FD30_1_CGACCACCTAGGAGCGCTTG	5	FD30_1	Astronaut 1	FD30	FD	13.332234859226
FD30_1_CGACCACGATGAACCGATGA	0	FD30_1	Astronaut 1	FD30	FD	6.45628181566931
FD30_1_CGACCACTCGGGTCCGATAT	1	FD30_1	Astronaut 1	FD30	FD	3.02544165246354
FD30_1_CGACCACTTCGGAGCGCGGT	6	FD30_1	Astronaut 1	FD30	FD	6.45628187544265
FD30_1_CGACCCAGAAATTCAGCTGC	3	FD30_1	Astronaut 1	FD30	FD	11.2056336281528
FD30_1_CGACCCAGCGCTAACGCAAC	3	FD30_1	Astronaut 1	FD30	FD	2.18666196238789
FD30_1_CGACCCGGATCTGGAGCTTG	2	FD30_1	Astronaut 1	FD30	FD	1.79474984409143
FD30_1_CGACCGCAGGGGCAGGCAAC	2	FD30_1	Astronaut 1	FD30	FD	10.3005670675646
FD30_1_CGACCGGTCCGCTTGGATAT	0	FD30_1	Astronaut 1	FD30	FD	6.3132711072808
FD30_1_CGACCGGTCCGCTTGGGCGT	2	FD30_1	Astronaut 1	FD30	FD	8.3674053795572
FD30_1_CGACCGTAGACAGAAGGCGT	3	FD30_1	Astronaut 1	FD30	FD	13.2374340905944
FD30_1_CGACCGTCCGCCTCAGGCGT	0	FD30_1	Astronaut 1	FD30	FD	8.10819435334006
FD30_1_CGACCTAGGAATTGGGCAAC	0	FD30_1	Astronaut 1	FD30	FD	9.23334618855551
FD30_1_CGACCTCGCGGCTTGGGAGC	1	FD30_1	Astronaut 1	FD30	FD	1.79474990386477
FD30_1_CGACCTGCTACTGGAGGCGT	5	FD30_1	Astronaut 1	FD30	FD	15.6311416168494
FD30_1_CGACCTGCTAGTAGAGGTCC	0	FD30_1	Astronaut 1	FD30	FD	9.46553983099252
FD30_1_CGACCTGGACCCATAGCAAC	2	FD30_1	Astronaut 1	FD30	FD	10.5087993586708
FD30_1_CGACCTGGACGAGCTGTCTA	1	FD30_1	Astronaut 1	FD30	FD	2.43309934944709
FD30_1_CGATTAAGCACTAGTGCTTG	5	FD30_1	Astronaut 1	FD30	FD	9.60512944900277
FD30_1_CGATTACCTACAGTTGATGA	6	FD30_1	Astronaut 1	FD30	FD	0.697705238222659
FD30_1_CGATTACTAAGTAATGGAGC	2	FD30_1	Astronaut 1	FD30	FD	10.618048874775
FD30_1_CGATTAGAACCCATAGCAAC	1	FD30_1	Astronaut 1	FD30	FD	6.20794315334509
FD30_1_CGATTAGGTCCTAGTGGTCC	1	FD30_1	Astronaut 1	FD30	FD	8.1081944131134
FD30_1_CGATTAGTTGGCCTTGGAGC	1	FD30_1	Astronaut 1	FD30	FD	11.2056336879262
FD30_1_CGATTATCCTGTATCGTCTA	1	FD30_1	Astronaut 1	FD30	FD	1.79474996363811
FD30_1_CGATTATTGGATTGGGCGGT	3	FD30_1	Astronaut 1	FD30	FD	11.7815405990577
FD30_1_CGATTATTGGCTACGGCTGC	2	FD30_1	Astronaut 1	FD30	FD	9.78262983905031
FD30_1_CGATTCAGCGGCAGGGCAAC	2	FD30_1	Astronaut 1	FD30	FD	12.9736387851753
FD30_1_CGATTCGATTCTACGGATGA	3	FD30_1	Astronaut 1	FD30	FD	10.6868817776137
FD30_1_CGATTCTAACGTAATGATGA	0	FD30_1	Astronaut 1	FD30	FD	7.01926415384714
FD30_1_CGATTCTACGCTCCAGATAT	5	FD30_1	Astronaut 1	FD30	FD	12.7194249412343
FD30_1_CGATTCTCCACCATAGCTGC	5	FD30_1	Astronaut 1	FD30	FD	16.7195936424723
FD30_1_CGATTCTCCACCATAGCTTG	3	FD30_1	Astronaut 1	FD30	FD	10.2094646422502
FD30_1_CGATTGACTGATTCAGATGA	0	FD30_1	Astronaut 1	FD30	FD	8.10819447288673
FD30_1_CGATTGAGCTCAGTTGCTTG	2	FD30_1	Astronaut 1	FD30	FD	15.2793383660883
FD30_1_CGATTGCAACGCTTGGCAAC	5	FD30_1	Astronaut 1	FD30	FD	4.38514764419343
FD30_1_CGATTGCAGGGCGAAGTAAT	1	FD30_1	Astronaut 1	FD30	FD	6.45628193521599
FD30_1_CGATTGCGGTCGATTGCAAC	2	FD30_1	Astronaut 1	FD30	FD	10.5635563494717
FD30_1_CGATTGGAGCGCGAAGATGA	0	FD30_1	Astronaut 1	FD30	FD	13.7261267605948
FD30_1_CGATTGTCCGATTGGGATGA	5	FD30_1	Astronaut 1	FD30	FD	16.2147042442063
FD30_1_CGATTGTCTAGTAATGTCTA	5	FD30_1	Astronaut 1	FD30	FD	3.05671157421674
FD30_1_CGATTTAAGGGGCAGGATAT	0	FD30_1	Astronaut 1	FD30	FD	30.3606144932978
FD30_1_CGATTTAGGACGCCTGCAAC	0	FD30_1	Astronaut 1	FD30	FD	0.596979362503175
FD30_1_CGATTTCCGGCTCCAGCTTG	2	FD30_1	Astronaut 1	FD30	FD	3.25020616946854
FD30_1_CGATTTCTACGGAGCGATAT	1	FD30_1	Astronaut 1	FD30	FD	8.36740543933053
FD30_1_CGATTTGGACGGAGCGATAT	0	FD30_1	Astronaut 1	FD30	FD	13.2811189455539
FD30_1_CGCAAAAGCAGGTCCGATAT	7	FD30_1	Astronaut 1	FD30	FD	8.10819453266007
FD30_1_CGCAAAGAGTGATGAGATGA	2	FD30_1	Astronaut 1	FD30	FD	12.2404867632129
FD30_1_CGCAAATCCTCCGCTGATAT	0	FD30_1	Astronaut 1	FD30	FD	14.6333069581433
FD30_1_CGCAACGTCGGTATCGTAAT	0	FD30_1	Astronaut 1	FD30	FD	13.0422074868717
FD30_1_CGCAACTAACGAACCGTCTA	0	FD30_1	Astronaut 1	FD30	FD	15.2475139562928
FD30_1_CGCAACTAGTGCGAAGCCTT	1	FD30_1	Astronaut 1	FD30	FD	10.2813004584377
FD30_1_CGCAAGCGGTCGCAAGGTCC	5	FD30_1	Astronaut 1	FD30	FD	9.67634698656688
FD30_1_CGCAAGTATCCTCCAGCTTG	3	FD30_1	Astronaut 1	FD30	FD	13.2959230708082
FD30_1_CGCAAGTCTAATTCAGATAT	1	FD30_1	Astronaut 1	FD30	FD	12.7194250010076
FD30_1_CGCAAGTCTACGACCGCTTG	3	FD30_1	Astronaut 1	FD30	FD	8.6926014058727
FD30_1_CGCAAGTTAGGCGAAGCTTG	2	FD30_1	Astronaut 1	FD30	FD	7.77053380307535e-07
FD30_1_CGCAATACGTCAACTGTCTA	0	FD30_1	Astronaut 1	FD30	FD	7.75197022454289
FD30_1_CGCAATCATCCAGTTGATGA	1	FD30_1	Astronaut 1	FD30	FD	6.70620230239322
FD30_1_CGCAATTATGGGCGTGCTGC	2	FD30_1	Astronaut 1	FD30	FD	10.3674013517917
FD30_1_CGCCTAACCGCTCCAGATGA	2	FD30_1	Astronaut 1	FD30	FD	9.5401119692749
FD30_1_CGCCTAAGGTCTGGAGCAAC	6	FD30_1	Astronaut 1	FD30	FD	11.2056337476995
FD30_1_CGCCTACCAGCCTAGGCTTG	1	FD30_1	Astronaut 1	FD30	FD	14.4000466266962
FD30_1_CGCCTAGAACGCGAAGCCTT	1	FD30_1	Astronaut 1	FD30	FD	4.79061461139483
FD30_1_CGCCTAGCGGCCATAGATAT	2	FD30_1	Astronaut 1	FD30	FD	4.36464719517251
FD30_1_CGCCTAGTTGATTGGGATGA	1	FD30_1	Astronaut 1	FD30	FD	2.47165765473166
FD30_1_CGCCTAGTTGCCGCTGCAAC	2	FD30_1	Astronaut 1	FD30	FD	2.07265684051236
FD30_1_CGCCTATCCTGCTTGGTCTA	4	FD30_1	Astronaut 1	FD30	FD	16.3659986145813
FD30_1_CGCCTCAATCCAGCGGGTCC	2	FD30_1	Astronaut 1	FD30	FD	0.507534595699644
FD30_1_CGCCTCAGTTCCATAGCAAC	1	FD30_1	Astronaut 1	FD30	FD	17.2848788162936
FD30_1_CGCCTCAGTTCGGCAGCTGC	1	FD30_1	Astronaut 1	FD30	FD	12.7833951653317
FD30_1_CGCCTCGAAGCTCCAGATGA	0	FD30_1	Astronaut 1	FD30	FD	10.4568184450819
FD30_1_CGCCTCGCTCGAACCGATGA	3	FD30_1	Astronaut 1	FD30	FD	9.1581748602038
FD30_1_CGCCTCGTCGGAGCTGCGGT	7	FD30_1	Astronaut 1	FD30	FD	11.3889434827383
FD30_1_CGCCTCTTAAGGAGCGGAGC	5	FD30_1	Astronaut 1	FD30	FD	4.8355069976405
FD30_1_CGCCTGACTGGCCTTGCGGT	2	FD30_1	Astronaut 1	FD30	FD	2.16178271620123
FD30_1_CGCCTGCTCTGATATGCTTG	6	FD30_1	Astronaut 1	FD30	FD	11.7220180386057
FD30_1_CGCCTTACGTCAGAAGCGGT	1	FD30_1	Astronaut 1	FD30	FD	4.7177550505722
FD30_1_CGCCTTGAGAGTATCGCTGC	0	FD30_1	Astronaut 1	FD30	FD	8.10819459243341
FD30_1_CGCCTTGCGCCGCCTGCAAC	0	FD30_1	Astronaut 1	FD30	FD	12.2918450813762
FD30_1_CGCCTTGCTACCGCTGGAGC	2	FD30_1	Astronaut 1	FD30	FD	0.0364163724521802
FD30_1_CGCCTTGGACGAGTCGCTTG	5	FD30_1	Astronaut 1	FD30	FD	5.12381986697876
FD30_1_CGCTCAAGACGCGGTGATGA	3	FD30_1	Astronaut 1	FD30	FD	8.36740549910387
FD30_1_CGCTCACCAGCTTAAGGCGT	0	FD30_1	Astronaut 1	FD30	FD	9.62952679415247
FD30_1_CGCTCACCTACTTAAGCAAC	1	FD30_1	Astronaut 1	FD30	FD	11.8278414114726
FD30_1_CGCTCACGATCTCCAGATGA	0	FD30_1	Astronaut 1	FD30	FD	10.4568185048552
FD30_1_CGCTCACGATGAGTCGATGA	2	FD30_1	Astronaut 1	FD30	FD	11.7257147550676
FD30_1_CGCTCACTCGGTAGAGATAT	1	FD30_1	Astronaut 1	FD30	FD	12.719425060781
FD30_1_CGCTCAGGTCCGACCGGAGC	2	FD30_1	Astronaut 1	FD30	FD	4.54384033984313
FD30_1_CGCTCAGTTGGCTCTGATAT	5	FD30_1	Astronaut 1	FD30	FD	12.7194251205543
FD30_1_CGCTCAGTTGGGCAGGATAT	0	FD30_1	Astronaut 1	FD30	FD	11.2056338074729
FD30_1_CGCTCATCTGATTGGGTAAT	6	FD30_1	Astronaut 1	FD30	FD	7.00811888034738
FD30_1_CGCTCCGATTATTCAGCTTG	1	FD30_1	Astronaut 1	FD30	FD	3.81953396418325
FD30_1_CGCTCCGATTCCTCAGCTGC	2	FD30_1	Astronaut 1	FD30	FD	12.7643830987331
FD30_1_CGCTCGAGCTCAGAAGATGA	1	FD30_1	Astronaut 1	FD30	FD	1.26146603989863
FD30_1_CGCTCGAGCTCAGAAGGAGC	5	FD30_1	Astronaut 1	FD30	FD	3.81798513897155
FD30_1_CGCTCGAGTCGATATGATAT	0	FD30_1	Astronaut 1	FD30	FD	7.74151202896205
FD30_1_CGCTCGATATCGAAGGTCTA	6	FD30_1	Astronaut 1	FD30	FD	10.4022114621701
FD30_1_CGCTCGCCTTGAGTCGCAAC	3	FD30_1	Astronaut 1	FD30	FD	13.727799823355
FD30_1_CGCTCGCGGTCGATTGTCTA	5	FD30_1	Astronaut 1	FD30	FD	1.23691871744116
FD30_1_CGCTCGCGGTCGTCGGCGGT	1	FD30_1	Astronaut 1	FD30	FD	6.80806104745957
FD30_1_CGCTCGCTCTCAGTTGCTGC	1	FD30_1	Astronaut 1	FD30	FD	9.09548917011287
FD30_1_CGCTCGCTTGGCGAAGGCGT	3	FD30_1	Astronaut 1	FD30	FD	11.2056338672462
FD30_1_CGCTCGGAGCCCGCTGGTCC	5	FD30_1	Astronaut 1	FD30	FD	5.78062888990821
FD30_1_CGCTCGGTAACAGAAGCTGC	5	FD30_1	Astronaut 1	FD30	FD	11.722018098379
FD30_1_CGCTCTACGTCAGCGGGCGT	2	FD30_1	Astronaut 1	FD30	FD	12.7194251803276
FD30_1_CGCTCTATCTCCTCAGCTTG	0	FD30_1	Astronaut 1	FD30	FD	7.7687459058368
FD30_1_CGCTCTATCTCTAACGCTTG	7	FD30_1	Astronaut 1	FD30	FD	11.7357209413307
FD30_1_CGCTCTATTGCGGCAGCTGC	1	FD30_1	Astronaut 1	FD30	FD	8.07313270993727
FD30_1_CGCTCTCAGTCTGGAGGCGT	1	FD30_1	Astronaut 1	FD30	FD	0.507534535926307
FD30_1_CGCTCTGAGAGCCTTGGCGT	3	FD30_1	Astronaut 1	FD30	FD	6.77586184053556
FD30_1_CGCTCTGCGCCAGCGGATGA	1	FD30_1	Astronaut 1	FD30	FD	11.7964164208236
FD30_1_CGCTCTGCGCCAGTTGCTTG	2	FD30_1	Astronaut 1	FD30	FD	8.10819465220674
FD30_1_CGGATACTAACGTCGGATAT	1	FD30_1	Astronaut 1	FD30	FD	2.13866440824255
FD30_1_CGGATACTAACTAACGATAT	1	FD30_1	Astronaut 1	FD30	FD	7.72800711473237
FD30_1_CGGATACTTCCAACTGCTTG	1	FD30_1	Astronaut 1	FD30	FD	3.8182665562486
FD30_1_CGGATAGAGTGAGTCGCTTG	1	FD30_1	Astronaut 1	FD30	FD	9.02489780966703
FD30_1_CGGATAGTTGGAACCGGCGT	2	FD30_1	Astronaut 1	FD30	FD	2.1675945261708
FD30_1_CGGATAGTTGGCAGGGCAAC	7	FD30_1	Astronaut 1	FD30	FD	8.10819471198008
FD30_1_CGGATCCTCACTTAAGCCTT	2	FD30_1	Astronaut 1	FD30	FD	7.73722588597284
FD30_1_CGGATCGCAACCATAGCTTG	1	FD30_1	Astronaut 1	FD30	FD	1.8045674922579
FD30_1_CGGATCGGCACAGTTGCTGC	0	FD30_1	Astronaut 1	FD30	FD	9.33692637302909
FD30_1_CGGATGATATGTAGAGCTTG	1	FD30_1	Astronaut 1	FD30	FD	14.2352996464283
FD30_1_CGGATGCAGGGCCTTGTAAT	0	FD30_1	Astronaut 1	FD30	FD	14.6333070179166
FD30_1_CGGATGCCTTGCCTTGATGA	3	FD30_1	Astronaut 1	FD30	FD	13.245861793415
FD30_1_CGGATGGCGTGGTCCGCAAC	1	FD30_1	Astronaut 1	FD30	FD	10.1433912550081
FD30_1_CGGATGTCTACGACCGATGA	1	FD30_1	Astronaut 1	FD30	FD	12.7833952251051
FD30_1_CGGATTAAGGGCAACGATGA	3	FD30_1	Astronaut 1	FD30	FD	9.00063852608191
FD30_1_CGGATTAGGAGTAGAGCAAC	1	FD30_1	Astronaut 1	FD30	FD	5.00182826835575
FD30_1_CGGATTCGCGCTGGAGATGA	0	FD30_1	Astronaut 1	FD30	FD	9.00063858585524
FD30_1_CGGATTCTACGGCAGGATGA	1	FD30_1	Astronaut 1	FD30	FD	7.7473701837827
FD30_1_CGGATTTAGCCTCCAGATGA	3	FD30_1	Astronaut 1	FD30	FD	8.36826717254269e-07
FD30_1_CGGCAACCAGCGATTGGCGT	5	FD30_1	Astronaut 1	FD30	FD	3.82629353980991
FD30_1_CGGCAACTAACTACGGCTGC	7	FD30_1	Astronaut 1	FD30	FD	12.719425240101
FD30_1_CGGCACAACTCAACTGGAGC	1	FD30_1	Astronaut 1	FD30	FD	1.79475002341144
FD30_1_CGGCACGAAGGCAGGGCTTG	1	FD30_1	Astronaut 1	FD30	FD	10.172422233074
FD30_1_CGGCACGAAGGCTTGGGCGT	1	FD30_1	Astronaut 1	FD30	FD	11.7603386473131
FD30_1_CGGCACTTAACCATAGCTTG	1	FD30_1	Astronaut 1	FD30	FD	0.19625876059667
FD30_1_CGGCAGCAGGGCAGGGATGA	2	FD30_1	Astronaut 1	FD30	FD	11.7670400143477
FD30_1_CGGCAGCCTTCGAAGGTCTA	7	FD30_1	Astronaut 1	FD30	FD	8.96600054201002e-07
FD30_1_CGGCAGCGGTGTAGAGCTTG	2	FD30_1	Astronaut 1	FD30	FD	8.10819477175342
FD30_1_CGGCAGCTCTCCATAGCCTT	1	FD30_1	Astronaut 1	FD30	FD	11.2056339270195
FD30_1_CGGCAGGTCCCAGTTGCGGT	0	FD30_1	Astronaut 1	FD30	FD	7.77761687521517
FD30_1_CGGCAGTAGACAACTGCAAC	1	FD30_1	Astronaut 1	FD30	FD	9.56373391147736e-07
FD30_1_CGGCAGTAGAGGCGTGATAT	2	FD30_1	Astronaut 1	FD30	FD	0.124875792514139
FD30_1_CGGCAGTTAGCCTCAGGAGC	1	FD30_1	Astronaut 1	FD30	FD	1.01614672809447e-06
FD30_1_CGGCAGTTAGCGGCAGGCGT	1	FD30_1	Astronaut 1	FD30	FD	12.3198604009799
FD30_1_CGGCAGTTAGCGGCAGTAAT	1	FD30_1	Astronaut 1	FD30	FD	3.87931938519073
FD30_1_CGGCATAGAGCGCAAGCTGC	0	FD30_1	Astronaut 1	FD30	FD	12.7512977091904
FD30_1_CGGCATCAGTCTTAAGGTCC	3	FD30_1	Astronaut 1	FD30	FD	61.4709169678619
FD30_1_CGGCATCCGGGTAATGTCTA	3	FD30_1	Astronaut 1	FD30	FD	2.43931431613831
FD30_1_CGGCATTAGCGACTGGCAAC	0	FD30_1	Astronaut 1	FD30	FD	11.3070223932572
FD30_1_CGTCGAAGCAGCTGCGATAT	0	FD30_1	Astronaut 1	FD30	FD	14.4099473933267
FD30_1_CGTCGACCAGGCGGTGGTCC	2	FD30_1	Astronaut 1	FD30	FD	8.36740555887721
FD30_1_CGTCGACGATCTTAAGATGA	1	FD30_1	Astronaut 1	FD30	FD	0.0666053843339478
FD30_1_CGTCGACGATGGCAGGGCGT	1	FD30_1	Astronaut 1	FD30	FD	10.4617622092529
FD30_1_CGTCGAGGTCGGAGCGATGA	0	FD30_1	Astronaut 1	FD30	FD	7.05001587064842
FD30_1_CGTCGAGTTGCAGTTGTAAT	5	FD30_1	Astronaut 1	FD30	FD	7.79662780931967
FD30_1_CGTCGATCCTCAACTGATGA	0	FD30_1	Astronaut 1	FD30	FD	15.2618272559176
FD30_1_CGTCGATCCTCAGAAGATGA	1	FD30_1	Astronaut 1	FD30	FD	10.4313259564337
FD30_1_CGTCGCCGCTCAACTGGCGT	1	FD30_1	Astronaut 1	FD30	FD	4.36464725494584
FD30_1_CGTCGCCTCACCTAGGGCGT	0	FD30_1	Astronaut 1	FD30	FD	11.2056339867929
FD30_1_CGTCGCGCCTCAGCGGCAAC	0	FD30_1	Astronaut 1	FD30	FD	12.7194252998743
FD30_1_CGTCGCGTCGGGCGTGTAAT	0	FD30_1	Astronaut 1	FD30	FD	1.79475008318478
FD30_1_CGTCGCTCCACAGAAGCAAC	6	FD30_1	Astronaut 1	FD30	FD	9.15817491997714
FD30_1_CGTCGGCAACCGGATGCGGT	1	FD30_1	Astronaut 1	FD30	FD	0.507534476152971
FD30_1_CGTCGGTAATCTTAAGGCGT	2	FD30_1	Astronaut 1	FD30	FD	12.5964773398607
FD30_1_CGTCGTACGTCTCCAGCAAC	0	FD30_1	Astronaut 1	FD30	FD	11.7350089386343
FD30_1_CGTCGTATGCCAGCGGATGA	1	FD30_1	Astronaut 1	FD30	FD	10.4192911147847
FD30_1_CGTCGTCCGGGTAGAGCTTG	1	FD30_1	Astronaut 1	FD30	FD	8.10819483152675
FD30_1_CTAACACCTACCTCAGTAAT	2	FD30_1	Astronaut 1	FD30	FD	14.3346655154751
FD30_1_CTAACACCTACTTAAGCGGT	5	FD30_1	Astronaut 1	FD30	FD	61.4709170276352
FD30_1_CTAACACGATCGATTGATAT	0	FD30_1	Astronaut 1	FD30	FD	15.2543860509337
FD30_1_CTAACACTTCCGACCGCTGC	1	FD30_1	Astronaut 1	FD30	FD	7.75276385577101
FD30_1_CTAACATTGGCTGGAGCAAC	5	FD30_1	Astronaut 1	FD30	FD	10.3830344242055
FD30_1_CTAACCAGCGCGAAGGATAT	2	FD30_1	Astronaut 1	FD30	FD	8.10819489130009
FD30_1_CTAACCCTAGCAGCGGATAT	1	FD30_1	Astronaut 1	FD30	FD	11.2370322391428
FD30_1_CTAACCGAAGCAACTGCTGC	1	FD30_1	Astronaut 1	FD30	FD	3.02254877182812
FD30_1_CTAACCGCTCGTATCGCTTG	1	FD30_1	Astronaut 1	FD30	FD	13.238115205447
FD30_1_CTAACCGGATGAACCGATGA	2	FD30_1	Astronaut 1	FD30	FD	10.4102016938935
FD30_1_CTAACGCTCTCAGAAGATAT	1	FD30_1	Astronaut 1	FD30	FD	14.4217001876004
FD30_1_CTAACGTCTACTACGGCGGT	1	FD30_1	Astronaut 1	FD30	FD	3.88774953745501
FD30_1_CTAACTATTGGAGTCGGCGT	2	FD30_1	Astronaut 1	FD30	FD	6.76715382406766
FD30_1_CTAACTCATCGCTGCGCAAC	1	FD30_1	Astronaut 1	FD30	FD	7.73471795754524
FD30_1_CTAACTCTACATTGGGCTTG	1	FD30_1	Astronaut 1	FD30	FD	12.2612447743124
FD30_1_CTAACTTAGCGGCGTGCTTG	5	FD30_1	Astronaut 1	FD30	FD	13.2523306520804
FD30_1_CTACGAACCGGCTTGGCCTT	3	FD30_1	Astronaut 1	FD30	FD	0.0519048132337674
FD30_1_CTACGAAGACGGCGTGATGA	0	FD30_1	Astronaut 1	FD30	FD	14.3613925327038
FD30_1_CTACGAGGCTCAGTTGTCTA	1	FD30_1	Astronaut 1	FD30	FD	0.507534416379634
FD30_1_CTACGAGGCTGGTAAGCAAC	3	FD30_1	Astronaut 1	FD30	FD	2.10045648581898
FD30_1_CTACGAGTTGCCTAGGGAGC	1	FD30_1	Astronaut 1	FD30	FD	6.69742624242701
FD30_1_CTACGATGCGCTCCAGATGA	2	FD30_1	Astronaut 1	FD30	FD	10.8085534632883
FD30_1_CTACGATTACCGAAGGATGA	0	FD30_1	Astronaut 1	FD30	FD	12.7194253596476
FD30_1_CTACGCAACTGATGAGCTTG	1	FD30_1	Astronaut 1	FD30	FD	3.04761045365092
FD30_1_CTACGCAGTTCAGTTGTCTA	0	FD30_1	Astronaut 1	FD30	FD	10.1832773956144
FD30_1_CTACGCAGTTCGCTCGGCGT	2	FD30_1	Astronaut 1	FD30	FD	11.812554229366
FD30_1_CTACGCCATAGGCAGGCTTG	1	FD30_1	Astronaut 1	FD30	FD	14.4490890461698
FD30_1_CTACGCTACGCCATAGCAAC	1	FD30_1	Astronaut 1	FD30	FD	10.7025302961401
FD30_1_CTACGGATATGTAATGCGGT	1	FD30_1	Astronaut 1	FD30	FD	2.46202102161195
FD30_1_CTACGGGCGTCCATAGCTGC	7	FD30_1	Astronaut 1	FD30	FD	3.90491197024315
FD30_1_CTACGGGCGTCCTAGGCAAC	0	FD30_1	Astronaut 1	FD30	FD	11.2858253482644
FD30_1_CTACGGGCGTGTAGAGTCTA	1	FD30_1	Astronaut 1	FD30	FD	1.0759200650412e-06
FD30_1_CTACGGTTAGCTAGTGCTTG	1	FD30_1	Astronaut 1	FD30	FD	1.13569340198794e-06
FD30_1_CTACGTTCGACGCAAGGAGC	3	FD30_1	Astronaut 1	FD30	FD	18.0330561131841
FD30_1_CTAGTAGCGGCTGGAGCCTT	6	FD30_1	Astronaut 1	FD30	FD	4.48621709550731
FD30_1_CTAGTAGGCTCTCCAGCTTG	2	FD30_1	Astronaut 1	FD30	FD	1.26494263355653
FD30_1_CTAGTCGCAAGGTCCGCTGC	5	FD30_1	Astronaut 1	FD30	FD	2.45718140829875
FD30_1_CTAGTCTAACCGGATGCGGT	1	FD30_1	Astronaut 1	FD30	FD	3.7997187685061
FD30_1_CTAGTCTGGACAGCGGCAAC	2	FD30_1	Astronaut 1	FD30	FD	12.1624239301049
FD30_1_CTAGTGAACCCCATAGCGGT	5	FD30_1	Astronaut 1	FD30	FD	6.35240186501634
FD30_1_CTAGTGAACCCTAGTGCTTG	2	FD30_1	Astronaut 1	FD30	FD	4.18301128051671
FD30_1_CTAGTGCTCTATTCAGATAT	0	FD30_1	Astronaut 1	FD30	FD	10.6921318673388
FD30_1_CTAGTGCTCTCTAGTGCTGC	6	FD30_1	Astronaut 1	FD30	FD	10.4557722768497
FD30_1_CTAGTGCTTGCTAACGATAT	1	FD30_1	Astronaut 1	FD30	FD	10.9010618147765
FD30_1_CTAGTTAAGGCGGCAGTCTA	0	FD30_1	Astronaut 1	FD30	FD	11.4951296918897
FD30_1_CTAGTTACGTGACTGGATAT	6	FD30_1	Astronaut 1	FD30	FD	15.2462979844265
FD30_1_CTAGTTAGGACAACTGCTTG	6	FD30_1	Astronaut 1	FD30	FD	6.35742398261576
FD30_1_CTAGTTCATCCAGTTGCAAC	0	FD30_1	Astronaut 1	FD30	FD	8.6358822453574
FD30_1_CTAGTTGCGCATTGGGATGA	0	FD30_1	Astronaut 1	FD30	FD	18.0141110057144
FD30_1_CTCCAAACTCCGCCTGCGGT	3	FD30_1	Astronaut 1	FD30	FD	11.7220181581523
FD30_1_CTCCAACTAAGGTCCGTAAT	1	FD30_1	Astronaut 1	FD30	FD	8.10819495107343
FD30_1_CTCCAACTTCGATGAGATAT	5	FD30_1	Astronaut 1	FD30	FD	18.4445887268469
FD30_1_CTCCAAGTTGCTGGAGCTGC	0	FD30_1	Astronaut 1	FD30	FD	6.7469907484312
FD30_1_CTCCAATCCTGAGTCGTCTA	0	FD30_1	Astronaut 1	FD30	FD	13.7164020583091
FD30_1_CTCCAATCCTGGCAGGGCGT	2	FD30_1	Astronaut 1	FD30	FD	9.01285733633635
FD30_1_CTCCAATCTGGCGAAGATAT	1	FD30_1	Astronaut 1	FD30	FD	1.19546673893467e-06
FD30_1_CTCCAATTGGGCGAAGGAGC	1	FD30_1	Astronaut 1	FD30	FD	6.34294717496126
FD30_1_CTCCACCGCTCGATTGTCTA	1	FD30_1	Astronaut 1	FD30	FD	2.46641275012506
FD30_1_CTCCACGAAGGGTAAGGAGC	1	FD30_1	Astronaut 1	FD30	FD	2.44360775571746
FD30_1_CTCCACGATTCTACGGATGA	3	FD30_1	Astronaut 1	FD30	FD	18.9950313271347
FD30_1_CTCCACGTCGCAGAAGATAT	2	FD30_1	Astronaut 1	FD30	FD	12.719425419421
FD30_1_CTCCACTACGGTAATGCTGC	7	FD30_1	Astronaut 1	FD30	FD	7.94850021067653
FD30_1_CTCCAGCGGTCGCTCGCTTG	2	FD30_1	Astronaut 1	FD30	FD	1.79475014295812
FD30_1_CTCCAGCTTGGAGCTGATGA	7	FD30_1	Astronaut 1	FD30	FD	7.72800717450571
FD30_1_CTCCAGGTCCGGTCCGCAAC	7	FD30_1	Astronaut 1	FD30	FD	7.74148804965905
FD30_1_CTCCAGGTCCGGTCCGCCTT	1	FD30_1	Astronaut 1	FD30	FD	2.32927754889577
FD30_1_CTCCAGTCCGCTAACGCTTG	3	FD30_1	Astronaut 1	FD30	FD	12.9533662387371
FD30_1_CTCCATATTGCGATTGGCGT	2	FD30_1	Astronaut 1	FD30	FD	13.2352413790335
FD30_1_CTCCATCAGTCTACGGATGA	1	FD30_1	Astronaut 1	FD30	FD	8.04524738997323
FD30_1_CTCCATGCTAGCCTTGCTTG	5	FD30_1	Astronaut 1	FD30	FD	18.9950313869081
FD30_1_CTCCATGCTAGCCTTGTAAT	7	FD30_1	Astronaut 1	FD30	FD	4.36464731471918
FD30_1_CTCCATTGAAGCGGTGTCTA	1	FD30_1	Astronaut 1	FD30	FD	7.7899305269118
FD30_1_CTGGAAACTCCCTCAGCTTG	2	FD30_1	Astronaut 1	FD30	FD	10.8915301836121
FD30_1_CTGGAAACTCCTCCAGATAT	1	FD30_1	Astronaut 1	FD30	FD	0.482152862617883
FD30_1_CTGGAAACTCCTCCAGCAAC	1	FD30_1	Astronaut 1	FD30	FD	6.27733697763316
FD30_1_CTGGAAAGCAGTAATGCTGC	3	FD30_1	Astronaut 1	FD30	FD	3.95552679308264
FD30_1_CTGGAAAGGTGGTAAGTAAT	5	FD30_1	Astronaut 1	FD30	FD	9.13266227049946
FD30_1_CTGGAACCTAGCTGCGCTTG	0	FD30_1	Astronaut 1	FD30	FD	1.79475020273145
FD30_1_CTGGAACTTCGCAGGGTCTA	2	FD30_1	Astronaut 1	FD30	FD	6.79053083112581
FD30_1_CTGGAAGCGGCAATCGGAGC	1	FD30_1	Astronaut 1	FD30	FD	6.69155173842893
FD30_1_CTGGAATTCAGGCGTGCTTG	1	FD30_1	Astronaut 1	FD30	FD	12.9658079801584
FD30_1_CTGGACGGCAGCTGCGGAGC	3	FD30_1	Astronaut 1	FD30	FD	8.10819501084676
FD30_1_CTGGACGGCAGTATCGGCGT	3	FD30_1	Astronaut 1	FD30	FD	8.1081950706201
FD30_1_CTGGAGAGTCCAGTTGATAT	0	FD30_1	Astronaut 1	FD30	FD	7.14761485999432
FD30_1_CTGGAGATATCGATTGTCTA	0	FD30_1	Astronaut 1	FD30	FD	9.00063864562858
FD30_1_CTGGAGCAACCTAGTGATGA	5	FD30_1	Astronaut 1	FD30	FD	7.77299871120881
FD30_1_CTGGAGCCTTCTAACGCTTG	2	FD30_1	Astronaut 1	FD30	FD	6.40536196338181
FD30_1_CTGGAGGCAGCCTAGGTCTA	0	FD30_1	Astronaut 1	FD30	FD	12.2112943106881
FD30_1_CTGGAGGTCCGCAGGGATGA	1	FD30_1	Astronaut 1	FD30	FD	11.3666519002694
FD30_1_CTGGAGGTCCGCAGGGGAGC	3	FD30_1	Astronaut 1	FD30	FD	11.2056340465662
FD30_1_CTGGAGTCCGCTAACGCGGT	3	FD30_1	Astronaut 1	FD30	FD	3.06318433271463
FD30_1_CTGGAGTCTACCATAGTCTA	3	FD30_1	Astronaut 1	FD30	FD	17.966577307946
FD30_1_CTGGATATTGGGCAGGATGA	2	FD30_1	Astronaut 1	FD30	FD	13.7179804869394
FD30_1_CTGGATCGTAGACTGGATAT	0	FD30_1	Astronaut 1	FD30	FD	11.3313065485026
FD30_1_CTGGATTGAACCTAGGCGGT	3	FD30_1	Astronaut 1	FD30	FD	6.77141606884852
FD30_1_CTGGATTGAAGCGGTGCGGT	1	FD30_1	Astronaut 1	FD30	FD	11.7220182179257
FD30_1_CTTAAAACTCATTCAGCAAC	1	FD30_1	Astronaut 1	FD30	FD	11.2056341063395
FD30_1_CTTAAACTTCGTATCGATAT	1	FD30_1	Astronaut 1	FD30	FD	8.67335832949945
FD30_1_CTTAAAGAACGAGTCGTAAT	1	FD30_1	Astronaut 1	FD30	FD	2.13889030331674
FD30_1_CTTAAAGTTGCCATAGCAAC	1	FD30_1	Astronaut 1	FD30	FD	9.55875620091062
FD30_1_CTTAAATCCTCAGCGGCTTG	1	FD30_1	Astronaut 1	FD30	FD	10.355639167365
FD30_1_CTTAACTACGCCATAGCTTG	1	FD30_1	Astronaut 1	FD30	FD	4.02121488876284
FD30_1_CTTAACTTAACGGCAGGCGT	1	FD30_1	Astronaut 1	FD30	FD	10.6181475318048
FD30_1_CTTAAGACTGGCTCTGGAGC	1	FD30_1	Astronaut 1	FD30	FD	8.10819513039343
FD30_1_CTTAAGATATATTGGGATAT	3	FD30_1	Astronaut 1	FD30	FD	1.79475026250479
FD30_1_CTTAAGGCGTATTCAGATAT	6	FD30_1	Astronaut 1	FD30	FD	1.79475032227813
FD30_1_CTTAAGGTCCCAGTTGATAT	6	FD30_1	Astronaut 1	FD30	FD	7.72800723427904
FD30_1_CTTAAGTATCGCTGCGTCTA	3	FD30_1	Astronaut 1	FD30	FD	7.72800729405238
FD30_1_CTTAAGTCTACAGCGGCGGT	1	FD30_1	Astronaut 1	FD30	FD	2.15716731731785
FD30_1_CTTAAGTTAGGCTTGGTAAT	1	FD30_1	Astronaut 1	FD30	FD	3.22857187945999
FD30_1_CTTAATAGGAGTAATGCCTT	1	FD30_1	Astronaut 1	FD30	FD	1.2552400758814e-06
FD30_1_CTTAATATCTGTAATGATGA	2	FD30_1	Astronaut 1	FD30	FD	4.81135238816388
FD30_1_CTTAATATGCCAACTGATGA	1	FD30_1	Astronaut 1	FD30	FD	12.3742467678585
FD30_1_CTTAATCCGGCCATAGATAT	2	FD30_1	Astronaut 1	FD30	FD	2.47837741018913
FD30_1_CTTAATCCGGGCGGTGCAAC	0	FD30_1	Astronaut 1	FD30	FD	4.35347482199701
FD30_1_CTTAATCGTACGACCGATAT	1	FD30_1	Astronaut 1	FD30	FD	3.25753374425179
FD30_1_CTTAATCTACGCAACGTCTA	0	FD30_1	Astronaut 1	FD30	FD	13.6332909571136
FD30_1_CTTAATGCGCGGTCCGTAAT	5	FD30_1	Astronaut 1	FD30	FD	6.28557957301788
FD30_1_CTTAATGCTACAGCGGGAGC	1	FD30_1	Astronaut 1	FD30	FD	3.02596876030194
FD30_1_CTTAATTCGACAGTTGCCTT	0	FD30_1	Astronaut 1	FD30	FD	2.19750828167244
FD30_1_GAACCAACTCCCATAGGCGT	5	FD30_1	Astronaut 1	FD30	FD	1.31501341282814e-06
FD30_1_GAACCAAGGTCCTAGGATAT	0	FD30_1	Astronaut 1	FD30	FD	3.80100744042754
FD30_1_GAACCAAGGTCGACCGCCTT	2	FD30_1	Astronaut 1	FD30	FD	9.00063870540192
FD30_1_GAACCACGATGAGTCGATGA	3	FD30_1	Astronaut 1	FD30	FD	10.4568185646286
FD30_1_GAACCAGAACGCTGCGCAAC	1	FD30_1	Astronaut 1	FD30	FD	4.51972541943526
FD30_1_GAACCAGAGTGCAGGGTCTA	1	FD30_1	Astronaut 1	FD30	FD	15.6210578830615
FD30_1_GAACCAGCGGCGATTGTAAT	5	FD30_1	Astronaut 1	FD30	FD	3.8148049574227
FD30_1_GAACCAGCGGGATATGCAAC	5	FD30_1	Astronaut 1	FD30	FD	11.7495063876326
FD30_1_GAACCATCCTGGTAAGGCGT	1	FD30_1	Astronaut 1	FD30	FD	8.59522583761073
FD30_1_GAACCCGAAGGGCAGGGAGC	1	FD30_1	Astronaut 1	FD30	FD	3.85127879924041
FD30_1_GAACCCGTCGGGCAGGATGA	1	FD30_1	Astronaut 1	FD30	FD	10.3866053721673
FD30_1_GAACCCTAGTGCTTGGCTTG	6	FD30_1	Astronaut 1	FD30	FD	10.7436281441679
FD30_1_GAACCGAGTCGATGAGCAAC	1	FD30_1	Astronaut 1	FD30	FD	13.9349944360423
FD30_1_GAACCGTATCCCATAGTAAT	3	FD30_1	Astronaut 1	FD30	FD	6.32100061623683
FD30_1_GAACCGTATCCGACCGGAGC	2	FD30_1	Astronaut 1	FD30	FD	4.25076192775394
FD30_1_GAACCTATCTGGCGTGTAAT	1	FD30_1	Astronaut 1	FD30	FD	9.73335118788993
FD30_1_GAACCTGGACGAGCTGGAGC	1	FD30_1	Astronaut 1	FD30	FD	7.75436805501616
FD30_1_GACTGAACGACTGGAGGCGT	2	FD30_1	Astronaut 1	FD30	FD	6.32277592589489
FD30_1_GACTGAAGACGATGAGATGA	1	FD30_1	Astronaut 1	FD30	FD	1.37478674977487e-06
FD30_1_GACTGAAGGTCAATCGATAT	3	FD30_1	Astronaut 1	FD30	FD	10.2117135808745
FD30_1_GACTGACCTACGGATGGCGT	2	FD30_1	Astronaut 1	FD30	FD	7.77920296342281
FD30_1_GACTGACTCGGGTAAGCGGT	7	FD30_1	Astronaut 1	FD30	FD	11.2056341661129
FD30_1_GACTGACTTCGGTAAGATAT	0	FD30_1	Astronaut 1	FD30	FD	11.2056342258862
FD30_1_GACTGAGCGGCTACGGCAAC	5	FD30_1	Astronaut 1	FD30	FD	11.2056342856595
FD30_1_GACTGATCTGGACTGGATAT	0	FD30_1	Astronaut 1	FD30	FD	2.0943093088506
FD30_1_GACTGATTACCTGGAGCAAC	1	FD30_1	Astronaut 1	FD30	FD	0.583394137370863
FD30_1_GACTGATTGGGATATGCTTG	2	FD30_1	Astronaut 1	FD30	FD	13.6332910168869
FD30_1_GACTGCAACTGACTGGCGGT	7	FD30_1	Astronaut 1	FD30	FD	9.32911316672894
FD30_1_GACTGCCTAGGTAGAGATAT	3	FD30_1	Astronaut 1	FD30	FD	11.2056343454329
FD30_1_GACTGCGAAGGCAGGGATGA	1	FD30_1	Astronaut 1	FD30	FD	14.3597176655045
FD30_1_GACTGCGATTCCTAGGCTTG	1	FD30_1	Astronaut 1	FD30	FD	1.4345600867216e-06
FD30_1_GACTGCGATTCGTCGGCTGC	1	FD30_1	Astronaut 1	FD30	FD	4.01716563262196
FD30_1_GACTGCGCCTCCTCAGATAT	1	FD30_1	Astronaut 1	FD30	FD	6.7273656189517
FD30_1_GACTGCGGCAGAACCGGAGC	7	FD30_1	Astronaut 1	FD30	FD	11.7604162324634
FD30_1_GACTGCGTCGCTACGGTCTA	0	FD30_1	Astronaut 1	FD30	FD	1.79475038205146
FD30_1_GACTGCTACGATTGGGATAT	5	FD30_1	Astronaut 1	FD30	FD	1.8197551954071
FD30_1_GACTGCTACGATTGGGCAAC	6	FD30_1	Astronaut 1	FD30	FD	1.49433342366834e-06
FD30_1_GACTGCTCCACTGGAGCTTG	1	FD30_1	Astronaut 1	FD30	FD	5.84157961939968
FD30_1_GACTGCTGGAGCGGTGTCTA	0	FD30_1	Astronaut 1	FD30	FD	12.7194254791943
FD30_1_GACTGGATATCTAACGCAAC	3	FD30_1	Astronaut 1	FD30	FD	0.146236433213295
FD30_1_GACTGGCTTGCCATAGCAAC	5	FD30_1	Astronaut 1	FD30	FD	10.8534477209903
FD30_1_GACTGGCTTGCTAGTGCAAC	1	FD30_1	Astronaut 1	FD30	FD	6.80117373295725
FD30_1_GACTGGCTTGCTAGTGGTCC	0	FD30_1	Astronaut 1	FD30	FD	12.7345727838894
FD30_1_GACTGGGAGCGGCAGGCAAC	6	FD30_1	Astronaut 1	FD30	FD	0.528052823575532
FD30_1_GACTGGTCCGCAATCGCAAC	1	FD30_1	Astronaut 1	FD30	FD	8.10819519016677
FD30_1_GACTGTAAGGGCTTGGGAGC	7	FD30_1	Astronaut 1	FD30	FD	2.16178277597456
FD30_1_GACTGTATTGCAGTTGCAAC	5	FD30_1	Astronaut 1	FD30	FD	9.14189725006031
FD30_1_GACTGTCGTACCTAGGGCGT	1	FD30_1	Astronaut 1	FD30	FD	4.4472414366429
FD30_1_GACTGTGAGACAGAAGCTTG	1	FD30_1	Astronaut 1	FD30	FD	3.25612532196853
FD30_1_GACTGTGCGCCCTAGGCTGC	5	FD30_1	Astronaut 1	FD30	FD	10.4945039778829
FD30_1_GACTGTGGACCTGGAGATGA	3	FD30_1	Astronaut 1	FD30	FD	8.10819524994011
FD30_1_GAGCTACTAAGTAATGCTTG	3	FD30_1	Astronaut 1	FD30	FD	12.4090371978341
FD30_1_GAGCTATCTGCAGCGGCAAC	2	FD30_1	Astronaut 1	FD30	FD	3.16530173559026
FD30_1_GAGCTATCTGCCTAGGGAGC	1	FD30_1	Astronaut 1	FD30	FD	1.55410676061507e-06
FD30_1_GAGCTATTGGGGTCCGGAGC	1	FD30_1	Astronaut 1	FD30	FD	13.3390228596787
FD30_1_GAGCTCCGCTCAACTGGCGT	1	FD30_1	Astronaut 1	FD30	FD	14.3597177252778
FD30_1_GAGCTCCTAGGTAATGATGA	0	FD30_1	Astronaut 1	FD30	FD	7.76386567156564
FD30_1_GAGCTCGAAGGTAATGCGGT	1	FD30_1	Astronaut 1	FD30	FD	6.45628199498932
FD30_1_GAGCTCGCTCGCTTGGATAT	1	FD30_1	Astronaut 1	FD30	FD	7.72800735382572
FD30_1_GAGCTCGGATCCATAGCAAC	2	FD30_1	Astronaut 1	FD30	FD	1.7947504418248
FD30_1_GAGCTCGTCGCCTCAGCTGC	3	FD30_1	Astronaut 1	FD30	FD	11.2842735368876
FD30_1_GAGCTCGTCGCCTCAGTAAT	0	FD30_1	Astronaut 1	FD30	FD	14.3760957950252
FD30_1_GAGCTCTAGTCCTCAGCCTT	1	FD30_1	Astronaut 1	FD30	FD	0.223899442473002
FD30_1_GAGCTGAACCCGCAAGATGA	2	FD30_1	Astronaut 1	FD30	FD	7.88541427655016
FD30_1_GAGCTGACTGGGAGCGCAAC	0	FD30_1	Astronaut 1	FD30	FD	11.5982231688388
FD30_1_GAGCTGCGAACCATAGCGGT	0	FD30_1	Astronaut 1	FD30	FD	9.05062774597407
FD30_1_GAGCTTATGCGCTCTGATAT	1	FD30_1	Astronaut 1	FD30	FD	13.6734139281473
FD30_1_GAGCTTCGCGGCCTTGATGA	2	FD30_1	Astronaut 1	FD30	FD	3.80558972526378
FD30_1_GAGCTTCGCGGCGGTGTCTA	0	FD30_1	Astronaut 1	FD30	FD	6.29425670051794
FD30_1_GAGCTTGCGCGAGCTGATAT	1	FD30_1	Astronaut 1	FD30	FD	11.722018277699
FD30_1_GAGTCAACGAGACTGGGAGC	1	FD30_1	Astronaut 1	FD30	FD	8.10819530971344
FD30_1_GAGTCATCCTCAGCGGGAGC	3	FD30_1	Astronaut 1	FD30	FD	13.6926495507235
FD30_1_GAGTCATTCACCTAGGCTGC	1	FD30_1	Astronaut 1	FD30	FD	8.51114722798543
FD30_1_GAGTCCCTCACAATCGATGA	1	FD30_1	Astronaut 1	FD30	FD	11.2056344052062
FD30_1_GAGTCCGCCTATTCAGGAGC	1	FD30_1	Astronaut 1	FD30	FD	2.11218203569719
FD30_1_GAGTCCGGATCAGCGGGAGC	1	FD30_1	Astronaut 1	FD30	FD	6.41721930090288
FD30_1_GAGTCCGTCGGGAGCGCTGC	6	FD30_1	Astronaut 1	FD30	FD	6.76922185331991
FD30_1_GAGTCGAACCGATGAGATGA	3	FD30_1	Astronaut 1	FD30	FD	7.74306785612148
FD30_1_GAGTCGTAATGGCGTGCGGT	1	FD30_1	Astronaut 1	FD30	FD	0.690389508867
FD30_1_GAGTCTAAGGCCGCTGCGGT	1	FD30_1	Astronaut 1	FD30	FD	16.3111708617237
FD30_1_GAGTCTCAGTCGATTGATAT	0	FD30_1	Astronaut 1	FD30	FD	13.2366469431198
FD30_1_GAGTCTCTACGCCTTGCAAC	3	FD30_1	Astronaut 1	FD30	FD	6.74162541524332
FD30_1_GAGTCTGCGCGCAGGGCTTG	5	FD30_1	Astronaut 1	FD30	FD	11.2056344649796
FD30_1_GATATACTCGCAACTGCAAC	1	FD30_1	Astronaut 1	FD30	FD	14.63330707769
FD30_1_GATATAGTTGCAGAAGATAT	0	FD30_1	Astronaut 1	FD30	FD	13.7193732272048
FD30_1_GATATATCCTCGAAGGGAGC	1	FD30_1	Astronaut 1	FD30	FD	3.79971882827944
FD30_1_GATATATGCGCTACGGATGA	0	FD30_1	Astronaut 1	FD30	FD	5.72256818362433
FD30_1_GATATATTCACGCAAGGCGT	3	FD30_1	Astronaut 1	FD30	FD	6.3958700816959
FD30_1_GATATATTGGCAACTGTAAT	1	FD30_1	Astronaut 1	FD30	FD	0.181751217880429
FD30_1_GATATCAGAACAATCGATGA	1	FD30_1	Astronaut 1	FD30	FD	6.3574240423891
FD30_1_GATATCCGCTCGGATGATAT	2	FD30_1	Astronaut 1	FD30	FD	2.1617828357479
FD30_1_GATATCCGCTGGCAGGTCTA	0	FD30_1	Astronaut 1	FD30	FD	14.6333071374633
FD30_1_GATATCCTAGGCGGTGATAT	0	FD30_1	Astronaut 1	FD30	FD	13.9483891565819
FD30_1_GATATCGACCGTATCGGAGC	1	FD30_1	Astronaut 1	FD30	FD	3.05649661927818
FD30_1_GATATCGCAACTACGGATGA	0	FD30_1	Astronaut 1	FD30	FD	13.2377069285379
FD30_1_GATATCGGATGACTGGATGA	1	FD30_1	Astronaut 1	FD30	FD	6.37457125845282
FD30_1_GATATCGTCGCCGCTGGCGT	2	FD30_1	Astronaut 1	FD30	FD	10.4738112860134
FD30_1_GATATCTAGTCAGTTGCTTG	1	FD30_1	Astronaut 1	FD30	FD	1.79475050159814
FD30_1_GATATCTGGACCGCTGTAAT	7	FD30_1	Astronaut 1	FD30	FD	15.3123778651245
FD30_1_GATATCTGGACCTCAGCTTG	1	FD30_1	Astronaut 1	FD30	FD	11.7948107064883
FD30_1_GATATGATATGGAGCGCAAC	0	FD30_1	Astronaut 1	FD30	FD	9.12108171101363
FD30_1_GATATGTATCGTATCGCCTT	1	FD30_1	Astronaut 1	FD30	FD	12.9681997933993
FD30_1_GATATGTCTAGCCTTGATGA	1	FD30_1	Astronaut 1	FD30	FD	13.9433989054517
FD30_1_GATATTCGCGGACTGGCGGT	1	FD30_1	Astronaut 1	FD30	FD	15.2547507490134
FD30_1_GATATTCGCGGCCTTGATAT	0	FD30_1	Astronaut 1	FD30	FD	7.05768683110063
FD30_1_GATATTCGTACAGCGGCAAC	0	FD30_1	Astronaut 1	FD30	FD	13.3140988399547
FD30_1_GATATTGAGACAGAAGGTCC	1	FD30_1	Astronaut 1	FD30	FD	9.00706295984498
FD30_1_GATATTTCATATTCAGCTTG	3	FD30_1	Astronaut 1	FD30	FD	13.3347414212727
FD30_1_GATGAAAGGTCGGCAGATGA	1	FD30_1	Astronaut 1	FD30	FD	9.00063876517525
FD30_1_GATGAACTCGCTTAAGCGGT	2	FD30_1	Astronaut 1	FD30	FD	9.43075615660701
FD30_1_GATGAACTTCCCTAGGGCGT	3	FD30_1	Astronaut 1	FD30	FD	4.29515998774412
FD30_1_GATGAAGTTGCAGTTGTAAT	0	FD30_1	Astronaut 1	FD30	FD	12.8860795111528
FD30_1_GATGAATGGCCGAAGGATAT	1	FD30_1	Astronaut 1	FD30	FD	14.9170641515944
FD30_1_GATGACAATCCAGAAGGTCC	2	FD30_1	Astronaut 1	FD30	FD	10.2969666130015
FD30_1_GATGACCTCACGCCTGGTCC	1	FD30_1	Astronaut 1	FD30	FD	12.7194255389676
FD30_1_GATGACGATTGAGCTGTCTA	0	FD30_1	Astronaut 1	FD30	FD	16.1687184420643
FD30_1_GATGACGATTGGTCCGATAT	3	FD30_1	Astronaut 1	FD30	FD	2.06256310275238
FD30_1_GATGACGGATCGGCAGCTTG	2	FD30_1	Astronaut 1	FD30	FD	15.282354344824
FD30_1_GATGACGGCAGCAACGTAAT	2	FD30_1	Astronaut 1	FD30	FD	1.91420457412341
FD30_1_GATGACGTCGCGTCGGTCTA	0	FD30_1	Astronaut 1	FD30	FD	6.7720965368642
FD30_1_GATGACTAACCAACTGCTTG	5	FD30_1	Astronaut 1	FD30	FD	7.77555173599309
FD30_1_GATGACTAACCGCCTGTCTA	1	FD30_1	Astronaut 1	FD30	FD	10.4568186244019
FD30_1_GATGACTACGCAATCGCAAC	0	FD30_1	Astronaut 1	FD30	FD	12.5766476333562
FD30_1_GATGAGAACCCCGCTGCTTG	1	FD30_1	Astronaut 1	FD30	FD	9.14277167747179
FD30_1_GATGAGCTCTGATATGATAT	1	FD30_1	Astronaut 1	FD30	FD	2.00148538215542
FD30_1_GATGAGGAGCCTGGAGATGA	5	FD30_1	Astronaut 1	FD30	FD	13.3046364005857
FD30_1_GATGAGGAGCGCGAAGTAAT	1	FD30_1	Astronaut 1	FD30	FD	3.89866757614259
FD30_1_GATGAGGCAGCCTAGGCGGT	2	FD30_1	Astronaut 1	FD30	FD	11.7220183374724
FD30_1_GATGAGGTCCCGACCGGCGT	6	FD30_1	Astronaut 1	FD30	FD	9.00063882494859
FD30_1_GATGATCAGTGAACCGATGA	1	FD30_1	Astronaut 1	FD30	FD	7.72800741359905
FD30_1_GATGATCCGGCCATAGATGA	3	FD30_1	Astronaut 1	FD30	FD	7.73852097450259
FD30_1_GATGATCTACGATGAGATGA	0	FD30_1	Astronaut 1	FD30	FD	6.35742410216244
FD30_1_GATGATGCGCCGATTGATAT	1	FD30_1	Astronaut 1	FD30	FD	11.2348527193534
FD30_1_GCAACACTAACAGAAGCTTG	1	FD30_1	Astronaut 1	FD30	FD	11.7755721456495
FD30_1_GCAACAGCGGCGATTGCAAC	0	FD30_1	Astronaut 1	FD30	FD	13.2377149651967
FD30_1_GCAACAGTTGGCTTGGATGA	5	FD30_1	Astronaut 1	FD30	FD	11.2056345247529
FD30_1_GCAACAGTTGGTAATGGCGT	0	FD30_1	Astronaut 1	FD30	FD	13.7364657041268
FD30_1_GCAACCAGCGCCATAGGCGT	1	FD30_1	Astronaut 1	FD30	FD	11.4262116825833
FD30_1_GCAACCCTAGGAGCTGATGA	0	FD30_1	Astronaut 1	FD30	FD	14.6010717999095
FD30_1_GCAACGAGCTCCTAGGCAAC	0	FD30_1	Astronaut 1	FD30	FD	13.7011452634914
FD30_1_GCAACGCGAACAGTTGATAT	0	FD30_1	Astronaut 1	FD30	FD	18.9950314466814
FD30_1_GCAACGGCGTCGCAAGATGA	0	FD30_1	Astronaut 1	FD30	FD	12.3301695711441
FD30_1_GCAACGGCGTCGCAAGTCTA	1	FD30_1	Astronaut 1	FD30	FD	7.73434342254055
FD30_1_GCAACGGTCCGTATCGATGA	5	FD30_1	Astronaut 1	FD30	FD	14.8213065490505
FD30_1_GCAACGTAGACTAACGATGA	3	FD30_1	Astronaut 1	FD30	FD	10.359306646999
FD30_1_GCAACTAAGGGGCAGGCTTG	1	FD30_1	Astronaut 1	FD30	FD	13.9483892163552
FD30_1_GCAACTACGTCCATAGCCTT	1	FD30_1	Astronaut 1	FD30	FD	9.00063888472193
FD30_1_GCAACTAGGACGGATGGCGT	1	FD30_1	Astronaut 1	FD30	FD	5.80243592124276
FD30_1_GCAACTCATCCCGCTGCGGT	3	FD30_1	Astronaut 1	FD30	FD	8.38108472818135
FD30_1_GCAACTCATCCGACCGCTTG	7	FD30_1	Astronaut 1	FD30	FD	9.62024642162612
FD30_1_GCAACTTCGAGCAGGGCCTT	1	FD30_1	Astronaut 1	FD30	FD	1.37220158672464
FD30_1_GCAGGAAGGTCGATTGCAAC	3	FD30_1	Astronaut 1	FD30	FD	7.72800747337239
FD30_1_GCAGGACCTACGCCTGGTCC	1	FD30_1	Astronaut 1	FD30	FD	3.79971888805277
FD30_1_GCAGGACGATCTAACGGTCC	3	FD30_1	Astronaut 1	FD30	FD	11.3675745241901
FD30_1_GCAGGACTCGGTAGAGATGA	1	FD30_1	Astronaut 1	FD30	FD	19.0360938694937
FD30_1_GCAGGAGAGTCCTAGGATAT	2	FD30_1	Astronaut 1	FD30	FD	15.2797049908698
FD30_1_GCAGGAGTTGGCTGCGGCGT	3	FD30_1	Astronaut 1	FD30	FD	4.29323342343477
FD30_1_GCAGGATCCTCAACTGGCGT	6	FD30_1	Astronaut 1	FD30	FD	6.35742416193577
FD30_1_GCAGGCGAAGCAGAAGATGA	0	FD30_1	Astronaut 1	FD30	FD	11.538755755995
FD30_1_GCAGGCTAGTCCATAGATAT	7	FD30_1	Astronaut 1	FD30	FD	14.3221656146573
FD30_1_GCAGGCTGGACAGCGGCAAC	1	FD30_1	Astronaut 1	FD30	FD	6.73592039314741
FD30_1_GCAGGCTGGACAGCGGTCTA	0	FD30_1	Astronaut 1	FD30	FD	14.6333071972366
FD30_1_GCAGGCTGGAGGTCCGCTGC	2	FD30_1	Astronaut 1	FD30	FD	14.7745448670993
FD30_1_GCAGGCTTAACCTAGGCAAC	1	FD30_1	Astronaut 1	FD30	FD	3.93640783046853
FD30_1_GCAGGGAACCCGAAGGATAT	0	FD30_1	Astronaut 1	FD30	FD	13.6406468658588
FD30_1_GCAGGGAGCTGCGAAGATAT	5	FD30_1	Astronaut 1	FD30	FD	3.27378683005888
FD30_1_GCAGGGGCGTCCTAGGATGA	2	FD30_1	Astronaut 1	FD30	FD	13.0422075466451
FD30_1_GCAGGGTTAGCCGCTGGTCC	1	FD30_1	Astronaut 1	FD30	FD	3.81785804739146
FD30_1_GCAGGTAGAGGAGTCGATAT	4	FD30_1	Astronaut 1	FD30	FD	20.7554091397096
FD30_1_GCAGGTCTACCCATAGCTTG	5	FD30_1	Astronaut 1	FD30	FD	6.76949651994276
FD30_1_GCAGGTCTACGTAATGCAAC	1	FD30_1	Astronaut 1	FD30	FD	8.10819536948678
FD30_1_GCAGGTTATGGGCGTGATAT	0	FD30_1	Astronaut 1	FD30	FD	26.3349669076241
FD30_1_GCCTTAACTCCGCAAGATAT	3	FD30_1	Astronaut 1	FD30	FD	10.7156785927594
FD30_1_GCCTTACGATCGCCTGCAAC	0	FD30_1	Astronaut 1	FD30	FD	11.9609672869075
FD30_1_GCCTTAGAACGGTCCGATGA	2	FD30_1	Astronaut 1	FD30	FD	3.21091773064286
FD30_1_GCCTTAGAGTCGCAAGCTTG	3	FD30_1	Astronaut 1	FD30	FD	6.74482711369806
FD30_1_GCCTTAGTTGGGTAAGTCTA	2	FD30_1	Astronaut 1	FD30	FD	13.6332910766602
FD30_1_GCCTTCCGCTCAATCGCAAC	0	FD30_1	Astronaut 1	FD30	FD	11.2056345845262
FD30_1_GCCTTCGTCGCCATAGCCTT	6	FD30_1	Astronaut 1	FD30	FD	7.73502607875743
FD30_1_GCCTTCTAACCGGATGCGGT	5	FD30_1	Astronaut 1	FD30	FD	0.717436926767828
FD30_1_GCCTTCTTAACAACTGCAAC	1	FD30_1	Astronaut 1	FD30	FD	13.2986382731883
FD30_1_GCCTTGAACCCGCCTGATAT	1	FD30_1	Astronaut 1	FD30	FD	10.7596403228664
FD30_1_GCCTTGAGTCCTTAAGATGA	2	FD30_1	Astronaut 1	FD30	FD	11.9789372553904
FD30_1_GCCTTGTAATGCTCTGATGA	6	FD30_1	Astronaut 1	FD30	FD	1.6138800975618e-06
FD30_1_GCCTTTACGTGAGCTGCGGT	2	FD30_1	Astronaut 1	FD30	FD	6.26333636543137
FD30_1_GCCTTTAGAGGTATCGATAT	1	FD30_1	Astronaut 1	FD30	FD	11.8700574309277
FD30_1_GCCTTTAGGACGGATGCAAC	0	FD30_1	Astronaut 1	FD30	FD	13.7337166085462
FD30_1_GCCTTTATTGGCTCTGTCTA	2	FD30_1	Astronaut 1	FD30	FD	18.3404587717363
FD30_1_GCCTTTCCGGGCAACGCAAC	5	FD30_1	Astronaut 1	FD30	FD	13.6749544213985
FD30_1_GCCTTTCGTACGACCGCCTT	5	FD30_1	Astronaut 1	FD30	FD	14.2237623919509
FD30_1_GCCTTTGCTACGCAAGCTTG	5	FD30_1	Astronaut 1	FD30	FD	11.8125542891394
FD30_1_GCCTTTTATGGCAACGATAT	0	FD30_1	Astronaut 1	FD30	FD	11.7220183972457
FD30_1_GCCTTTTCATGCGAAGATGA	0	FD30_1	Astronaut 1	FD30	FD	21.8618220764001
FD30_1_GCCTTTTGAAGATATGATGA	5	FD30_1	Astronaut 1	FD30	FD	4.03294019833585
FD30_1_GCGAAAGGTCATTGGGATAT	5	FD30_1	Astronaut 1	FD30	FD	12.3957047017532
FD30_1_GCGAAAGGTCCAATCGGTCC	1	FD30_1	Astronaut 1	FD30	FD	10.3135194587273
FD30_1_GCGAAATGCGGATGAGATAT	5	FD30_1	Astronaut 1	FD30	FD	1.83245356857333
FD30_1_GCGAAATTACGCGAAGGCGT	2	FD30_1	Astronaut 1	FD30	FD	7.02651939552827
FD30_1_GCGAACAGAAGTAATGGCGT	1	FD30_1	Astronaut 1	FD30	FD	10.4710852315716
FD30_1_GCGAACCATACAGTTGATGA	2	FD30_1	Astronaut 1	FD30	FD	13.7354174267165
FD30_1_GCGAACGGCACAGCGGCTTG	1	FD30_1	Astronaut 1	FD30	FD	9.00063894449526
FD30_1_GCGAACTACGCGCAAGTCTA	7	FD30_1	Astronaut 1	FD30	FD	11.2056346442996
FD30_1_GCGAACTTAACAATCGATAT	1	FD30_1	Astronaut 1	FD30	FD	14.8203004126185
FD30_1_GCGAAGACTGGCAGGGCAAC	1	FD30_1	Astronaut 1	FD30	FD	9.01790782674042
FD30_1_GCGAAGAGTCCAGTTGGCGT	0	FD30_1	Astronaut 1	FD30	FD	14.9025752352474
FD30_1_GCGAAGCGAACGAAGGTAAT	0	FD30_1	Astronaut 1	FD30	FD	7.74522832422099
FD30_1_GCGAAGCTTGCTCCAGATGA	7	FD30_1	Astronaut 1	FD30	FD	3.90455260662406
FD30_1_GCGAAGGCAGCGGATGCAAC	7	FD30_1	Astronaut 1	FD30	FD	8.46551518163129
FD30_1_GCGAATCCGGCTAGTGATAT	0	FD30_1	Astronaut 1	FD30	FD	13.3108595880853
FD30_1_GCGAATTCGAGCAGGGCTTG	1	FD30_1	Astronaut 1	FD30	FD	13.7224512999753
FD30_1_GCGGTAACGACCTAGGCTTG	0	FD30_1	Astronaut 1	FD30	FD	6.24680641294236
FD30_1_GCGGTACTAAGGCAGGCGGT	2	FD30_1	Astronaut 1	FD30	FD	1.67365343450854e-06
FD30_1_GCGGTAGAGTCCATAGTCTA	3	FD30_1	Astronaut 1	FD30	FD	19.9207561426225
FD30_1_GCGGTAGAGTCCGCTGTCTA	3	FD30_1	Astronaut 1	FD30	FD	61.4709170874085
FD30_1_GCGGTATCTGCCTAGGATAT	1	FD30_1	Astronaut 1	FD30	FD	1.8424955346145
FD30_1_GCGGTATTACCCTAGGCAAC	0	FD30_1	Astronaut 1	FD30	FD	11.3481053546328
FD30_1_GCGGTCCGCTCTCCAGGCGT	0	FD30_1	Astronaut 1	FD30	FD	13.0422076064184
FD30_1_GCGGTCCTCACCTAGGCAAC	5	FD30_1	Astronaut 1	FD30	FD	6.39011516614022
FD30_1_GCGGTCGATTCGGATGGTCC	5	FD30_1	Astronaut 1	FD30	FD	13.7364657639001
FD30_1_GCGGTCGCAACGCCTGCAAC	5	FD30_1	Astronaut 1	FD30	FD	15.5966760299661
FD30_1_GCGGTCGTCGGAGCTGGTCC	1	FD30_1	Astronaut 1	FD30	FD	3.07482570905473
FD30_1_GCGGTCTACGCTACGGCTTG	1	FD30_1	Astronaut 1	FD30	FD	9.43985730772908
FD30_1_GCGGTCTAGTGATGAGCAAC	1	FD30_1	Astronaut 1	FD30	FD	2.4796800687674
FD30_1_GCGGTCTTAAGAGCTGATAT	1	FD30_1	Astronaut 1	FD30	FD	11.2240349825378
FD30_1_GCGGTGCAGGGTATCGGAGC	1	FD30_1	Astronaut 1	FD30	FD	15.6756992514486
FD30_1_GCGGTTGAGACAGCGGCGGT	0	FD30_1	Astronaut 1	FD30	FD	1.79475056137148
FD30_1_GCGGTTTAGCGGTAAGCAAC	6	FD30_1	Astronaut 1	FD30	FD	6.77705920346032
FD30_1_GCGGTTTAGCGGTAAGCTTG	3	FD30_1	Astronaut 1	FD30	FD	13.7133330666211
FD30_1_GCGGTTTATGGCAGGGGTCC	1	FD30_1	Astronaut 1	FD30	FD	4.36464737449252
FD30_1_GCGGTTTCGAGCTGCGCGGT	1	FD30_1	Astronaut 1	FD30	FD	7.96848680677584
FD30_1_GCTCTACTAACAGAAGGCGT	7	FD30_1	Astronaut 1	FD30	FD	11.722018457019
FD30_1_GCTCTACTTCGGCGTGTCTA	3	FD30_1	Astronaut 1	FD30	FD	13.3130198308975
FD30_1_GCTCTAGAGTCCTCAGGCGT	6	FD30_1	Astronaut 1	FD30	FD	7.72800753314572
FD30_1_GCTCTATCCTATTGGGCAAC	5	FD30_1	Astronaut 1	FD30	FD	11.8938694426926
FD30_1_GCTCTCAACTGGTAAGCTGC	0	FD30_1	Astronaut 1	FD30	FD	3.17936943268421
FD30_1_GCTCTCAGCGCAGAAGCCTT	1	FD30_1	Astronaut 1	FD30	FD	4.8067582200473
FD30_1_GCTCTCAGCGCCTCAGATGA	3	FD30_1	Astronaut 1	FD30	FD	19.8824877193726
FD30_1_GCTCTCGAAGCCTAGGCCTT	3	FD30_1	Astronaut 1	FD30	FD	9.30315100971864
FD30_1_GCTCTCGAAGGAGCTGCAAC	1	FD30_1	Astronaut 1	FD30	FD	1.81759173496433
FD30_1_GCTCTCGATTCGCCTGCTTG	5	FD30_1	Astronaut 1	FD30	FD	13.7265559566164
FD30_1_GCTCTCGCTCCAACTGGAGC	5	FD30_1	Astronaut 1	FD30	FD	10.1723664982692
FD30_1_GCTCTCGCTCGACTGGTCTA	3	FD30_1	Astronaut 1	FD30	FD	6.7729815827661
FD30_1_GCTCTCGGATGTATCGCAAC	2	FD30_1	Astronaut 1	FD30	FD	3.79971894782611
FD30_1_GCTCTGCTCTGATATGCTTG	1	FD30_1	Astronaut 1	FD30	FD	10.3815403749982
FD30_1_GCTCTTAGGAGCCTTGATGA	4	FD30_1	Astronaut 1	FD30	FD	11.5262822638401
FD30_1_GCTCTTATCTATTGGGTAAT	1	FD30_1	Astronaut 1	FD30	FD	9.14175519463811
FD30_1_GCTCTTATTGGTAGAGTAAT	6	FD30_1	Astronaut 1	FD30	FD	0.564596440244547
FD30_1_GCTCTTTGAAGATATGATGA	2	FD30_1	Astronaut 1	FD30	FD	9.07599076351582
FD30_1_GCTGCAAGACATTGGGGAGC	6	FD30_1	Astronaut 1	FD30	FD	1.73342677145527e-06
FD30_1_GCTGCACCTACGATTGTAAT	2	FD30_1	Astronaut 1	FD30	FD	10.4309677864181
FD30_1_GCTGCACGATCTAGTGCAAC	1	FD30_1	Astronaut 1	FD30	FD	6.35742422170911
FD30_1_GCTGCACTAAGTAGAGCGGT	1	FD30_1	Astronaut 1	FD30	FD	7.7305777872865
FD30_1_GCTGCAGAACCGGATGCTGC	1	FD30_1	Astronaut 1	FD30	FD	6.8002831752168
FD30_1_GCTGCAGGCTGTAATGTCTA	1	FD30_1	Astronaut 1	FD30	FD	0.208009741315461
FD30_1_GCTGCAGGTCCTAACGATGA	2	FD30_1	Astronaut 1	FD30	FD	18.9950315064548
FD30_1_GCTGCCAGAAGTATCGATAT	1	FD30_1	Astronaut 1	FD30	FD	11.2056347040729
FD30_1_GCTGCCTGGACTAACGATAT	5	FD30_1	Astronaut 1	FD30	FD	14.384226953879
FD30_1_GCTGCCTTAACTAGTGATAT	1	FD30_1	Astronaut 1	FD30	FD	11.8058663249199
FD30_1_GCTGCGCTTGGCTGCGCGGT	0	FD30_1	Astronaut 1	FD30	FD	4.7768354844666
FD30_1_GCTGCGGTAACGGCAGATGA	1	FD30_1	Astronaut 1	FD30	FD	17.2835674659012
FD30_1_GCTGCGGTCCCTAACGTAAT	1	FD30_1	Astronaut 1	FD30	FD	2.29566475470731
FD30_1_GCTGCTACGTGAGTCGTAAT	0	FD30_1	Astronaut 1	FD30	FD	11.2056347638462
FD30_1_GCTGCTGCGCGTATCGCCTT	5	FD30_1	Astronaut 1	FD30	FD	1.2696187860287
FD30_1_GCTTGACCAGCAGAAGCTGC	1	FD30_1	Astronaut 1	FD30	FD	10.6448802931936
FD30_1_GCTTGAGGTCGAGCTGCTGC	1	FD30_1	Astronaut 1	FD30	FD	11.2056348236196
FD30_1_GCTTGATCTGCGTCGGCAAC	1	FD30_1	Astronaut 1	FD30	FD	7.14761491976765
FD30_1_GCTTGATTACGTAGAGATAT	2	FD30_1	Astronaut 1	FD30	FD	2.16742718029798
FD30_1_GCTTGCCGCTCGTCGGGCGT	3	FD30_1	Astronaut 1	FD30	FD	6.81131855890767
FD30_1_GCTTGCCTAGGATGAGCTTG	1	FD30_1	Astronaut 1	FD30	FD	9.12337399834948
FD30_1_GCTTGCTCCAGAGCTGATGA	6	FD30_1	Astronaut 1	FD30	FD	12.401838932801
FD30_1_GCTTGCTTAACTTAAGCAAC	0	FD30_1	Astronaut 1	FD30	FD	13.0422076661918
FD30_1_GCTTGGAGCTGAACCGCAAC	7	FD30_1	Astronaut 1	FD30	FD	13.3230167651276
FD30_1_GCTTGGATATCTCCAGCGGT	2	FD30_1	Astronaut 1	FD30	FD	13.6332911364336
FD30_1_GCTTGGCTTGCTACGGATGA	0	FD30_1	Astronaut 1	FD30	FD	61.4709171471819
FD30_1_GCTTGTCATCATTGGGCCTT	2	FD30_1	Astronaut 1	FD30	FD	15.2501159805221
FD30_1_GCTTGTCCGGCTAGTGTCTA	1	FD30_1	Astronaut 1	FD30	FD	13.6819814461238
FD30_1_GCTTGTGAGAGGCAGGCTGC	0	FD30_1	Astronaut 1	FD30	FD	11.3334699359491
FD30_1_GGAGCACTTCGATATGGTCC	0	FD30_1	Astronaut 1	FD30	FD	9.78228706164182
FD30_1_GGAGCATCTGGGCAGGATAT	6	FD30_1	Astronaut 1	FD30	FD	7.72800759291906
FD30_1_GGAGCCAACTATTCAGCAAC	1	FD30_1	Astronaut 1	FD30	FD	12.1624239898782
FD30_1_GGAGCCAGCGGATATGGCGT	1	FD30_1	Astronaut 1	FD30	FD	10.4111392776459
FD30_1_GGAGCCGCAACAGCGGCAAC	1	FD30_1	Astronaut 1	FD30	FD	10.3838620615433
FD30_1_GGAGCCTACGGAGTCGCAAC	1	FD30_1	Astronaut 1	FD30	FD	10.781702652632
FD30_1_GGAGCCTTAACAGCGGCGGT	0	FD30_1	Astronaut 1	FD30	FD	13.2366825767221
FD30_1_GGAGCGACTGCAGAAGGAGC	3	FD30_1	Astronaut 1	FD30	FD	16.2663106017532
FD30_1_GGAGCGCGGTCGATTGCTTG	2	FD30_1	Astronaut 1	FD30	FD	1.79475062114481
FD30_1_GGAGCGTAGAGGCGTGGCGT	2	FD30_1	Astronaut 1	FD30	FD	11.2056348833929
FD30_1_GGAGCTAGGACGAAGGCAAC	3	FD30_1	Astronaut 1	FD30	FD	9.33404313946963
FD30_1_GGAGCTATTGATTCAGCAAC	2	FD30_1	Astronaut 1	FD30	FD	11.4952691297617
FD30_1_GGAGCTATTGCGTCGGCTGC	2	FD30_1	Astronaut 1	FD30	FD	7.76094667753146
FD30_1_GGAGCTCCGGCGATTGGAGC	1	FD30_1	Astronaut 1	FD30	FD	9.75997134921765
FD30_1_GGAGCTTATGGGCAGGTCTA	1	FD30_1	Astronaut 1	FD30	FD	10.6844130284446
FD30_1_GGAGCTTGAACTTAAGCGGT	1	FD30_1	Astronaut 1	FD30	FD	6.35742428148245
FD30_1_GGCAGAACGACTAACGCCTT	1	FD30_1	Astronaut 1	FD30	FD	15.2855455738095
FD30_1_GGCAGACGATCTACGGCTTG	5	FD30_1	Astronaut 1	FD30	FD	10.7125159721967
FD30_1_GGCAGACGATGATGAGTCTA	5	FD30_1	Astronaut 1	FD30	FD	6.72392943868333
FD30_1_GGCAGACTCGGCTTGGCTGC	2	FD30_1	Astronaut 1	FD30	FD	4.02628076782825
FD30_1_GGCAGAGAACCAACTGCTTG	5	FD30_1	Astronaut 1	FD30	FD	17.3018587916802
FD30_1_GGCAGAGAGTGGCGTGTCTA	5	FD30_1	Astronaut 1	FD30	FD	4.97147365615821
FD30_1_GGCAGATCTGCGGATGCCTT	1	FD30_1	Astronaut 1	FD30	FD	4.23178590196248
FD30_1_GGCAGATTCACAACTGCCTT	6	FD30_1	Astronaut 1	FD30	FD	9.74577448082001
FD30_1_GGCAGCAATCCAATCGTCTA	6	FD30_1	Astronaut 1	FD30	FD	7.77588253864136
FD30_1_GGCAGCGCTCGGCGTGCTTG	2	FD30_1	Astronaut 1	FD30	FD	13.0422077259651
FD30_1_GGCAGCGGATCTGGAGCGGT	1	FD30_1	Astronaut 1	FD30	FD	1.79475068091815
FD30_1_GGCAGCGGCACAACTGGCGT	7	FD30_1	Astronaut 1	FD30	FD	8.10819542926012
FD30_1_GGCAGCTAACCAACTGTCTA	1	FD30_1	Astronaut 1	FD30	FD	12.7603617705079
FD30_1_GGCAGCTGGAGATGAGCAAC	1	FD30_1	Astronaut 1	FD30	FD	9.62174502105987
FD30_1_GGCAGCTGGAGATGAGCTGC	3	FD30_1	Astronaut 1	FD30	FD	10.380625857867
FD30_1_GGCAGGAACCGCCTTGGTCC	3	FD30_1	Astronaut 1	FD30	FD	4.86981003438743
FD30_1_GGCAGGCGAAGGCGTGCCTT	1	FD30_1	Astronaut 1	FD30	FD	13.7307764661841
FD30_1_GGCAGGCTCTCGTCGGGCGT	1	FD30_1	Astronaut 1	FD30	FD	3.0454787512821
FD30_1_GGCAGGGTAAATTCAGCTTG	1	FD30_1	Astronaut 1	FD30	FD	0.507534356606297
FD30_1_GGCAGGTTAGGAGCTGCAAC	1	FD30_1	Astronaut 1	FD30	FD	10.4550180076331
FD30_1_GGCAGGTTAGGAGCTGGAGC	7	FD30_1	Astronaut 1	FD30	FD	6.7244597074111
FD30_1_GGCAGTAAGGCAACTGTCTA	2	FD30_1	Astronaut 1	FD30	FD	12.9758976314078
FD30_1_GGCAGTGCGCGCGGTGATGA	0	FD30_1	Astronaut 1	FD30	FD	10.3637047646189
FD30_1_GGCAGTGGACCGACCGGCGT	2	FD30_1	Astronaut 1	FD30	FD	7.8620995392182
FD30_1_GGCAGTTAGCGGTAAGATAT	0	FD30_1	Astronaut 1	FD30	FD	10.4533175836268
FD30_1_GGCAGTTCGACCATAGCTTG	2	FD30_1	Astronaut 1	FD30	FD	4.66848863344791
FD30_1_GGCAGTTCGAGCTGCGCCTT	3	FD30_1	Astronaut 1	FD30	FD	14.63330725701
FD30_1_GGCGTAAGGTGATGAGCTTG	2	FD30_1	Astronaut 1	FD30	FD	0.320035037500276
FD30_1_GGCGTAGAGTCGATTGGTCC	0	FD30_1	Astronaut 1	FD30	FD	1.793200108402e-06
FD30_1_GGCGTAGGCTCTTAAGATAT	0	FD30_1	Astronaut 1	FD30	FD	14.6333073167833
FD30_1_GGCGTATCCTGCTTGGCCTT	1	FD30_1	Astronaut 1	FD30	FD	9.70906861827309
FD30_1_GGCGTATGCGGAACCGCCTT	1	FD30_1	Astronaut 1	FD30	FD	10.458904862007
FD30_1_GGCGTCCATACGCAAGGTCC	1	FD30_1	Astronaut 1	FD30	FD	0.50753429683296
FD30_1_GGCGTCGGCAGGCGTGATAT	0	FD30_1	Astronaut 1	FD30	FD	2.14655014923475
FD30_1_GGCGTCTAGTCGGCAGCAAC	0	FD30_1	Astronaut 1	FD30	FD	11.2056349431662
FD30_1_GGCGTGAGCTGCTTGGCAAC	0	FD30_1	Astronaut 1	FD30	FD	10.4568186841752
FD30_1_GGCGTGATGAGAGCTGCCTT	1	FD30_1	Astronaut 1	FD30	FD	6.70919631686817
FD30_1_GGCGTGCAGGATTGGGCAAC	1	FD30_1	Astronaut 1	FD30	FD	12.6490012799374
FD30_1_GGCGTGCCTTGCAGGGCTTG	3	FD30_1	Astronaut 1	FD30	FD	10.4570325875207
FD30_1_GGCGTGCGGTCAATCGCTTG	1	FD30_1	Astronaut 1	FD30	FD	12.9682434200316
FD30_1_GGCGTGTCCGCGAAGGCAAC	6	FD30_1	Astronaut 1	FD30	FD	4.29823237349478
FD30_1_GGCGTTCGTAGCAGGGATAT	2	FD30_1	Astronaut 1	FD30	FD	6.34598163001907
FD30_1_GGCGTTTAGCCCTCAGCGGT	1	FD30_1	Astronaut 1	FD30	FD	6.35742434125578
FD30_1_GGCGTTTCATCTAGTGCTTG	5	FD30_1	Astronaut 1	FD30	FD	12.5402468736539
FD30_1_GGCGTTTCGAATTGGGATAT	2	FD30_1	Astronaut 1	FD30	FD	10.5166813152587
FD30_1_GGTAAAACGACTCCAGTCTA	3	FD30_1	Astronaut 1	FD30	FD	7.76457980066648
FD30_1_GGTAAAAGCACGCTCGATAT	0	FD30_1	Astronaut 1	FD30	FD	13.9483892761286
FD30_1_GGTAAAAGCACGCTCGCAAC	7	FD30_1	Astronaut 1	FD30	FD	13.769509409139
FD30_1_GGTAAACGATATTGGGATGA	2	FD30_1	Astronaut 1	FD30	FD	11.5417887981589
FD30_1_GGTAAAGTTGGCTTGGGCGT	3	FD30_1	Astronaut 1	FD30	FD	12.719425598741
FD30_1_GGTAAATTGGCTTAAGCTGC	1	FD30_1	Astronaut 1	FD30	FD	4.36464743426585
FD30_1_GGTAACGCTCCGGCAGCAAC	3	FD30_1	Astronaut 1	FD30	FD	11.2056350029396
FD30_1_GGTAACTTAACTAGTGCTGC	2	FD30_1	Astronaut 1	FD30	FD	3.02254883160146
FD30_1_GGTAAGAACCCCATAGCCTT	1	FD30_1	Astronaut 1	FD30	FD	6.44436111764639
FD30_1_GGTAAGACTGCCTAGGCTTG	1	FD30_1	Astronaut 1	FD30	FD	7.78194056090247
FD30_1_GGTAAGCTTGCGATTGCAAC	2	FD30_1	Astronaut 1	FD30	FD	10.8328657489959
FD30_1_GGTAAGGCAGGCGGTGCTTG	2	FD30_1	Astronaut 1	FD30	FD	9.80814865813179
FD30_1_GGTAAGTATCCGCTCGCTGC	2	FD30_1	Astronaut 1	FD30	FD	9.29245489602416
FD30_1_GGTAAGTCTAGGTCCGATAT	2	FD30_1	Astronaut 1	FD30	FD	9.14758747159246
FD30_1_GGTAATATGCATTGGGGCGT	0	FD30_1	Astronaut 1	FD30	FD	9.0006390042686
FD30_1_GGTAATCGCGGGTAAGATAT	6	FD30_1	Astronaut 1	FD30	FD	0.305931898072358
FD30_1_GGTAATGCGCCAGCGGCCTT	1	FD30_1	Astronaut 1	FD30	FD	10.3534821061766
FD30_1_GGTAATGCTACAATCGGCGT	5	FD30_1	Astronaut 1	FD30	FD	12.9685750779526
FD30_1_GGTAATGCTACGGCAGTAAT	0	FD30_1	Astronaut 1	FD30	FD	14.4077615237294
FD30_1_GGTAATTGAAATTCAGGCGT	1	FD30_1	Astronaut 1	FD30	FD	3.15092051917366
FD30_1_GGTCCAGAACGCTCTGTCTA	6	FD30_1	Astronaut 1	FD30	FD	1.85297344534874e-06
FD30_1_GGTCCATCCTCGGCAGATGA	0	FD30_1	Astronaut 1	FD30	FD	10.308647862974
FD30_1_GGTCCCAGAACCTCAGCCTT	1	FD30_1	Astronaut 1	FD30	FD	7.73734229280073
FD30_1_GGTCCCAGTTCTGGAGCTTG	3	FD30_1	Astronaut 1	FD30	FD	13.9483893359019
FD30_1_GGTCCCGAAGGCCTTGCTGC	2	FD30_1	Astronaut 1	FD30	FD	4.05314839041198
FD30_1_GGTCCCGTCGGGCAGGCAAC	0	FD30_1	Astronaut 1	FD30	FD	14.6333073765566
FD30_1_GGTCCGCCTTGACTGGTAAT	5	FD30_1	Astronaut 1	FD30	FD	5.81912766995657
FD30_1_GGTCCGGCAGCTAACGCTTG	1	FD30_1	Astronaut 1	FD30	FD	13.3709782584489
FD30_1_GGTCCTAGAGCAATCGCTTG	2	FD30_1	Astronaut 1	FD30	FD	6.72113814246987
FD30_1_GGTCCTCCGGCAATCGATAT	1	FD30_1	Astronaut 1	FD30	FD	13.0422077857384
FD30_1_GGTCCTTATGGTAATGATGA	3	FD30_1	Astronaut 1	FD30	FD	9.65559710360017
FD30_1_GTAATAGTTGGATGAGCTTG	1	FD30_1	Astronaut 1	FD30	FD	7.7280076526924
FD30_1_GTAATATCCTGTATCGCAAC	3	FD30_1	Astronaut 1	FD30	FD	12.2408836045585
FD30_1_GTAATCCTCACAGCGGTCTA	0	FD30_1	Astronaut 1	FD30	FD	13.9483893956752
FD30_1_GTAATCGACCCTCCAGGAGC	0	FD30_1	Astronaut 1	FD30	FD	15.633645547822
FD30_1_GTAATCTCCACCTCAGATAT	2	FD30_1	Astronaut 1	FD30	FD	1.91274678229547e-06
FD30_1_GTAATCTGGAGCGGTGCTTG	1	FD30_1	Astronaut 1	FD30	FD	2.40469627854526
FD30_1_GTAATCTTAACAACTGATAT	1	FD30_1	Astronaut 1	FD30	FD	1.9725201192422e-06
FD30_1_GTAATGATGACGAAGGATAT	7	FD30_1	Astronaut 1	FD30	FD	3.02925742045721
FD30_1_GTAATGCAACCGGATGCTTG	3	FD30_1	Astronaut 1	FD30	FD	6.35742440102912
FD30_1_GTAATGCAGGGCTGCGGAGC	1	FD30_1	Astronaut 1	FD30	FD	2.03229345618894e-06
FD30_1_GTAATGCTCTGCTGCGCGGT	2	FD30_1	Astronaut 1	FD30	FD	1.79475074069149
FD30_1_GTAATGCTTGGTAGAGGCGT	2	FD30_1	Astronaut 1	FD30	FD	6.35742446080246
FD30_1_GTAATGTATCCAATCGCGGT	1	FD30_1	Astronaut 1	FD30	FD	1.79475080046482
FD30_1_GTAATGTCCGCTAGTGGCGT	2	FD30_1	Astronaut 1	FD30	FD	11.2056350627129
FD30_1_GTAATGTCTACGAAGGCGGT	1	FD30_1	Astronaut 1	FD30	FD	3.81192680077646
FD30_1_GTAATTATCTCAGCGGATGA	1	FD30_1	Astronaut 1	FD30	FD	4.55267983525433
FD30_1_GTAATTATCTCCGCTGGAGC	6	FD30_1	Astronaut 1	FD30	FD	1.79475086023816
FD30_1_GTAATTATCTGGTCCGCAAC	6	FD30_1	Astronaut 1	FD30	FD	10.4566306403136
FD30_1_GTAATTGGACCAGAAGTCTA	0	FD30_1	Astronaut 1	FD30	FD	24.7895580642907
FD30_1_GTAGAACGATGAACCGATGA	0	FD30_1	Astronaut 1	FD30	FD	1.7947509200115
FD30_1_GTAGAAGGCTCGAAGGGAGC	1	FD30_1	Astronaut 1	FD30	FD	6.35742452057579
FD30_1_GTAGAATCCTGCGGTGCTGC	5	FD30_1	Astronaut 1	FD30	FD	9.58837388541216
FD30_1_GTAGAATTACCGGCAGATAT	0	FD30_1	Astronaut 1	FD30	FD	19.0894513818508
FD30_1_GTAGAATTACGCTTGGCTTG	1	FD30_1	Astronaut 1	FD30	FD	10.4568187439486
FD30_1_GTAGACAATCGTATCGATAT	0	FD30_1	Astronaut 1	FD30	FD	14.4709511424234
FD30_1_GTAGACGCAAGCCTTGATAT	3	FD30_1	Astronaut 1	FD30	FD	2.09206679313567e-06
FD30_1_GTAGACGCCTCTAACGCGGT	0	FD30_1	Astronaut 1	FD30	FD	14.4618605551271
FD30_1_GTAGACGCTCGCTTGGATGA	7	FD30_1	Astronaut 1	FD30	FD	10.4568188037219
FD30_1_GTAGACTGGAGCCTTGGCGT	1	FD30_1	Astronaut 1	FD30	FD	13.9483894554486
FD30_1_GTAGACTGGAGGTAAGGTCC	1	FD30_1	Astronaut 1	FD30	FD	4.36464749403919
FD30_1_GTAGAGAACCCTTAAGCTTG	1	FD30_1	Astronaut 1	FD30	FD	8.36740561865054
FD30_1_GTAGAGATATATTCAGCTTG	1	FD30_1	Astronaut 1	FD30	FD	7.73326591532071
FD30_1_GTAGAGGTCCCGAAGGCTTG	2	FD30_1	Astronaut 1	FD30	FD	7.7803152633921
FD30_1_GTAGAGGTCCGAACCGTCTA	0	FD30_1	Astronaut 1	FD30	FD	12.6501971936104
FD30_1_GTAGATATGCGTAATGCAAC	1	FD30_1	Astronaut 1	FD30	FD	3.05035778027295
FD30_1_GTAGATCATCCTGGAGGCGT	2	FD30_1	Astronaut 1	FD30	FD	2.09527108803398
FD30_1_GTAGATTCGAGATATGCTTG	1	FD30_1	Astronaut 1	FD30	FD	2.52818759684149
FD30_1_GTATCAACGACAGAAGCAAC	5	FD30_1	Astronaut 1	FD30	FD	10.9415190219782
FD30_1_GTATCAAGCAGTATCGTAAT	3	FD30_1	Astronaut 1	FD30	FD	13.0422078455118
FD30_1_GTATCAAGGTCAACTGTAAT	1	FD30_1	Astronaut 1	FD30	FD	2.22407228198414
FD30_1_GTATCACTTCCAACTGGAGC	3	FD30_1	Astronaut 1	FD30	FD	10.6050296356878
FD30_1_GTATCAGCGGCGCCTGATGA	6	FD30_1	Astronaut 1	FD30	FD	11.5982232286122
FD30_1_GTATCAGTTGGATGAGATAT	7	FD30_1	Astronaut 1	FD30	FD	9.37710437919177
FD30_1_GTATCATCTGGCTCTGATGA	0	FD30_1	Astronaut 1	FD30	FD	18.3963128156894
FD30_1_GTATCCGCAACGGCAGATAT	5	FD30_1	Astronaut 1	FD30	FD	13.9483895152219
FD30_1_GTATCCGCAAGCTGCGCAAC	0	FD30_1	Astronaut 1	FD30	FD	8.10819548903345
FD30_1_GTATCCGCTCGAACCGATGA	0	FD30_1	Astronaut 1	FD30	FD	8.10819554880679
FD30_1_GTATCCGCTCGAACCGCTTG	5	FD30_1	Astronaut 1	FD30	FD	5.70616811202037
FD30_1_GTATCCTACGCAGCGGATGA	0	FD30_1	Astronaut 1	FD30	FD	11.3043537898889
FD30_1_GTATCCTGGACGCTCGCAAC	3	FD30_1	Astronaut 1	FD30	FD	14.4694870630803
FD30_1_GTATCGGTAACAGCGGCAAC	3	FD30_1	Astronaut 1	FD30	FD	13.6709714818463
FD30_1_GTATCGGTAACAGCGGGCGT	1	FD30_1	Astronaut 1	FD30	FD	4.34744172648306
FD30_1_GTATCGTAGACGAAGGCAAC	2	FD30_1	Astronaut 1	FD30	FD	0.507534237059623
FD30_1_GTATCGTATCGCGGTGGCGT	0	FD30_1	Astronaut 1	FD30	FD	9.4142146264604
FD30_1_GTATCTATGCGAGTCGCCTT	5	FD30_1	Astronaut 1	FD30	FD	15.6544004887553
FD30_1_GTATCTATGCGCTTGGCTTG	6	FD30_1	Astronaut 1	FD30	FD	18.9950315662281
FD30_1_GTATCTCTACGATATGGAGC	3	FD30_1	Astronaut 1	FD30	FD	4.65467342173164
FD30_1_GTATCTGCGCCTAACGGCGT	2	FD30_1	Astronaut 1	FD30	FD	13.6771137018213
FD30_1_GTATCTTCGACGCAAGGCGT	2	FD30_1	Astronaut 1	FD30	FD	4.47149360098353
FD30_1_GTATCTTCGACTACGGTCTA	3	FD30_1	Astronaut 1	FD30	FD	57.2926791729777
FD30_1_GTCCGAAGACCGACCGGAGC	1	FD30_1	Astronaut 1	FD30	FD	8.45615258523088
FD30_1_GTCCGACTAAGCTTGGTCTA	0	FD30_1	Astronaut 1	FD30	FD	10.4568188634952
FD30_1_GTCCGAGAACGAACCGATGA	2	FD30_1	Astronaut 1	FD30	FD	11.2327448589907
FD30_1_GTCCGAGGTCCGTCGGATAT	0	FD30_1	Astronaut 1	FD30	FD	14.5172787126604
FD30_1_GTCCGAGGTCCGTCGGCGGT	2	FD30_1	Astronaut 1	FD30	FD	2.15861460461846
FD30_1_GTCCGATGGCGATATGTAAT	1	FD30_1	Astronaut 1	FD30	FD	1.79475097978483
FD30_1_GTCCGATTACCGACCGATGA	2	FD30_1	Astronaut 1	FD30	FD	8.47165885645914
FD30_1_GTCCGCCGCTGGTAAGTCTA	6	FD30_1	Astronaut 1	FD30	FD	10.3797798334422
FD30_1_GTCCGCGTCGGACTGGATGA	5	FD30_1	Astronaut 1	FD30	FD	11.2741996440955
FD30_1_GTCCGCTACGCTTAAGATAT	5	FD30_1	Astronaut 1	FD30	FD	15.2988374674125
FD30_1_GTCCGGCCTTCCATAGCCTT	3	FD30_1	Astronaut 1	FD30	FD	11.8125543489127
FD30_1_GTCCGGCCTTGGTCCGCAAC	0	FD30_1	Astronaut 1	FD30	FD	10.7340880393917
FD30_1_GTCCGGGCAGGCTTGGATGA	0	FD30_1	Astronaut 1	FD30	FD	13.7364658236734
FD30_1_GTCCGGGTCCGCTCTGTAAT	1	FD30_1	Astronaut 1	FD30	FD	2.52070969847468
FD30_1_GTCCGTATCTCGAAGGATAT	2	FD30_1	Astronaut 1	FD30	FD	2.48460776115881
FD30_1_GTCCGTCATCCTAGTGCAAC	2	FD30_1	Astronaut 1	FD30	FD	6.78529343430252
FD30_1_GTCCGTCCGGCTAGTGCGGT	1	FD30_1	Astronaut 1	FD30	FD	7.7631908666953
FD30_1_GTCCGTTAGCCAGTTGTAAT	0	FD30_1	Astronaut 1	FD30	FD	9.0165284100654
FD30_1_GTCTAACGATCGGCAGATGA	0	FD30_1	Astronaut 1	FD30	FD	12.7833952848784
FD30_1_GTCTAACTTCCGAAGGCAAC	2	FD30_1	Astronaut 1	FD30	FD	9.71350646665537
FD30_1_GTCTAAGAGTGAACCGCTTG	5	FD30_1	Astronaut 1	FD30	FD	8.09999889755328
FD30_1_GTCTAAGTTGCAGTTGCAAC	1	FD30_1	Astronaut 1	FD30	FD	6.45049979833594
FD30_1_GTCTAATGCGCAGTTGCAAC	7	FD30_1	Astronaut 1	FD30	FD	9.40745991693154
FD30_1_GTCTAATTCACAGAAGGCGT	1	FD30_1	Astronaut 1	FD30	FD	6.99772751381447
FD30_1_GTCTACGAAGGGTCCGTCTA	0	FD30_1	Astronaut 1	FD30	FD	4.24222356217432
FD30_1_GTCTACGCAACGCAAGGAGC	5	FD30_1	Astronaut 1	FD30	FD	7.14761497954099
FD30_1_GTCTACTACGGGCGTGCAAC	3	FD30_1	Astronaut 1	FD30	FD	9.51534830144938
FD30_1_GTCTAGCCTTCTGGAGCCTT	3	FD30_1	Astronaut 1	FD30	FD	20.8292250865586
FD30_1_GTCTAGCGAACGACCGGCGT	5	FD30_1	Astronaut 1	FD30	FD	5.09213325033022
FD30_1_GTCTAGCGGTCGACCGGTCC	0	FD30_1	Astronaut 1	FD30	FD	11.7220185167924
FD30_1_GTCTAGTAATCCTAGGGTCC	5	FD30_1	Astronaut 1	FD30	FD	19.1174788289138
FD30_1_GTCTAGTATCCTTAAGATGA	2	FD30_1	Astronaut 1	FD30	FD	7.72800771246573
FD30_1_GTCTATAGAGGATATGCAAC	2	FD30_1	Astronaut 1	FD30	FD	4.36464755381253
FD30_1_GTCTATATTGCCTCAGATGA	1	FD30_1	Astronaut 1	FD30	FD	7.72800777223907
FD30_1_GTCTATATTGCCTCAGTCTA	5	FD30_1	Astronaut 1	FD30	FD	11.2056351224863
FD30_1_GTCTATGCGCCAATCGATGA	6	FD30_1	Astronaut 1	FD30	FD	7.01160411074534
FD30_1_GTTAGAGAACGCGGTGGCGT	1	FD30_1	Astronaut 1	FD30	FD	11.2056351822596
FD30_1_GTTAGAGAGTGTATCGATGA	1	FD30_1	Astronaut 1	FD30	FD	13.7090929646713
FD30_1_GTTAGATCCTCTGGAGATAT	2	FD30_1	Astronaut 1	FD30	FD	10.5655591010105
FD30_1_GTTAGCAATCCGCCTGCAAC	0	FD30_1	Astronaut 1	FD30	FD	12.7194256585143
FD30_1_GTTAGCGATTGGCGTGCAAC	2	FD30_1	Astronaut 1	FD30	FD	10.4305901636386
FD30_1_GTTAGCGCTCCGGATGCTTG	1	FD30_1	Astronaut 1	FD30	FD	12.4048229812875
FD30_1_GTTAGCGGCAGGTAAGCGGT	0	FD30_1	Astronaut 1	FD30	FD	6.37201548956735
FD30_1_GTTAGGAGCTGATATGATAT	0	FD30_1	Astronaut 1	FD30	FD	17.941798601048
FD30_1_GTTAGGATGAGCTGCGGCGT	6	FD30_1	Astronaut 1	FD30	FD	9.62470191915434
FD30_1_GTTAGGCCTTCAGCGGCGGT	2	FD30_1	Astronaut 1	FD30	FD	12.7194257182877
FD30_1_GTTAGGCTCTGGCGTGTAAT	5	FD30_1	Astronaut 1	FD30	FD	13.9483895749952
FD30_1_GTTAGGTAATGATGAGATAT	2	FD30_1	Astronaut 1	FD30	FD	14.4090758077692
FD30_1_GTTAGGTAATGATGAGCTTG	1	FD30_1	Astronaut 1	FD30	FD	14.3165677692254
FD30_1_GTTAGTTAGCGGCAGGCAAC	2	FD30_1	Astronaut 1	FD30	FD	9.54743679941542
FD30_1_GTTAGTTCATGCTTGGGAGC	7	FD30_1	Astronaut 1	FD30	FD	0.156690281509308
FD30_1_TAAGGAAGGTCTACGGCAAC	1	FD30_1	Astronaut 1	FD30	FD	1.87612451233943
FD30_1_TAAGGACTAAGCTGCGTAAT	0	FD30_1	Astronaut 1	FD30	FD	14.3094882453568
FD30_1_TAAGGAGGTCGCAACGATAT	2	FD30_1	Astronaut 1	FD30	FD	7.14761503931433
FD30_1_TAAGGCCATAGGCGTGTAAT	1	FD30_1	Astronaut 1	FD30	FD	2.36530086289396
FD30_1_TAAGGCGAAGCGCAAGCTTG	1	FD30_1	Astronaut 1	FD30	FD	2.15184013008241e-06
FD30_1_TAAGGCGGCAGCAGGGCGGT	1	FD30_1	Astronaut 1	FD30	FD	7.14761509908766
FD30_1_TAAGGCTAACCTTAAGCGGT	0	FD30_1	Astronaut 1	FD30	FD	17.9018893728684
FD30_1_TAAGGCTAACGGTAAGCAAC	0	FD30_1	Astronaut 1	FD30	FD	8.40788720768994
FD30_1_TAAGGCTCCACAACTGCTTG	6	FD30_1	Astronaut 1	FD30	FD	12.3775956671282
FD30_1_TAAGGGAGCTGCGAAGCTTG	1	FD30_1	Astronaut 1	FD30	FD	13.2443436610211
FD30_1_TAAGGGCTCTATTCAGGCGT	7	FD30_1	Astronaut 1	FD30	FD	1.79475103955817
FD30_1_TAAGGGCTCTCGGATGCAAC	6	FD30_1	Astronaut 1	FD30	FD	2.35215610904257
FD30_1_TAAGGGCTGCGATGAGGCGT	0	FD30_1	Astronaut 1	FD30	FD	17.9357562299671
FD30_1_TAAGGGGTCCGAGCTGCGGT	3	FD30_1	Astronaut 1	FD30	FD	4.18768690666949
FD30_1_TAAGGTACGTCGCTCGATGA	7	FD30_1	Astronaut 1	FD30	FD	10.3681173304879
FD30_1_TAAGGTCCGGCTAGTGTCTA	3	FD30_1	Astronaut 1	FD30	FD	8.47146314825088
FD30_1_TAAGGTGCTACGAAGGATAT	6	FD30_1	Astronaut 1	FD30	FD	17.8869432859115
FD30_1_TACGTAAGACGCTCTGCGGT	2	FD30_1	Astronaut 1	FD30	FD	18.9950316260014
FD30_1_TACGTACGATCAGTTGCTGC	2	FD30_1	Astronaut 1	FD30	FD	8.10819560858013
FD30_1_TACGTACTTCGCAACGCAAC	5	FD30_1	Astronaut 1	FD30	FD	1.26273518738321
FD30_1_TACGTAGAGTGATATGATAT	1	FD30_1	Astronaut 1	FD30	FD	4.22866684446289
FD30_1_TACGTATGCGGGTCCGATGA	6	FD30_1	Astronaut 1	FD30	FD	4.36464761358586
FD30_1_TACGTATTACCGGCAGGAGC	5	FD30_1	Astronaut 1	FD30	FD	1.26088780236187
FD30_1_TACGTCCATAGCTCTGATGA	0	FD30_1	Astronaut 1	FD30	FD	14.63330743633
FD30_1_TACGTCGCTCATTGGGCTTG	5	FD30_1	Astronaut 1	FD30	FD	7.147615158861
FD30_1_TACGTCGTCGGCTTGGCTTG	1	FD30_1	Astronaut 1	FD30	FD	10.7382993156181
FD30_1_TACGTGATGAGGCGTGCCTT	1	FD30_1	Astronaut 1	FD30	FD	9.11384377026351
FD30_1_TACGTGCCTTGTAATGTCTA	5	FD30_1	Astronaut 1	FD30	FD	14.6333074961033
FD30_1_TACGTGCGAACAACTGGTCC	0	FD30_1	Astronaut 1	FD30	FD	10.1433913147814
FD30_1_TACGTGCTCTGAGCTGCGGT	0	FD30_1	Astronaut 1	FD30	FD	13.6885346678529
FD30_1_TACGTGGCGTCGTCGGCTTG	1	FD30_1	Astronaut 1	FD30	FD	7.8354163012763
FD30_1_TACGTGTTAGGCTGCGCAAC	2	FD30_1	Astronaut 1	FD30	FD	14.8227597865796
FD30_1_TACGTTATCTGCTCTGATAT	0	FD30_1	Astronaut 1	FD30	FD	10.4568189232686
FD30_1_TACGTTATGCCGCAAGATAT	7	FD30_1	Astronaut 1	FD30	FD	12.7298477776776
FD30_1_TACGTTCATCCCATAGGCGT	3	FD30_1	Astronaut 1	FD30	FD	20.7686841671636
FD30_1_TACGTTCATCCTAGTGCGGT	1	FD30_1	Astronaut 1	FD30	FD	0.242282015006622
FD30_1_TACGTTCCGGGGTCCGCGGT	3	FD30_1	Astronaut 1	FD30	FD	4.02052751191602
FD30_1_TACGTTGAGACCTCAGTAAT	3	FD30_1	Astronaut 1	FD30	FD	13.2418088045635
FD30_1_TACGTTGAGACGATTGCCTT	3	FD30_1	Astronaut 1	FD30	FD	0.507534177286286
FD30_1_TACGTTGAGACTACGGATAT	5	FD30_1	Astronaut 1	FD30	FD	8.5343206272618
FD30_1_TACGTTGCTACCTAGGATGA	5	FD30_1	Astronaut 1	FD30	FD	15.3083200600091
FD30_1_TAGAGAACGAGGCGTGATGA	0	FD30_1	Astronaut 1	FD30	FD	8.36740567842388
FD30_1_TAGAGACGATGTATCGCTTG	1	FD30_1	Astronaut 1	FD30	FD	3.21796086994783
FD30_1_TAGAGATCTGATTGGGGCGT	1	FD30_1	Astronaut 1	FD30	FD	4.29668724318888
FD30_1_TAGAGCAATCATTGGGATAT	5	FD30_1	Astronaut 1	FD30	FD	4.02846131961498
FD30_1_TAGAGCAATCATTGGGCAAC	2	FD30_1	Astronaut 1	FD30	FD	13.9276179297831
FD30_1_TAGAGCAATCGCAGGGATGA	1	FD30_1	Astronaut 1	FD30	FD	3.20649373035592
FD30_1_TAGAGCAGAACGATTGCCTT	3	FD30_1	Astronaut 1	FD30	FD	13.92159800859
FD30_1_TAGAGCAGCGGGTAAGGCGT	1	FD30_1	Astronaut 1	FD30	FD	3.92833898538055
FD30_1_TAGAGCGCCTCGTCGGCCTT	1	FD30_1	Astronaut 1	FD30	FD	0.507534117512949
FD30_1_TAGAGCGGCAGTAGAGCTGC	0	FD30_1	Astronaut 1	FD30	FD	61.4709172069552
FD30_1_TAGAGCTGGAGCAACGCTGC	5	FD30_1	Astronaut 1	FD30	FD	2.21161346702914e-06
FD30_1_TAGAGCTTAAGGTAAGCGGT	6	FD30_1	Astronaut 1	FD30	FD	6.7355824183505
FD30_1_TAGAGGACTGGATGAGATAT	1	FD30_1	Astronaut 1	FD30	FD	12.6505186388365
FD30_1_TAGAGGATATCAGCGGCTTG	2	FD30_1	Astronaut 1	FD30	FD	12.244187424464
FD30_1_TAGAGGCGGTCGAAGGATAT	0	FD30_1	Astronaut 1	FD30	FD	14.6333075558767
FD30_1_TAGAGGGCAGGATGAGGAGC	1	FD30_1	Astronaut 1	FD30	FD	12.949814694188
FD30_1_TAGAGTAGGACTCCAGATAT	2	FD30_1	Astronaut 1	FD30	FD	18.9950316857748
FD30_1_TAGAGTCATCATTCAGGTCC	1	FD30_1	Astronaut 1	FD30	FD	4.01267057827017
FD30_1_TAGAGTCTACCGCTCGATGA	0	FD30_1	Astronaut 1	FD30	FD	6.70988224672543
FD30_1_TAGAGTGAGACAACTGCTTG	6	FD30_1	Astronaut 1	FD30	FD	10.6311641652439
FD30_1_TAGAGTGCTACGACCGCTTG	6	FD30_1	Astronaut 1	FD30	FD	0.33850726041108
FD30_1_TAGGAAACCGCGACCGGTCC	2	FD30_1	Astronaut 1	FD30	FD	8.10819566835346
FD30_1_TAGGAAACCGCGACCGTAAT	7	FD30_1	Astronaut 1	FD30	FD	12.3997522111417
FD30_1_TAGGAAACCGGATGAGCTTG	5	FD30_1	Astronaut 1	FD30	FD	14.5007096489329
FD30_1_TAGGAAAGCAGCAACGCCTT	2	FD30_1	Astronaut 1	FD30	FD	1.31596937947737
FD30_1_TAGGAACGATGGAGCGCTTG	1	FD30_1	Astronaut 1	FD30	FD	9.75162871107707
FD30_1_TAGGAACTCGCGGATGCAAC	2	FD30_1	Astronaut 1	FD30	FD	0.403536035723711
FD30_1_TAGGAAGGTCCGATTGCGGT	2	FD30_1	Astronaut 1	FD30	FD	11.2056352420329
FD30_1_TAGGACCGCTGGCGTGTAAT	2	FD30_1	Astronaut 1	FD30	FD	2.09525113982845
FD30_1_TAGGACGAAGGCTTGGCTTG	5	FD30_1	Astronaut 1	FD30	FD	0.507534057739612
FD30_1_TAGGACGAAGGTATCGATGA	0	FD30_1	Astronaut 1	FD30	FD	13.2426145086901
FD30_1_TAGGACGACCCGGATGCAAC	7	FD30_1	Astronaut 1	FD30	FD	8.1081957281268
FD30_1_TAGGACGACCCGGATGTCTA	0	FD30_1	Astronaut 1	FD30	FD	11.2056353018063
FD30_1_TAGGACGCAAGATGAGGAGC	2	FD30_1	Astronaut 1	FD30	FD	4.43814626530277
FD30_1_TAGGACGCCTGCGGTGATAT	2	FD30_1	Astronaut 1	FD30	FD	7.75798426080864
FD30_1_TAGGACGCCTGGCGTGATAT	7	FD30_1	Astronaut 1	FD30	FD	6.77342313830824
FD30_1_TAGGACTAGTATTGGGCGGT	3	FD30_1	Astronaut 1	FD30	FD	15.274024588421
FD30_1_TAGGACTTAACGATTGCTTG	2	FD30_1	Astronaut 1	FD30	FD	9.61911770899346
FD30_1_TAGGAGAGCTCAATCGATGA	6	FD30_1	Astronaut 1	FD30	FD	2.27138680397587e-06
FD30_1_TAGGAGATGAGGTCCGGCGT	1	FD30_1	Astronaut 1	FD30	FD	1.79475109933151
FD30_1_TAGGAGCGAACCTAGGATAT	2	FD30_1	Astronaut 1	FD30	FD	15.6700789177995
FD30_1_TAGGAGGCAGCAGAAGCGGT	2	FD30_1	Astronaut 1	FD30	FD	2.42413236810989
FD30_1_TAGGAGTATCCGCTCGCCTT	5	FD30_1	Astronaut 1	FD30	FD	17.2683757363431
FD30_1_TAGGAGTCTACAGAAGATAT	0	FD30_1	Astronaut 1	FD30	FD	13.6354565267778
FD30_1_TAGGATAAGGCAATCGCAAC	1	FD30_1	Astronaut 1	FD30	FD	3.06523461770324
FD30_1_TAGGATAGGAATTGGGCGGT	5	FD30_1	Astronaut 1	FD30	FD	19.0284786553567
FD30_1_TAGGATATCTCGCTCGCAAC	1	FD30_1	Astronaut 1	FD30	FD	3.20582160066326
FD30_1_TAGGATCAGTCAACTGATGA	0	FD30_1	Astronaut 1	FD30	FD	9.51396066054606
FD30_1_TAGGATCCGGCAACTGCAAC	2	FD30_1	Astronaut 1	FD30	FD	10.5633186378566
FD30_1_TAGGATCGTACTAGTGGCGT	7	FD30_1	Astronaut 1	FD30	FD	10.4998610083293
FD30_1_TAGGATCGTAGAGTCGGAGC	1	FD30_1	Astronaut 1	FD30	FD	11.9794208165252
FD30_1_TAGGATTAGCGCTGCGCAAC	0	FD30_1	Astronaut 1	FD30	FD	14.63330761565
FD30_1_TATCTAACCGGCTGCGATAT	0	FD30_1	Astronaut 1	FD30	FD	2.19432805425465
FD30_1_TATCTAACCGGCTGCGATGA	1	FD30_1	Astronaut 1	FD30	FD	13.6709713622996
FD30_1_TATCTACTAACGATTGATAT	2	FD30_1	Astronaut 1	FD30	FD	6.13321280481438
FD30_1_TATCTACTAAGCTCTGATAT	3	FD30_1	Astronaut 1	FD30	FD	4.20636426029533
FD30_1_TATCTAGCGGCGCAAGGTCC	0	FD30_1	Astronaut 1	FD30	FD	12.2245123841081
FD30_1_TATCTAGCGGGGTAAGCCTT	0	FD30_1	Astronaut 1	FD30	FD	13.674670679698
FD30_1_TATCTAGCGGGGTAAGCGGT	1	FD30_1	Astronaut 1	FD30	FD	2.31303345889864
FD30_1_TATCTAGGTCCCGCTGCCTT	5	FD30_1	Astronaut 1	FD30	FD	2.33116014092261e-06
FD30_1_TATCTCAGCGATTCAGCTGC	1	FD30_1	Astronaut 1	FD30	FD	6.45628205476266
FD30_1_TATCTCTACGCCTAGGTAAT	1	FD30_1	Astronaut 1	FD30	FD	4.3646476733592
FD30_1_TATCTGACTGCCTCAGCAAC	3	FD30_1	Astronaut 1	FD30	FD	2.39093347786934e-06
FD30_1_TATCTGGTCCGAGCTGCTGC	2	FD30_1	Astronaut 1	FD30	FD	11.7661824712099
FD30_1_TATCTTACGTGCAACGTCTA	0	FD30_1	Astronaut 1	FD30	FD	6.77272060104336
FD30_1_TATCTTAGGAGACTGGCTGC	2	FD30_1	Astronaut 1	FD30	FD	6.35742458034913
FD30_1_TATCTTATCTCAGAAGCAAC	1	FD30_1	Astronaut 1	FD30	FD	4.24919304764113
FD30_1_TATCTTCGTAATTGGGCGGT	0	FD30_1	Astronaut 1	FD30	FD	12.7833953446518
FD30_1_TATCTTGCGCGCTTGGCTGC	3	FD30_1	Astronaut 1	FD30	FD	9.70413286260795
FD30_1_TATCTTTATGCCATAGGCGT	0	FD30_1	Astronaut 1	FD30	FD	8.10819578790014
FD30_1_TATCTTTGAACGCTCGCAAC	1	FD30_1	Astronaut 1	FD30	FD	11.2410328932201
FD30_1_TATCTTTGAAGCGGTGGAGC	1	FD30_1	Astronaut 1	FD30	FD	8.10819584767347
FD30_1_TATCTTTGAAGGTCCGCAAC	0	FD30_1	Astronaut 1	FD30	FD	7.07557888862311
FD30_1_TATGCACTAACTAGTGATGA	0	FD30_1	Astronaut 1	FD30	FD	13.3729832212574
FD30_1_TATGCAGAACGGCAGGCAAC	2	FD30_1	Astronaut 1	FD30	FD	6.66247134231381
FD30_1_TATGCAGGCTGTAGAGATGA	0	FD30_1	Astronaut 1	FD30	FD	7.94936777623944
FD30_1_TATGCATGGCGTATCGCAAC	3	FD30_1	Astronaut 1	FD30	FD	11.7508730926011
FD30_1_TATGCCAGAAGACTGGCAAC	5	FD30_1	Astronaut 1	FD30	FD	11.2056353615796
FD30_1_TATGCCGGCACAGAAGGCGT	1	FD30_1	Astronaut 1	FD30	FD	3.21326217391297
FD30_1_TATGCCTAGTCAGCGGCCTT	0	FD30_1	Astronaut 1	FD30	FD	14.4246204918583
FD30_1_TATGCCTGGACCTCAGCTGC	2	FD30_1	Astronaut 1	FD30	FD	6.35742464012247
FD30_1_TATGCCTGGAGAGTCGCTGC	2	FD30_1	Astronaut 1	FD30	FD	13.3632598367659
FD30_1_TATGCGAACCGAGCTGGCGT	0	FD30_1	Astronaut 1	FD30	FD	10.3213316094804
FD30_1_TATGCGCAGGCTAACGATGA	1	FD30_1	Astronaut 1	FD30	FD	14.8132564887705
FD30_1_TATGCGCCTTGCAGGGCCTT	1	FD30_1	Astronaut 1	FD30	FD	7.72800783201241
FD30_1_TATGCGCGAAGCCTTGATAT	1	FD30_1	Astronaut 1	FD30	FD	4.36464773313254
FD30_1_TATGCGCTTGCGCTCGGCGT	1	FD30_1	Astronaut 1	FD30	FD	0.0472571097929064
FD30_1_TATGCGGTAAGCAGGGTCTA	0	FD30_1	Astronaut 1	FD30	FD	26.4714252390616
FD30_1_TATGCGTAATGGCAGGGCGT	1	FD30_1	Astronaut 1	FD30	FD	10.1433913745547
FD30_1_TATGCGTTAGGATATGCTGC	1	FD30_1	Astronaut 1	FD30	FD	11.3248675866186
FD30_1_TATGCTGCGCCAACTGTCTA	0	FD30_1	Astronaut 1	FD30	FD	6.3574246998958
FD30_1_TATGCTGCGCCAGCGGATAT	2	FD30_1	Astronaut 1	FD30	FD	14.2222006609638
FD30_1_TATTGAAGACGGTCCGCAAC	3	FD30_1	Astronaut 1	FD30	FD	13.9483896347686
FD30_1_TATTGAAGACGTAGAGTAAT	1	FD30_1	Astronaut 1	FD30	FD	2.27253768346554
FD30_1_TATTGACGATCCTCAGCAAC	2	FD30_1	Astronaut 1	FD30	FD	11.7220185765657
FD30_1_TATTGACGATCGCCTGCAAC	0	FD30_1	Astronaut 1	FD30	FD	12.1624240496516
FD30_1_TATTGACTCGGTAGAGGAGC	2	FD30_1	Astronaut 1	FD30	FD	4.8267338085143
FD30_1_TATTGACTTCGCTCTGATGA	7	FD30_1	Astronaut 1	FD30	FD	12.239018426524
FD30_1_TATTGAGGTCCCATAGATAT	0	FD30_1	Astronaut 1	FD30	FD	8.06655081126708
FD30_1_TATTGATCCTCCTAGGCGGT	1	FD30_1	Astronaut 1	FD30	FD	2.45070681481607e-06
FD30_1_TATTGATCTGGTAGAGATAT	7	FD30_1	Astronaut 1	FD30	FD	8.10819590744681
FD30_1_TATTGATGCGGGAGCGCTTG	1	FD30_1	Astronaut 1	FD30	FD	2.51048015176281e-06
FD30_1_TATTGATTCACAGAAGCAAC	6	FD30_1	Astronaut 1	FD30	FD	2.57025348870954e-06
FD30_1_TATTGCAGAAGAACCGTCTA	2	FD30_1	Astronaut 1	FD30	FD	7.87340372068268
FD30_1_TATTGCTAACGCTTGGATGA	2	FD30_1	Astronaut 1	FD30	FD	11.812554408686
FD30_1_TATTGCTACGGGAGCGATGA	0	FD30_1	Astronaut 1	FD30	FD	14.2730987744414
FD30_1_TATTGCTAGTCTAACGCGGT	1	FD30_1	Astronaut 1	FD30	FD	11.9254669043002
FD30_1_TATTGGAACCCGGCAGATGA	0	FD30_1	Astronaut 1	FD30	FD	6.35742475966914
FD30_1_TATTGGAGCTGTATCGATAT	0	FD30_1	Astronaut 1	FD30	FD	12.5932491144214
FD30_1_TATTGGAGTCGATATGATAT	0	FD30_1	Astronaut 1	FD30	FD	11.233051014744
FD30_1_TATTGGATATCGCTCGATAT	6	FD30_1	Astronaut 1	FD30	FD	6.35742481944247
FD30_1_TATTGGCCTTGGTAAGCGGT	7	FD30_1	Astronaut 1	FD30	FD	11.4273092548757
FD30_1_TATTGGCTTGCAGAAGATAT	3	FD30_1	Astronaut 1	FD30	FD	13.2370722127459
FD30_1_TATTGGGCAGGCGGTGGAGC	1	FD30_1	Astronaut 1	FD30	FD	8.55532578183475
FD30_1_TATTGTAGAGCGCAAGTCTA	6	FD30_1	Astronaut 1	FD30	FD	12.6076842284708
FD30_1_TATTGTCATCGAGCTGGAGC	1	FD30_1	Astronaut 1	FD30	FD	2.53064241414205
FD30_1_TATTGTGAGACAGAAGTCTA	1	FD30_1	Astronaut 1	FD30	FD	7.72800789178574
FD30_1_TATTGTGGACCGAAGGATGA	0	FD30_1	Astronaut 1	FD30	FD	8.10819596722015
FD30_1_TCAGTAACGACCGCTGATGA	7	FD30_1	Astronaut 1	FD30	FD	8.36740573819722
FD30_1_TCAGTAAGACCTAGTGATGA	0	FD30_1	Astronaut 1	FD30	FD	10.3042416785758
FD30_1_TCAGTACTAACGTCGGTAAT	0	FD30_1	Astronaut 1	FD30	FD	6.66247140208715
FD30_1_TCAGTAGTTGGAGCTGCAAC	2	FD30_1	Astronaut 1	FD30	FD	7.75655073135245
FD30_1_TCAGTCGGATCCTAGGCAAC	0	FD30_1	Astronaut 1	FD30	FD	12.9973684091452
FD30_1_TCAGTGAACCGCAACGCAAC	0	FD30_1	Astronaut 1	FD30	FD	11.722018636339
FD30_1_TCAGTGGTAACTAACGATAT	1	FD30_1	Astronaut 1	FD30	FD	15.6343061826261
FD30_1_TCATCATCTGCAACTGCTGC	1	FD30_1	Astronaut 1	FD30	FD	9.31762434780626
FD30_1_TCATCATCTGCAACTGGCGT	2	FD30_1	Astronaut 1	FD30	FD	11.2266725872541
FD30_1_TCATCATCTGCAACTGTCTA	2	FD30_1	Astronaut 1	FD30	FD	2.20185663643129
FD30_1_TCATCCGAAGCTAACGCTGC	1	FD30_1	Astronaut 1	FD30	FD	2.2923381347189
FD30_1_TCATCCGAAGGCAACGCAAC	0	FD30_1	Astronaut 1	FD30	FD	10.7603616509207
FD30_1_TCATCCGAAGGCAACGGTCC	3	FD30_1	Astronaut 1	FD30	FD	4.44645267885611
FD30_1_TCATCCGAAGGCAACGTAAT	3	FD30_1	Astronaut 1	FD30	FD	9.54075211488003
FD30_1_TCATCGCGAACGACCGCAAC	5	FD30_1	Astronaut 1	FD30	FD	8.10819602699348
FD30_1_TCATCGCTCTGAGTCGGTCC	2	FD30_1	Astronaut 1	FD30	FD	3.22899119181857
FD30_1_TCATCGCTTGCTCCAGATGA	0	FD30_1	Astronaut 1	FD30	FD	12.2361010782931
FD30_1_TCATCTACGTATTGGGGAGC	5	FD30_1	Astronaut 1	FD30	FD	9.37730836133196
FD30_1_TCATCTTCATCAGCGGCAAC	0	FD30_1	Astronaut 1	FD30	FD	13.3709030710976
FD30_1_TCCGGACCTAGATGAGGTCC	0	FD30_1	Astronaut 1	FD30	FD	10.4498618314333
FD30_1_TCCGGAGAGTCTAGTGTCTA	5	FD30_1	Astronaut 1	FD30	FD	0.717436986541165
FD30_1_TCCGGAGGCTCCATAGCCTT	0	FD30_1	Astronaut 1	FD30	FD	7.72800795155908
FD30_1_TCCGGAGGCTCTCCAGATGA	5	FD30_1	Astronaut 1	FD30	FD	8.10819608676682
FD30_1_TCCGGAGGCTGGTAAGCTGC	6	FD30_1	Astronaut 1	FD30	FD	12.6106772325733
FD30_1_TCCGGATGCGGTAATGCTGC	2	FD30_1	Astronaut 1	FD30	FD	11.2056354213529
FD30_1_TCCGGCCATACGCCTGATGA	3	FD30_1	Astronaut 1	FD30	FD	4.82823821167589
FD30_1_TCCGGCGCTCGTAATGGAGC	7	FD30_1	Astronaut 1	FD30	FD	11.43425673266
FD30_1_TCCGGCGTCGATTGGGCCTT	6	FD30_1	Astronaut 1	FD30	FD	19.7011478832848
FD30_1_TCCGGGCCTTCCATAGATGA	7	FD30_1	Astronaut 1	FD30	FD	10.2455424461163
FD30_1_TCCGGGCCTTGGTAAGATGA	0	FD30_1	Astronaut 1	FD30	FD	9.18981474914692
FD30_1_TCCGGGCGAAGGTAAGCCTT	5	FD30_1	Astronaut 1	FD30	FD	3.02254889137479
FD30_1_TCCGGGCGGTCGAAGGCTTG	1	FD30_1	Astronaut 1	FD30	FD	61.4709172667285
FD30_1_TCCGGGCTTGCAACTGATGA	3	FD30_1	Astronaut 1	FD30	FD	9.78439937435434
FD30_1_TCCGGGCTTGGTAGAGTAAT	0	FD30_1	Astronaut 1	FD30	FD	14.3830953585548
FD30_1_TCCGGGTATCGCTGCGATAT	0	FD30_1	Astronaut 1	FD30	FD	11.7996975447442
FD30_1_TCCGGGTCTACTAGTGATGA	0	FD30_1	Astronaut 1	FD30	FD	10.641629971472
FD30_1_TCCGGGTCTAGCCTTGATGA	6	FD30_1	Astronaut 1	FD30	FD	10.4610502279953
FD30_1_TCCGGTAGGACCTAGGCAAC	2	FD30_1	Astronaut 1	FD30	FD	9.37597032229665
FD30_1_TCCGGTTCATCCGCTGATAT	0	FD30_1	Astronaut 1	FD30	FD	13.7459050399293
FD30_1_TCGCGAAGGTCGCTCGATAT	1	FD30_1	Astronaut 1	FD30	FD	7.14761521863434
FD30_1_TCGCGAGGCTGCGAAGATGA	1	FD30_1	Astronaut 1	FD30	FD	15.2911069991093
FD30_1_TCGCGAGTTGCGAAGGCCTT	0	FD30_1	Astronaut 1	FD30	FD	12.2175660320825
FD30_1_TCGCGCTTAACAGTTGTCTA	2	FD30_1	Astronaut 1	FD30	FD	5.10858632228223
FD30_1_TCGCGGCCTTCGGATGGTCC	1	FD30_1	Astronaut 1	FD30	FD	10.8284356665999
FD30_1_TCGCGGCCTTCTAACGGCGT	2	FD30_1	Astronaut 1	FD30	FD	1.27171787078822
FD30_1_TCGCGGGTAAGCGGTGCCTT	2	FD30_1	Astronaut 1	FD30	FD	1.99355275627206
FD30_1_TCGCGGGTCCCTCCAGCTTG	5	FD30_1	Astronaut 1	FD30	FD	10.4656456446453
FD30_1_TCGCGGTCTAGAACCGCAAC	2	FD30_1	Astronaut 1	FD30	FD	9.00063906404194
FD30_1_TCGCGTAGAGGTATCGGCGT	1	FD30_1	Astronaut 1	FD30	FD	0.323155997731857
FD30_1_TCGCGTATCTCCGCTGCTTG	3	FD30_1	Astronaut 1	FD30	FD	10.5346106021554
FD30_1_TCGCGTTCATGCGAAGTAAT	0	FD30_1	Astronaut 1	FD30	FD	14.4235793225146
FD30_1_TCGTAACTAAGTATCGCCTT	1	FD30_1	Astronaut 1	FD30	FD	10.9491093596113
FD30_1_TCGTAACTTCCAGTTGCAAC	2	FD30_1	Astronaut 1	FD30	FD	4.36464779290587
FD30_1_TCGTAAGTTGCAACTGTCTA	3	FD30_1	Astronaut 1	FD30	FD	13.6332911962069
FD30_1_TCGTAATTACCTAACGATAT	7	FD30_1	Astronaut 1	FD30	FD	9.30647549783437
FD30_1_TCGTAATTCACCTAGGTAAT	1	FD30_1	Astronaut 1	FD30	FD	8.44620256758602
FD30_1_TCGTACCATACTAGTGATGA	1	FD30_1	Astronaut 1	FD30	FD	3.92359391534729
FD30_1_TCGTACCATACTAGTGTCTA	3	FD30_1	Astronaut 1	FD30	FD	23.2998326055852
FD30_1_TCGTACCGCTGTAATGTAAT	0	FD30_1	Astronaut 1	FD30	FD	14.4382380958991
FD30_1_TCGTACGCAAGAGCTGCTTG	2	FD30_1	Astronaut 1	FD30	FD	8.51595431574629
FD30_1_TCGTACGGATCGATTGGAGC	1	FD30_1	Astronaut 1	FD30	FD	6.35742487921581
FD30_1_TCGTACGGATGCTGCGCGGT	1	FD30_1	Astronaut 1	FD30	FD	7.72948143561161
FD30_1_TCGTACGTCGGGCGTGCTTG	1	FD30_1	Astronaut 1	FD30	FD	10.2291670195187
FD30_1_TCGTAGCTTGGGTAAGCGGT	1	FD30_1	Astronaut 1	FD30	FD	6.45628211453599
FD30_1_TCGTAGGAGCCTAACGTAAT	3	FD30_1	Astronaut 1	FD30	FD	8.10819614654016
FD30_1_TCGTAGTTAGGCTGCGATGA	7	FD30_1	Astronaut 1	FD30	FD	10.4413061288016
FD30_1_TCGTATAGAGGAGCTGCGGT	2	FD30_1	Astronaut 1	FD30	FD	2.34351477126961
FD30_1_TCGTATATTGATTGGGCCTT	0	FD30_1	Astronaut 1	FD30	FD	12.5473242118518
FD30_1_TCGTATGCGCCGCCTGATAT	0	FD30_1	Astronaut 1	FD30	FD	12.5620468044942
FD30_1_TCGTATGGACCCTAGGCGGT	2	FD30_1	Astronaut 1	FD30	FD	7.74421540702715
FD30_1_TCGTATTCATGAACCGCAAC	1	FD30_1	Astronaut 1	FD30	FD	8.10819620631349
FD30_1_TCTACACCTAGCTTGGGTCC	1	FD30_1	Astronaut 1	FD30	FD	3.79971900759945
FD30_1_TCTACACGATCTCCAGATGA	6	FD30_1	Astronaut 1	FD30	FD	2.35248225918415
FD30_1_TCTACAGAACCGCCTGTCTA	7	FD30_1	Astronaut 1	FD30	FD	8.10819626608683
FD30_1_TCTACAGAGTCGCAAGTCTA	3	FD30_1	Astronaut 1	FD30	FD	7.76150907570264
FD30_1_TCTACAGCGGCGAAGGGCGT	5	FD30_1	Astronaut 1	FD30	FD	8.40211710904904
FD30_1_TCTACATTCAGTAGAGATGA	2	FD30_1	Astronaut 1	FD30	FD	3.92440336081013
FD30_1_TCTACCCGCTGGAGCGATAT	2	FD30_1	Astronaut 1	FD30	FD	9.04253695577562
FD30_1_TCTACCCGCTGGAGCGCTTG	1	FD30_1	Astronaut 1	FD30	FD	11.8279611318543
FD30_1_TCTACCCTAGGGAGCGCAAC	0	FD30_1	Astronaut 1	FD30	FD	17.9304035668948
FD30_1_TCTACCGGCACTGGAGTCTA	1	FD30_1	Astronaut 1	FD30	FD	12.5280371826327
FD30_1_TCTACCGTCGCGGCAGCAAC	0	FD30_1	Astronaut 1	FD30	FD	12.2039990019749
FD30_1_TCTACCTAACGACTGGCTTG	5	FD30_1	Astronaut 1	FD30	FD	3.07680010953116
FD30_1_TCTACCTCCACAACTGATGA	0	FD30_1	Astronaut 1	FD30	FD	11.2056354811263
FD30_1_TCTACCTCCAGGCAGGATAT	2	FD30_1	Astronaut 1	FD30	FD	3.82483271598632
FD30_1_TCTACGAGCTGGAGCGGCGT	1	FD30_1	Astronaut 1	FD30	FD	3.03400972844948
FD30_1_TCTACGCAGGCGGATGCTGC	5	FD30_1	Astronaut 1	FD30	FD	2.63002682565627e-06
FD30_1_TCTACGCAGGCGGCAGATGA	0	FD30_1	Astronaut 1	FD30	FD	11.2056355408996
FD30_1_TCTACGCGAAGGTAAGCTTG	1	FD30_1	Astronaut 1	FD30	FD	8.10819632586017
FD30_1_TCTACGCGGTCCATAGCTGC	1	FD30_1	Astronaut 1	FD30	FD	4.24819224437027
FD30_1_TCTACGGCAGGCTGCGCAAC	3	FD30_1	Astronaut 1	FD30	FD	14.4103903971458
FD30_1_TCTACGGCGTGTATCGTCTA	0	FD30_1	Astronaut 1	FD30	FD	7.77047905612157
FD30_1_TCTACGTAGAGAACCGCAAC	3	FD30_1	Astronaut 1	FD30	FD	11.7220186961124
FD30_1_TCTACGTATCGGCGTGCTTG	1	FD30_1	Astronaut 1	FD30	FD	10.5439225408754
FD30_1_TCTACGTCCGGTAATGGAGC	2	FD30_1	Astronaut 1	FD30	FD	12.3445886076158
FD30_1_TCTACGTCTAGCGAAGGTCC	6	FD30_1	Astronaut 1	FD30	FD	1.85484669964895
FD30_1_TCTACTAGAGCGAAGGCGGT	2	FD30_1	Astronaut 1	FD30	FD	12.9883477231291
FD30_1_TCTACTAGGAGCTGCGCAAC	0	FD30_1	Astronaut 1	FD30	FD	6.26836499978873
FD30_1_TCTACTCCGGCTAGTGTCTA	1	FD30_1	Astronaut 1	FD30	FD	10.382398340552
FD30_1_TCTACTCGCGCAGTTGATAT	1	FD30_1	Astronaut 1	FD30	FD	7.74239271953154
FD30_1_TCTACTGCTACAATCGCCTT	0	FD30_1	Astronaut 1	FD30	FD	10.4310243862333
FD30_1_TCTACTGGACGCCTTGCGGT	1	FD30_1	Astronaut 1	FD30	FD	8.1081963856335
FD30_1_TCTACTGGACGCGGTGGTCC	1	FD30_1	Astronaut 1	FD30	FD	12.1624241094249
FD30_1_TCTACTTAGCGGCAGGCGGT	1	FD30_1	Astronaut 1	FD30	FD	6.35742493898915
FD30_1_TCTACTTCATGCAGGGTCTA	1	FD30_1	Astronaut 1	FD30	FD	6.34141653153818
FD30_1_TCTACTTCGAGCAGGGTAAT	0	FD30_1	Astronaut 1	FD30	FD	10.3150265681906
FD30_1_TCTACTTGAACGATTGATAT	0	FD30_1	Astronaut 1	FD30	FD	10.2261157905741
FD30_1_TCTACTTGAAGGTCCGCTTG	1	FD30_1	Astronaut 1	FD30	FD	7.74108404594321
FD30_1_TCTACTTGAAGTAGAGCGGT	5	FD30_1	Astronaut 1	FD30	FD	2.11292498491858
FD30_1_TGAGAAACTCCGCTCGGCGT	1	FD30_1	Astronaut 1	FD30	FD	9.41489043058122
FD30_1_TGAGAACCTACCTCAGCTTG	0	FD30_1	Astronaut 1	FD30	FD	23.4454269573063
FD30_1_TGAGAACCTACCTCAGGCGT	5	FD30_1	Astronaut 1	FD30	FD	12.7482643648526
FD30_1_TGAGAACTCGCGATTGGAGC	2	FD30_1	Astronaut 1	FD30	FD	11.9939871625768
FD30_1_TGAGAACTCGCGATTGTAAT	5	FD30_1	Astronaut 1	FD30	FD	6.45628217430933
FD30_1_TGAGAAGAGTCCTCAGCAAC	1	FD30_1	Astronaut 1	FD30	FD	11.2056356006729
FD30_1_TGAGAAGAGTCTAACGGAGC	0	FD30_1	Astronaut 1	FD30	FD	4.19051603354751
FD30_1_TGAGAAGCGGATTCAGATAT	3	FD30_1	Astronaut 1	FD30	FD	11.2978057619259
FD30_1_TGAGAATCCTGCAGGGCTTG	1	FD30_1	Astronaut 1	FD30	FD	11.2198511114089
FD30_1_TGAGAATGGCGGTCCGATGA	0	FD30_1	Astronaut 1	FD30	FD	13.2422391286699
FD30_1_TGAGAATTGGCCTCAGTAAT	5	FD30_1	Astronaut 1	FD30	FD	17.9311862395378
FD30_1_TGAGACGCAACCTAGGCCTT	0	FD30_1	Astronaut 1	FD30	FD	6.35742499876248
FD30_1_TGAGACGGATGGCAGGCTTG	2	FD30_1	Astronaut 1	FD30	FD	3.90296611418584
FD30_1_TGAGACGTCGGCTGCGGAGC	1	FD30_1	Astronaut 1	FD30	FD	6.71961971825336
FD30_1_TGAGACTAGTGCAACGATAT	5	FD30_1	Astronaut 1	FD30	FD	18.9950317455481
FD30_1_TGAGACTGGACGACCGTAAT	3	FD30_1	Astronaut 1	FD30	FD	7.14761527840767
FD30_1_TGAGAGCAACGATATGGCGT	1	FD30_1	Astronaut 1	FD30	FD	4.05314845018532
FD30_1_TGAGAGCAGGCGACCGCTGC	0	FD30_1	Astronaut 1	FD30	FD	11.2056356604463
FD30_1_TGAGAGGCAGCGTCGGATAT	3	FD30_1	Astronaut 1	FD30	FD	10.4710852913449
FD30_1_TGAGAGGTAACGCCTGATAT	0	FD30_1	Astronaut 1	FD30	FD	6.35742505853582
FD30_1_TGAGAGTCTAGTATCGCTTG	5	FD30_1	Astronaut 1	FD30	FD	0.689374180845076
FD30_1_TGAGATAGAGGATATGCTTG	1	FD30_1	Astronaut 1	FD30	FD	12.3398425805067
FD30_1_TGAGATATGCCTCCAGCTTG	6	FD30_1	Astronaut 1	FD30	FD	21.1224500238988
FD30_1_TGAGATCGCGCGAAGGATGA	2	FD30_1	Astronaut 1	FD30	FD	7.76760853824805
FD30_1_TGAGATGCTAGGAGCGTCTA	0	FD30_1	Astronaut 1	FD30	FD	14.7761446180973
FD30_1_TGAGATGGACATTGGGCAAC	5	FD30_1	Astronaut 1	FD30	FD	9.6051295087761
FD30_1_TGAGATGGACGATGAGCTTG	2	FD30_1	Astronaut 1	FD30	FD	10.6657566827738
FD30_1_TGAGATTCATCAATCGCTGC	2	FD30_1	Astronaut 1	FD30	FD	11.2056357202196
FD30_1_TGAGATTCATCCTAGGGCGT	2	FD30_1	Astronaut 1	FD30	FD	6.7041457698549
FD30_1_TGAGATTCGAGATGAGATAT	2	FD30_1	Astronaut 1	FD30	FD	4.36464785267921
FD30_1_TGCGCACGATGTATCGATGA	2	FD30_1	Astronaut 1	FD30	FD	9.11736078035598
FD30_1_TGCGCACTAACGCTCGTCTA	6	FD30_1	Astronaut 1	FD30	FD	13.0422079052851
FD30_1_TGCGCACTTCCAATCGCGGT	1	FD30_1	Astronaut 1	FD30	FD	3.07309504031905
FD30_1_TGCGCATCCTATTGGGCGGT	1	FD30_1	Astronaut 1	FD30	FD	10.5711653172126
FD30_1_TGCGCATGCGGGAGCGCCTT	3	FD30_1	Astronaut 1	FD30	FD	0.507533997966275
FD30_1_TGCGCCAACTGCAACGCAAC	1	FD30_1	Astronaut 1	FD30	FD	2.68980016260301e-06
FD30_1_TGCGCCCATACCGCTGCGGT	1	FD30_1	Astronaut 1	FD30	FD	3.83722572724729
FD30_1_TGCGCCCTAGCTAACGCAAC	2	FD30_1	Astronaut 1	FD30	FD	9.6447134167781
FD30_1_TGCGCCGCTCCAATCGCTTG	1	FD30_1	Astronaut 1	FD30	FD	9.05651045338328
FD30_1_TGCGCCGGATCGCAAGATGA	1	FD30_1	Astronaut 1	FD30	FD	10.4568189830419
FD30_1_TGCGCCGGATCTGGAGCGGT	1	FD30_1	Astronaut 1	FD30	FD	6.75142407097001
FD30_1_TGCGCCTACGGACTGGATAT	0	FD30_1	Astronaut 1	FD30	FD	12.719425778061
FD30_1_TGCGCCTAGTCGCTCGCGGT	1	FD30_1	Astronaut 1	FD30	FD	11.732464527642
FD30_1_TGCGCGGCGTCCGCTGCGGT	1	FD30_1	Astronaut 1	FD30	FD	2.74957349954974e-06
FD30_1_TGCGCTCGCGCGAAGGATGA	2	FD30_1	Astronaut 1	FD30	FD	15.6289111605785
FD30_1_TGCTAACGATGCTCTGATGA	0	FD30_1	Astronaut 1	FD30	FD	12.7370926641104
FD30_1_TGCTAACGATGCTCTGGCGT	2	FD30_1	Astronaut 1	FD30	FD	16.4849709914572
FD30_1_TGCTAACTAACAACTGCTTG	1	FD30_1	Astronaut 1	FD30	FD	17.231981522547
FD30_1_TGCTAACTTCGCTGCGCAAC	3	FD30_1	Astronaut 1	FD30	FD	9.81186366625952
FD30_1_TGCTAAGAGTCTGGAGATGA	3	FD30_1	Astronaut 1	FD30	FD	10.3813161300309
FD30_1_TGCTAAGTTGGAACCGGTCC	1	FD30_1	Astronaut 1	FD30	FD	6.36307041736418
FD30_1_TGCTACGCAAGGAGCGATGA	1	FD30_1	Astronaut 1	FD30	FD	14.8068276973763
FD30_1_TGCTACGCCTATTCAGTCTA	2	FD30_1	Astronaut 1	FD30	FD	3.89476776079243
FD30_1_TGCTACGGATCGTCGGGCGT	3	FD30_1	Astronaut 1	FD30	FD	15.6279113546053
FD30_1_TGCTAGAACCCCTAGGCTTG	1	FD30_1	Astronaut 1	FD30	FD	2.80934683649647e-06
FD30_1_TGCTAGAGCTCCTAGGGAGC	2	FD30_1	Astronaut 1	FD30	FD	2.86912017344321e-06
FD30_1_TGCTAGAGTCCGAAGGATAT	1	FD30_1	Astronaut 1	FD30	FD	9.15817497975047
FD30_1_TGCTAGCCTTGCGGTGCTGC	0	FD30_1	Astronaut 1	FD30	FD	8.10819644540684
FD30_1_TGCTAGCTGCCAATCGTCTA	1	FD30_1	Astronaut 1	FD30	FD	1.79475115910484
FD30_1_TGCTAGGAGCCAACTGGCGT	2	FD30_1	Astronaut 1	FD30	FD	17.9876836586012
FD30_1_TGCTAGGAGCCCGCTGATAT	2	FD30_1	Astronaut 1	FD30	FD	7.72800801133242
FD30_1_TGCTAGGTCCGGTCCGCAAC	3	FD30_1	Astronaut 1	FD30	FD	11.7220187558857
FD30_1_TGCTATCGTACGACCGTCTA	2	FD30_1	Astronaut 1	FD30	FD	2.92889351038994e-06
FD30_1_TGCTATCTACATTGGGTAAT	0	FD30_1	Astronaut 1	FD30	FD	11.722018815659
FD30_1_TGCTATGCGCGGTCCGCAAC	5	FD30_1	Astronaut 1	FD30	FD	13.2438435439484
FD30_1_TGCTATGCGCGGTCCGTAAT	5	FD30_1	Astronaut 1	FD30	FD	13.2375205427035
FD30_1_TGCTATGCGCGTAATGCCTT	1	FD30_1	Astronaut 1	FD30	FD	2.43206957883737
FD30_1_TGCTATTAGCGCGAAGCGGT	5	FD30_1	Astronaut 1	FD30	FD	8.10819650518017
FD30_1_TGCTATTCGACAGTTGATGA	2	FD30_1	Astronaut 1	FD30	FD	3.94820619543025
FD30_1_TGCTATTGAACCTCAGGAGC	3	FD30_1	Astronaut 1	FD30	FD	2.16178289552124
FD30_1_TGGACAAGACCGACCGCAAC	0	FD30_1	Astronaut 1	FD30	FD	11.5049726033318
FD30_1_TGGACAAGACCTACGGCAAC	1	FD30_1	Astronaut 1	FD30	FD	2.98866684733667e-06
FD30_1_TGGACACGATGCGAAGATAT	0	FD30_1	Astronaut 1	FD30	FD	9.078957186163
FD30_1_TGGACAGCGGCAATCGATGA	5	FD30_1	Astronaut 1	FD30	FD	7.72800807110575
FD30_1_TGGACAGTTGGAGTCGCTTG	1	FD30_1	Astronaut 1	FD30	FD	11.7220188754324
FD30_1_TGGACATCCTCGTCGGGCGT	7	FD30_1	Astronaut 1	FD30	FD	0.507533938192938
FD30_1_TGGACATTACGCGGTGCAAC	3	FD30_1	Astronaut 1	FD30	FD	9.6544276565758
FD30_1_TGGACCAGAAGTAATGCAAC	1	FD30_1	Astronaut 1	FD30	FD	9.81429206112779
FD30_1_TGGACCGACCGTAATGTCTA	1	FD30_1	Astronaut 1	FD30	FD	3.04844018428341e-06
FD30_1_TGGACCTAACGATATGATAT	0	FD30_1	Astronaut 1	FD30	FD	9.68658499596023
FD30_1_TGGACCTTAACAGAAGGAGC	1	FD30_1	Astronaut 1	FD30	FD	9.15817503952381
FD30_1_TGGACGATGACCGCTGATAT	1	FD30_1	Astronaut 1	FD30	FD	7.94251028244087
FD30_1_TGGACGCAGGGGTCCGCTTG	1	FD30_1	Astronaut 1	FD30	FD	13.6956650270851
FD30_1_TGGACGCCTTGGTCCGCTTG	2	FD30_1	Astronaut 1	FD30	FD	3.04910175746187
FD30_1_TGGACGCTCTGTATCGATAT	6	FD30_1	Astronaut 1	FD30	FD	10.4710853511182
FD30_1_TGGACGGCAGGGTAAGCGGT	3	FD30_1	Astronaut 1	FD30	FD	6.21481480986232
FD30_1_TGGACGTAATGATGAGGAGC	5	FD30_1	Astronaut 1	FD30	FD	9.27075945493588
FD30_1_TGGACTAGAGCCATAGCCTT	1	FD30_1	Astronaut 1	FD30	FD	4.46472610071078
FD30_1_TGGACTAGGAGCTTGGCTTG	1	FD30_1	Astronaut 1	FD30	FD	12.9657841265748
FD30_1_TGGACTATTGGAGCTGGAGC	2	FD30_1	Astronaut 1	FD30	FD	3.79971906737278
FD30_1_TGGACTCGTAATTCAGATAT	0	FD30_1	Astronaut 1	FD30	FD	12.3326978357606
FD30_1_TGGACTCGTAATTCAGCAAC	2	FD30_1	Astronaut 1	FD30	FD	8.10819656495351
FD30_1_TGGACTCTACCAGCGGATGA	2	FD30_1	Astronaut 1	FD30	FD	0.598581091865179
FD30_1_TGGACTGGACCTTAAGGCGT	3	FD30_1	Astronaut 1	FD30	FD	8.10819662472685
FD30_1_TTAGCAGAGTGACTGGATGA	3	FD30_1	Astronaut 1	FD30	FD	17.3191227249256
FD30_1_TTAGCATTCAGCAACGATAT	0	FD30_1	Astronaut 1	FD30	FD	16.386958210721
FD30_1_TTAGCATTGGGGCAGGATGA	1	FD30_1	Astronaut 1	FD30	FD	13.2443437207944
FD30_1_TTAGCCAACTGTAGAGTAAT	3	FD30_1	Astronaut 1	FD30	FD	11.8125544684594
FD30_1_TTAGCCGCAACGGATGATGA	3	FD30_1	Astronaut 1	FD30	FD	0.129747264010968
FD30_1_TTAGCGCTTGGCAACGATAT	0	FD30_1	Astronaut 1	FD30	FD	7.74519701932493
FD30_1_TTAGCGTAGAGTATCGCTTG	1	FD30_1	Astronaut 1	FD30	FD	9.60512956854944
FD30_1_TTAGCGTATCCCTAGGATGA	2	FD30_1	Astronaut 1	FD30	FD	10.3960193041983
FD30_1_TTAGCTGCGCGTAATGATGA	1	FD30_1	Astronaut 1	FD30	FD	7.14761533818101
FD30_1_TTATGACCAGCGAAGGCAAC	1	FD30_1	Astronaut 1	FD30	FD	12.2806182747936
FD30_1_TTATGACCTACCATAGTCTA	5	FD30_1	Astronaut 1	FD30	FD	17.8742417677038
FD30_1_TTATGAGCGGCGTCGGATAT	2	FD30_1	Astronaut 1	FD30	FD	13.2411383116154
FD30_1_TTATGAGCGGGATGAGATAT	3	FD30_1	Astronaut 1	FD30	FD	18.9950318053214
FD30_1_TTATGAGGCTCTTAAGTAAT	3	FD30_1	Astronaut 1	FD30	FD	0.624480023406162
FD30_1_TTATGATTCAGAGCTGCTGC	5	FD30_1	Astronaut 1	FD30	FD	12.7194258378343
FD30_1_TTATGCGAAGCGACCGTAAT	1	FD30_1	Astronaut 1	FD30	FD	0.507533878419601
FD30_1_TTATGCGATTGCGGTGATAT	0	FD30_1	Astronaut 1	FD30	FD	10.1433914343281
FD30_1_TTATGGATATCGCTCGATAT	1	FD30_1	Astronaut 1	FD30	FD	2.1658453810691
FD30_1_TTATGGGCAGGACTGGGCGT	0	FD30_1	Astronaut 1	FD30	FD	10.4568190428152
FD30_1_TTATGGTCTACGCCTGATAT	0	FD30_1	Astronaut 1	FD30	FD	7.14761539795435
FD30_1_TTATGGTCTAGGCGTGCTGC	5	FD30_1	Astronaut 1	FD30	FD	10.4047394360186
FD30_1_TTATGTAGAGCAATCGTCTA	1	FD30_1	Astronaut 1	FD30	FD	4.36464791245255
FD30_1_TTATGTAGGAATTCAGGCGT	1	FD30_1	Astronaut 1	FD30	FD	6.74684318044452
FD30_1_TTATGTCCGGGAACCGTCTA	1	FD30_1	Astronaut 1	FD30	FD	7.72800813087909
FD30_1_TTATGTCGCGGAGTCGCAAC	5	FD30_1	Astronaut 1	FD30	FD	2.41027844454719
FD30_1_TTATGTGCGCCGGCAGGAGC	1	FD30_1	Astronaut 1	FD30	FD	2.10611701426743
FD30_1_TTATGTTATGGTAGAGCAAC	0	FD30_1	Astronaut 1	FD30	FD	6.76997335824739
FD30_1_TTATGTTATGGTATCGGTCC	1	FD30_1	Astronaut 1	FD30	FD	8.10819668450018
FD30_1_TTATGTTCATCCTAGGATGA	2	FD30_1	Astronaut 1	FD30	FD	11.778546205162
FD30_1_TTATGTTCGAATTGGGGAGC	5	FD30_1	Astronaut 1	FD30	FD	6.26943068625097
FD30_1_TTCATAACCGCTTAAGCCTT	1	FD30_1	Astronaut 1	FD30	FD	9.00787678309878
FD30_1_TTCATACGATCCATAGCTTG	1	FD30_1	Astronaut 1	FD30	FD	9.42081207160258
FD30_1_TTCATACGATGAGTCGCTTG	2	FD30_1	Astronaut 1	FD30	FD	12.2756358909332
FD30_1_TTCATACTCGCTTAAGATAT	2	FD30_1	Astronaut 1	FD30	FD	18.4493703925866
FD30_1_TTCATACTCGGCTGCGCTGC	5	FD30_1	Astronaut 1	FD30	FD	0.507533818646264
FD30_1_TTCATAGAACCGCCTGATAT	1	FD30_1	Astronaut 1	FD30	FD	9.75573412567874
FD30_1_TTCATATCCTCGTCGGCAAC	3	FD30_1	Astronaut 1	FD30	FD	4.17134936613234
FD30_1_TTCATCCTAGCGATTGCGGT	2	FD30_1	Astronaut 1	FD30	FD	14.3797209736359
FD30_1_TTCATCGACCCAGCGGATGA	2	FD30_1	Astronaut 1	FD30	FD	7.05379961736207
FD30_1_TTCATCGATTGACTGGCTTG	1	FD30_1	Astronaut 1	FD30	FD	5.30185729754685
FD30_1_TTCATGCAACCTAACGATAT	5	FD30_1	Astronaut 1	FD30	FD	13.6586542045157
FD30_1_TTCATGCGAACGCCTGCTTG	5	FD30_1	Astronaut 1	FD30	FD	11.7685266268413
FD30_1_TTCATGTAATGAGCTGTCTA	6	FD30_1	Astronaut 1	FD30	FD	14.6333076754233
FD30_1_TTCATGTAGACAACTGCAAC	1	FD30_1	Astronaut 1	FD30	FD	4.73701906966334
FD30_1_TTCATGTCCGCAGAAGTAAT	2	FD30_1	Astronaut 1	FD30	FD	4.84452014394552
FD30_1_TTCATGTCCGCTGGAGTAAT	1	FD30_1	Astronaut 1	FD30	FD	4.17080168640463
FD30_1_TTCATTCAGTCTTAAGTAAT	1	FD30_1	Astronaut 1	FD30	FD	9.40055813695509
FD30_1_TTCATTCGTACTCCAGCAAC	1	FD30_1	Astronaut 1	FD30	FD	10.4632843366819
FD30_1_TTCATTCTACCTTAAGATAT	0	FD30_1	Astronaut 1	FD30	FD	12.7582439910546
FD30_1_TTCGAACGATCCATAGCAAC	0	FD30_1	Astronaut 1	FD30	FD	14.6333077351967
FD30_1_TTCGAACGATCTCCAGGCGT	1	FD30_1	Astronaut 1	FD30	FD	7.72800819065243
FD30_1_TTCGAACTAAGGTCCGCAAC	1	FD30_1	Astronaut 1	FD30	FD	3.10821352123014e-06
FD30_1_TTCGAACTCGGGAGCGTAAT	1	FD30_1	Astronaut 1	FD30	FD	3.053288848753
FD30_1_TTCGAACTTCGGTCCGCAAC	2	FD30_1	Astronaut 1	FD30	FD	14.63330779497
FD30_1_TTCGAAGCGGGCTGCGATAT	1	FD30_1	Astronaut 1	FD30	FD	7.73267493936375
FD30_1_TTCGAAGGCTCGGATGTCTA	0	FD30_1	Astronaut 1	FD30	FD	3.98854655852881
FD30_1_TTCGAAGTTGATTCAGCTTG	5	FD30_1	Astronaut 1	FD30	FD	9.56363960252849
FD30_1_TTCGAATTCAGTAGAGCTGC	3	FD30_1	Astronaut 1	FD30	FD	12.7194258976077
FD30_1_TTCGACGAAGCTAGTGATAT	6	FD30_1	Astronaut 1	FD30	FD	7.72800825042576
FD30_1_TTCGACGCAACCATAGATAT	1	FD30_1	Astronaut 1	FD30	FD	12.7269672233592
FD30_1_TTCGACGGCACTACGGTCTA	5	FD30_1	Astronaut 1	FD30	FD	1.79475121887818
FD30_1_TTCGACTTAACGATTGATGA	0	FD30_1	Astronaut 1	FD30	FD	14.6333078547433
FD30_1_TTCGAGCAACCGAAGGGCGT	1	FD30_1	Astronaut 1	FD30	FD	6.78124716253979
FD30_1_TTCGAGCAACGCTTGGGAGC	1	FD30_1	Astronaut 1	FD30	FD	3.82742062978102
FD30_1_TTCGAGCTTGGATGAGCGGT	1	FD30_1	Astronaut 1	FD30	FD	3.16798685817687e-06
FD30_1_TTCGAGGCGTCTACGGATAT	3	FD30_1	Astronaut 1	FD30	FD	14.6333079145167
FD30_1_TTCGAGGCGTCTACGGCCTT	1	FD30_1	Astronaut 1	FD30	FD	10.6650934452555
FD30_1_TTCGAGGTAAGCGGTGCAAC	1	FD30_1	Astronaut 1	FD30	FD	3.0776342174767
FD30_1_TTCGATAGGACCGCTGATAT	0	FD30_1	Astronaut 1	FD30	FD	4.58758043743731
FD30_1_TTCGATCCGGGCTCTGATAT	7	FD30_1	Astronaut 1	FD30	FD	9.15817509929715
FD30_1_TTCGATGAGAGCCTTGCTTG	3	FD30_1	Astronaut 1	FD30	FD	6.76547054625535
FD30_1_TTCGATGCTACCTAGGATAT	0	FD30_1	Astronaut 1	FD30	FD	12.2310777671542
FD30_1_TTCGATGCTACTAACGATAT	1	FD30_1	Astronaut 1	FD30	FD	7.72978643161098
FD30_1_TTCGATTCGACGCAAGATGA	7	FD30_1	Astronaut 1	FD30	FD	11.9164398053459
FD30_1_TTCGATTCGACGCAAGTAAT	0	FD30_1	Astronaut 1	FD30	FD	11.205635779993
FD30_1_TTCGATTGAAGAACCGTCTA	3	FD30_1	Astronaut 1	FD30	FD	14.3040801351548
FD30_1_TTGAAAACCGCAGCGGCTTG	1	FD30_1	Astronaut 1	FD30	FD	15.26870468677
FD30_1_TTGAAAAGCACGGCAGATGA	2	FD30_1	Astronaut 1	FD30	FD	2.11183331119723
FD30_1_TTGAAAGTTGCGGCAGCTTG	1	FD30_1	Astronaut 1	FD30	FD	3.22776019512361e-06
FD30_1_TTGAAATTACCGGCAGCAAC	1	FD30_1	Astronaut 1	FD30	FD	12.7814110846661
FD30_1_TTGAACAGTTGAGTCGATGA	0	FD30_1	Astronaut 1	FD30	FD	11.305823332242
FD30_1_TTGAAGATATCGCCTGGAGC	0	FD30_1	Astronaut 1	FD30	FD	7.75637341132041
FD30_1_TTGAAGGTCCGGTAAGCAAC	2	FD30_1	Astronaut 1	FD30	FD	7.75701689585183
FD30_1_TTGAAGTATCCTGGAGCGGT	2	FD30_1	Astronaut 1	FD30	FD	3.28753353207034e-06
FD30_1_TTGAAGTCCGCGACCGCGGT	2	FD30_1	Astronaut 1	FD30	FD	7.7361275850895
FD30_1_TTGAATAGAGCAGCGGATAT	1	FD30_1	Astronaut 1	FD30	FD	8.10819674427352
FD30_1_TTGAATATGCCGTCGGCTTG	3	FD30_1	Astronaut 1	FD30	FD	13.7209997162156
FD30_1_TTGAATATTGGAACCGCGGT	1	FD30_1	Astronaut 1	FD30	FD	1.25005363662922
FD30_1_TTGAATCAGTCGACCGCTGC	1	FD30_1	Astronaut 1	FD30	FD	0.689948694810939
FD30_1_TTGAATTAGCCCTCAGCAAC	3	FD30_1	Astronaut 1	FD30	FD	13.6332912559803
FD30_2_AACCGACTCGCGCAAGTCTA	1	FD30_2	Astronaut 2	FD30	FD	18.9950318650948
FD30_2_AACCGCCTAGCGACCGATAT	7	FD30_2	Astronaut 2	FD30	FD	18.9950319248681
FD30_2_AACCGCGTCGCTACGGTCTA	1	FD30_2	Astronaut 2	FD30	FD	20.0994131450934
FD30_2_AACCGTTATGCCGCTGTAAT	0	FD30_2	Astronaut 2	FD30	FD	21.8618221361735
FD30_2_AACGAAGCGGGCAGGGGCGT	1	FD30_2	Astronaut 2	FD30	FD	18.9950319846415
FD30_2_AACTCAGCGGGAGTCGGCGT	2	FD30_2	Astronaut 2	FD30	FD	17.9909269753582
FD30_2_AACTCGGTAAGGCAGGATAT	1	FD30_2	Astronaut 2	FD30	FD	20.8243170986748
FD30_2_AAGACATTGGCGGCAGGTCC	0	FD30_2	Astronaut 2	FD30	FD	30.3606145530711
FD30_2_AAGCAAGCGGCTTAAGCTGC	0	FD30_2	Astronaut 2	FD30	FD	19.0450023232273
FD30_2_AAGCACAGAACGCTCGCCTT	0	FD30_2	Astronaut 2	FD30	FD	18.9950320444148
FD30_2_AAGCACTAACCGGCAGATGA	7	FD30_2	Astronaut 2	FD30	FD	17.8742418274772
FD30_2_AAGCATATTGCGATTGGAGC	2	FD30_2	Astronaut 2	FD30	FD	18.9950321041881
FD30_2_AAGGTCAGAACTCCAGCTTG	1	FD30_2	Astronaut 2	FD30	FD	23.5132161793604
FD30_2_ACCAGAACCGCGCTCGATGA	0	FD30_2	Astronaut 2	FD30	FD	18.9950321639615
FD30_2_ACCAGCGCCTGCAACGATAT	2	FD30_2	Astronaut 2	FD30	FD	4.08895838282809
FD30_2_ACCTAGTCCGCTGGAGGCGT	3	FD30_2	Astronaut 2	FD30	FD	19.0345083694469
FD30_2_ACGATATGCGCGAAGGATGA	5	FD30_2	Astronaut 2	FD30	FD	18.9950322237348
FD30_2_ACGATCGGCACGATTGCTTG	1	FD30_2	Astronaut 2	FD30	FD	61.4709173265019
FD30_2_ACGATGGTAACGCTCGATAT	1	FD30_2	Astronaut 2	FD30	FD	22.4719485400243
FD30_2_ACGATTAGAGCTGGAGATGA	2	FD30_2	Astronaut 2	FD30	FD	18.9950322835081
FD30_2_ACGATTATGCCGTCGGCTTG	2	FD30_2	Astronaut 2	FD30	FD	21.8618221959468
FD30_2_ACGATTATTGGTAGAGCAAC	2	FD30_2	Astronaut 2	FD30	FD	19.1550771734889
FD30_2_ACTAAATCCTGGTAAGCTTG	1	FD30_2	Astronaut 2	FD30	FD	19.0370650261949
FD30_2_ACTAACGCTCCGACCGATAT	3	FD30_2	Astronaut 2	FD30	FD	18.9950323432815
FD30_2_ACTAACTCCACGACCGCTGC	1	FD30_2	Astronaut 2	FD30	FD	11.2056358397663
FD30_2_ACTAAGAACCGATGAGCAAC	1	FD30_2	Astronaut 2	FD30	FD	30.3606146128445
FD30_2_ACTAATTAGCGGTCCGCTGC	5	FD30_2	Astronaut 2	FD30	FD	18.9950324030548
FD30_2_ACTCGAACGAGCAACGCCTT	0	FD30_2	Astronaut 2	FD30	FD	19.0707628323878
FD30_2_ACTCGACGATCGTCGGGTCC	0	FD30_2	Astronaut 2	FD30	FD	20.8758915441286
FD30_2_ACTCGCGATTGCTCTGATAT	1	FD30_2	Astronaut 2	FD30	FD	18.9950324628282
FD30_2_AGAACATGCGCCTAGGGCGT	0	FD30_2	Astronaut 2	FD30	FD	18.9950325226015
FD30_2_AGAACCGATTGTAGAGCTTG	0	FD30_2	Astronaut 2	FD30	FD	24.502420846584
FD30_2_AGAACCTAACATTGGGCCTT	6	FD30_2	Astronaut 2	FD30	FD	18.9950325823748
FD30_2_AGAACCTTAAGCGAAGTAAT	2	FD30_2	Astronaut 2	FD30	FD	18.9950326421482
FD30_2_AGAACGAGCTGAGTCGATAT	1	FD30_2	Astronaut 2	FD30	FD	23.5132162391337
FD30_2_AGAACGCAACCAGCGGGTCC	0	FD30_2	Astronaut 2	FD30	FD	19.1714150161727
FD30_2_AGAACTGCGCCCTAGGCAAC	1	FD30_2	Astronaut 2	FD30	FD	18.9950327019215
FD30_2_AGAGTAGCGGCGAAGGCAAC	0	FD30_2	Astronaut 2	FD30	FD	21.9464798414365
FD30_2_AGAGTCGTCGCTACGGCCTT	0	FD30_2	Astronaut 2	FD30	FD	20.5796548054546
FD30_2_AGAGTGTAATGTAGAGCAAC	2	FD30_2	Astronaut 2	FD30	FD	18.0680815792721
FD30_2_AGAGTTAGGAGACTGGCAAC	1	FD30_2	Astronaut 2	FD30	FD	18.9950327616949
FD30_2_AGCGGTAGGACAATCGATGA	0	FD30_2	Astronaut 2	FD30	FD	18.9950328214682
FD30_2_AGGCTGTAATCAACTGCTTG	3	FD30_2	Astronaut 2	FD30	FD	18.9950328812415
FD30_2_AGTTGACGATGATATGTCTA	0	FD30_2	Astronaut 2	FD30	FD	18.9950329410149
FD30_2_AGTTGACTTCCGCTCGCCTT	1	FD30_2	Astronaut 2	FD30	FD	18.9950330007882
FD30_2_AGTTGATTCACCATAGCTTG	6	FD30_2	Astronaut 2	FD30	FD	18.9950330605615
FD30_2_AGTTGCGATTGTAATGCTTG	1	FD30_2	Astronaut 2	FD30	FD	18.9950331203349
FD30_2_AGTTGTACGTCTGGAGCTGC	5	FD30_2	Astronaut 2	FD30	FD	18.0790235584524
FD30_2_ATGGCAGTTGGCTCTGGCGT	0	FD30_2	Astronaut 2	FD30	FD	19.1512634350196
FD30_2_ATGGCGCAACCGGATGCTTG	3	FD30_2	Astronaut 2	FD30	FD	21.8618222557201
FD30_2_ATTACCTAACGGCAGGCTTG	1	FD30_2	Astronaut 2	FD30	FD	18.9950331801082
FD30_2_ATTCACGCTCCGCCTGTCTA	0	FD30_2	Astronaut 2	FD30	FD	20.7554091994829
FD30_2_ATTGGACTCGGTATCGTAAT	0	FD30_2	Astronaut 2	FD30	FD	20.8607794134155
FD30_2_CAACTCGGCACCTAGGCCTT	0	FD30_2	Astronaut 2	FD30	FD	18.9950332398816
FD30_2_CAACTGAGCTGATATGTCTA	1	FD30_2	Astronaut 2	FD30	FD	30.3606146726178
FD30_2_CAATCAACGAGATGAGCCTT	5	FD30_2	Astronaut 2	FD30	FD	19.1145936017602
FD30_2_CAATCAAGACCCTAGGTCTA	1	FD30_2	Astronaut 2	FD30	FD	20.7554092592563
FD30_2_CAATCCGCAACCTAGGGCGT	3	FD30_2	Astronaut 2	FD30	FD	30.3606147323912
FD30_2_CAATCGCAGGCAGAAGATGA	2	FD30_2	Astronaut 2	FD30	FD	18.9950332996549
FD30_2_CAATCGGCGTCGACCGCTGC	0	FD30_2	Astronaut 2	FD30	FD	18.9950333594282
FD30_2_CAGAAAGGCTGTATCGCTTG	0	FD30_2	Astronaut 2	FD30	FD	24.486573921449
FD30_2_CAGAAAGTTGCTGGAGATAT	0	FD30_2	Astronaut 2	FD30	FD	18.9950334192016
FD30_2_CAGAACGGCAGTATCGGAGC	1	FD30_2	Astronaut 2	FD30	FD	19.1031058532115
FD30_2_CAGAAGTAGACCTAGGGAGC	1	FD30_2	Astronaut 2	FD30	FD	18.9950334789749
FD30_2_CAGAATCTACCTCCAGGAGC	0	FD30_2	Astronaut 2	FD30	FD	19.1499383813394
FD30_2_CAGCGCGGCAATTCAGATAT	0	FD30_2	Astronaut 2	FD30	FD	18.9950335387483
FD30_2_CAGCGGCAACGGTCCGGAGC	1	FD30_2	Astronaut 2	FD30	FD	18.9950335985216
FD30_2_CAGCGGGTAAGTAATGTCTA	2	FD30_2	Astronaut 2	FD30	FD	23.5132162989071
FD30_2_CAGTTCAGTTCGTCGGATGA	0	FD30_2	Astronaut 2	FD30	FD	18.9950336582949
FD30_2_CAGTTCAGTTGCGAAGATGA	0	FD30_2	Astronaut 2	FD30	FD	18.9950337180683
FD30_2_CAGTTTATCTGGCGTGCTTG	3	FD30_2	Astronaut 2	FD30	FD	20.9895413523001
FD30_2_CCATAGTAATGGTAAGTAAT	5	FD30_2	Astronaut 2	FD30	FD	18.9950337778416
FD30_2_CCGCTATCCTGCTGCGCGGT	1	FD30_2	Astronaut 2	FD30	FD	21.9003835397358
FD30_2_CCGCTCAGTTCGACCGCTTG	1	FD30_2	Astronaut 2	FD30	FD	18.9950338376149
FD30_2_CCGCTTGCGCGCCTTGCTTG	1	FD30_2	Astronaut 2	FD30	FD	18.9950338973883
FD30_2_CCTCAATTACGCTGCGCTGC	5	FD30_2	Astronaut 2	FD30	FD	19.1269572947505
FD30_2_CCTCACTAACCGCTCGATGA	3	FD30_2	Astronaut 2	FD30	FD	18.9950339571616
FD30_2_CCTCATATGCCAATCGGCGT	0	FD30_2	Astronaut 2	FD30	FD	20.7554093190296
FD30_2_CGAAGACCAGCTTAAGCTGC	7	FD30_2	Astronaut 2	FD30	FD	21.8618223154935
FD30_2_CGAAGGGAGCGGTAAGCCTT	6	FD30_2	Astronaut 2	FD30	FD	21.8618223752668
FD30_2_CGAAGTGCGCCTGGAGTAAT	4	FD30_2	Astronaut 2	FD30	FD	31.5404379742686
FD30_2_CGACCACTCGGAGCTGATGA	0	FD30_2	Astronaut 2	FD30	FD	14.63330797429
FD30_2_CGATTTGGACGCAACGGCGT	2	FD30_2	Astronaut 2	FD30	FD	18.0962339708458
FD30_2_CGCAAAAGCAGACTGGCCTT	6	FD30_2	Astronaut 2	FD30	FD	21.8618224350402
FD30_2_CGCAAAGGTCCGCTCGATGA	2	FD30_2	Astronaut 2	FD30	FD	21.8618224948135
FD30_2_CGCAAATCCTGCTTGGTCTA	0	FD30_2	Astronaut 2	FD30	FD	61.4709173862752
FD30_2_CGCAACCTCACAGTTGCGGT	1	FD30_2	Astronaut 2	FD30	FD	18.995034016935
FD30_2_CGCAACGCCTGGCAGGGAGC	2	FD30_2	Astronaut 2	FD30	FD	18.9950340767083
FD30_2_CGCAATAAGGCGCTCGTCTA	2	FD30_2	Astronaut 2	FD30	FD	18.9950341364816
FD30_2_CGCCTGCAACCGCCTGCGGT	1	FD30_2	Astronaut 2	FD30	FD	20.1610975406111
FD30_2_CGCCTGGCGTGTAATGATGA	2	FD30_2	Astronaut 2	FD30	FD	20.8843173904798
FD30_2_CGCCTTCGCGCGAAGGGTCC	2	FD30_2	Astronaut 2	FD30	FD	19.1084264410261
FD30_2_CGCTCACTCGGAACCGATAT	1	FD30_2	Astronaut 2	FD30	FD	18.995034196255
FD30_2_CGCTCAGTTGCGGATGATGA	2	FD30_2	Astronaut 2	FD30	FD	18.9950342560283
FD30_2_CGCTCCAGAAGGAGCGCTGC	1	FD30_2	Astronaut 2	FD30	FD	18.9950343158017
FD30_2_CGCTCTAGAGGCTTGGATAT	1	FD30_2	Astronaut 2	FD30	FD	19.0449258602267
FD30_2_CGGATATTCAGACTGGATGA	1	FD30_2	Astronaut 2	FD30	FD	29.0550623230035
FD30_2_CGGCAGATGAGTAGAGGCGT	1	FD30_2	Astronaut 2	FD30	FD	18.995034375575
FD30_2_CGGCATAGGAGGCGTGTCTA	0	FD30_2	Astronaut 2	FD30	FD	18.9950344353483
FD30_2_CGGCATCAGTGATATGATGA	2	FD30_2	Astronaut 2	FD30	FD	16.0820756517463
FD30_2_CGGCATTGAACCTAGGATGA	0	FD30_2	Astronaut 2	FD30	FD	18.9950344951217
FD30_2_CGTCGCTCCAGGCAGGCAAC	0	FD30_2	Astronaut 2	FD30	FD	6.35742511830916
FD30_2_CTACGCGACCCGGCAGCTGC	1	FD30_2	Astronaut 2	FD30	FD	18.995034554895
FD30_2_CTACGGGTCCCGATTGCGGT	0	FD30_2	Astronaut 2	FD30	FD	18.9950346146683
FD30_2_CTAGTAGGCTGCAACGATAT	3	FD30_2	Astronaut 2	FD30	FD	19.8637956293583
FD30_2_CTAGTATGGCGGTCCGCAAC	3	FD30_2	Astronaut 2	FD30	FD	19.1285073716949
FD30_2_CTAGTATTGGCAGTTGTAAT	2	FD30_2	Astronaut 2	FD30	FD	18.9950346744417
FD30_2_CTAGTCGGCACCTAGGATGA	0	FD30_2	Astronaut 2	FD30	FD	18.995034734215
FD30_2_CTAGTGTTAGCAGTTGATAT	2	FD30_2	Astronaut 2	FD30	FD	18.9950347939884
FD30_2_CTGGATATTGGGCAGGATAT	1	FD30_2	Astronaut 2	FD30	FD	18.9950348537617
FD30_2_CTTAATAGGACTAACGCCTT	1	FD30_2	Astronaut 2	FD30	FD	18.995034913535
FD30_2_CTTAATATTGCGACCGCTTG	3	FD30_2	Astronaut 2	FD30	FD	18.9950349733084
FD30_2_GAACCACCTACGCTCGATAT	2	FD30_2	Astronaut 2	FD30	FD	17.8742418872505
FD30_2_GAACCAGGCTCTAACGTCTA	0	FD30_2	Astronaut 2	FD30	FD	61.4709174460485
FD30_2_GAACCCGTCGCGCAAGGTCC	0	FD30_2	Astronaut 2	FD30	FD	17.8742419470238
FD30_2_GAGCTACCAGCGATTGGAGC	2	FD30_2	Astronaut 2	FD30	FD	18.9950350330817
FD30_2_GAGCTACCAGCGATTGTAAT	5	FD30_2	Astronaut 2	FD30	FD	18.995035092855
FD30_2_GAGCTGACTGCAGCGGCGGT	0	FD30_2	Astronaut 2	FD30	FD	18.9950351526284
FD30_2_GAGCTTAAGGGCTTGGCAAC	0	FD30_2	Astronaut 2	FD30	FD	19.0681822905055
FD30_2_GAGCTTCAGTCAACTGCTTG	3	FD30_2	Astronaut 2	FD30	FD	29.8282230358555
FD30_2_GATATTACGTGAGCTGCTGC	0	FD30_2	Astronaut 2	FD30	FD	18.9950352124017
FD30_2_GATGAATCTGCTCCAGTCTA	2	FD30_2	Astronaut 2	FD30	FD	20.7554093788029
FD30_2_GATGAGAGCTGACTGGCTTG	1	FD30_2	Astronaut 2	FD30	FD	18.9950352721751
FD30_2_GCAACCGAAGCTTAAGCTGC	1	FD30_2	Astronaut 2	FD30	FD	18.9950353319484
FD30_2_GCAACCTGGACGCTCGTCTA	4	FD30_2	Astronaut 2	FD30	FD	19.8663940471482
FD30_2_GCAGGCCGCTCCTCAGATGA	1	FD30_2	Astronaut 2	FD30	FD	18.9950353917217
FD30_2_GCAGGTCATCCGCAAGATGA	0	FD30_2	Astronaut 2	FD30	FD	17.9056504381476
FD30_2_GCAGGTTGAAGGCAGGCTGC	0	FD30_2	Astronaut 2	FD30	FD	19.0368609180259
FD30_2_GCCTTACTCGCTACGGTAAT	1	FD30_2	Astronaut 2	FD30	FD	21.9059785837736
FD30_2_GCCTTCGACCCGACCGCTTG	1	FD30_2	Astronaut 2	FD30	FD	18.9950354514951
FD30_2_GCCTTCGACCGCTGCGCTTG	3	FD30_2	Astronaut 2	FD30	FD	18.9950355112684
FD30_2_GCCTTTAGAGCAGTTGGCGT	2	FD30_2	Astronaut 2	FD30	FD	17.8742420067972
FD30_2_GCGGTATGCGCAGTTGTCTA	0	FD30_2	Astronaut 2	FD30	FD	61.4709175058219
FD30_2_GCGGTCGATTGGTCCGATGA	1	FD30_2	Astronaut 2	FD30	FD	18.9950355710418
FD30_2_GCGGTCGGCACCTAGGGCGT	4	FD30_2	Astronaut 2	FD30	FD	22.9506669397282
FD30_2_GCGGTCTGGAGGCGTGCTTG	1	FD30_2	Astronaut 2	FD30	FD	28.3665263376687
FD30_2_GCTCTTCGCGGCGGTGTAAT	1	FD30_2	Astronaut 2	FD30	FD	30.3606147921645
FD30_2_GCTCTTTCGACTTAAGGCGT	0	FD30_2	Astronaut 2	FD30	FD	30.3606148519378
FD30_2_GCTGCATTCAGGAGCGGAGC	1	FD30_2	Astronaut 2	FD30	FD	18.9950356308151
FD30_2_GCTTGCGTCGCCATAGCTTG	1	FD30_2	Astronaut 2	FD30	FD	19.0417141407879
FD30_2_GCTTGGCGGTGAGCTGGTCC	1	FD30_2	Astronaut 2	FD30	FD	19.0121375710918
FD30_2_GCTTGTCGTAGGTCCGGAGC	1	FD30_2	Astronaut 2	FD30	FD	18.9950356905884
FD30_2_GGAGCAGAACCCGCTGTCTA	2	FD30_2	Astronaut 2	FD30	FD	18.9950357503618
FD30_2_GGAGCATTACGTAGAGTAAT	0	FD30_2	Astronaut 2	FD30	FD	61.4709175655952
FD30_2_GGAGCGTCTACCATAGGCGT	0	FD30_2	Astronaut 2	FD30	FD	19.0891444962208
FD30_2_GGCAGATCTGCGAAGGCTGC	0	FD30_2	Astronaut 2	FD30	FD	17.8742420665705
FD30_2_GGCAGATTACATTCAGATGA	6	FD30_2	Astronaut 2	FD30	FD	15.6900601302913
FD30_2_GGCGTTAAGGGGAGCGCTTG	0	FD30_2	Astronaut 2	FD30	FD	19.1131807977272
FD30_2_GGTAAGAACCGTATCGGAGC	1	FD30_2	Astronaut 2	FD30	FD	61.4709176253685
FD30_2_GGTCCAACGAGCAACGGAGC	1	FD30_2	Astronaut 2	FD30	FD	19.056321330853
FD30_2_GGTCCACCTACGTCGGATGA	2	FD30_2	Astronaut 2	FD30	FD	19.1564129671806
FD30_2_GGTCCATGCGCCTCAGTAAT	1	FD30_2	Astronaut 2	FD30	FD	61.4709176851419
FD30_2_GGTCCGGAGCGGTCCGGAGC	3	FD30_2	Astronaut 2	FD30	FD	19.0643417747346
FD30_2_GGTCCTAAGGCTAGTGATAT	3	FD30_2	Astronaut 2	FD30	FD	30.3606149117112
FD30_2_GTAATCGACCCGTCGGGCGT	3	FD30_2	Astronaut 2	FD30	FD	17.9692006176294
FD30_2_GTAATCTAACCGCCTGCCTT	6	FD30_2	Astronaut 2	FD30	FD	21.8618225545868
FD30_2_GTAGAAGCGGGTATCGCTTG	5	FD30_2	Astronaut 2	FD30	FD	17.8742421263438
FD30_2_GTATCGAGCTGAGCTGGCGT	1	FD30_2	Astronaut 2	FD30	FD	18.9950358101351
FD30_2_GTATCTAAGGCTGGAGGTCC	3	FD30_2	Astronaut 2	FD30	FD	22.0407386848805
FD30_2_GTATCTATTGGGCGTGCAAC	7	FD30_2	Astronaut 2	FD30	FD	19.5151907149857
FD30_2_GTCTACCTAGGCTTGGCCTT	0	FD30_2	Astronaut 2	FD30	FD	18.9950358699084
FD30_2_GTTAGAAGACATTGGGCAAC	0	FD30_2	Astronaut 2	FD30	FD	20.5986411897508
FD30_2_GTTAGAGTTGGAGCTGCTTG	5	FD30_2	Astronaut 2	FD30	FD	20.0275933322213
FD30_2_GTTAGTCTACGAACCGATAT	0	FD30_2	Astronaut 2	FD30	FD	21.8618226143602
FD30_2_TAAGGATGCGCAGTTGTCTA	0	FD30_2	Astronaut 2	FD30	FD	18.9950359296818
FD30_2_TAAGGCAATCGCTTGGTAAT	7	FD30_2	Astronaut 2	FD30	FD	20.0266882115599
FD30_2_TAGAGATCTGGATGAGCTGC	0	FD30_2	Astronaut 2	FD30	FD	18.9950359894551
FD30_2_TAGAGGAGCTGGTAAGGTCC	0	FD30_2	Astronaut 2	FD30	FD	18.9950360492285
FD30_2_TAGGAAAGCAGTAATGCTGC	0	FD30_2	Astronaut 2	FD30	FD	18.9950361090018
FD30_2_TATCTAACTCGCAACGATGA	3	FD30_2	Astronaut 2	FD30	FD	19.0760281630678
FD30_2_TATCTAAGCACCTCAGATGA	2	FD30_2	Astronaut 2	FD30	FD	17.8742421861172
FD30_2_TATCTATCCTATTGGGGAGC	1	FD30_2	Astronaut 2	FD30	FD	20.7554094385763
FD30_2_TATCTCGGATCAGTTGCAAC	0	FD30_2	Astronaut 2	FD30	FD	19.2437577831479
FD30_2_TATCTGATGACCATAGCCTT	0	FD30_2	Astronaut 2	FD30	FD	20.7554094983496
FD30_2_TATCTTTATGCGCTCGCAAC	0	FD30_2	Astronaut 2	FD30	FD	18.9950361687751
FD30_2_TATTGGAACCCGACCGCAAC	0	FD30_2	Astronaut 2	FD30	FD	19.0334083289401
FD30_2_TATTGGTTAGCGTCGGATGA	0	FD30_2	Astronaut 2	FD30	FD	18.9950362285485
FD30_2_TCAGTCGCTCCGACCGATAT	1	FD30_2	Astronaut 2	FD30	FD	18.9950362883218
FD30_2_TCAGTTTCGACCTCAGCCTT	2	FD30_2	Astronaut 2	FD30	FD	18.9950363480952
FD30_2_TCATCACGATGATGAGTCTA	3	FD30_2	Astronaut 2	FD30	FD	19.0817891258301
FD30_2_TCCGGCCATACAGCGGCAAC	0	FD30_2	Astronaut 2	FD30	FD	17.9594177713234
FD30_2_TCCGGCTAGTCGGATGCTTG	1	FD30_2	Astronaut 2	FD30	FD	18.0159287141145
FD30_2_TCCGGTACGTGAGCTGCTTG	6	FD30_2	Astronaut 2	FD30	FD	18.9950364078685
FD30_2_TCGCGGCCTTCGATTGCAAC	0	FD30_2	Astronaut 2	FD30	FD	19.0031532343797
FD30_2_TCGTATGCGCGATATGCAAC	0	FD30_2	Astronaut 2	FD30	FD	20.0608317821326
FD30_2_TCTACACGATGAGTCGTCTA	1	FD30_2	Astronaut 2	FD30	FD	61.4709177449152
FD30_2_TCTACCTAGTGTAATGATGA	5	FD30_2	Astronaut 2	FD30	FD	18.9950364676418
FD30_2_TCTACGCAACGATGAGGCGT	2	FD30_2	Astronaut 2	FD30	FD	19.0829608844726
FD30_2_TGCGCAGAGTCTAGTGTCTA	2	FD30_2	Astronaut 2	FD30	FD	18.9950365274152
FD30_2_TGCGCATGCGCGATTGATAT	0	FD30_2	Astronaut 2	FD30	FD	20.1562800020363
FD30_2_TGCGCCGCCTCAGCGGCTGC	3	FD30_2	Astronaut 2	FD30	FD	17.8742422458905
FD30_2_TGCTACCTAGGCAGGGATGA	0	FD30_2	Astronaut 2	FD30	FD	18.9950365871885
FD30_2_TGCTACGCTCCGATTGGTCC	3	FD30_2	Astronaut 2	FD30	FD	17.8742423056639
FD30_2_TGGACCCTCACTAACGTCTA	0	FD30_2	Astronaut 2	FD30	FD	18.9950366469618
FD30_2_TGGACGGAGCGTATCGATAT	0	FD30_2	Astronaut 2	FD30	FD	18.9950367067352
FD30_2_TTATGAGGTCGCAACGCCTT	0	FD30_2	Astronaut 2	FD30	FD	18.9950367665085
FD30_2_TTATGATGGCGGCGTGGAGC	1	FD30_2	Astronaut 2	FD30	FD	18.9950368262819
FD30_2_TTCATCAATCGCTTGGATGA	4	FD30_2	Astronaut 2	FD30	FD	18.9950368860552
FD30_2_TTCATTCTACGAACCGATAT	1	FD30_2	Astronaut 2	FD30	FD	18.9950369458285
FD30_2_TTCGACGAAGGTAGAGCTTG	1	FD30_2	Astronaut 2	FD30	FD	18.9950370056019
FD30_2_TTGAAGTAGAGCGAAGTAAT	4	FD30_2	Astronaut 2	FD30	FD	18.9950370653752
FD30_2_TTGAATAGGAGGTAAGCAAC	2	FD30_2	Astronaut 2	FD30	FD	19.1052693595478
FD30_3_AACCGAACTCCCTAGGCCTT	2	FD30_3	Astronaut 3	FD30	FD	32.5013435655019
FD30_3_AACCGCGGCAGCAGGGATAT	1	FD30_3	Astronaut 3	FD30	FD	61.4709178046885
FD30_3_AACCGCTGGACAGTTGGCGT	2	FD30_3	Astronaut 3	FD30	FD	31.9609461530649
FD30_3_AACCGGTCTAGCGGTGCCTT	6	FD30_3	Astronaut 3	FD30	FD	54.6332729430493
FD30_3_AACCGTACGTCTCCAGCCTT	1	FD30_3	Astronaut 3	FD30	FD	44.1448662835152
FD30_3_AACCGTGCGCCGCTCGATAT	1	FD30_3	Astronaut 3	FD30	FD	49.4725600170821
FD30_3_AACCGTGCTACGATTGATGA	7	FD30_3	Astronaut 3	FD30	FD	61.4709178644619
FD30_3_AACCGTTAGCCAACTGCTGC	1	FD30_3	Astronaut 3	FD30	FD	49.728251127225
FD30_3_AACCGTTAGCCAACTGGCGT	6	FD30_3	Astronaut 3	FD30	FD	53.2161343851583
FD30_3_AACGAAACGACTAACGCCTT	1	FD30_3	Astronaut 3	FD30	FD	35.4436826020696
FD30_3_AACGAACTCGGTAGAGCGGT	0	FD30_3	Astronaut 3	FD30	FD	43.5385848606468
FD30_3_AACGACAGAAGCTTGGTCTA	0	FD30_3	Astronaut 3	FD30	FD	49.4725600768554
FD30_3_AACGACAGTTCTAACGTCTA	0	FD30_3	Astronaut 3	FD30	FD	50.6939681314362
FD30_3_AACGACCGCTCAATCGGAGC	1	FD30_3	Astronaut 3	FD30	FD	58.6173990805773
FD30_3_AACGACCGCTGGCAGGCAAC	2	FD30_3	Astronaut 3	FD30	FD	49.0934470215823
FD30_3_AACGACGCTCGGAGCGCTGC	4	FD30_3	Astronaut 3	FD30	FD	31.5404380340419
FD30_3_AACGAGCTCTCGTCGGGCGT	0	FD30_3	Astronaut 3	FD30	FD	31.5404380938153
FD30_3_AACGAGTAATCTTAAGGCGT	0	FD30_3	Astronaut 3	FD30	FD	32.2836702881857
FD30_3_AACGAGTAATGTATCGTAAT	1	FD30_3	Astronaut 3	FD30	FD	43.7218153292184
FD30_3_AACGAGTCTACAACTGCTTG	3	FD30_3	Astronaut 3	FD30	FD	35.083611620685
FD30_3_AACGATACGTGAACCGCCTT	6	FD30_3	Astronaut 3	FD30	FD	61.4709179242352
FD30_3_AACGATCGCGCTAACGTAAT	7	FD30_3	Astronaut 3	FD30	FD	44.3349863758428
FD30_3_AACGATGCGCCGCAAGCCTT	0	FD30_3	Astronaut 3	FD30	FD	33.9649928674511
FD30_3_AACGATTGAACAGCGGGAGC	6	FD30_3	Astronaut 3	FD30	FD	54.8201012968389
FD30_3_AACTCAGCGGGCTTGGCTGC	0	FD30_3	Astronaut 3	FD30	FD	58.6173991403506
FD30_3_AACTCCTAGTCCTCAGATGA	1	FD30_3	Astronaut 3	FD30	FD	49.0934470813556
FD30_3_AACTCCTAGTGCCTTGATGA	0	FD30_3	Astronaut 3	FD30	FD	32.1365070066439
FD30_3_AACTCCTAGTGTAGAGATGA	1	FD30_3	Astronaut 3	FD30	FD	38.8886236366009
FD30_3_AACTCGCTCTGAGTCGGAGC	1	FD30_3	Astronaut 3	FD30	FD	32.1044452420319
FD30_3_AACTCGGAGCGCAGGGCGGT	2	FD30_3	Astronaut 3	FD30	FD	36.7214904169969
FD30_3_AACTCTAGGACTGGAGGCGT	1	FD30_3	Astronaut 3	FD30	FD	54.8201013566123
FD30_3_AACTCTCTACCGCTCGCAAC	0	FD30_3	Astronaut 3	FD30	FD	53.0363972346965
FD30_3_AACTCTGCGCGTAGAGATGA	2	FD30_3	Astronaut 3	FD30	FD	43.517092573781
FD30_3_AACTCTGGACGCTCTGATGA	1	FD30_3	Astronaut 3	FD30	FD	38.5046369898095
FD30_3_AACTCTTAGCGCAGGGCAAC	1	FD30_3	Astronaut 3	FD30	FD	54.8535107438079
FD30_3_AACTCTTAGCGTAATGCAAC	1	FD30_3	Astronaut 3	FD30	FD	57.839688374863
FD30_3_AAGACACTAACTCCAGGCGT	6	FD30_3	Astronaut 3	FD30	FD	60.1588310488506
FD30_3_AAGACCAATCGCTCTGCTGC	6	FD30_3	Astronaut 3	FD30	FD	42.5370013772567
FD30_3_AAGACCGGCAGAACCGTCTA	0	FD30_3	Astronaut 3	FD30	FD	59.4096545811551
FD30_3_AAGACGTCTACGCAAGGTCC	1	FD30_3	Astronaut 3	FD30	FD	53.297654676349
FD30_3_AAGCAAACCGGATATGCTTG	0	FD30_3	Astronaut 3	FD30	FD	58.6173992001239
FD30_3_AAGCAAAGCAGTAGAGATGA	6	FD30_3	Astronaut 3	FD30	FD	58.6813418690638
FD30_3_AAGCAAGTTGCAATCGCCTT	5	FD30_3	Astronaut 3	FD30	FD	39.1737050426557
FD30_3_AAGCACTAGTCCTCAGCTGC	0	FD30_3	Astronaut 3	FD30	FD	44.1448663432885
FD30_3_AAGCAGCGGTCCATAGATAT	0	FD30_3	Astronaut 3	FD30	FD	60.5071174821974
FD30_3_AAGCAGGCAGGCAGGGTCTA	4	FD30_3	Astronaut 3	FD30	FD	43.5170926335543
FD30_3_AAGCAGGCGTGCTGCGATAT	5	FD30_3	Astronaut 3	FD30	FD	49.093447141129
FD30_3_AAGCAGGCGTGCTGCGCTTG	1	FD30_3	Astronaut 3	FD30	FD	61.4709179840085
FD30_3_AAGCATCTACCCGCTGCGGT	1	FD30_3	Astronaut 3	FD30	FD	48.2787074321402
FD30_3_AAGGTATTCAGCTTGGATAT	0	FD30_3	Astronaut 3	FD30	FD	46.6343370129042
FD30_3_AAGGTGCTTGCGCTCGATGA	1	FD30_3	Astronaut 3	FD30	FD	57.4084638483011
FD30_3_AAGGTGTCTACAGCGGCGGT	0	FD30_3	Astronaut 3	FD30	FD	43.5385849204201
FD30_3_ACCAGATCCTGCGGTGGCGT	2	FD30_3	Astronaut 3	FD30	FD	54.5222855527479
FD30_3_ACCAGCCTCACGAAGGGCGT	6	FD30_3	Astronaut 3	FD30	FD	61.4709180437819
FD30_3_ACCAGCGCAACTTAAGGCGT	0	FD30_3	Astronaut 3	FD30	FD	53.5190937264166
FD30_3_ACCAGCTGGAGAACCGATAT	0	FD30_3	Astronaut 3	FD30	FD	52.283864683785
FD30_3_ACCTAAACGACCATAGTAAT	5	FD30_3	Astronaut 3	FD30	FD	31.5404381535886
FD30_3_ACCTAAAGCAGCTCTGCCTT	0	FD30_3	Astronaut 3	FD30	FD	49.3636914392949
FD30_3_ACCTAATTGGCAGCGGCGGT	1	FD30_3	Astronaut 3	FD30	FD	54.5222856125213
FD30_3_ACCTACAGTTCTAACGATAT	3	FD30_3	Astronaut 3	FD30	FD	53.0547074834875
FD30_3_ACCTACGATTCGATTGTAAT	1	FD30_3	Astronaut 3	FD30	FD	55.7630401556877
FD30_3_ACCTACGATTGCCTTGATAT	1	FD30_3	Astronaut 3	FD30	FD	38.4190319443083
FD30_3_ACCTACTAACCGAAGGCTGC	0	FD30_3	Astronaut 3	FD30	FD	33.1798112050724
FD30_3_ACCTACTAACGTATCGCTGC	0	FD30_3	Astronaut 3	FD30	FD	36.3264073667987
FD30_3_ACCTAGAGCTGTAGAGTCTA	3	FD30_3	Astronaut 3	FD30	FD	31.5404382133619
FD30_3_ACCTATCGTAATTGGGCAAC	0	FD30_3	Astronaut 3	FD30	FD	57.8396884346363
FD30_3_ACCTATGCTAGTAGAGTCTA	0	FD30_3	Astronaut 3	FD30	FD	50.7363409673662
FD30_3_ACGATACTCGGCCTTGCTGC	5	FD30_3	Astronaut 3	FD30	FD	61.4709181035552
FD30_3_ACGATCAGAAGATGAGATGA	4	FD30_3	Astronaut 3	FD30	FD	44.1448664030619
FD30_3_ACGATCGATTGCAGGGCTGC	1	FD30_3	Astronaut 3	FD30	FD	44.939188996244
FD30_3_ACGATCTTAACAGCGGCCTT	1	FD30_3	Astronaut 3	FD30	FD	39.5295816411526
FD30_3_ACGATTAGGAGCTTGGTCTA	6	FD30_3	Astronaut 3	FD30	FD	49.4510644357747
FD30_3_ACGATTCCGGGATATGATGA	1	FD30_3	Astronaut 3	FD30	FD	46.0703357298432
FD30_3_ACTAAACTCGGACTGGTCTA	4	FD30_3	Astronaut 3	FD30	FD	44.1448664628352
FD30_3_ACTAACAACTGTAATGGCGT	6	FD30_3	Astronaut 3	FD30	FD	35.4514475923331
FD30_3_ACTAAGCTGCCGACCGATAT	0	FD30_3	Astronaut 3	FD30	FD	44.5278533226845
FD30_3_ACTAAGGCGTCGGATGATGA	1	FD30_3	Astronaut 3	FD30	FD	60.1721041751621
FD30_3_ACTAAGTCTACAGTTGCTGC	0	FD30_3	Astronaut 3	FD30	FD	28.2044565260196
FD30_3_ACTAATAAGGCAGTTGATAT	1	FD30_3	Astronaut 3	FD30	FD	51.315369931626
FD30_3_ACTAATAGAGCGCCTGTCTA	0	FD30_3	Astronaut 3	FD30	FD	49.4725601366287
FD30_3_ACTAATCAGTGTAATGCAAC	0	FD30_3	Astronaut 3	FD30	FD	39.5295817009259
FD30_3_ACTAATTCATGACTGGCGGT	0	FD30_3	Astronaut 3	FD30	FD	50.2977030999449
FD30_3_ACTCGACGATCAGCGGGTCC	0	FD30_3	Astronaut 3	FD30	FD	52.5258978744377
FD30_3_ACTCGAGAGTCGATTGTAAT	6	FD30_3	Astronaut 3	FD30	FD	30.2118982896793
FD30_3_ACTCGAGGTCGATATGTAAT	0	FD30_3	Astronaut 3	FD30	FD	31.2022774321732
FD30_3_ACTCGATTACCAGTTGTCTA	0	FD30_3	Astronaut 3	FD30	FD	49.1683387930185
FD30_3_ACTCGGAGTCGAGCTGATAT	1	FD30_3	Astronaut 3	FD30	FD	46.9486900398602
FD30_3_ACTCGTAGAGGCTTGGGTCC	1	FD30_3	Astronaut 3	FD30	FD	45.3071108746243
FD30_3_ACTCGTATCTGTATCGTCTA	0	FD30_3	Astronaut 3	FD30	FD	39.2957083743158
FD30_3_ACTCGTCGTACAGCGGTAAT	0	FD30_3	Astronaut 3	FD30	FD	36.8839382737141
FD30_3_ACTTCGCAGGCGGCAGTAAT	6	FD30_3	Astronaut 3	FD30	FD	49.4725601964021
FD30_3_ACTTCGTCCGCAGCGGCTTG	1	FD30_3	Astronaut 3	FD30	FD	57.8847338710552
FD30_3_ACTTCTGAGAGAACCGCCTT	0	FD30_3	Astronaut 3	FD30	FD	49.4725602561754
FD30_3_AGAACAAGCAGGCAGGATAT	2	FD30_3	Astronaut 3	FD30	FD	61.4709181633285
FD30_3_AGAACATGCGCAATCGCCTT	3	FD30_3	Astronaut 3	FD30	FD	54.6332730028227
FD30_3_AGAACCGACCCCATAGATGA	1	FD30_3	Astronaut 3	FD30	FD	43.5244234862701
FD30_3_AGAACGATATGGTAAGTAAT	1	FD30_3	Astronaut 3	FD30	FD	41.0892814212594
FD30_3_AGAACTCGCGGAACCGCCTT	0	FD30_3	Astronaut 3	FD30	FD	54.5222856722946
FD30_3_AGAACTGCTAGCAGGGTAAT	5	FD30_3	Astronaut 3	FD30	FD	31.5404382731353
FD30_3_AGAGTACTTCATTCAGCGGT	6	FD30_3	Astronaut 3	FD30	FD	42.1268704843671
FD30_3_AGAGTGTATCGGCAGGCGGT	7	FD30_3	Astronaut 3	FD30	FD	35.443682661843
FD30_3_AGAGTTGCTAGGCAGGCGGT	2	FD30_3	Astronaut 3	FD30	FD	49.4725603159487
FD30_3_AGCGGCAGTTCGCAAGGTCC	1	FD30_3	Astronaut 3	FD30	FD	49.2512146874354
FD30_3_AGCGGCCTCACGCCTGGCGT	7	FD30_3	Astronaut 3	FD30	FD	49.0934472009023
FD30_3_AGCGGCGTCGGGCGTGGCGT	2	FD30_3	Astronaut 3	FD30	FD	57.345232777055
FD30_3_AGGCTACGATGGAGCGCTGC	0	FD30_3	Astronaut 3	FD30	FD	44.9391890560173
FD30_3_AGGCTACTTCGAACCGTCTA	3	FD30_3	Astronaut 3	FD30	FD	29.4265418838354
FD30_3_AGGCTCGGCACTGGAGTAAT	5	FD30_3	Astronaut 3	FD30	FD	50.4776296932344
FD30_3_AGGCTCTAGTCAGCGGCTTG	1	FD30_3	Astronaut 3	FD30	FD	53.5453157741269
FD30_3_AGGCTGGAGCGAACCGCTGC	2	FD30_3	Astronaut 3	FD30	FD	49.4725603757221
FD30_3_AGGCTGTAGACCGCTGCTGC	1	FD30_3	Astronaut 3	FD30	FD	44.4626082995594
FD30_3_AGGCTGTAGACTCCAGGAGC	2	FD30_3	Astronaut 3	FD30	FD	52.525897934211
FD30_3_AGGCTGTCTAGTATCGCTGC	5	FD30_3	Astronaut 3	FD30	FD	32.5773646257838
FD30_3_AGGTCAAGACCAGAAGCGGT	0	FD30_3	Astronaut 3	FD30	FD	61.4709182231019
FD30_3_AGGTCTATCTCGCTCGGAGC	1	FD30_3	Astronaut 3	FD30	FD	31.5404383329086
FD30_3_AGGTCTCTACGACTGGATGA	0	FD30_3	Astronaut 3	FD30	FD	43.5385849801935
FD30_3_AGTTGAACGACTACGGCAAC	1	FD30_3	Astronaut 3	FD30	FD	50.4049376390003
FD30_3_AGTTGAAGGTGGCAGGGAGC	2	FD30_3	Astronaut 3	FD30	FD	43.5244235460435
FD30_3_AGTTGAGAGTGGTCCGCCTT	2	FD30_3	Astronaut 3	FD30	FD	49.0934472606756
FD30_3_AGTTGCGTCGGGTCCGCTTG	5	FD30_3	Astronaut 3	FD30	FD	56.876588719489
FD30_3_AGTTGGAGCTCAGTTGCTTG	1	FD30_3	Astronaut 3	FD30	FD	57.4745612631065
FD30_3_AGTTGGAGCTGATATGCTTG	3	FD30_3	Astronaut 3	FD30	FD	52.2459522384195
FD30_3_AGTTGGTCTACGACCGATAT	3	FD30_3	Astronaut 3	FD30	FD	49.3714306435021
FD30_3_AGTTGGTTAGGCGAAGGCGT	1	FD30_3	Astronaut 3	FD30	FD	49.4725604354954
FD30_3_AGTTGTTATGCGACCGCCTT	1	FD30_3	Astronaut 3	FD30	FD	52.5258979939843
FD30_3_ATCCTAACGAGATATGATGA	0	FD30_3	Astronaut 3	FD30	FD	59.8167720544343
FD30_3_ATCCTAAGCAATTGGGGTCC	6	FD30_3	Astronaut 3	FD30	FD	43.910774923258
FD30_3_ATCCTAGAGTCGGCAGGAGC	1	FD30_3	Astronaut 3	FD30	FD	35.0836116804584
FD30_3_ATCCTAGCGGCGTCGGTAAT	4	FD30_3	Astronaut 3	FD30	FD	38.5421635539622
FD30_3_ATCCTCAATCGCTTGGCTTG	7	FD30_3	Astronaut 3	FD30	FD	24.9054949182704
FD30_3_ATCCTGTATCGCCTTGCTGC	0	FD30_3	Astronaut 3	FD30	FD	43.5385850399668
FD30_3_ATCCTTACGTCGAAGGCCTT	0	FD30_3	Astronaut 3	FD30	FD	54.8707521230173
FD30_3_ATCTGATTCAGGCGTGGTCC	5	FD30_3	Astronaut 3	FD30	FD	50.7363410271396
FD30_3_ATCTGCCTCAGGAGCGCAAC	1	FD30_3	Astronaut 3	FD30	FD	54.5222857320679
FD30_3_ATCTGGGCGTGTATCGCTGC	0	FD30_3	Astronaut 3	FD30	FD	44.2214292932395
FD30_3_ATGCGAAGACCGAAGGGAGC	1	FD30_3	Astronaut 3	FD30	FD	50.1952958998066
FD30_3_ATGCGGCCTTGCGAAGATAT	1	FD30_3	Astronaut 3	FD30	FD	41.8489984998471
FD30_3_ATGCGGTCCGCGCCTGCCTT	5	FD30_3	Astronaut 3	FD30	FD	49.1906628541027
FD30_3_ATGCGTGGACGGTCCGTAAT	0	FD30_3	Astronaut 3	FD30	FD	30.3606149714845
FD30_3_ATGCGTTCGAATTGGGTCTA	0	FD30_3	Astronaut 3	FD30	FD	44.8218783967317
FD30_3_ATGGCAGAGTGAGCTGCTGC	1	FD30_3	Astronaut 3	FD30	FD	52.2991422322343
FD30_3_ATGGCCGAAGGCAGGGGAGC	1	FD30_3	Astronaut 3	FD30	FD	50.223809026443
FD30_3_ATGGCGGTCCGCAGGGCTGC	0	FD30_3	Astronaut 3	FD30	FD	18.9950371251485
FD30_3_ATGGCGTCCGCAGTTGCAAC	5	FD30_3	Astronaut 3	FD30	FD	56.5386467768959
FD30_3_ATGGCTTAGCCGATTGGAGC	2	FD30_3	Astronaut 3	FD30	FD	49.2779597291776
FD30_3_ATTACAGCGGCTAGTGCTTG	5	FD30_3	Astronaut 3	FD30	FD	50.7363410869129
FD30_3_ATTACCTAACGATGAGCAAC	1	FD30_3	Astronaut 3	FD30	FD	58.7510007322208
FD30_3_ATTACGAACCCGCCTGCCTT	6	FD30_3	Astronaut 3	FD30	FD	22.0731830289253
FD30_3_ATTACGATATCAGTTGCTTG	1	FD30_3	Astronaut 3	FD30	FD	57.8611198395316
FD30_3_ATTACGGCGTCGCAAGCTGC	0	FD30_3	Astronaut 3	FD30	FD	54.633273062596
FD30_3_ATTACGGTAACGCTCGCGGT	1	FD30_3	Astronaut 3	FD30	FD	43.5244236058168
FD30_3_ATTACGTTAGCCTCAGCAAC	1	FD30_3	Astronaut 3	FD30	FD	33.9599702913228
FD30_3_ATTACTTAGCGGAGCGCCTT	0	FD30_3	Astronaut 3	FD30	FD	46.1991976412578
FD30_3_ATTCACGATTGTATCGATAT	2	FD30_3	Astronaut 3	FD30	FD	54.5549885068215
FD30_3_ATTCAGAGCTCAGAAGGCGT	1	FD30_3	Astronaut 3	FD30	FD	32.4963943590748
FD30_3_ATTCAGAGCTGCGGTGTCTA	0	FD30_3	Astronaut 3	FD30	FD	49.4725604952688
FD30_3_ATTCAGGCGTCGCTCGTAAT	5	FD30_3	Astronaut 3	FD30	FD	44.8639961923302
FD30_3_ATTCAGTCTAGATATGCTGC	1	FD30_3	Astronaut 3	FD30	FD	57.8396884944097
FD30_3_ATTCATATCTCAGTTGCGGT	1	FD30_3	Astronaut 3	FD30	FD	49.6545175681177
FD30_3_ATTCATCAGTGATATGATGA	2	FD30_3	Astronaut 3	FD30	FD	56.4688317703159
FD30_3_ATTCATGGACCGCCTGGTCC	0	FD30_3	Astronaut 3	FD30	FD	49.093447320449
FD30_3_ATTGGAGGCTCAGCGGATAT	0	FD30_3	Astronaut 3	FD30	FD	50.7363411466862
FD30_3_ATTGGCGATTGAGCTGCTGC	0	FD30_3	Astronaut 3	FD30	FD	54.5222857918413
FD30_3_ATTGGGCCTTGGTCCGTAAT	0	FD30_3	Astronaut 3	FD30	FD	34.764377208984
FD30_3_CAACTAGTTGCGTCGGTCTA	0	FD30_3	Astronaut 3	FD30	FD	54.6332731223693
FD30_3_CAACTCGGCACAGTTGTAAT	0	FD30_3	Astronaut 3	FD30	FD	39.153479373745
FD30_3_CAACTGCTTGCGACCGTAAT	1	FD30_3	Astronaut 3	FD30	FD	44.1448665226085
FD30_3_CAATCAACCGCGCAAGGTCC	3	FD30_3	Astronaut 3	FD30	FD	35.4851858879156
FD30_3_CAATCAACGAGCAACGGTCC	2	FD30_3	Astronaut 3	FD30	FD	49.0934473802223
FD30_3_CAATCAAGACCGAAGGCAAC	1	FD30_3	Astronaut 3	FD30	FD	54.5222858516146
FD30_3_CAATCCGCCTGAGCTGTCTA	0	FD30_3	Astronaut 3	FD30	FD	44.1448665823819
FD30_3_CAATCGCCTTCAGTTGGAGC	6	FD30_3	Astronaut 3	FD30	FD	52.5258980537577
FD30_3_CAATCTAAGGGCGGTGCTGC	0	FD30_3	Astronaut 3	FD30	FD	36.7214904767702
FD30_3_CAGAAAGGTCGCTTGGCTGC	7	FD30_3	Astronaut 3	FD30	FD	49.3108947050154
FD30_3_CAGAAAGTTGGAGCTGATAT	5	FD30_3	Astronaut 3	FD30	FD	57.839688554183
FD30_3_CAGAAAGTTGGCGAAGCTTG	5	FD30_3	Astronaut 3	FD30	FD	58.058201926499
FD30_3_CAGAAATCCTATTGGGCGGT	0	FD30_3	Astronaut 3	FD30	FD	54.5222859113879
FD30_3_CAGAACTAGTCAGCGGCTTG	3	FD30_3	Astronaut 3	FD30	FD	27.7339883359984
FD30_3_CAGAAGGAGCCTACGGGAGC	1	FD30_3	Astronaut 3	FD30	FD	42.0494001562078
FD30_3_CAGAAGGTAACGCTCGTCTA	0	FD30_3	Astronaut 3	FD30	FD	34.7166251794913
FD30_3_CAGAATTCATCGTCGGGTCC	0	FD30_3	Astronaut 3	FD30	FD	56.3334985445891
FD30_3_CAGCGAAGCAGCTTGGGTCC	1	FD30_3	Astronaut 3	FD30	FD	30.3606150312579
FD30_3_CAGCGCGGATCCATAGTAAT	2	FD30_3	Astronaut 3	FD30	FD	60.3969696715994
FD30_3_CAGCGGCAGGGGAGCGCGGT	0	FD30_3	Astronaut 3	FD30	FD	31.5404383926819
FD30_3_CAGCGGGAGCGTAGAGGCGT	2	FD30_3	Astronaut 3	FD30	FD	35.4436827216163
FD30_3_CAGTTAGGTCGGCAGGCTTG	1	FD30_3	Astronaut 3	FD30	FD	41.9002485192114
FD30_3_CAGTTCAGCGGCGGTGTAAT	3	FD30_3	Astronaut 3	FD30	FD	43.5385850997401
FD30_3_CAGTTCGACCCAGAAGCGGT	0	FD30_3	Astronaut 3	FD30	FD	31.215438563108
FD30_3_CAGTTTGCTAGGCGTGCGGT	0	FD30_3	Astronaut 3	FD30	FD	49.3170027799324
FD30_3_CAGTTTTATGCCTCAGATGA	1	FD30_3	Astronaut 3	FD30	FD	39.0284917883608
FD30_3_CCATAAGCGGGCTGCGCAAC	1	FD30_3	Astronaut 3	FD30	FD	54.6332731821427
FD30_3_CCATACGCTCCCGCTGCTTG	1	FD30_3	Astronaut 3	FD30	FD	50.3347396434775
FD30_3_CCATAGATATCTCCAGCAAC	3	FD30_3	Astronaut 3	FD30	FD	54.5222859711613
FD30_3_CCATAGCTGCGCGGTGCCTT	6	FD30_3	Astronaut 3	FD30	FD	44.1448666421552
FD30_3_CCATATATCTGGCAGGTAAT	1	FD30_3	Astronaut 3	FD30	FD	38.5046370495829
FD30_3_CCGCTAGCGGCAGCGGCTGC	0	FD30_3	Astronaut 3	FD30	FD	31.5404384524553
FD30_3_CCGCTGTAGACAATCGCCTT	6	FD30_3	Astronaut 3	FD30	FD	54.5222860309346
FD30_3_CCGCTTAGAGCTAGTGTAAT	3	FD30_3	Astronaut 3	FD30	FD	54.6475979390159
FD30_3_CCGCTTATGCCGGATGCTTG	1	FD30_3	Astronaut 3	FD30	FD	51.2431943263563
FD30_3_CCGCTTTAGCCAATCGATGA	5	FD30_3	Astronaut 3	FD30	FD	49.1759501535826
FD30_3_CCTAGAACCGGATATGTCTA	1	FD30_3	Astronaut 3	FD30	FD	49.0934474399956
FD30_3_CCTAGACCAGCGATTGTCTA	4	FD30_3	Astronaut 3	FD30	FD	35.4436827813896
FD30_3_CCTAGGTATCCCATAGATAT	6	FD30_3	Astronaut 3	FD30	FD	43.5385851595135
FD30_3_CCTAGGTCCGCGGCAGCTGC	0	FD30_3	Astronaut 3	FD30	FD	49.4725605550421
FD30_3_CCTAGTCAGTGTAGAGATGA	0	FD30_3	Astronaut 3	FD30	FD	50.7363412064596
FD30_3_CCTAGTCGTACCATAGGCGT	0	FD30_3	Astronaut 3	FD30	FD	36.1587165594302
FD30_3_CCTCAAAGACCCATAGGCGT	5	FD30_3	Astronaut 3	FD30	FD	36.5801547103988
FD30_3_CCTCAAAGGTGGAGCGCTTG	0	FD30_3	Astronaut 3	FD30	FD	56.8694207194494
FD30_3_CCTCAGGTCCGTATCGCTTG	1	FD30_3	Astronaut 3	FD30	FD	36.7214905365435
FD30_3_CGAAGACTTCGTATCGGAGC	1	FD30_3	Astronaut 3	FD30	FD	58.7449230286524
FD30_3_CGAAGAGCGGGCGGTGGTCC	1	FD30_3	Astronaut 3	FD30	FD	34.0487478477648
FD30_3_CGAAGTCTACGGCGTGATAT	7	FD30_3	Astronaut 3	FD30	FD	49.4725606148154
FD30_3_CGACCAAGGTCGCCTGGCGT	1	FD30_3	Astronaut 3	FD30	FD	21.0173183778164
FD30_3_CGACCCAGCGGCCTTGCTGC	1	FD30_3	Astronaut 3	FD30	FD	43.6569639783065
FD30_3_CGACCCGGATCAACTGCGGT	7	FD30_3	Astronaut 3	FD30	FD	57.8396886139563
FD30_3_CGACCTTGAAGCAGGGCAAC	6	FD30_3	Astronaut 3	FD30	FD	43.6147959027439
FD30_3_CGATTAACCGCAGCGGGCGT	0	FD30_3	Astronaut 3	FD30	FD	44.1448667019285
FD30_3_CGATTACTCGCGCAAGGCGT	1	FD30_3	Astronaut 3	FD30	FD	58.8141912239969
FD30_3_CGATTATTGGCGCCTGGAGC	1	FD30_3	Astronaut 3	FD30	FD	57.8396886737297
FD30_3_CGCAACAGAACAGCGGCCTT	0	FD30_3	Astronaut 3	FD30	FD	52.525898113531
FD30_3_CGCAACCGCTATTGGGGAGC	0	FD30_3	Astronaut 3	FD30	FD	38.5046371093562
FD30_3_CGCAACTGGACAGCGGATGA	1	FD30_3	Astronaut 3	FD30	FD	52.5303072996807
FD30_3_CGCCTGCTCTGCAACGGAGC	0	FD30_3	Astronaut 3	FD30	FD	57.839688733503
FD30_3_CGCCTGTAGACGATTGGCGT	2	FD30_3	Astronaut 3	FD30	FD	56.5274105388407
FD30_3_CGCCTGTAGACTGGAGATGA	7	FD30_3	Astronaut 3	FD30	FD	54.5222860907079
FD30_3_CGCCTTAAGGGCGGTGCTGC	2	FD30_3	Astronaut 3	FD30	FD	52.5258981733043
FD30_3_CGCTCAGAACGTAATGCTGC	0	FD30_3	Astronaut 3	FD30	FD	44.5286385826812
FD30_3_CGCTCCAGCGCCTCAGGCGT	0	FD30_3	Astronaut 3	FD30	FD	43.5385852192868
FD30_3_CGCTCCGCAACGCTCGTCTA	4	FD30_3	Astronaut 3	FD30	FD	53.4665285688656
FD30_3_CGCTCCTACGCGCAAGATAT	1	FD30_3	Astronaut 3	FD30	FD	31.5404385122286
FD30_3_CGCTCGGCGTGAGTCGCTGC	6	FD30_3	Astronaut 3	FD30	FD	32.590254681667
FD30_3_CGCTCGGCGTGGCAGGCTGC	0	FD30_3	Astronaut 3	FD30	FD	48.5879010318338
FD30_3_CGGATATGCGCGCCTGGAGC	0	FD30_3	Astronaut 3	FD30	FD	54.5819095552166
FD30_3_CGGATCTAACCTGGAGTCTA	4	FD30_3	Astronaut 3	FD30	FD	32.1044453018053
FD30_3_CGGATGAACCATTCAGGAGC	1	FD30_3	Astronaut 3	FD30	FD	45.992856097609
FD30_3_CGGATGTCCGCCGCTGCTTG	1	FD30_3	Astronaut 3	FD30	FD	27.7339883957717
FD30_3_CGGATTTATGCTAACGCTGC	2	FD30_3	Astronaut 3	FD30	FD	61.1822092797508
FD30_3_CGGCAAGGCTGCCTTGCGGT	1	FD30_3	Astronaut 3	FD30	FD	43.8186570169649
FD30_3_CGGCACCGCTCAGTTGCAAC	4	FD30_3	Astronaut 3	FD30	FD	36.3631592914631
FD30_3_CGGCAGGTCCCTACGGGCGT	6	FD30_3	Astronaut 3	FD30	FD	50.7363412662329
FD30_3_CGGCAGTATCGCAACGGAGC	1	FD30_3	Astronaut 3	FD30	FD	57.8396887932764
FD30_3_CGGCATAAGGGCTGCGGCGT	1	FD30_3	Astronaut 3	FD30	FD	34.7516126774755
FD30_3_CGGCATTGAAGCAACGGCGT	0	FD30_3	Astronaut 3	FD30	FD	36.7214905963169
FD30_3_CGTCGATGGCCTAGTGGAGC	1	FD30_3	Astronaut 3	FD30	FD	51.4951915814349
FD30_3_CTAACAACCGCGCCTGGCGT	6	FD30_3	Astronaut 3	FD30	FD	50.1653507796732
FD30_3_CTAACAAGCACGTCGGCGGT	0	FD30_3	Astronaut 3	FD30	FD	50.4045031182098
FD30_3_CTAACAAGCACTAGTGGTCC	1	FD30_3	Astronaut 3	FD30	FD	41.7059416400582
FD30_3_CTAACACGATCGGATGTCTA	1	FD30_3	Astronaut 3	FD30	FD	58.1664353811798
FD30_3_CTAACAGCGGGTAATGATAT	0	FD30_3	Astronaut 3	FD30	FD	37.5997432674215
FD30_3_CTAACATCTGCGCAAGCAAC	0	FD30_3	Astronaut 3	FD30	FD	61.4709182828752
FD30_3_CTAACCCTCACTCCAGCTGC	6	FD30_3	Astronaut 3	FD30	FD	52.972302185091
FD30_3_CTAACCTACGGGCAGGTAAT	1	FD30_3	Astronaut 3	FD30	FD	31.3084234901535
FD30_3_CTAACGCGGTCTGGAGATGA	0	FD30_3	Astronaut 3	FD30	FD	18.9950371849219
FD30_3_CTAACGTAATCTACGGCCTT	6	FD30_3	Astronaut 3	FD30	FD	44.5286386424545
FD30_3_CTAACGTCTACGCTCGTCTA	0	FD30_3	Astronaut 3	FD30	FD	35.8435117929548
FD30_3_CTAACGTTAGCGCAAGTAAT	4	FD30_3	Astronaut 3	FD30	FD	38.4569582317941
FD30_3_CTAACTAGGACTGGAGGCGT	0	FD30_3	Astronaut 3	FD30	FD	60.9375129686365
FD30_3_CTAACTTATGCGCCTGCAAC	1	FD30_3	Astronaut 3	FD30	FD	52.9032622886024
FD30_3_CTACGACTCGGAGTCGCGGT	6	FD30_3	Astronaut 3	FD30	FD	49.1683388527918
FD30_3_CTACGCAATCCTCCAGGAGC	1	FD30_3	Astronaut 3	FD30	FD	44.0321473598211
FD30_3_CTACGCAGCGCTACGGCTTG	6	FD30_3	Astronaut 3	FD30	FD	57.8396888530497
FD30_3_CTACGCAGTTGAACCGCTTG	0	FD30_3	Astronaut 3	FD30	FD	31.540438572002
FD30_3_CTACGCAGTTGACTGGCTTG	5	FD30_3	Astronaut 3	FD30	FD	61.4709183426486
FD30_3_CTACGCTAGTGGTAAGTCTA	1	FD30_3	Astronaut 3	FD30	FD	49.4725606745888
FD30_3_CTAGTCAACTGCAACGTCTA	6	FD30_3	Astronaut 3	FD30	FD	50.7363413260062
FD30_3_CTAGTCGCCTGGTAAGCCTT	3	FD30_3	Astronaut 3	FD30	FD	49.093447499769
FD30_3_CTAGTCGGCAGCAGGGCAAC	6	FD30_3	Astronaut 3	FD30	FD	41.0906804742433
FD30_3_CTAGTGGTCCGTATCGCTTG	1	FD30_3	Astronaut 3	FD30	FD	44.0315321123678
FD30_3_CTCCAAAGACCCTAGGCGGT	0	FD30_3	Astronaut 3	FD30	FD	60.1721042349354
FD30_3_CTCCACCTAGGGAGCGGCGT	0	FD30_3	Astronaut 3	FD30	FD	53.2161344449316
FD30_3_CTCCATAGGAGGCAGGCTTG	1	FD30_3	Astronaut 3	FD30	FD	43.5188429317523
FD30_3_CTCCATTGAAGATGAGGCGT	2	FD30_3	Astronaut 3	FD30	FD	57.3601568405931
FD30_3_CTGGAGAGCTCAGAAGGCGT	6	FD30_3	Astronaut 3	FD30	FD	44.1448667617019
FD30_3_CTTAAAGAGTGCAACGGCGT	6	FD30_3	Astronaut 3	FD30	FD	35.7294397498476
FD30_3_CTTAACCTAGGATATGCAAC	1	FD30_3	Astronaut 3	FD30	FD	57.4321901029355
FD30_3_CTTAACTCCAGCCTTGCAAC	0	FD30_3	Astronaut 3	FD30	FD	50.7363413857796
FD30_3_CTTAAGCAACGATGAGATGA	5	FD30_3	Astronaut 3	FD30	FD	30.3606150910312
FD30_3_CTTAAGCTCTCTACGGCCTT	0	FD30_3	Astronaut 3	FD30	FD	34.7166252392646
FD30_3_CTTAATTAGCCAGTTGTAAT	0	FD30_3	Astronaut 3	FD30	FD	55.6325608079672
FD30_3_GAACCACCAGGCTCTGGTCC	3	FD30_3	Astronaut 3	FD30	FD	50.7363414455529
FD30_3_GAACCAGAACGCAACGCAAC	3	FD30_3	Astronaut 3	FD30	FD	57.9058344080814
FD30_3_GAACCAGAGTGTATCGTAAT	1	FD30_3	Astronaut 3	FD30	FD	49.4725607343621
FD30_3_GAACCTCATCGATGAGTCTA	0	FD30_3	Astronaut 3	FD30	FD	43.5385852790601
FD30_3_GAACCTGAGACTAACGGAGC	6	FD30_3	Astronaut 3	FD30	FD	35.443682841163
FD30_3_GACTGCCTAGGTAATGCGGT	0	FD30_3	Astronaut 3	FD30	FD	41.6038520452643
FD30_3_GACTGCGATTGGAGCGGAGC	1	FD30_3	Astronaut 3	FD30	FD	58.8564981444441
FD30_3_GACTGGCGGTATTCAGTAAT	0	FD30_3	Astronaut 3	FD30	FD	36.5801547701722
FD30_3_GACTGGCTGCGAACCGATAT	6	FD30_3	Astronaut 3	FD30	FD	49.4725607941354
FD30_3_GAGCTAGTTGCAGTTGATGA	6	FD30_3	Astronaut 3	FD30	FD	50.2376077772533
FD30_3_GAGCTAGTTGGGCGTGATGA	1	FD30_3	Astronaut 3	FD30	FD	43.3141304920508
FD30_3_GAGCTATCTGGGTAAGGCGT	0	FD30_3	Astronaut 3	FD30	FD	49.4725608539088
FD30_3_GAGCTCGCCTCTTAAGTCTA	0	FD30_3	Astronaut 3	FD30	FD	44.1517402191724
FD30_3_GAGCTCGGCACCATAGCAAC	0	FD30_3	Astronaut 3	FD30	FD	50.7363415053262
FD30_3_GAGCTCTACGGCAACGCCTT	0	FD30_3	Astronaut 3	FD30	FD	34.8583569272709
FD30_3_GAGCTGATATGGTCCGTCTA	3	FD30_3	Astronaut 3	FD30	FD	43.5385853388335
FD30_3_GAGCTGCTTGGTAATGATGA	1	FD30_3	Astronaut 3	FD30	FD	54.5222861504813
FD30_3_GAGCTGGCGTGCGAAGGCGT	6	FD30_3	Astronaut 3	FD30	FD	60.1421279082343
FD30_3_GAGCTTACGTGCTGCGTAAT	4	FD30_3	Astronaut 3	FD30	FD	34.9371519023126
FD30_3_GAGTCACGATCGGCAGTAAT	1	FD30_3	Astronaut 3	FD30	FD	51.3789346626646
FD30_3_GAGTCATTCAATTGGGATGA	0	FD30_3	Astronaut 3	FD30	FD	44.1448668214752
FD30_3_GAGTCCTCCAATTGGGGAGC	0	FD30_3	Astronaut 3	FD30	FD	36.7214906560902
FD30_3_GAGTCGATGAGGCGTGCTGC	0	FD30_3	Astronaut 3	FD30	FD	50.6995870130912
FD30_3_GAGTCTTAGCCTACGGCAAC	6	FD30_3	Astronaut 3	FD30	FD	45.8985457765928
FD30_3_GAGTCTTGAAATTGGGCTGC	1	FD30_3	Astronaut 3	FD30	FD	50.7363415650996
FD30_3_GAGTCTTGAAGATGAGCGGT	5	FD30_3	Astronaut 3	FD30	FD	43.5385853986068
FD30_3_GATATAGCGGCGGCAGCCTT	1	FD30_3	Astronaut 3	FD30	FD	49.1577711625165
FD30_3_GATATATGCGGGCAGGATAT	2	FD30_3	Astronaut 3	FD30	FD	44.1448668812485
FD30_3_GATATCGGATCAGTTGCTTG	1	FD30_3	Astronaut 3	FD30	FD	40.1104942155888
FD30_3_GATATCGGATGATATGCTTG	1	FD30_3	Astronaut 3	FD30	FD	36.5801548299455
FD30_3_GATATGGTAACAGCGGTCTA	4	FD30_3	Astronaut 3	FD30	FD	35.4601900887942
FD30_3_GATATGTAGACGCCTGTAAT	1	FD30_3	Astronaut 3	FD30	FD	54.8201014163856
FD30_3_GATATTATTGGAACCGCAAC	1	FD30_3	Astronaut 3	FD30	FD	49.4725609136821
FD30_3_GATATTCAGTGTAGAGCTTG	1	FD30_3	Astronaut 3	FD30	FD	36.4033645037351
FD30_3_GATGACGACCCGGCAGGAGC	1	FD30_3	Astronaut 3	FD30	FD	35.0836117402317
FD30_3_GATGACTCCACTAACGCTTG	1	FD30_3	Astronaut 3	FD30	FD	60.5192421517274
FD30_3_GATGAGTATCGAGTCGGCGT	1	FD30_3	Astronaut 3	FD30	FD	44.9788502861607
FD30_3_GCAACAGCGGCAATCGGAGC	1	FD30_3	Astronaut 3	FD30	FD	43.6350124843452
FD30_3_GCAACCCTAGGTAATGCTTG	0	FD30_3	Astronaut 3	FD30	FD	44.1448669410219
FD30_3_GCAACCGACCCTAACGATGA	1	FD30_3	Astronaut 3	FD30	FD	48.4177408244925
FD30_3_GCAACCGACCGCAACGATGA	5	FD30_3	Astronaut 3	FD30	FD	43.3394964923339
FD30_3_GCAACTCCGGCAGTTGATGA	0	FD30_3	Astronaut 3	FD30	FD	57.3537276752795
FD30_3_GCAGGAAGACCGCTCGCGGT	6	FD30_3	Astronaut 3	FD30	FD	56.299311677811
FD30_3_GCAGGATTACGAGCTGCAAC	1	FD30_3	Astronaut 3	FD30	FD	51.1024832320744
FD30_3_GCAGGGCGAACGAAGGATAT	1	FD30_3	Astronaut 3	FD30	FD	31.5404386317753
FD30_3_GCAGGGCGGTCAGAAGCAAC	1	FD30_3	Astronaut 3	FD30	FD	48.2752964143224
FD30_3_GCAGGGCGGTGAGCTGCAAC	0	FD30_3	Astronaut 3	FD30	FD	45.1606815772141
FD30_3_GCCTTAACTCGCAACGCGGT	3	FD30_3	Astronaut 3	FD30	FD	48.5572237828482
FD30_3_GCCTTATTGGGAGTCGCAAC	1	FD30_3	Astronaut 3	FD30	FD	43.5170926933277
FD30_3_GCCTTCCTAGGTAATGCTTG	3	FD30_3	Astronaut 3	FD30	FD	49.4725609734554
FD30_3_GCCTTCGTCGCTAACGCGGT	0	FD30_3	Astronaut 3	FD30	FD	53.1647539302278
FD30_3_GCCTTCGTCGGTATCGCTTG	1	FD30_3	Astronaut 3	FD30	FD	59.8409153972676
FD30_3_GCCTTGGCAGCTCCAGGAGC	2	FD30_3	Astronaut 3	FD30	FD	50.1467055434101
FD30_3_GCCTTTAAGGCAGCGGATAT	1	FD30_3	Astronaut 3	FD30	FD	31.5404386915486
FD30_3_GCCTTTGAGAGGCGTGCCTT	0	FD30_3	Astronaut 3	FD30	FD	57.9853482583189
FD30_3_GCGAAATTCACTCCAGCTTG	6	FD30_3	Astronaut 3	FD30	FD	45.9941799805528
FD30_3_GCGAAGATATCGGCAGGTCC	2	FD30_3	Astronaut 3	FD30	FD	50.7363416248729
FD30_3_GCGAAGGAGCGTAATGCTTG	1	FD30_3	Astronaut 3	FD30	FD	32.0717403265212
FD30_3_GCGAAGTCCGCTACGGCCTT	1	FD30_3	Astronaut 3	FD30	FD	43.5385854583801
FD30_3_GCGAAGTTAGGCAACGCCTT	0	FD30_3	Astronaut 3	FD30	FD	33.818588143988
FD30_3_GCGAATGAGAGCAACGATAT	0	FD30_3	Astronaut 3	FD30	FD	44.1448670007952
FD30_3_GCGGTATTCACTAGTGATAT	2	FD30_3	Astronaut 3	FD30	FD	44.1448670605686
FD30_3_GCGGTTCATCCGTCGGCAAC	1	FD30_3	Astronaut 3	FD30	FD	36.7734815019078
FD30_3_GCGGTTTCATGTAGAGGAGC	1	FD30_3	Astronaut 3	FD30	FD	55.6249556470485
FD30_3_GCTCTAAGGTGTATCGGAGC	1	FD30_3	Astronaut 3	FD30	FD	35.4570063223393
FD30_3_GCTCTAGGCTGCTTGGCCTT	0	FD30_3	Astronaut 3	FD30	FD	61.4709184024219
FD30_3_GCTCTAGGTCGCGGTGGAGC	6	FD30_3	Astronaut 3	FD30	FD	39.1737051024291
FD30_3_GCTCTATTACCCTCAGATAT	3	FD30_3	Astronaut 3	FD30	FD	57.416458561604
FD30_3_GCTCTATTACGAGCTGCTTG	1	FD30_3	Astronaut 3	FD30	FD	40.7419881148572
FD30_3_GCTCTATTACGGAGCGCTTG	2	FD30_3	Astronaut 3	FD30	FD	49.4725610332288
FD30_3_GCTCTCGGCACGCCTGCGGT	4	FD30_3	Astronaut 3	FD30	FD	31.4692481392369
FD30_3_GCTCTGGTCCCGACCGTCTA	4	FD30_3	Astronaut 3	FD30	FD	44.1448671203419
FD30_3_GCTCTTCCGGCGCCTGCTTG	3	FD30_3	Astronaut 3	FD30	FD	56.8554651606232
FD30_3_GCTCTTCGTAGTAGAGATGA	2	FD30_3	Astronaut 3	FD30	FD	44.1448671801152
FD30_3_GCTCTTGGACGAACCGTCTA	5	FD30_3	Astronaut 3	FD30	FD	50.7363416846462
FD30_3_GCTGCAACTCGATATGCAAC	1	FD30_3	Astronaut 3	FD30	FD	51.0876771675975
FD30_3_GCTGCAAGCAGGTAAGGAGC	5	FD30_3	Astronaut 3	FD30	FD	34.716625299038
FD30_3_GCTGCGAGCTGTAATGGCGT	0	FD30_3	Astronaut 3	FD30	FD	50.445655901877
FD30_3_GCTGCTAAGGCAGCGGATGA	0	FD30_3	Astronaut 3	FD30	FD	44.9391891157906
FD30_3_GCTGCTCAGTCAGAAGCAAC	1	FD30_3	Astronaut 3	FD30	FD	58.9558379701582
FD30_3_GCTGCTCCGGCAGCGGGCGT	2	FD30_3	Astronaut 3	FD30	FD	44.1448672398886
FD30_3_GCTTGCAGCGGTAGAGCTGC	0	FD30_3	Astronaut 3	FD30	FD	54.5222862102546
FD30_3_GCTTGGAGCTGAACCGGCGT	6	FD30_3	Astronaut 3	FD30	FD	57.3964125373574
FD30_3_GCTTGTGCGCGTAGAGATGA	0	FD30_3	Astronaut 3	FD30	FD	57.9516988766965
FD30_3_GGAGCAACTCATTGGGCAAC	1	FD30_3	Astronaut 3	FD30	FD	52.5329680199721
FD30_3_GGAGCATGGCGACTGGCTTG	3	FD30_3	Astronaut 3	FD30	FD	50.1202151296116
FD30_3_GGAGCATTGGGAACCGTAAT	2	FD30_3	Astronaut 3	FD30	FD	58.7889616238335
FD30_3_GGAGCCGTCGGGTCCGATGA	0	FD30_3	Astronaut 3	FD30	FD	54.5222862700279
FD30_3_GGAGCGATGACTTAAGCTGC	0	FD30_3	Astronaut 3	FD30	FD	44.1448672996619
FD30_3_GGAGCTCATCCGAAGGGTCC	1	FD30_3	Astronaut 3	FD30	FD	57.839688912823
FD30_3_GGCAGAAGCAGCTTGGCTGC	5	FD30_3	Astronaut 3	FD30	FD	30.3970515118758
FD30_3_GGCAGGATATCTAACGCTTG	1	FD30_3	Astronaut 3	FD30	FD	58.6173992598973
FD30_3_GGCAGGCTGCCGACCGGCGT	6	FD30_3	Astronaut 3	FD30	FD	50.5942439885268
FD30_3_GGCAGGGTCCCTAGTGGCGT	3	FD30_3	Astronaut 3	FD30	FD	49.4725610930021
FD30_3_GGCAGGTAATGCTGCGCGGT	0	FD30_3	Astronaut 3	FD30	FD	54.5222863298013
FD30_3_GGCAGTCAGTGGAGCGTAAT	7	FD30_3	Astronaut 3	FD30	FD	36.7214907158636
FD30_3_GGCGTAGAGTCTTAAGATAT	0	FD30_3	Astronaut 3	FD30	FD	50.4129570331559
FD30_3_GGCGTCTAGTGGTAAGCGGT	2	FD30_3	Astronaut 3	FD30	FD	61.4709184621952
FD30_3_GGCGTGAGCTCGCAAGCTTG	0	FD30_3	Astronaut 3	FD30	FD	50.7025835720983
FD30_3_GGTAAACCAGCAGTTGGCGT	5	FD30_3	Astronaut 3	FD30	FD	35.4436829009363
FD30_3_GGTAACAGAACCGCTGCTGC	0	FD30_3	Astronaut 3	FD30	FD	30.3606151508045
FD30_3_GGTAACTACGATTGGGTAAT	4	FD30_3	Astronaut 3	FD30	FD	35.4436829607096
FD30_3_GGTAAGAACCGCGGTGGCGT	2	FD30_3	Astronaut 3	FD30	FD	35.443683020483
FD30_3_GGTAAGTAATGTATCGCGGT	0	FD30_3	Astronaut 3	FD30	FD	43.8443688259073
FD30_3_GGTAATCCGGGCGGTGGTCC	1	FD30_3	Astronaut 3	FD30	FD	50.278304609653
FD30_3_GGTCCCAGAAGAACCGGAGC	1	FD30_3	Astronaut 3	FD30	FD	49.3652572937859
FD30_3_GGTCCTTAGCGTAATGCCTT	2	FD30_3	Astronaut 3	FD30	FD	28.6232509885152
FD30_3_GTAATCCATAGCCTTGGCGT	1	FD30_3	Astronaut 3	FD30	FD	36.7214907756369
FD30_3_GTAATGCGGTCCGCTGCGGT	1	FD30_3	Astronaut 3	FD30	FD	49.2067523773785
FD30_3_GTAATGGCAGCGACCGATGA	0	FD30_3	Astronaut 3	FD30	FD	43.3929107608023
FD30_3_GTAATGGCGTATTGGGCCTT	4	FD30_3	Astronaut 3	FD30	FD	36.7214908354102
FD30_3_GTAATTTAGCGAGCTGGTCC	6	FD30_3	Astronaut 3	FD30	FD	27.733988455545
FD30_3_GTAGAACCAGGATGAGTAAT	1	FD30_3	Astronaut 3	FD30	FD	49.4725611527754
FD30_3_GTAGACCATACTAACGCCTT	5	FD30_3	Astronaut 3	FD30	FD	36.4862216124308
FD30_3_GTATCAACCGATTCAGGAGC	1	FD30_3	Astronaut 3	FD30	FD	38.4596454517276
FD30_3_GTATCAACGACTACGGCTGC	2	FD30_3	Astronaut 3	FD30	FD	32.6223298599272
FD30_3_GTATCATGGCCAGCGGCTGC	0	FD30_3	Astronaut 3	FD30	FD	27.7509098094248
FD30_3_GTATCTGAGACTGGAGTAAT	0	FD30_3	Astronaut 3	FD30	FD	57.8396889725964
FD30_3_GTATCTGAGAGCGGTGTAAT	1	FD30_3	Astronaut 3	FD30	FD	49.7282511869983
FD30_3_GTATCTGGACCGCAAGATAT	3	FD30_3	Astronaut 3	FD30	FD	49.7282512467717
FD30_3_GTCCGACCTACTAGTGTAAT	1	FD30_3	Astronaut 3	FD30	FD	49.4725612125488
FD30_3_GTCCGAGCGGCTTAAGATGA	1	FD30_3	Astronaut 3	FD30	FD	54.7550776269496
FD30_3_GTCCGAGGCTCGATTGGTCC	1	FD30_3	Astronaut 3	FD30	FD	51.3152063285176
FD30_3_GTCCGATTCACAGCGGATGA	5	FD30_3	Astronaut 3	FD30	FD	30.2118983494526
FD30_3_GTCCGCAACTGGCAGGGCGT	0	FD30_3	Astronaut 3	FD30	FD	36.2918524667411
FD30_3_GTCCGGACTGCGACCGTAAT	0	FD30_3	Astronaut 3	FD30	FD	49.0934475595423
FD30_3_GTCCGGATGAGATGAGATAT	0	FD30_3	Astronaut 3	FD30	FD	54.5222863895746
FD30_3_GTCTAGCTTGCTAACGGTCC	0	FD30_3	Astronaut 3	FD30	FD	58.6173993196706
FD30_3_GTCTATGCTAGATGAGCCTT	1	FD30_3	Astronaut 3	FD30	FD	44.2593625220107
FD30_3_GTTAGAAGACCAGCGGCTGC	0	FD30_3	Astronaut 3	FD30	FD	44.5286387022278
FD30_3_GTTAGCAATCCCTCAGTCTA	1	FD30_3	Astronaut 3	FD30	FD	50.7363417444196
FD30_3_GTTAGCGCAAATTGGGGTCC	5	FD30_3	Astronaut 3	FD30	FD	28.6623959175143
FD30_3_GTTAGCGCTCCCTCAGATAT	2	FD30_3	Astronaut 3	FD30	FD	49.2071826593381
FD30_3_GTTAGGATATGCCTTGCGGT	0	FD30_3	Astronaut 3	FD30	FD	61.4709185219686
FD30_3_GTTAGGATGACGAAGGGTCC	3	FD30_3	Astronaut 3	FD30	FD	34.8064272537366
FD30_3_GTTAGGCAACCTGGAGTAAT	1	FD30_3	Astronaut 3	FD30	FD	31.540438751322
FD30_3_GTTAGTTATGGTAGAGGCGT	2	FD30_3	Astronaut 3	FD30	FD	30.5039048305361
FD30_3_TAAGGAGAACCTAGTGCCTT	1	FD30_3	Astronaut 3	FD30	FD	50.1916525576457
FD30_3_TAAGGCAACTGGTCCGCCTT	0	FD30_3	Astronaut 3	FD30	FD	54.5514167046622
FD30_3_TAAGGCAGAACAATCGCCTT	2	FD30_3	Astronaut 3	FD30	FD	35.4436830802563
FD30_3_TAAGGGAACCGAGTCGATGA	1	FD30_3	Astronaut 3	FD30	FD	44.1448673594352
FD30_3_TAAGGTACGTATTCAGTCTA	6	FD30_3	Astronaut 3	FD30	FD	57.354030445777
FD30_3_TAAGGTGCGCGTAGAGATGA	1	FD30_3	Astronaut 3	FD30	FD	31.5404388110953
FD30_3_TACGTACTCGCGCAAGCGGT	1	FD30_3	Astronaut 3	FD30	FD	50.7363418041929
FD30_3_TACGTATCCTGTAGAGTAAT	0	FD30_3	Astronaut 3	FD30	FD	44.1448674192086
FD30_3_TACGTCAATCCGAAGGGTCC	0	FD30_3	Astronaut 3	FD30	FD	46.1991977010312
FD30_3_TACGTCAGTTCCTAGGCTTG	5	FD30_3	Astronaut 3	FD30	FD	50.4891914701495
FD30_3_TACGTCCATAGACTGGGTCC	4	FD30_3	Astronaut 3	FD30	FD	43.313848531644
FD30_3_TACGTCGGCACCATAGATGA	0	FD30_3	Astronaut 3	FD30	FD	44.1448674789819
FD30_3_TACGTGAGTCCAGTTGTAAT	0	FD30_3	Astronaut 3	FD30	FD	44.1448675387552
FD30_3_TACGTTAGAGGGCGTGGAGC	3	FD30_3	Astronaut 3	FD30	FD	53.2679877770645
FD30_3_TACGTTGCTAGCTCTGCTTG	2	FD30_3	Astronaut 3	FD30	FD	52.5258982330777
FD30_3_TAGAGAGTTGATTGGGTCTA	6	FD30_3	Astronaut 3	FD30	FD	24.789558124064
FD30_3_TAGAGCAGAAGTATCGGAGC	1	FD30_3	Astronaut 3	FD30	FD	43.5385855181535
FD30_3_TAGAGGCGAACCGCTGTCTA	0	FD30_3	Astronaut 3	FD30	FD	36.2741887004621
FD30_3_TAGAGGCGAAGGTCCGTCTA	0	FD30_3	Astronaut 3	FD30	FD	30.2118984092259
FD30_3_TAGAGTATTGGAGCTGCTGC	0	FD30_3	Astronaut 3	FD30	FD	37.1546735582612
FD30_3_TAGAGTTCATGTAATGGAGC	1	FD30_3	Astronaut 3	FD30	FD	35.4436831400296
FD30_3_TAGGAATTACGCTGCGGAGC	1	FD30_3	Astronaut 3	FD30	FD	52.533381641492
FD30_3_TAGGACGGCAGATGAGATGA	3	FD30_3	Astronaut 3	FD30	FD	39.6022516669515
FD30_3_TAGGAGCTCTCAGTTGCCTT	1	FD30_3	Astronaut 3	FD30	FD	60.1721042947087
FD30_3_TATCTGCGGTCCATAGCTTG	1	FD30_3	Astronaut 3	FD30	FD	31.5404388708686
FD30_3_TATCTTAGAGCGGATGTAAT	0	FD30_3	Astronaut 3	FD30	FD	36.7214908951836
FD30_3_TATCTTATTGCTAGTGATAT	1	FD30_3	Astronaut 3	FD30	FD	45.2495984384474
FD30_3_TATCTTCATCCCTAGGGCGT	1	FD30_3	Astronaut 3	FD30	FD	61.4709185817419
FD30_3_TATCTTCCGGCTACGGGCGT	4	FD30_3	Astronaut 3	FD30	FD	49.1683389125651
FD30_3_TATGCACTCGATTGGGCGGT	0	FD30_3	Astronaut 3	FD30	FD	48.5572238426215
FD30_3_TATGCAGTTGGGAGCGTCTA	0	FD30_3	Astronaut 3	FD30	FD	38.3334733263037
FD30_3_TATGCTTCATGCTTGGGAGC	0	FD30_3	Astronaut 3	FD30	FD	31.857559557527
FD30_3_TATTGAAGCACAGTTGGCGT	0	FD30_3	Astronaut 3	FD30	FD	61.4709186415152
FD30_3_TATTGAGGTCCTAACGGTCC	3	FD30_3	Astronaut 3	FD30	FD	60.1721043544821
FD30_3_TATTGAGTTGGTAATGATAT	2	FD30_3	Astronaut 3	FD30	FD	61.4709187012886
FD30_3_TATTGCAGTTGGCAGGCGGT	1	FD30_3	Astronaut 3	FD30	FD	57.8604689607549
FD30_3_TATTGCGCCTGCGAAGCTTG	1	FD30_3	Astronaut 3	FD30	FD	35.083611800005
FD30_3_TATTGTACGTCCGCTGGTCC	4	FD30_3	Astronaut 3	FD30	FD	50.2900225558135
FD30_3_TATTGTATGCCGAAGGCCTT	0	FD30_3	Astronaut 3	FD30	FD	30.3970515716491
FD30_3_TATTGTTCGAGCTGCGGAGC	0	FD30_3	Astronaut 3	FD30	FD	35.443683199803
FD30_3_TCAGTACCAGGAGTCGCAAC	2	FD30_3	Astronaut 3	FD30	FD	53.2166404605644
FD30_3_TCAGTCTACGCGACCGTCTA	6	FD30_3	Astronaut 3	FD30	FD	40.6688135117054
FD30_3_TCAGTTGCTACGACCGGAGC	6	FD30_3	Astronaut 3	FD30	FD	42.5331949645024
FD30_3_TCATCGAACCGCTTGGGCGT	1	FD30_3	Astronaut 3	FD30	FD	61.4709187610619
FD30_3_TCATCGCAGGGTAATGATGA	1	FD30_3	Astronaut 3	FD30	FD	35.4707700800375
FD30_3_TCATCTAGAGCTACGGGTCC	0	FD30_3	Astronaut 3	FD30	FD	50.4864381562245
FD30_3_TCATCTAGGACAGTTGCTTG	3	FD30_3	Astronaut 3	FD30	FD	31.540438930642
FD30_3_TCATCTGGACGCTGCGCGGT	0	FD30_3	Astronaut 3	FD30	FD	36.7216589129465
FD30_3_TCCGGAACTCCTGGAGGAGC	1	FD30_3	Astronaut 3	FD30	FD	49.4458545496854
FD30_3_TCCGGAAGGTCTCCAGCGGT	1	FD30_3	Astronaut 3	FD30	FD	54.633273241916
FD30_3_TCCGGGAGTCGATGAGCTGC	0	FD30_3	Astronaut 3	FD30	FD	30.3606152105779
FD30_3_TCCGGGATGACGAAGGTAAT	0	FD30_3	Astronaut 3	FD30	FD	34.828874253996
FD30_3_TCCGGGGTAAGAGTCGCAAC	2	FD30_3	Astronaut 3	FD30	FD	35.7994729612221
FD30_3_TCCGGTCGCGCTACGGATAT	6	FD30_3	Astronaut 3	FD30	FD	50.553387337042
FD30_3_TCCGGTGAGAGCCTTGTAAT	0	FD30_3	Astronaut 3	FD30	FD	53.216134504705
FD30_3_TCCGGTTATGGGCAGGCGGT	0	FD30_3	Astronaut 3	FD30	FD	43.517092753101
FD30_3_TCCGGTTCATGGTCCGCTTG	2	FD30_3	Astronaut 3	FD30	FD	58.8180878051046
FD30_3_TCGCGCGAAGCAGCGGCCTT	5	FD30_3	Astronaut 3	FD30	FD	61.4709188208352
FD30_3_TCGCGCGACCCCTAGGCTGC	6	FD30_3	Astronaut 3	FD30	FD	27.2780184148385
FD30_3_TCGCGCGCAACAATCGCTGC	3	FD30_3	Astronaut 3	FD30	FD	43.0808968076117
FD30_3_TCGCGCGCTCCGCCTGTCTA	6	FD30_3	Astronaut 3	FD30	FD	43.5385855779268
FD30_3_TCGCGGCTCTCAGTTGCTGC	0	FD30_3	Astronaut 3	FD30	FD	49.681498364333
FD30_3_TCGCGGCTGCGAGTCGCTTG	3	FD30_3	Astronaut 3	FD30	FD	41.8593876116858
FD30_3_TCGTAATCCTCGCAAGCTTG	0	FD30_3	Astronaut 3	FD30	FD	53.5168084761824
FD30_3_TCGTAGCGGTGCCTTGCTGC	4	FD30_3	Astronaut 3	FD30	FD	32.4926212211085
FD30_3_TCGTAGGCAGGCGGTGTAAT	3	FD30_3	Astronaut 3	FD30	FD	50.7363418639662
FD30_3_TCGTAGTAGACGGATGATAT	5	FD30_3	Astronaut 3	FD30	FD	53.3459909355929
FD30_3_TCGTATCAGTGTATCGGTCC	1	FD30_3	Astronaut 3	FD30	FD	42.173340213844
FD30_3_TCGTATCATCCTACGGCCTT	1	FD30_3	Astronaut 3	FD30	FD	50.7363419237396
FD30_3_TCTACATCTGGCGGTGCTTG	5	FD30_3	Astronaut 3	FD30	FD	31.2777804251929
FD30_3_TCTACCAACTGGTCCGCCTT	0	FD30_3	Astronaut 3	FD30	FD	30.4225564935619
FD30_3_TCTACCCATAGAGCTGCTGC	5	FD30_3	Astronaut 3	FD30	FD	42.7437566809116
FD30_3_TCTACCGCCTCGACCGCAAC	0	FD30_3	Astronaut 3	FD30	FD	45.0078613458377
FD30_3_TCTACGGCAGGGTCCGGCGT	3	FD30_3	Astronaut 3	FD30	FD	61.4709188806086
FD30_3_TCTACGGCGTGTATCGCCTT	1	FD30_3	Astronaut 3	FD30	FD	31.8971131034181
FD30_3_TCTACGTCTAGAGTCGGAGC	3	FD30_3	Astronaut 3	FD30	FD	60.1721044142554
FD30_3_TCTACTATGCCCTAGGCTGC	0	FD30_3	Astronaut 3	FD30	FD	44.1448675985286
FD30_3_TCTACTCGTACGGCAGATGA	1	FD30_3	Astronaut 3	FD30	FD	56.1267741349013
FD30_3_TCTACTGCGCGTAGAGATGA	1	FD30_3	Astronaut 3	FD30	FD	53.0775318575776
FD30_3_TGAGAAAGACGCAGGGGAGC	0	FD30_3	Astronaut 3	FD30	FD	31.2581117055306
FD30_3_TGAGACAATCCCGCTGCCTT	1	FD30_3	Astronaut 3	FD30	FD	54.5733517590169
FD30_3_TGAGAGCTGCGACTGGCTGC	1	FD30_3	Astronaut 3	FD30	FD	56.8851329600379
FD30_3_TGAGAGTATCGACTGGATGA	3	FD30_3	Astronaut 3	FD30	FD	18.9950372446952
FD30_3_TGAGAGTTAGCGCTCGATAT	5	FD30_3	Astronaut 3	FD30	FD	40.7419881746306
FD30_3_TGCGCACGATGCTGCGATAT	0	FD30_3	Astronaut 3	FD30	FD	58.1087710937862
FD30_3_TGCGCATGCGCTGGAGCAAC	2	FD30_3	Astronaut 3	FD30	FD	49.4725612723221
FD30_3_TGCTAAACCGGTATCGATGA	0	FD30_3	Astronaut 3	FD30	FD	53.318181130236
FD30_3_TGCTACAATCGGAGCGCAAC	5	FD30_3	Astronaut 3	FD30	FD	49.1683389723385
FD30_3_TGCTACGAAGGACTGGCCTT	1	FD30_3	Astronaut 3	FD30	FD	44.1448676583019
FD30_3_TGCTACGCTCGAGTCGTAAT	1	FD30_3	Astronaut 3	FD30	FD	34.990572622565
FD30_3_TGCTACGCTCGGCGTGGAGC	0	FD30_3	Astronaut 3	FD30	FD	43.5385856377001
FD30_3_TGCTACTAACCGGCAGGTCC	6	FD30_3	Astronaut 3	FD30	FD	44.1448677180752
FD30_3_TGCTAGTCCGCTACGGCCTT	0	FD30_3	Astronaut 3	FD30	FD	38.5046371691295
FD30_3_TGGACCGAAGCCTAGGCTTG	1	FD30_3	Astronaut 3	FD30	FD	56.8126428858278
FD30_3_TGGACTAAGGGCTGCGTAAT	5	FD30_3	Astronaut 3	FD30	FD	49.1683390321118
FD30_3_TGGACTCATCCAGAAGTAAT	0	FD30_3	Astronaut 3	FD30	FD	34.7384169215363
FD30_3_TTAGCCTAACCCTAGGCGGT	0	FD30_3	Astronaut 3	FD30	FD	49.1683390918851
FD30_3_TTAGCGCTTGCTCCAGCTGC	6	FD30_3	Astronaut 3	FD30	FD	54.8201014761589
FD30_3_TTAGCGTATCCAACTGATGA	0	FD30_3	Astronaut 3	FD30	FD	49.4725613320954
FD30_3_TTAGCTTCGAGTAGAGGAGC	0	FD30_3	Astronaut 3	FD30	FD	28.5919124974747
FD30_3_TTATGAAGCAGGAGCGTCTA	3	FD30_3	Astronaut 3	FD30	FD	44.3852153178897
FD30_3_TTATGACCAGGTATCGTAAT	1	FD30_3	Astronaut 3	FD30	FD	49.1560431047402
FD30_3_TTATGAGAACCTAACGGCGT	0	FD30_3	Astronaut 3	FD30	FD	43.3302643806707
FD30_3_TTATGAGGTCCAGAAGGAGC	0	FD30_3	Astronaut 3	FD30	FD	43.8269760956362
FD30_3_TTATGGATATCTGGAGGCGT	1	FD30_3	Astronaut 3	FD30	FD	42.2790483865976
FD30_3_TTATGTTAGCCTAGTGGAGC	1	FD30_3	Astronaut 3	FD30	FD	43.5170928128744
FD30_3_TTCATAAGGTCGTCGGATAT	4	FD30_3	Astronaut 3	FD30	FD	35.4436832595763
FD30_3_TTCATATCTGGAACCGATAT	2	FD30_3	Astronaut 3	FD30	FD	37.1546736180345
FD30_3_TTCATATGCGCGCCTGTCTA	1	FD30_3	Astronaut 3	FD30	FD	42.3883738794338
FD30_3_TTCATCAACTCAGTTGATAT	1	FD30_3	Astronaut 3	FD30	FD	49.2288751069514
FD30_3_TTCATCAACTGATATGATAT	0	FD30_3	Astronaut 3	FD30	FD	33.1926167260852
FD30_3_TTCATCGGCACTAACGCTGC	1	FD30_3	Astronaut 3	FD30	FD	43.5334941155334
FD30_3_TTCATCGGCAGCAGGGTCTA	6	FD30_3	Astronaut 3	FD30	FD	56.1886432255533
FD30_3_TTCATGCAGGGCGAAGCTGC	1	FD30_3	Astronaut 3	FD30	FD	43.5385856974735
FD30_3_TTCATGGCAGGATGAGTCTA	4	FD30_3	Astronaut 3	FD30	FD	38.4787599595861
FD30_3_TTCATGTCCGGCTTGGATGA	0	FD30_3	Astronaut 3	FD30	FD	44.5286387620012
FD30_3_TTCATGTTAGCAGTTGATGA	1	FD30_3	Astronaut 3	FD30	FD	38.4717120194125
FD30_3_TTCATTCTACGATATGTCTA	6	FD30_3	Astronaut 3	FD30	FD	49.2998138206119
FD30_3_TTCATTTATGGGCGTGGTCC	1	FD30_3	Astronaut 3	FD30	FD	49.418835223342
FD30_3_TTCGACAATCCAGTTGCTGC	6	FD30_3	Astronaut 3	FD30	FD	49.4725613918688
FD30_3_TTCGACAATCGATATGCTGC	0	FD30_3	Astronaut 3	FD30	FD	34.7166253588113
FD30_3_TTCGACGTCGCGCTCGCCTT	6	FD30_3	Astronaut 3	FD30	FD	54.5222864493479
FD30_3_TTCGACGTCGGAGCTGCCTT	1	FD30_3	Astronaut 3	FD30	FD	42.5250390710895
FD30_3_TTCGATATTGCCGCTGCAAC	1	FD30_3	Astronaut 3	FD30	FD	38.5382996279712
FD30_3_TTCGATTGAAGGTAAGGCGT	0	FD30_3	Astronaut 3	FD30	FD	56.4688318300893
FD30_3_TTGAAACTCGCAGTTGCTGC	0	FD30_3	Astronaut 3	FD30	FD	36.7214909549569
FD30_3_TTGAACGACCCGGCAGCTTG	1	FD30_3	Astronaut 3	FD30	FD	43.5883581299918
FD30_3_TTGAACGGCACCTAGGGTCC	0	FD30_3	Astronaut 3	FD30	FD	50.1501618920062
FD30_3_TTGAATCAGTCGCAAGATAT	0	FD30_3	Astronaut 3	FD30	FD	56.4688318898626
FD30_3_TTGAATCGCGCTAACGATGA	1	FD30_3	Astronaut 3	FD30	FD	46.9486900996335
FD90_1_AACCGAAGACCAACTGATGA	2	FD90_1	Astronaut 1	FD90	FD	26.6686825112408
FD90_1_AACCGACGATATTGGGATAT	0	FD90_1	Astronaut 1	FD90	FD	21.5746578725519
FD90_1_AACCGACTAAGAACCGATGA	0	FD90_1	Astronaut 1	FD90	FD	27.7339885153184
FD90_1_AACCGCCTAGGGTAAGCAAC	2	FD90_1	Astronaut 1	FD90	FD	24.7895581838374
FD90_1_AACCGCGACCCAATCGCAAC	5	FD90_1	Astronaut 1	FD90	FD	19.9899079457306
FD90_1_AACCGGCGGTGCGGTGATGA	2	FD90_1	Astronaut 1	FD90	FD	20.503781433134
FD90_1_AACCGTAAGGGTAATGTAAT	4	FD90_1	Astronaut 1	FD90	FD	27.7373395286204
FD90_1_AACCGTTAGCCAACTGGCGT	7	FD90_1	Astronaut 1	FD90	FD	20.8782845723363
FD90_1_AACCGTTCATCTAACGGAGC	0	FD90_1	Astronaut 1	FD90	FD	26.4924976474382
FD90_1_AACGAACGATCTCCAGTCTA	4	FD90_1	Astronaut 1	FD90	FD	17.2720373143726
FD90_1_AACGAAGCGGGGTCCGCAAC	4	FD90_1	Astronaut 1	FD90	FD	24.8463543243241
FD90_1_AACGACTACGCGAAGGCCTT	0	FD90_1	Astronaut 1	FD90	FD	26.6313743814506
FD90_1_AACGAGCTCTCGAAGGGCGT	2	FD90_1	Astronaut 1	FD90	FD	19.8771209965725
FD90_1_AACGAGGCGTGCTGCGCAAC	0	FD90_1	Astronaut 1	FD90	FD	24.4377724857593
FD90_1_AACTCACCAGCAGAAGGCGT	0	FD90_1	Astronaut 1	FD90	FD	25.0894309544733
FD90_1_AACTCACCTAGATATGCTTG	1	FD90_1	Astronaut 1	FD90	FD	30.2118984689993
FD90_1_AACTCACGATCAGCGGTAAT	3	FD90_1	Astronaut 1	FD90	FD	18.9950373044686
FD90_1_AACTCACTCGGGTAAGCCTT	6	FD90_1	Astronaut 1	FD90	FD	24.409686790388
FD90_1_AACTCAGAGTGCTTGGCGGT	3	FD90_1	Astronaut 1	FD90	FD	28.9951192892794
FD90_1_AACTCATCCTCTCCAGCCTT	1	FD90_1	Astronaut 1	FD90	FD	17.9748099525025
FD90_1_AACTCCTAACGTATCGATAT	0	FD90_1	Astronaut 1	FD90	FD	27.7339885750917
FD90_1_AACTCCTCCAGTATCGCTTG	6	FD90_1	Astronaut 1	FD90	FD	25.4194467618253
FD90_1_AACTCGCGAAGATGAGTAAT	0	FD90_1	Astronaut 1	FD90	FD	36.7272122682616
FD90_1_AACTCGCTGCGCAACGGAGC	1	FD90_1	Astronaut 1	FD90	FD	32.6788213127558
FD90_1_AACTCGGCGTCTGGAGATGA	0	FD90_1	Astronaut 1	FD90	FD	30.3970516314224
FD90_1_AACTCTGCTACTACGGGTCC	0	FD90_1	Astronaut 1	FD90	FD	18.9950373642419
FD90_1_AAGACACTCGCTAACGCTGC	4	FD90_1	Astronaut 1	FD90	FD	27.7339886348651
FD90_1_AAGACGAGTCCGCCTGCGGT	0	FD90_1	Astronaut 1	FD90	FD	24.8271292395352
FD90_1_AAGACGCAACCGGATGATGA	0	FD90_1	Astronaut 1	FD90	FD	24.4096868501613
FD90_1_AAGACTATGCGGCAGGATAT	0	FD90_1	Astronaut 1	FD90	FD	25.2117841958738
FD90_1_AAGCAAGAACGCTTGGATAT	5	FD90_1	Astronaut 1	FD90	FD	33.2527977845011
FD90_1_AAGCACGATTCGCAAGCTTG	0	FD90_1	Astronaut 1	FD90	FD	27.7339886946384
FD90_1_AAGCACGGCAGACTGGTCTA	6	FD90_1	Astronaut 1	FD90	FD	24.4096869099347
FD90_1_AAGCACTCCAGCGAAGCAAC	1	FD90_1	Astronaut 1	FD90	FD	18.4192837859124
FD90_1_AAGCAGACTGGTAGAGCTGC	0	FD90_1	Astronaut 1	FD90	FD	18.9950374240152
FD90_1_AAGCAGCTTGCCTCAGATAT	4	FD90_1	Astronaut 1	FD90	FD	27.7339887544117
FD90_1_AAGCATCAGTGGCAGGGCGT	2	FD90_1	Astronaut 1	FD90	FD	27.7339888141851
FD90_1_AAGCATCAGTGGCAGGTAAT	4	FD90_1	Astronaut 1	FD90	FD	31.267069775772
FD90_1_AAGGTTATGCCCGCTGCCTT	3	FD90_1	Astronaut 1	FD90	FD	29.3515480325262
FD90_1_ACCAGGCTGCCAGTTGTAAT	0	FD90_1	Astronaut 1	FD90	FD	22.4047225007252
FD90_1_ACCTAACTAACTAGTGATGA	0	FD90_1	Astronaut 1	FD90	FD	24.7895582436107
FD90_1_ACCTAAGTTGCAGTTGCAAC	6	FD90_1	Astronaut 1	FD90	FD	38.6758466528987
FD90_1_ACCTACCGCTGTAATGCAAC	5	FD90_1	Astronaut 1	FD90	FD	20.755409558123
FD90_1_ACCTACGGATCCATAGATGA	0	FD90_1	Astronaut 1	FD90	FD	30.2118985287726
FD90_1_ACGATACGATCAGCGGTCTA	4	FD90_1	Astronaut 1	FD90	FD	23.4454270170797
FD90_1_ACGATACTCGGGCGTGCAAC	2	FD90_1	Astronaut 1	FD90	FD	28.1150972638284
FD90_1_ACGATAGGCTCGGCAGATGA	2	FD90_1	Astronaut 1	FD90	FD	26.5385411923652
FD90_1_ACGATGCTTGCCTCAGCGGT	3	FD90_1	Astronaut 1	FD90	FD	25.0129951935719
FD90_1_ACGATGGTAAGCTTGGGCGT	2	FD90_1	Astronaut 1	FD90	FD	27.7339888739584
FD90_1_ACGATTAAGGCCTCAGCTGC	2	FD90_1	Astronaut 1	FD90	FD	26.491561722805
FD90_1_ACTAAACGATCAGCGGCTTG	3	FD90_1	Astronaut 1	FD90	FD	18.9950374837886
FD90_1_ACTAAGGCAGCCTCAGCCTT	0	FD90_1	Astronaut 1	FD90	FD	26.3896177119421
FD90_1_ACTCGCCATACTAGTGATGA	2	FD90_1	Astronaut 1	FD90	FD	21.6974116373183
FD90_1_ACTCGTACGTGGAGCGCCTT	1	FD90_1	Astronaut 1	FD90	FD	30.3970516911958
FD90_1_ACTTCAACGACTCCAGGCGT	0	FD90_1	Astronaut 1	FD90	FD	30.5403704433806
FD90_1_ACTTCACTTCCTCCAGGCGT	0	FD90_1	Astronaut 1	FD90	FD	21.8618226741335
FD90_1_ACTTCCAGAAGTATCGCTGC	0	FD90_1	Astronaut 1	FD90	FD	34.7166254185846
FD90_1_ACTTCCCATACGTCGGCGGT	5	FD90_1	Astronaut 1	FD90	FD	25.7492437956172
FD90_1_ACTTCGGCGTCCTAGGATAT	0	FD90_1	Astronaut 1	FD90	FD	33.2269444973648
FD90_1_ACTTCTTAGCCCTCAGCCTT	2	FD90_1	Astronaut 1	FD90	FD	22.6420528348419
FD90_1_AGAACCGTCGCGCAAGCTTG	1	FD90_1	Astronaut 1	FD90	FD	35.0836118597784
FD90_1_AGAACCGTCGCTACGGCCTT	6	FD90_1	Astronaut 1	FD90	FD	28.3420858031912
FD90_1_AGAACGGTCCGCGAAGTAAT	3	FD90_1	Astronaut 1	FD90	FD	32.1044453615786
FD90_1_AGAACTCATCCTAACGGCGT	0	FD90_1	Astronaut 1	FD90	FD	27.4765539832692
FD90_1_AGAACTCCGGCCTCAGCCTT	0	FD90_1	Astronaut 1	FD90	FD	23.445427076853
FD90_1_AGAGTAACCGGGAGCGCAAC	0	FD90_1	Astronaut 1	FD90	FD	21.2619032821824
FD90_1_AGAGTACCAGCTAGTGGCGT	0	FD90_1	Astronaut 1	FD90	FD	25.7492438553905
FD90_1_AGAGTATCCTCCATAGCTTG	5	FD90_1	Astronaut 1	FD90	FD	27.7564117620866
FD90_1_AGAGTATTGGGGTAAGGCGT	1	FD90_1	Astronaut 1	FD90	FD	22.4047225604985
FD90_1_AGAGTGCAACGCTCTGATGA	2	FD90_1	Astronaut 1	FD90	FD	30.1612070791212
FD90_1_AGAGTTCCGGCAGAAGGCGT	3	FD90_1	Astronaut 1	FD90	FD	61.4709189403819
FD90_1_AGCGGACTAAGGCGTGCTTG	5	FD90_1	Astronaut 1	FD90	FD	27.2133613430387
FD90_1_AGCGGGCCTTGCTTGGCCTT	0	FD90_1	Astronaut 1	FD90	FD	30.7276170740474
FD90_1_AGGCTGAACCCGCCTGCTTG	1	FD90_1	Astronaut 1	FD90	FD	28.6672906902047
FD90_1_AGGCTGAACCCGCTCGGTCC	5	FD90_1	Astronaut 1	FD90	FD	28.3729726187429
FD90_1_AGGCTGTCCGCGCCTGGCGT	3	FD90_1	Astronaut 1	FD90	FD	31.5404389904153
FD90_1_AGGCTTAGAGGATGAGCTTG	2	FD90_1	Astronaut 1	FD90	FD	20.1900839805641
FD90_1_AGGTCATGGCGATATGCAAC	2	FD90_1	Astronaut 1	FD90	FD	22.4488347722646
FD90_1_AGGTCATTCAGCGAAGCTGC	3	FD90_1	Astronaut 1	FD90	FD	26.1779141322221
FD90_1_AGGTCCCTCAATTGGGCTTG	1	FD90_1	Astronaut 1	FD90	FD	28.6508465066156
FD90_1_AGGTCTACGTGGTAAGATGA	0	FD90_1	Astronaut 1	FD90	FD	20.9678204936811
FD90_1_AGTTGCGAAGGATATGTAAT	0	FD90_1	Astronaut 1	FD90	FD	29.8436857979165
FD90_1_AGTTGCGGATGCTCTGGTCC	1	FD90_1	Astronaut 1	FD90	FD	27.7339889337317
FD90_1_AGTTGTAGGACGCCTGATAT	0	FD90_1	Astronaut 1	FD90	FD	24.789558303384
FD90_1_AGTTGTTCATCAGTTGATGA	0	FD90_1	Astronaut 1	FD90	FD	22.4047226202719
FD90_1_ATCCTAACGACGTCGGATGA	0	FD90_1	Astronaut 1	FD90	FD	30.3970517509691
FD90_1_ATCCTGATATCTAACGTAAT	4	FD90_1	Astronaut 1	FD90	FD	61.4709190001552
FD90_1_ATCCTGCTTGGGTCCGCTTG	3	FD90_1	Astronaut 1	FD90	FD	26.174418799338
FD90_1_ATCTGAGGTCCTCCAGGCGT	0	FD90_1	Astronaut 1	FD90	FD	31.2777804849663
FD90_1_ATCTGCGCAACTGGAGTAAT	0	FD90_1	Astronaut 1	FD90	FD	27.7339889935051
FD90_1_ATCTGGAGCTCGCTCGCAAC	5	FD90_1	Astronaut 1	FD90	FD	23.8348066146743
FD90_1_ATCTGTTCATCCATAGCTGC	7	FD90_1	Astronaut 1	FD90	FD	32.6404449508564
FD90_1_ATGCGACGATCCTCAGATAT	4	FD90_1	Astronaut 1	FD90	FD	30.3970518107424
FD90_1_ATGCGCGATTGATGAGCAAC	0	FD90_1	Astronaut 1	FD90	FD	17.9155524688158
FD90_1_ATGCGGAACCGCAGGGCCTT	5	FD90_1	Astronaut 1	FD90	FD	32.7195364351655
FD90_1_ATGCGGCTTGCTAACGCTGC	3	FD90_1	Astronaut 1	FD90	FD	29.471102477688
FD90_1_ATGCGGGTCCCGGCAGCAAC	0	FD90_1	Astronaut 1	FD90	FD	28.3444828072058
FD90_1_ATGGCAAGGTGCAACGTCTA	4	FD90_1	Astronaut 1	FD90	FD	33.1840484965283
FD90_1_ATGGCCCTAGATTCAGATAT	0	FD90_1	Astronaut 1	FD90	FD	26.5629065179678
FD90_1_ATGGCTAGAGGGCAGGCTTG	3	FD90_1	Astronaut 1	FD90	FD	30.1980602295956
FD90_1_ATTACTTCATCGATTGCGGT	0	FD90_1	Astronaut 1	FD90	FD	21.971669900379
FD90_1_ATTCACAGCGGGTCCGCAAC	0	FD90_1	Astronaut 1	FD90	FD	34.8490541014432
FD90_1_ATTCAGACTGGATGAGCAAC	0	FD90_1	Astronaut 1	FD90	FD	27.4722324160925
FD90_1_ATTGGAACTCGGCGTGCGGT	0	FD90_1	Astronaut 1	FD90	FD	36.7262100107183
FD90_1_ATTGGATCCTGCAACGCGGT	2	FD90_1	Astronaut 1	FD90	FD	24.817475960093
FD90_1_ATTGGGTCTACTCCAGATAT	3	FD90_1	Astronaut 1	FD90	FD	24.8900827197384
FD90_1_CAACTAACCGGCAACGATGA	0	FD90_1	Astronaut 1	FD90	FD	27.8239290684478
FD90_1_CAACTACCAGCCTAGGATGA	3	FD90_1	Astronaut 1	FD90	FD	30.6476771321096
FD90_1_CAACTACGATGCGGTGCTTG	1	FD90_1	Astronaut 1	FD90	FD	29.628740555581
FD90_1_CAACTCGTCGGCAACGCAAC	0	FD90_1	Astronaut 1	FD90	FD	20.0638659783207
FD90_1_CAACTGGCAGGCCTTGCGGT	2	FD90_1	Astronaut 1	FD90	FD	26.5109528287439
FD90_1_CAATCAGTTGGCAACGGCGT	3	FD90_1	Astronaut 1	FD90	FD	19.438811961082
FD90_1_CAATCGCAACGTAGAGCTGC	0	FD90_1	Astronaut 1	FD90	FD	22.6487854322433
FD90_1_CAATCGTAATCGAAGGCGGT	1	FD90_1	Astronaut 1	FD90	FD	31.2185529584614
FD90_1_CAATCTAGGACGTCGGCTGC	0	FD90_1	Astronaut 1	FD90	FD	30.3606152703512
FD90_1_CAGAAACTAACGAAGGATAT	0	FD90_1	Astronaut 1	FD90	FD	22.5488873986192
FD90_1_CAGAAACTAAGCTCTGGTCC	0	FD90_1	Astronaut 1	FD90	FD	22.0969321910611
FD90_1_CAGAAACTCGCAGTTGCAAC	0	FD90_1	Astronaut 1	FD90	FD	26.6960695032823
FD90_1_CAGAAAGAGTCGCAAGATGA	0	FD90_1	Astronaut 1	FD90	FD	31.6502818660681
FD90_1_CAGAATAAGGCAACTGCGGT	0	FD90_1	Astronaut 1	FD90	FD	27.7339890532784
FD90_1_CAGCGCGGCAGTATCGATAT	2	FD90_1	Astronaut 1	FD90	FD	30.2118985885459
FD90_1_CAGCGTCGTACTCCAGTAAT	6	FD90_1	Astronaut 1	FD90	FD	27.7339891130518
FD90_1_CAGTTAGGCTCTAACGATAT	0	FD90_1	Astronaut 1	FD90	FD	30.5951149854856
FD90_1_CAGTTCTTAACTAGTGCTGC	2	FD90_1	Astronaut 1	FD90	FD	17.2906253836436
FD90_1_CAGTTTAGAGCGGATGGCGT	3	FD90_1	Astronaut 1	FD90	FD	30.3970518705158
FD90_1_CAGTTTATGCGCCTTGATGA	0	FD90_1	Astronaut 1	FD90	FD	22.4047226800452
FD90_1_CAGTTTTGAAGCAGGGCTTG	1	FD90_1	Astronaut 1	FD90	FD	61.4709190599286
FD90_1_CCATAAGGTCCCGCTGGAGC	1	FD90_1	Astronaut 1	FD90	FD	30.2118986483193
FD90_1_CCATACGGCACTTAAGATAT	4	FD90_1	Astronaut 1	FD90	FD	26.5228214525838
FD90_1_CCATACTACGCGTCGGCGGT	2	FD90_1	Astronaut 1	FD90	FD	22.4047227398185
FD90_1_CCATAGCAACGCTTGGTCTA	2	FD90_1	Astronaut 1	FD90	FD	24.8570683605976
FD90_1_CCATAGCTGCCCATAGCCTT	0	FD90_1	Astronaut 1	FD90	FD	27.7339891728251
FD90_1_CCATAGCTTGGCTTGGCCTT	3	FD90_1	Astronaut 1	FD90	FD	30.3606153301245
FD90_1_CCATATCAGTGATATGATGA	0	FD90_1	Astronaut 1	FD90	FD	30.436892969826
FD90_1_CCATATGAGACAGAAGGCGT	3	FD90_1	Astronaut 1	FD90	FD	26.774991724931
FD90_1_CCATATGCGCCGCTCGTCTA	5	FD90_1	Astronaut 1	FD90	FD	17.8896979889593
FD90_1_CCGCTGGTAACGCAAGCAAC	6	FD90_1	Astronaut 1	FD90	FD	32.7542056849785
FD90_1_CCGCTGTAATCAATCGTCTA	0	FD90_1	Astronaut 1	FD90	FD	30.0583006396157
FD90_1_CCGCTGTCCGGATGAGTCTA	0	FD90_1	Astronaut 1	FD90	FD	18.5226295118579
FD90_1_CCTAGCTGGAGAACCGGCGT	4	FD90_1	Astronaut 1	FD90	FD	27.3986058365426
FD90_1_CCTAGGCCTTCTCCAGATGA	2	FD90_1	Astronaut 1	FD90	FD	32.4905782766187
FD90_1_CCTAGGTATCATTGGGTCTA	4	FD90_1	Astronaut 1	FD90	FD	26.6099554723253
FD90_1_CCTCAAAGACCTAGTGATGA	0	FD90_1	Astronaut 1	FD90	FD	24.7895583631574
FD90_1_CCTCAATCCTGCAACGTCTA	4	FD90_1	Astronaut 1	FD90	FD	28.5759518271287
FD90_1_CCTCACTACGGATATGATAT	0	FD90_1	Astronaut 1	FD90	FD	27.7339892325984
FD90_1_CCTCACTAGTCTGGAGCCTT	0	FD90_1	Astronaut 1	FD90	FD	32.4904103646122
FD90_1_CCTCAGCCTTGAGCTGATAT	4	FD90_1	Astronaut 1	FD90	FD	24.4219843559636
FD90_1_CCTCAGTATCGGTAAGGAGC	0	FD90_1	Astronaut 1	FD90	FD	19.9147426103092
FD90_1_CCTCATTCGAGTAATGCAAC	0	FD90_1	Astronaut 1	FD90	FD	27.7339892923718
FD90_1_CGAAGATCCTCAATCGCTTG	1	FD90_1	Astronaut 1	FD90	FD	21.6974116970916
FD90_1_CGAAGGCAACGCCTTGCCTT	4	FD90_1	Astronaut 1	FD90	FD	36.7330870047915
FD90_1_CGAAGTTCATGATGAGTCTA	0	FD90_1	Astronaut 1	FD90	FD	28.6547795687567
FD90_1_CGACCACTAAGTAGAGCTTG	1	FD90_1	Astronaut 1	FD90	FD	29.2845815914645
FD90_1_CGACCACTCGCCTAGGGAGC	1	FD90_1	Astronaut 1	FD90	FD	22.4770452317139
FD90_1_CGACCAGAACCGGCAGATGA	2	FD90_1	Astronaut 1	FD90	FD	30.6382142458523
FD90_1_CGACCATTACCTAACGCAAC	0	FD90_1	Astronaut 1	FD90	FD	23.4216399082899
FD90_1_CGACCCGGCACGATTGCTTG	1	FD90_1	Astronaut 1	FD90	FD	28.5778069890833
FD90_1_CGACCTAGAGGCTGCGGCGT	0	FD90_1	Astronaut 1	FD90	FD	34.238817437988
FD90_1_CGACCTAGGACTAGTGATGA	1	FD90_1	Astronaut 1	FD90	FD	34.8388018649605
FD90_1_CGCAACAACTCGTCGGCTTG	1	FD90_1	Astronaut 1	FD90	FD	21.6413279875017
FD90_1_CGCAACTTAAATTCAGCAAC	0	FD90_1	Astronaut 1	FD90	FD	29.8512797982627
FD90_1_CGCAAGAACCGATATGCAAC	0	FD90_1	Astronaut 1	FD90	FD	21.3215406359299
FD90_1_CGCAAGCTGCCTTAAGATAT	0	FD90_1	Astronaut 1	FD90	FD	26.6178006355481
FD90_1_CGCAAGTCCGCCGCTGCAAC	0	FD90_1	Astronaut 1	FD90	FD	26.227153730044
FD90_1_CGCAATGGACCCTCAGATAT	5	FD90_1	Astronaut 1	FD90	FD	20.114046223285
FD90_1_CGCCTCGACCCTAGTGCTGC	0	FD90_1	Astronaut 1	FD90	FD	26.622058877305
FD90_1_CGCCTCTACGCTAACGCAAC	2	FD90_1	Astronaut 1	FD90	FD	21.697411756865
FD90_1_CGCCTGAGTCCGACCGTAAT	3	FD90_1	Astronaut 1	FD90	FD	31.5387246604846
FD90_1_CGCCTTCATCGGCGTGGCGT	0	FD90_1	Astronaut 1	FD90	FD	22.8649524756394
FD90_1_CGCTCAAGGTCGCCTGATAT	2	FD90_1	Astronaut 1	FD90	FD	27.7339893521451
FD90_1_CGCTCACCTACGACCGCGGT	0	FD90_1	Astronaut 1	FD90	FD	25.1154823702353
FD90_1_CGCTCACTAACAGAAGCAAC	6	FD90_1	Astronaut 1	FD90	FD	24.922603770119
FD90_1_CGCTCATCCTCAGTTGTAAT	7	FD90_1	Astronaut 1	FD90	FD	17.2611318849817
FD90_1_CGCTCCCTCACAGCGGATAT	3	FD90_1	Astronaut 1	FD90	FD	21.4873076087866
FD90_1_CGCTCGACTGCCTAGGCTGC	3	FD90_1	Astronaut 1	FD90	FD	20.9915091359228
FD90_1_CGCTCGCGGTCGCCTGCAAC	0	FD90_1	Astronaut 1	FD90	FD	26.5352624560436
FD90_1_CGCTCGCGGTCGCCTGGCGT	0	FD90_1	Astronaut 1	FD90	FD	25.8536986518343
FD90_1_CGGATAACCGCCTAGGATAT	0	FD90_1	Astronaut 1	FD90	FD	27.7371576114216
FD90_1_CGGATAACCGCCTAGGCGGT	3	FD90_1	Astronaut 1	FD90	FD	26.8180225532926
FD90_1_CGGATCGAAGCGCCTGGCGT	6	FD90_1	Astronaut 1	FD90	FD	27.7339894119185
FD90_1_CGGATGTAATCGCCTGATGA	0	FD90_1	Astronaut 1	FD90	FD	27.7339894716918
FD90_1_CGGATTCTACGCTCTGATAT	0	FD90_1	Astronaut 1	FD90	FD	34.7345858225752
FD90_1_CGGCAACTCGCCATAGCAAC	0	FD90_1	Astronaut 1	FD90	FD	23.4454271366263
FD90_1_CGGCACCGCTGGTAAGCTGC	3	FD90_1	Astronaut 1	FD90	FD	21.4272089964848
FD90_1_CGGCACGGCAGTAATGCAAC	0	FD90_1	Astronaut 1	FD90	FD	29.1000142075837
FD90_1_CGGCAGGCGTCAGCGGCTTG	1	FD90_1	Astronaut 1	FD90	FD	50.7363419835129
FD90_1_CGTCGCTCCACAGCGGCTTG	1	FD90_1	Astronaut 1	FD90	FD	29.8793082982537
FD90_1_CGTCGGGTCCCTAACGTCTA	4	FD90_1	Astronaut 1	FD90	FD	26.5845194519686
FD90_1_CGTCGGTCTAGTAATGATAT	3	FD90_1	Astronaut 1	FD90	FD	27.7476909156924
FD90_1_CGTCGTAGAGATTGGGCTTG	1	FD90_1	Astronaut 1	FD90	FD	23.4454271963997
FD90_1_CTAACACGATCCATAGCTTG	1	FD90_1	Astronaut 1	FD90	FD	24.7895584229307
FD90_1_CTAACAGGCTGTAGAGATAT	0	FD90_1	Astronaut 1	FD90	FD	26.2900518234529
FD90_1_CTAACGCAACCTAACGCCTT	5	FD90_1	Astronaut 1	FD90	FD	26.4892492057403
FD90_1_CTACGAAGCAATTCAGATGA	0	FD90_1	Astronaut 1	FD90	FD	32.4895878322551
FD90_1_CTACGAGTTGGGTAAGGCGT	0	FD90_1	Astronaut 1	FD90	FD	19.9531643926954
FD90_1_CTACGATTACGATGAGCTTG	1	FD90_1	Astronaut 1	FD90	FD	50.4520217984333
FD90_1_CTACGGTCCGCTACGGCAAC	0	FD90_1	Astronaut 1	FD90	FD	30.3970519302891
FD90_1_CTACGTGCGCCGTCGGATGA	3	FD90_1	Astronaut 1	FD90	FD	26.4856988228309
FD90_1_CTACGTTAGCGCGAAGCTTG	5	FD90_1	Astronaut 1	FD90	FD	21.9139989127734
FD90_1_CTACGTTATGCAGTTGCAAC	4	FD90_1	Astronaut 1	FD90	FD	22.4459156720249
FD90_1_CTAGTGCCTTCTGGAGATGA	0	FD90_1	Astronaut 1	FD90	FD	61.4709191197019
FD90_1_CTAGTGCCTTCTGGAGCAAC	0	FD90_1	Astronaut 1	FD90	FD	20.7873064634174
FD90_1_CTAGTGCGGTCGAAGGATAT	0	FD90_1	Astronaut 1	FD90	FD	30.3606153898979
FD90_1_CTAGTTCGCGCGACCGTCTA	6	FD90_1	Astronaut 1	FD90	FD	35.4436833193496
FD90_1_CTAGTTGCTAGACTGGCAAC	3	FD90_1	Astronaut 1	FD90	FD	28.3823240363138
FD90_1_CTCCAAGGCTCCATAGCAAC	1	FD90_1	Astronaut 1	FD90	FD	30.3970519900625
FD90_1_CTCCAATCCTGGAGCGCTTG	1	FD90_1	Astronaut 1	FD90	FD	27.7339895314651
FD90_1_CTCCACAGAACTAACGATGA	4	FD90_1	Astronaut 1	FD90	FD	25.7492439151639
FD90_1_CTCCACCATACGTCGGCGGT	0	FD90_1	Astronaut 1	FD90	FD	31.2777805447396
FD90_1_CTCCACTAGTGATATGGCGT	0	FD90_1	Astronaut 1	FD90	FD	24.8078543066693
FD90_1_CTCCAGGAGCCAATCGATAT	0	FD90_1	Astronaut 1	FD90	FD	30.3970520498358
FD90_1_CTCCAGTCCGGATGAGATGA	0	FD90_1	Astronaut 1	FD90	FD	26.3518224391002
FD90_1_CTCCATATGCGAACCGGAGC	0	FD90_1	Astronaut 1	FD90	FD	26.2864654279079
FD90_1_CTCCATTCGACAGCGGATAT	0	FD90_1	Astronaut 1	FD90	FD	31.2119346204159
FD90_1_CTGGAATGGCCCATAGCAAC	3	FD90_1	Astronaut 1	FD90	FD	26.2048079257623
FD90_1_CTGGAGTTAGCGGCAGCCTT	0	FD90_1	Astronaut 1	FD90	FD	26.3456269524543
FD90_1_CTTAACGACCGCAACGCTTG	1	FD90_1	Astronaut 1	FD90	FD	32.5130239848642
FD90_1_CTTAACTACGATTGGGCTGC	5	FD90_1	Astronaut 1	FD90	FD	23.9739979311513
FD90_1_CTTAATTGAAGGTCCGCCTT	0	FD90_1	Astronaut 1	FD90	FD	26.248682092752
FD90_1_GAACCCCTAGGATGAGCAAC	0	FD90_1	Astronaut 1	FD90	FD	21.0991170423294
FD90_1_GACTGATTGGCAATCGGCGT	0	FD90_1	Astronaut 1	FD90	FD	33.2775332050097
FD90_1_GACTGCGAAGCTTAAGTCTA	4	FD90_1	Astronaut 1	FD90	FD	22.4047227995919
FD90_1_GACTGGCGGTCCATAGCAAC	0	FD90_1	Astronaut 1	FD90	FD	22.4047228593652
FD90_1_GACTGTACGTGGTCCGTCTA	4	FD90_1	Astronaut 1	FD90	FD	30.1714917639769
FD90_1_GACTGTCGCGGTAGAGCTTG	5	FD90_1	Astronaut 1	FD90	FD	21.2023032763693
FD90_1_GACTGTGCTAGATATGATAT	0	FD90_1	Astronaut 1	FD90	FD	30.4928536882381
FD90_1_GAGCTCTTAAATTCAGCTGC	0	FD90_1	Astronaut 1	FD90	FD	22.4047229191385
FD90_1_GAGCTGCAGGGCTCTGCTGC	0	FD90_1	Astronaut 1	FD90	FD	37.6002201892209
FD90_1_GAGCTGTAGAGGTAAGTAAT	3	FD90_1	Astronaut 1	FD90	FD	27.7339895912385
FD90_1_GATATACGATGCAGGGTCTA	0	FD90_1	Astronaut 1	FD90	FD	22.4047229789119
FD90_1_GATATACTAACGCAAGGTCC	5	FD90_1	Astronaut 1	FD90	FD	32.4964591995649
FD90_1_GATATACTCGGGTAAGCAAC	0	FD90_1	Astronaut 1	FD90	FD	32.4956060351234
FD90_1_GATATCTAGTCAGTTGCTGC	4	FD90_1	Astronaut 1	FD90	FD	24.7895584827041
FD90_1_GATATGGTCCGTAATGCTTG	6	FD90_1	Astronaut 1	FD90	FD	24.7895585424774
FD90_1_GATATTGCTAGTAATGCGGT	0	FD90_1	Astronaut 1	FD90	FD	21.0315226715279
FD90_1_GATGAAGGCTGCTTGGCAAC	0	FD90_1	Astronaut 1	FD90	FD	29.4133933374207
FD90_1_GATGAAGGTCGGTAAGTCTA	4	FD90_1	Astronaut 1	FD90	FD	27.7362550909122
FD90_1_GATGACAATCGTAGAGCTTG	5	FD90_1	Astronaut 1	FD90	FD	19.0394855357332
FD90_1_GCAACAACGACAGTTGCAAC	0	FD90_1	Astronaut 1	FD90	FD	61.4709191794752
FD90_1_GCAACAAGACATTGGGCTTG	5	FD90_1	Astronaut 1	FD90	FD	30.3606154496712
FD90_1_GCAACAAGACGCCTTGATAT	0	FD90_1	Astronaut 1	FD90	FD	32.565931716299
FD90_1_GCAACAAGACGGCGTGGTCC	0	FD90_1	Astronaut 1	FD90	FD	26.1130980534969
FD90_1_GCAACATGGCGGAGCGATAT	0	FD90_1	Astronaut 1	FD90	FD	35.988504424715
FD90_1_GCAGGGATGAGCGAAGCAAC	0	FD90_1	Astronaut 1	FD90	FD	24.7895586022507
FD90_1_GCAGGGGCAGCGATTGTCTA	4	FD90_1	Astronaut 1	FD90	FD	28.5685106192206
FD90_1_GCAGGTGCTAATTGGGGTCC	0	FD90_1	Astronaut 1	FD90	FD	27.7339896510118
FD90_1_GCCTTAAGCACAGAAGCTTG	1	FD90_1	Astronaut 1	FD90	FD	22.5410830880592
FD90_1_GCCTTCTACGCGGCAGGCGT	6	FD90_1	Astronaut 1	FD90	FD	16.678169362928
FD90_1_GCCTTTAGAGGGTAAGTAAT	0	FD90_1	Astronaut 1	FD90	FD	30.5137396816402
FD90_1_GCGAAATTCAGCAGGGCGGT	0	FD90_1	Astronaut 1	FD90	FD	32.4895878920284
FD90_1_GCGAAGAGCTGGCAGGCCTT	0	FD90_1	Astronaut 1	FD90	FD	32.5793972405236
FD90_1_GCGAAGATATGTATCGCTTG	5	FD90_1	Astronaut 1	FD90	FD	25.7492439749372
FD90_1_GCGGTGGAGCCCTCAGATGA	7	FD90_1	Astronaut 1	FD90	FD	21.8894568761242
FD90_1_GCGGTTCCGGCGAAGGGCGT	0	FD90_1	Astronaut 1	FD90	FD	25.7492440347106
FD90_1_GCGGTTGCGCCGGATGCAAC	3	FD90_1	Astronaut 1	FD90	FD	28.5578173908315
FD90_1_GCGGTTTAGCGCTTGGGCGT	7	FD90_1	Astronaut 1	FD90	FD	30.2769400377393
FD90_1_GCTCTAGGTCGCTCTGATAT	4	FD90_1	Astronaut 1	FD90	FD	27.4872643389412
FD90_1_GCTCTGCCTTCCTAGGTCTA	4	FD90_1	Astronaut 1	FD90	FD	23.445427256173
FD90_1_GCTCTTATGCCGACCGATGA	3	FD90_1	Astronaut 1	FD90	FD	30.3970521096091
FD90_1_GCTCTTATTGCGTCGGCGGT	0	FD90_1	Astronaut 1	FD90	FD	35.0836119195517
FD90_1_GCTCTTCCGGCAATCGATGA	6	FD90_1	Astronaut 1	FD90	FD	20.9666086271184
FD90_1_GCTGCAACGAGATATGCAAC	0	FD90_1	Astronaut 1	FD90	FD	18.9950375435619
FD90_1_GCTGCACTAACTCCAGATGA	4	FD90_1	Astronaut 1	FD90	FD	28.1320484998085
FD90_1_GCTGCCTAGTCGAAGGCAAC	0	FD90_1	Astronaut 1	FD90	FD	30.3970521693825
FD90_1_GCTGCGGAGCCTACGGTAAT	4	FD90_1	Astronaut 1	FD90	FD	30.2118987080926
FD90_1_GCTGCGTCCGGATATGCGGT	0	FD90_1	Astronaut 1	FD90	FD	28.6340180956727
FD90_1_GCTTGTTAGCGAGTCGCAAC	0	FD90_1	Astronaut 1	FD90	FD	28.6119091108393
FD90_1_GGAGCAGAACGATGAGCAAC	1	FD90_1	Astronaut 1	FD90	FD	24.409686969708
FD90_1_GGAGCCAGCGGGTAAGGCGT	0	FD90_1	Astronaut 1	FD90	FD	23.4454273159464
FD90_1_GGAGCCCTCAGATGAGTCTA	6	FD90_1	Astronaut 1	FD90	FD	27.7339897107851
FD90_1_GGAGCCTTAACAATCGGTCC	0	FD90_1	Astronaut 1	FD90	FD	26.2213634193999
FD90_1_GGAGCTAAGGCGCAAGATGA	1	FD90_1	Astronaut 1	FD90	FD	27.7339897705585
FD90_1_GGCAGAGAGTGCAACGCTTG	2	FD90_1	Astronaut 1	FD90	FD	22.05256282762
FD90_1_GGCAGAGTTGCGCAAGCCTT	6	FD90_1	Astronaut 1	FD90	FD	32.1044454213519
FD90_1_GGCAGCGATTGGTCCGCGGT	2	FD90_1	Astronaut 1	FD90	FD	22.4047230386852
FD90_1_GGCAGTATGCCCTAGGCGGT	0	FD90_1	Astronaut 1	FD90	FD	29.5913631706294
FD90_1_GGCGTAACTCCGACCGCTGC	3	FD90_1	Astronaut 1	FD90	FD	24.8477273681818
FD90_1_GGCGTAAGACCAACTGGCGT	6	FD90_1	Astronaut 1	FD90	FD	23.4358807109288
FD90_1_GGCGTAGAGTGGCAGGATGA	0	FD90_1	Astronaut 1	FD90	FD	30.3970522291558
FD90_1_GGCGTCAGTTGTAATGATGA	0	FD90_1	Astronaut 1	FD90	FD	26.4410338082164
FD90_1_GGCGTCTGGACTGGAGATGA	0	FD90_1	Astronaut 1	FD90	FD	33.1861889500722
FD90_1_GGTAAACGATCCTAGGCAAC	1	FD90_1	Astronaut 1	FD90	FD	26.6769676412633
FD90_1_GGTAATACGTCTAACGATGA	0	FD90_1	Astronaut 1	FD90	FD	27.7339898303318
FD90_1_GTAATAACCGATTCAGCTTG	5	FD90_1	Astronaut 1	FD90	FD	21.9519035211505
FD90_1_GTAATACTTCCGATTGCCTT	0	FD90_1	Astronaut 1	FD90	FD	23.4454273757197
FD90_1_GTAATATGGCCGGATGATGA	0	FD90_1	Astronaut 1	FD90	FD	36.2624622684924
FD90_1_GTAATCAGAAGGAGCGTAAT	4	FD90_1	Astronaut 1	FD90	FD	24.7895586620241
FD90_1_GTAATGCCTTATTCAGCTGC	0	FD90_1	Astronaut 1	FD90	FD	22.4047230984586
FD90_1_GTAATGTATCGGCAGGCAAC	1	FD90_1	Astronaut 1	FD90	FD	31.2581786514293
FD90_1_GTAGAAACGACGATTGCTGC	6	FD90_1	Astronaut 1	FD90	FD	25.0335267772652
FD90_1_GTATCAAGGTCTAACGCGGT	2	FD90_1	Astronaut 1	FD90	FD	18.4488592368785
FD90_1_GTATCCAATCCTGGAGCGGT	2	FD90_1	Astronaut 1	FD90	FD	24.4496950117574
FD90_1_GTATCTACGTGTATCGCAAC	0	FD90_1	Astronaut 1	FD90	FD	22.4047231582319
FD90_1_GTATCTATGCCAGCGGATGA	0	FD90_1	Astronaut 1	FD90	FD	30.211898767866
FD90_1_GTCTAAGAGTCGATTGCCTT	1	FD90_1	Astronaut 1	FD90	FD	26.4801944714666
FD90_1_GTCTACGTCGCTACGGATGA	0	FD90_1	Astronaut 1	FD90	FD	25.836480539959
FD90_1_GTCTAGCTTGCTTAAGTAAT	0	FD90_1	Astronaut 1	FD90	FD	24.7895587217974
FD90_1_GTTAGACTAAATTGGGATGA	0	FD90_1	Astronaut 1	FD90	FD	27.7339898901052
FD90_1_GTTAGGAGTCCCTCAGTCTA	0	FD90_1	Astronaut 1	FD90	FD	26.3105078065515
FD90_1_GTTAGGCTCTGATGAGATAT	3	FD90_1	Astronaut 1	FD90	FD	26.1439445413247
FD90_1_GTTAGTCATCCTCCAGATGA	0	FD90_1	Astronaut 1	FD90	FD	27.7423942636789
FD90_1_TAAGGATGCGGCGAAGCAAC	0	FD90_1	Astronaut 1	FD90	FD	24.7895587815707
FD90_1_TAAGGCGACCGTAATGATAT	4	FD90_1	Astronaut 1	FD90	FD	30.3606155094446
FD90_1_TAAGGGGCAGCGCTCGGCGT	2	FD90_1	Astronaut 1	FD90	FD	26.3106043017114
FD90_1_TAAGGTCAGTGCAGGGATAT	0	FD90_1	Astronaut 1	FD90	FD	24.993426359525
FD90_1_TAAGGTGAGAGCGGTGCAAC	0	FD90_1	Astronaut 1	FD90	FD	34.1137089803407
FD90_1_TACGTGATATCGATTGGCGT	0	FD90_1	Astronaut 1	FD90	FD	28.322536085166
FD90_1_TACGTGATGACAGAAGCTGC	0	FD90_1	Astronaut 1	FD90	FD	21.6974118166383
FD90_1_TACGTTACGTGCTCTGATAT	4	FD90_1	Astronaut 1	FD90	FD	27.7339899498785
FD90_1_TAGAGAACTCGTAGAGCTTG	3	FD90_1	Astronaut 1	FD90	FD	23.8230165803639
FD90_1_TAGGACCGCTCGGATGCTGC	5	FD90_1	Astronaut 1	FD90	FD	23.362564285228
FD90_1_TAGGACGGATCTCCAGTCTA	0	FD90_1	Astronaut 1	FD90	FD	23.445427435493
FD90_1_TAGGACTAGTCTTAAGCAAC	6	FD90_1	Astronaut 1	FD90	FD	19.1471754159508
FD90_1_TAGGAGATGAGGTAAGGAGC	0	FD90_1	Astronaut 1	FD90	FD	21.8618227339069
FD90_1_TAGGAGCTTGCGCTCGCAAC	6	FD90_1	Astronaut 1	FD90	FD	35.083611979325
FD90_1_TAGGAGTCCGGTATCGCAAC	3	FD90_1	Astronaut 1	FD90	FD	30.5108588063249
FD90_1_TATCTAGTTGCAACTGCGGT	5	FD90_1	Astronaut 1	FD90	FD	25.9588544261163
FD90_1_TATCTGATATCTGGAGCTTG	5	FD90_1	Astronaut 1	FD90	FD	32.0318739718377
FD90_1_TATGCCAGTTGGTCCGCGGT	5	FD90_1	Astronaut 1	FD90	FD	26.6252788241176
FD90_1_TATGCGCGGTATTGGGGCGT	6	FD90_1	Astronaut 1	FD90	FD	21.8618227936802
FD90_1_TATGCTCGTACCTAGGCTTG	1	FD90_1	Astronaut 1	FD90	FD	30.4442071435397
FD90_1_TATTGACCTAGCAACGGAGC	1	FD90_1	Astronaut 1	FD90	FD	25.399946743849
FD90_1_TATTGATTACCCTCAGCAAC	3	FD90_1	Astronaut 1	FD90	FD	30.3970522889291
FD90_1_TATTGGAGCTCTGGAGTCTA	0	FD90_1	Astronaut 1	FD90	FD	20.6936187200704
FD90_1_TATTGTAGAGCGATTGCTTG	1	FD90_1	Astronaut 1	FD90	FD	22.4047232180052
FD90_1_TCAGTACTCGCTAGTGGCGT	0	FD90_1	Astronaut 1	FD90	FD	20.9885407656838
FD90_1_TCAGTTTAGCGATATGCCTT	2	FD90_1	Astronaut 1	FD90	FD	32.4895879518018
FD90_1_TCATCCTAACGTATCGCTTG	1	FD90_1	Astronaut 1	FD90	FD	28.3766543362811
FD90_1_TCATCGAACCCTGGAGGCGT	0	FD90_1	Astronaut 1	FD90	FD	23.4454274952664
FD90_1_TCATCGTCTAGAGCTGATGA	1	FD90_1	Astronaut 1	FD90	FD	24.7895588413441
FD90_1_TCATCTAGGAGGCAGGCGGT	2	FD90_1	Astronaut 1	FD90	FD	22.0279834187102
FD90_1_TCATCTAGGAGGCAGGTAAT	0	FD90_1	Astronaut 1	FD90	FD	32.0713450618859
FD90_1_TCATCTATCTCGCCTGCTTG	2	FD90_1	Astronaut 1	FD90	FD	19.9573710959467
FD90_1_TCATCTCGTACCATAGCAAC	4	FD90_1	Astronaut 1	FD90	FD	32.5005287787751
FD90_1_TCCGGATTACGCTCTGGCGT	7	FD90_1	Astronaut 1	FD90	FD	19.9549785632811
FD90_1_TCCGGCAGTTCAACTGATAT	2	FD90_1	Astronaut 1	FD90	FD	25.7492440944839
FD90_1_TCCGGCTTAACGGCAGCGGT	0	FD90_1	Astronaut 1	FD90	FD	27.7339900096518
FD90_1_TCGCGATGCGGGCAGGCTTG	3	FD90_1	Astronaut 1	FD90	FD	26.4143939995829
FD90_1_TCGCGCTTAAGCGGTGATGA	0	FD90_1	Astronaut 1	FD90	FD	24.9560276719473
FD90_1_TCGTAAGGCTGATATGATAT	0	FD90_1	Astronaut 1	FD90	FD	28.6882524594818
FD90_1_TCGTACAGTTGCAACGATAT	2	FD90_1	Astronaut 1	FD90	FD	20.7610385509623
FD90_1_TCTACAACTCATTGGGCAAC	5	FD90_1	Astronaut 1	FD90	FD	18.5226295716312
FD90_1_TCTACATTACCAGCGGCTTG	0	FD90_1	Astronaut 1	FD90	FD	21.1157375056565
FD90_1_TCTACCCTCAGATGAGTAAT	0	FD90_1	Astronaut 1	FD90	FD	30.3606155692179
FD90_1_TCTACTATCTGGCAGGTCTA	4	FD90_1	Astronaut 1	FD90	FD	25.0578246217438
FD90_1_TCTACTATTGGGTCCGATAT	2	FD90_1	Astronaut 1	FD90	FD	26.3145438706058
FD90_1_TGAGAAACGAGCAACGGCGT	2	FD90_1	Astronaut 1	FD90	FD	26.5607238408847
FD90_1_TGAGAAACTCCGAAGGCTTG	6	FD90_1	Astronaut 1	FD90	FD	24.4096870294814
FD90_1_TGAGAAGAGTCCATAGATGA	4	FD90_1	Astronaut 1	FD90	FD	61.4709192392486
FD90_1_TGAGAGCTTGGCCTTGCGGT	0	FD90_1	Astronaut 1	FD90	FD	27.7339900694252
FD90_1_TGAGATCTACCGTCGGCGGT	0	FD90_1	Astronaut 1	FD90	FD	23.4454275550397
FD90_1_TGAGATTATGGCTGCGCCTT	1	FD90_1	Astronaut 1	FD90	FD	27.7339901291985
FD90_1_TGCGCAGAACGGAGCGTCTA	0	FD90_1	Astronaut 1	FD90	FD	26.5631936811934
FD90_1_TGCGCATCCTCAACTGCTGC	0	FD90_1	Astronaut 1	FD90	FD	49.4725614516421
FD90_1_TGCGCCAATCCGCTCGCTTG	0	FD90_1	Astronaut 1	FD90	FD	24.4096870892547
FD90_1_TGCTAAACGACCATAGCTTG	0	FD90_1	Astronaut 1	FD90	FD	35.0836120390984
FD90_1_TGCTAAACTCATTCAGATGA	2	FD90_1	Astronaut 1	FD90	FD	24.409687149028
FD90_1_TGCTAACTAACAACTGGAGC	0	FD90_1	Astronaut 1	FD90	FD	21.0009945934325
FD90_1_TGGACATGGCCAACTGATGA	4	FD90_1	Astronaut 1	FD90	FD	34.969314739315
FD90_1_TGGACCTAGTCGATTGGAGC	1	FD90_1	Astronaut 1	FD90	FD	23.4153886314608
FD90_1_TGGACGAGCTCGGCAGCAAC	6	FD90_1	Astronaut 1	FD90	FD	23.445427614813
FD90_1_TGGACGAGTCCCTCAGCAAC	3	FD90_1	Astronaut 1	FD90	FD	31.2542018700261
FD90_1_TGGACTCCGGGAGCTGGAGC	1	FD90_1	Astronaut 1	FD90	FD	26.5941248591612
FD90_1_TTAGCATCCTGCTCTGCAAC	0	FD90_1	Astronaut 1	FD90	FD	30.3970523487025
FD90_1_TTAGCATTACGATGAGATGA	5	FD90_1	Astronaut 1	FD90	FD	32.5212904718391
FD90_1_TTAGCATTACGTATCGTCTA	4	FD90_1	Astronaut 1	FD90	FD	21.9477225163057
FD90_1_TTAGCATTCACGTCGGCAAC	0	FD90_1	Astronaut 1	FD90	FD	17.9626807889352
FD90_1_TTAGCGCTTGCTTAAGATAT	0	FD90_1	Astronaut 1	FD90	FD	30.3970524084758
FD90_1_TTATGATCTGGGCGTGCGGT	0	FD90_1	Astronaut 1	FD90	FD	24.7895589011174
FD90_1_TTATGCCATAATTGGGCTTG	3	FD90_1	Astronaut 1	FD90	FD	61.4709192990219
FD90_1_TTATGCCGCTGGCAGGGAGC	0	FD90_1	Astronaut 1	FD90	FD	26.2490567529981
FD90_1_TTATGCGCAAGGAGCGCAAC	5	FD90_1	Astronaut 1	FD90	FD	29.0046699324266
FD90_1_TTATGGATGAGAGCTGCAAC	0	FD90_1	Astronaut 1	FD90	FD	30.2118988276393
FD90_1_TTATGGTCCGCGTCGGGAGC	2	FD90_1	Astronaut 1	FD90	FD	26.5620462974598
FD90_1_TTATGGTCTACTAGTGCTTG	0	FD90_1	Astronaut 1	FD90	FD	28.5578174506048
FD90_1_TTCATAAGCACTCCAGCTTG	7	FD90_1	Astronaut 1	FD90	FD	24.8250643563636
FD90_1_TTCGAAGTTGCTGGAGCGGT	1	FD90_1	Astronaut 1	FD90	FD	35.4489885740272
FD90_1_TTCGACAATCCGCAAGCAAC	0	FD90_1	Astronaut 1	FD90	FD	33.2860007846031
FD90_1_TTCGACGCCTCCTAGGCTTG	1	FD90_1	Astronaut 1	FD90	FD	32.0117038905237
FD90_1_TTCGATCAGTATTGGGCAAC	2	FD90_1	Astronaut 1	FD90	FD	26.494423982088
FD90_1_TTGAACGGATCGCTCGGCGT	0	FD90_1	Astronaut 1	FD90	FD	25.8056313150242
FD90_1_TTGAAGACTGGCGAAGTCTA	4	FD90_1	Astronaut 1	FD90	FD	27.7475065361697
FD90_1_TTGAAGGTAAGTAGAGTCTA	2	FD90_1	Astronaut 1	FD90	FD	27.7339901889719
FD90_1_TTGAATGCGCGATATGGCGT	1	FD90_1	Astronaut 1	FD90	FD	33.2112073916314
FD90_2_AACCGAACCGGATATGATGA	0	FD90_2	Astronaut 2	FD90	FD	35.0836120988717
FD90_2_AACCGACGATCTGGAGCTTG	1	FD90_2	Astronaut 2	FD90	FD	43.5385857572468
FD90_2_AACCGAGTTGGACTGGCCTT	1	FD90_2	Astronaut 2	FD90	FD	31.5404390501887
FD90_2_AACCGATCCTCTCCAGCTTG	1	FD90_2	Astronaut 2	FD90	FD	30.5289626867714
FD90_2_AACCGATCTGATTGGGCTTG	1	FD90_2	Astronaut 2	FD90	FD	30.3606156289912
FD90_2_AACCGGAGTCCTTAAGGCGT	0	FD90_2	Astronaut 2	FD90	FD	34.9600481752951
FD90_2_AACCGGGCGTCTACGGATGA	0	FD90_2	Astronaut 2	FD90	FD	35.0836121586451
FD90_2_AACCGTTCGAGAGCTGGTCC	1	FD90_2	Astronaut 2	FD90	FD	31.4521093445852
FD90_2_AACGAAAGACATTCAGCTTG	1	FD90_2	Astronaut 2	FD90	FD	50.425219821654
FD90_2_AACGAACCAGCGTCGGATGA	1	FD90_2	Astronaut 2	FD90	FD	43.0821202332453
FD90_2_AACGAAGTTGGAACCGTAAT	0	FD90_2	Astronaut 2	FD90	FD	38.5046372289029
FD90_2_AACGAATTACCCTCAGGAGC	3	FD90_2	Astronaut 2	FD90	FD	45.0079969976023
FD90_2_AACGACTAACCTGGAGATAT	3	FD90_2	Astronaut 2	FD90	FD	38.6234560429781
FD90_2_AACGATATCTGCGGTGGAGC	0	FD90_2	Astronaut 2	FD90	FD	36.5801548897188
FD90_2_AACGATGAGACGATTGTAAT	0	FD90_2	Astronaut 2	FD90	FD	50.4343763388775
FD90_2_AACGATGCTAGAACCGCTTG	0	FD90_2	Astronaut 2	FD90	FD	30.8123489554154
FD90_2_AACGATTATGCCATAGATGA	0	FD90_2	Astronaut 2	FD90	FD	30.3606156887646
FD90_2_AACTCAACGACCTAGGATGA	0	FD90_2	Astronaut 2	FD90	FD	31.540439109962
FD90_2_AACTCAAGCACTAACGCTGC	1	FD90_2	Astronaut 2	FD90	FD	44.5286388217745
FD90_2_AACTCACGATGCAGGGCTTG	6	FD90_2	Astronaut 2	FD90	FD	44.1448677778486
FD90_2_AACTCAGCGGGGCAGGCTGC	0	FD90_2	Astronaut 2	FD90	FD	31.5404391697353
FD90_2_AACTCAGGCTCGATTGATAT	7	FD90_2	Astronaut 2	FD90	FD	34.716625478358
FD90_2_AACTCCTACGATTGGGATGA	1	FD90_2	Astronaut 2	FD90	FD	56.4688319496359
FD90_2_AACTCCTCCACCTAGGATAT	5	FD90_2	Astronaut 2	FD90	FD	32.1044454811253
FD90_2_AACTCGCCTTCGGCAGCGGT	1	FD90_2	Astronaut 2	FD90	FD	38.5046372886762
FD90_2_AACTCGGCAGCGCCTGCTTG	7	FD90_2	Astronaut 2	FD90	FD	54.5222865091213
FD90_2_AACTCGTAGACCTCAGATGA	2	FD90_2	Astronaut 2	FD90	FD	37.8637558446649
FD90_2_AACTCTATCTGGAGCGATAT	3	FD90_2	Astronaut 2	FD90	FD	30.3606157485379
FD90_2_AAGACGAGTCCGACCGATGA	3	FD90_2	Astronaut 2	FD90	FD	38.5046373484495
FD90_2_AAGACGCAGGCAGTTGCCTT	0	FD90_2	Astronaut 2	FD90	FD	36.1751442217881
FD90_2_AAGACGCCTTGTATCGGCGT	1	FD90_2	Astronaut 2	FD90	FD	31.5404392295087
FD90_2_AAGACGTCCGGGTCCGCTGC	0	FD90_2	Astronaut 2	FD90	FD	30.3606158083113
FD90_2_AAGACTCAGTCGGATGATGA	7	FD90_2	Astronaut 2	FD90	FD	35.4585869534108
FD90_2_AAGACTTAGCCGGCAGCCTT	1	FD90_2	Astronaut 2	FD90	FD	30.3606158680846
FD90_2_AAGCAACTCGGGAGCGCTTG	2	FD90_2	Astronaut 2	FD90	FD	30.3606159278579
FD90_2_AAGCAAGGTCGCCTTGTAAT	3	FD90_2	Astronaut 2	FD90	FD	44.1448678376219
FD90_2_AAGCAATGCGGCTCTGATAT	0	FD90_2	Astronaut 2	FD90	FD	36.7311867970947
FD90_2_AAGCACGATTGACTGGTCTA	1	FD90_2	Astronaut 2	FD90	FD	18.9950376033353
FD90_2_AAGCACGTCGGATATGATGA	1	FD90_2	Astronaut 2	FD90	FD	37.7699491922449
FD90_2_AAGCAGCGAACTGGAGCCTT	0	FD90_2	Astronaut 2	FD90	FD	35.443683379123
FD90_2_AAGCAGGAGCGTAATGCGGT	0	FD90_2	Astronaut 2	FD90	FD	35.0836122184184
FD90_2_AAGCAGGTAAGCAGGGTCTA	0	FD90_2	Astronaut 2	FD90	FD	44.1448678973952
FD90_2_AAGCAGTTAGGAGCTGGAGC	0	FD90_2	Astronaut 2	FD90	FD	35.4436834388963
FD90_2_AAGCATAGGAGCCTTGATGA	0	FD90_2	Astronaut 2	FD90	FD	32.494959939631
FD90_2_AAGCATCGTACGCAAGCCTT	0	FD90_2	Astronaut 2	FD90	FD	44.1448679571686
FD90_2_AAGCATGCGCGCGAAGGCGT	1	FD90_2	Astronaut 2	FD90	FD	30.3606159876313
FD90_2_AAGCATTCGACCTCAGGTCC	1	FD90_2	Astronaut 2	FD90	FD	30.3606160474046
FD90_2_AAGGTCAACTGAGCTGTAAT	1	FD90_2	Astronaut 2	FD90	FD	43.3577846042887
FD90_2_AAGGTGCAGGGAACCGCTTG	1	FD90_2	Astronaut 2	FD90	FD	35.4436834986696
FD90_2_AAGGTGTAATCTACGGATGA	3	FD90_2	Astronaut 2	FD90	FD	43.1029074956381
FD90_2_ACCAGAACGAGATGAGATGA	2	FD90_2	Astronaut 2	FD90	FD	18.9950376631086
FD90_2_ACCAGACTAACTTAAGGCGT	1	FD90_2	Astronaut 2	FD90	FD	44.8752708713327
FD90_2_ACCAGACTAAGTAATGGCGT	0	FD90_2	Astronaut 2	FD90	FD	28.6202893777021
FD90_2_ACCAGATTACCGACCGGTCC	5	FD90_2	Astronaut 2	FD90	FD	30.3606161071779
FD90_2_ACCAGCGACCGAGTCGCTTG	3	FD90_2	Astronaut 2	FD90	FD	49.0934476193156
FD90_2_ACCAGCGCAAATTCAGGCGT	1	FD90_2	Astronaut 2	FD90	FD	48.5969430213407
FD90_2_ACCAGGAACCCTCCAGCTTG	5	FD90_2	Astronaut 2	FD90	FD	58.6245113237395
FD90_2_ACCAGGCCTTGAGTCGATGA	0	FD90_2	Astronaut 2	FD90	FD	29.3697490825746
FD90_2_ACCAGGGTCCCAGCGGGCGT	1	FD90_2	Astronaut 2	FD90	FD	50.7363420432862
FD90_2_ACCAGGTCCGGATATGTCTA	0	FD90_2	Astronaut 2	FD90	FD	49.4725615114154
FD90_2_ACCAGTAAGGCCGCTGATGA	0	FD90_2	Astronaut 2	FD90	FD	32.7005803501675
FD90_2_ACCTAACTTCCGCAAGCTTG	2	FD90_2	Astronaut 2	FD90	FD	49.093447679089
FD90_2_ACCTAAGAGTGGTAAGATAT	0	FD90_2	Astronaut 2	FD90	FD	43.2991959768191
FD90_2_ACCTACCTCACGACCGATAT	1	FD90_2	Astronaut 2	FD90	FD	49.1683391516585
FD90_2_ACCTACGAAGCTGGAGGCGT	6	FD90_2	Astronaut 2	FD90	FD	43.6147959625173
FD90_2_ACCTACGCCTGGTAAGGCGT	0	FD90_2	Astronaut 2	FD90	FD	54.5222865688946
FD90_2_ACCTAGAACCGTAGAGGCGT	0	FD90_2	Astronaut 2	FD90	FD	30.3606161669513
FD90_2_ACCTAGATATCGATTGATAT	1	FD90_2	Astronaut 2	FD90	FD	49.0934477388623
FD90_2_ACCTAGCAACGCAACGCTGC	1	FD90_2	Astronaut 2	FD90	FD	30.5899762745809
FD90_2_ACCTAGCCTTCCATAGATGA	0	FD90_2	Astronaut 2	FD90	FD	36.3197692173512
FD90_2_ACCTAGTCCGGAACCGGTCC	0	FD90_2	Astronaut 2	FD90	FD	31.540439289282
FD90_2_ACCTATTGAAGGTAAGTAAT	0	FD90_2	Astronaut 2	FD90	FD	39.5809783630442
FD90_2_ACGATAACTCCGATTGCCTT	0	FD90_2	Astronaut 2	FD90	FD	35.443683558443
FD90_2_ACGATGCAACCGACCGATAT	5	FD90_2	Astronaut 2	FD90	FD	32.4974061697989
FD90_2_ACGATGCGGTCCGCTGATGA	1	FD90_2	Astronaut 2	FD90	FD	61.4709193587952
FD90_2_ACGATGCTGCCAGCGGCTTG	1	FD90_2	Astronaut 2	FD90	FD	44.1448680169419
FD90_2_ACTAAACTCGCGGATGGCGT	1	FD90_2	Astronaut 2	FD90	FD	49.1683392114318
FD90_2_ACTAAATTCACGCAAGATGA	0	FD90_2	Astronaut 2	FD90	FD	34.7782498688184
FD90_2_ACTAAGCTCTGGTAAGCTGC	1	FD90_2	Astronaut 2	FD90	FD	28.6191414556044
FD90_2_ACTAAGTAATGGTAAGCTTG	1	FD90_2	Astronaut 2	FD90	FD	28.5578175103782
FD90_2_ACTCGACTAAGCAACGATAT	0	FD90_2	Astronaut 2	FD90	FD	38.4083610791664
FD90_2_ACTCGATTCACGATTGTAAT	0	FD90_2	Astronaut 2	FD90	FD	35.4436836182163
FD90_2_ACTCGTTAGCGTAATGATAT	0	FD90_2	Astronaut 2	FD90	FD	48.7769038982233
FD90_2_ACTTCCAGCGGCTCTGCTGC	0	FD90_2	Astronaut 2	FD90	FD	31.5404393490554
FD90_2_ACTTCCGCTCGGTAAGCTTG	1	FD90_2	Astronaut 2	FD90	FD	35.0232915611038
FD90_2_ACTTCGAGTCCGGATGATGA	2	FD90_2	Astronaut 2	FD90	FD	36.1587166192035
FD90_2_ACTTCTAGAGCCTAGGATGA	3	FD90_2	Astronaut 2	FD90	FD	43.8088431119068
FD90_2_ACTTCTTAGCCTAACGCCTT	2	FD90_2	Astronaut 2	FD90	FD	30.3606162267246
FD90_2_ACTTCTTAGCGGTAAGGAGC	0	FD90_2	Astronaut 2	FD90	FD	30.360616286498
FD90_2_ACTTCTTGAAGTATCGATGA	1	FD90_2	Astronaut 2	FD90	FD	36.1587166789768
FD90_2_AGAACAGTTGGCAACGGCGT	1	FD90_2	Astronaut 2	FD90	FD	31.5404394088287
FD90_2_AGAACTATGCCTAACGTAAT	0	FD90_2	Astronaut 2	FD90	FD	50.7363421030596
FD90_2_AGAGTACCAGCGGCAGGCGT	0	FD90_2	Astronaut 2	FD90	FD	40.7419882344039
FD90_2_AGAGTATGGCGATGAGCTGC	1	FD90_2	Astronaut 2	FD90	FD	35.4436836779897
FD90_2_AGAGTCGCCTCGAAGGATAT	0	FD90_2	Astronaut 2	FD90	FD	31.6118012822253
FD90_2_AGAGTCTAACGCGGTGGAGC	1	FD90_2	Astronaut 2	FD90	FD	44.1448680767152
FD90_2_AGAGTGCTCTATTGGGCGGT	0	FD90_2	Astronaut 2	FD90	FD	31.3657368542016
FD90_2_AGAGTGTATCCAATCGCGGT	2	FD90_2	Astronaut 2	FD90	FD	35.443683737763
FD90_2_AGAGTGTCTACAGAAGTCTA	0	FD90_2	Astronaut 2	FD90	FD	36.3921729368236
FD90_2_AGAGTTTGAACAGCGGTCTA	0	FD90_2	Astronaut 2	FD90	FD	35.4436837975363
FD90_2_AGCGGAACCGCGACCGCTGC	0	FD90_2	Astronaut 2	FD90	FD	29.413355396528
FD90_2_AGCGGACCTACTACGGTCTA	0	FD90_2	Astronaut 2	FD90	FD	30.4725783731018
FD90_2_AGCGGCGACCGTATCGATGA	3	FD90_2	Astronaut 2	FD90	FD	35.4436838573097
FD90_2_AGCGGGCAACGCGAAGATGA	1	FD90_2	Astronaut 2	FD90	FD	37.3495202066882
FD90_2_AGCGGGTCTAGCGAAGGAGC	0	FD90_2	Astronaut 2	FD90	FD	34.8042196821675
FD90_2_AGCGGTTCATGGCGTGCCTT	0	FD90_2	Astronaut 2	FD90	FD	31.0335882724354
FD90_2_AGGCTACCAGGGTAAGCTGC	0	FD90_2	Astronaut 2	FD90	FD	49.4725615711888
FD90_2_AGGCTACTTCCTACGGGTCC	1	FD90_2	Astronaut 2	FD90	FD	29.9046108771187
FD90_2_AGGCTATGCGGCTGCGATAT	1	FD90_2	Astronaut 2	FD90	FD	43.5535906314642
FD90_2_AGGCTCAGTTCCATAGCGGT	3	FD90_2	Astronaut 2	FD90	FD	31.540439468602
FD90_2_AGGCTCCTAGATTGGGCTTG	1	FD90_2	Astronaut 2	FD90	FD	37.6637792082555
FD90_2_AGGCTCGATTGAGCTGCTGC	0	FD90_2	Astronaut 2	FD90	FD	30.3606163462713
FD90_2_AGGCTCGGCAGGAGCGGCGT	5	FD90_2	Astronaut 2	FD90	FD	30.0193659782211
FD90_2_AGGCTGAACCCGCCTGCGGT	5	FD90_2	Astronaut 2	FD90	FD	35.443683917083
FD90_2_AGGTCAACCGGCTTGGATAT	0	FD90_2	Astronaut 2	FD90	FD	36.320842169053
FD90_2_AGGTCAGGTCCGGCAGATAT	0	FD90_2	Astronaut 2	FD90	FD	30.3606164060446
FD90_2_AGGTCAGTTGCGCAAGTAAT	0	FD90_2	Astronaut 2	FD90	FD	36.4033645635084
FD90_2_AGGTCATCCTGCTCTGATAT	2	FD90_2	Astronaut 2	FD90	FD	34.8888305679306
FD90_2_AGGTCATCTGGAACCGATGA	1	FD90_2	Astronaut 2	FD90	FD	43.5385858170201
FD90_2_AGGTCCTAACCTGGAGCTGC	1	FD90_2	Astronaut 2	FD90	FD	31.4429037048933
FD90_2_AGGTCGAGTCCGCTCGCTGC	1	FD90_2	Astronaut 2	FD90	FD	35.7887390283246
FD90_2_AGGTCGTTAGGGTCCGCGGT	3	FD90_2	Astronaut 2	FD90	FD	44.1448681364886
FD90_2_AGGTCTATTGGTAATGGCGT	1	FD90_2	Astronaut 2	FD90	FD	50.7363421628329
FD90_2_AGTTGCGAAGGTAGAGATGA	1	FD90_2	Astronaut 2	FD90	FD	30.360616465818
FD90_2_AGTTGCGAAGGTAGAGCTTG	1	FD90_2	Astronaut 2	FD90	FD	50.4891071626064
FD90_2_AGTTGGTAATGTAGAGCTTG	3	FD90_2	Astronaut 2	FD90	FD	44.5286388815478
FD90_2_AGTTGGTCTACGACCGTCTA	0	FD90_2	Astronaut 2	FD90	FD	34.8897051091968
FD90_2_AGTTGTTCATCGCCTGATAT	1	FD90_2	Astronaut 2	FD90	FD	49.1683392712051
FD90_2_AGTTGTTCATCGCCTGGTCC	1	FD90_2	Astronaut 2	FD90	FD	31.5404395283754
FD90_2_ATCCTAGGCTGGCAGGGCGT	0	FD90_2	Astronaut 2	FD90	FD	35.4436839768563
FD90_2_ATCCTGTCCGCTTAAGGTCC	0	FD90_2	Astronaut 2	FD90	FD	44.1448681962619
FD90_2_ATCCTTTCATGATATGCTTG	6	FD90_2	Astronaut 2	FD90	FD	43.281001332622
FD90_2_ATCTGATCCTCTAGTGGCGT	1	FD90_2	Astronaut 2	FD90	FD	34.7840620541428
FD90_2_ATCTGCAACTGATGAGGAGC	0	FD90_2	Astronaut 2	FD90	FD	26.6104238007563
FD90_2_ATCTGCAGCGGCTTGGCCTT	0	FD90_2	Astronaut 2	FD90	FD	35.4436840366297
FD90_2_ATCTGGCTTGGTATCGGTCC	0	FD90_2	Astronaut 2	FD90	FD	44.1448682560352
FD90_2_ATCTGGTAGACGCCTGCTGC	0	FD90_2	Astronaut 2	FD90	FD	30.3606165255913
FD90_2_ATCTGGTAGACTTAAGATGA	1	FD90_2	Astronaut 2	FD90	FD	31.5404395881487
FD90_2_ATGCGACTAAGGTCCGGCGT	1	FD90_2	Astronaut 2	FD90	FD	49.4725616309621
FD90_2_ATGCGCGCAAGAACCGATAT	3	FD90_2	Astronaut 2	FD90	FD	44.1448683158086
FD90_2_ATGGCACTAAGATGAGCTGC	1	FD90_2	Astronaut 2	FD90	FD	36.2235313685056
FD90_2_ATGGCACTAAGGTAAGCTGC	5	FD90_2	Astronaut 2	FD90	FD	29.6696104074913
FD90_2_ATTACAACTCCCGCTGGTCC	1	FD90_2	Astronaut 2	FD90	FD	18.9950377228819
FD90_2_ATTACATGCGCTCCAGCCTT	2	FD90_2	Astronaut 2	FD90	FD	25.8862243441823
FD90_2_ATTACATGCGGCCTTGATAT	5	FD90_2	Astronaut 2	FD90	FD	44.2230841744484
FD90_2_ATTACCGCCTATTCAGCTTG	1	FD90_2	Astronaut 2	FD90	FD	44.6136318569319
FD90_2_ATTACTAGAGCAACTGCTGC	3	FD90_2	Astronaut 2	FD90	FD	35.443684096403
FD90_2_ATTACTCGCGCGACCGCTTG	2	FD90_2	Astronaut 2	FD90	FD	49.4725616907354
FD90_2_ATTCAAACGACGATTGGCGT	1	FD90_2	Astronaut 2	FD90	FD	39.5295817606993
FD90_2_ATTCAAGGTCGGTAAGCTGC	0	FD90_2	Astronaut 2	FD90	FD	29.7350148521168
FD90_2_ATTCAATTACGAGTCGATAT	1	FD90_2	Astronaut 2	FD90	FD	36.7319312012429
FD90_2_ATTCACCTAGCAACTGATGA	1	FD90_2	Astronaut 2	FD90	FD	40.7419882941772
FD90_2_ATTCACGGCAGAGTCGCCTT	5	FD90_2	Astronaut 2	FD90	FD	35.4436841561763
FD90_2_ATTCACTCCACTAGTGCCTT	0	FD90_2	Astronaut 2	FD90	FD	32.7612120554081
FD90_2_ATTCAGACTGCTCCAGCCTT	0	FD90_2	Astronaut 2	FD90	FD	32.4955194174251
FD90_2_ATTCAGCGAAGAACCGATGA	1	FD90_2	Astronaut 2	FD90	FD	44.1448683755819
FD90_2_ATTCATACGTGAACCGATAT	3	FD90_2	Astronaut 2	FD90	FD	35.9885044844883
FD90_2_ATTCATTCATGCAGGGTAAT	1	FD90_2	Astronaut 2	FD90	FD	34.7166255381313
FD90_2_ATTGGAAGACGGTAAGGTCC	0	FD90_2	Astronaut 2	FD90	FD	30.5351476090723
FD90_2_ATTGGAAGCACGATTGCGGT	0	FD90_2	Astronaut 2	FD90	FD	36.1587167387502
FD90_2_ATTGGACTCGCAATCGATGA	2	FD90_2	Astronaut 2	FD90	FD	35.8561942693345
FD90_2_ATTGGCCTCACGCTCGGAGC	3	FD90_2	Astronaut 2	FD90	FD	50.249572699315
FD90_2_ATTGGGATATGTAATGTAAT	0	FD90_2	Astronaut 2	FD90	FD	44.0794847771305
FD90_2_ATTGGTAGGACAGCGGCGGT	0	FD90_2	Astronaut 2	FD90	FD	37.3473415166442
FD90_2_ATTGGTTCATGGCAGGATAT	7	FD90_2	Astronaut 2	FD90	FD	44.1448684353552
FD90_2_ATTGGTTCGACTAGTGCCTT	1	FD90_2	Astronaut 2	FD90	FD	31.540439647922
FD90_2_CAACTAAGCAGTAGAGGAGC	7	FD90_2	Astronaut 2	FD90	FD	50.7363422226063
FD90_2_CAACTAGAGTCAACTGATGA	0	FD90_2	Astronaut 2	FD90	FD	39.5295818204726
FD90_2_CAACTCGGATCGGCAGCGGT	3	FD90_2	Astronaut 2	FD90	FD	31.5404397076954
FD90_2_CAACTCTACGCAACTGGCGT	0	FD90_2	Astronaut 2	FD90	FD	32.7461317682692
FD90_2_CAACTGACTGCTCCAGATGA	1	FD90_2	Astronaut 2	FD90	FD	43.8421847071842
FD90_2_CAACTGCCTTGCGGTGCCTT	0	FD90_2	Astronaut 2	FD90	FD	37.1546736778079
FD90_2_CAACTTACGTGACTGGCTTG	1	FD90_2	Astronaut 2	FD90	FD	33.252187496233
FD90_2_CAACTTCGTACCTAGGCTGC	3	FD90_2	Astronaut 2	FD90	FD	35.4436842159497
FD90_2_CAATCAAGCACCATAGCCTT	1	FD90_2	Astronaut 2	FD90	FD	30.3606165853646
FD90_2_CAATCAAGCAGCAACGTCTA	1	FD90_2	Astronaut 2	FD90	FD	34.8309362219013
FD90_2_CAATCCAGAAGTAATGATGA	3	FD90_2	Astronaut 2	FD90	FD	35.443684275723
FD90_2_CAATCCCATAGCCTTGCTGC	1	FD90_2	Astronaut 2	FD90	FD	18.9950377826553
FD90_2_CAATCCGCTCGTAATGTAAT	0	FD90_2	Astronaut 2	FD90	FD	35.4436843354963
FD90_2_CAATCCGGATCGCCTGATGA	6	FD90_2	Astronaut 2	FD90	FD	44.1448684951286
FD90_2_CAATCCTTAAGATATGATAT	0	FD90_2	Astronaut 2	FD90	FD	38.5046374082229
FD90_2_CAATCGCTTGCTTAAGGCGT	2	FD90_2	Astronaut 2	FD90	FD	31.5404397674687
FD90_2_CAATCTTAGCGGAGCGCTGC	0	FD90_2	Astronaut 2	FD90	FD	32.4895880115751
FD90_2_CAGAAAGAACCTGGAGGTCC	0	FD90_2	Astronaut 2	FD90	FD	30.360616645138
FD90_2_CAGCGATCCTATTCAGATGA	3	FD90_2	Astronaut 2	FD90	FD	35.9885045442617
FD90_2_CAGCGCGATTCTCCAGCTGC	2	FD90_2	Astronaut 2	FD90	FD	32.6083531506377
FD90_2_CAGCGCTAGTCTTAAGATGA	0	FD90_2	Astronaut 2	FD90	FD	36.3526034192475
FD90_2_CAGCGCTCCAGGAGCGCTTG	1	FD90_2	Astronaut 2	FD90	FD	35.4436843952697
FD90_2_CAGCGGGCGTGAACCGGAGC	2	FD90_2	Astronaut 2	FD90	FD	34.9679571257945
FD90_2_CAGTTAGCGGGAGCTGGCGT	0	FD90_2	Astronaut 2	FD90	FD	32.6264057155486
FD90_2_CAGTTCAGTTCTTAAGGCGT	0	FD90_2	Astronaut 2	FD90	FD	34.7166255979046
FD90_2_CAGTTCCTCAGATGAGCGGT	3	FD90_2	Astronaut 2	FD90	FD	38.3528591788353
FD90_2_CAGTTCGTCGGTATCGGAGC	1	FD90_2	Astronaut 2	FD90	FD	52.525898292851
FD90_2_CAGTTGATATGAGTCGGAGC	1	FD90_2	Astronaut 2	FD90	FD	27.7339902487452
FD90_2_CAGTTGCAACCTAACGATGA	0	FD90_2	Astronaut 2	FD90	FD	36.7214910147302
FD90_2_CAGTTTGCGCGAACCGTCTA	2	FD90_2	Astronaut 2	FD90	FD	31.5404398272421
FD90_2_CAGTTTGCGCGCTTGGATGA	1	FD90_2	Astronaut 2	FD90	FD	35.0836122781917
FD90_2_CAGTTTTCATGCAACGATAT	1	FD90_2	Astronaut 2	FD90	FD	50.4609140264595
FD90_2_CCATAAAGCACGGCAGATGA	3	FD90_2	Astronaut 2	FD90	FD	43.5385858767935
FD90_2_CCATAAAGGTCGCCTGATAT	2	FD90_2	Astronaut 2	FD90	FD	18.9950378424286
FD90_2_CCATAACCTACAGTTGATAT	1	FD90_2	Astronaut 2	FD90	FD	37.3453217918428
FD90_2_CCATAAGAACGCGGTGATAT	1	FD90_2	Astronaut 2	FD90	FD	31.5404398870154
FD90_2_CCATACTCCACCTAGGCGGT	3	FD90_2	Astronaut 2	FD90	FD	44.1448685549019
FD90_2_CCATAGAGTCCGCAAGGCGT	1	FD90_2	Astronaut 2	FD90	FD	43.6147960222906
FD90_2_CCATATAGAGCTAACGATAT	1	FD90_2	Astronaut 2	FD90	FD	43.5385859365668
FD90_2_CCATATCCGGGAACCGGAGC	0	FD90_2	Astronaut 2	FD90	FD	29.1091840070998
FD90_2_CCGCTAAGACCCTAGGATGA	0	FD90_2	Astronaut 2	FD90	FD	35.443684455043
FD90_2_CCGCTCTGGAATTGGGCGGT	0	FD90_2	Astronaut 2	FD90	FD	35.0836123379651
FD90_2_CCGCTGCAACCTAACGCCTT	1	FD90_2	Astronaut 2	FD90	FD	29.4064544952907
FD90_2_CCGCTTATTGCGACCGGCGT	2	FD90_2	Astronaut 2	FD90	FD	37.3573265145272
FD90_2_CCGCTTATTGGAGCTGGCGT	1	FD90_2	Astronaut 2	FD90	FD	44.1448686146753
FD90_2_CCTAGAAGCAGTATCGCCTT	1	FD90_2	Astronaut 2	FD90	FD	44.1680262860397
FD90_2_CCTAGACTCGCTGGAGATAT	1	FD90_2	Astronaut 2	FD90	FD	35.4436845148163
FD90_2_CCTAGATCCTGGTCCGCTGC	2	FD90_2	Astronaut 2	FD90	FD	31.5404399467887
FD90_2_CCTAGATTACCTACGGATAT	1	FD90_2	Astronaut 2	FD90	FD	43.0916575557428
FD90_2_CCTAGATTCAGAGTCGCTTG	1	FD90_2	Astronaut 2	FD90	FD	38.5046374679962
FD90_2_CCTAGCTAGTCTAGTGATGA	0	FD90_2	Astronaut 2	FD90	FD	31.5404400065621
FD90_2_CCTAGGACTGGAGCTGTAAT	0	FD90_2	Astronaut 2	FD90	FD	44.1448686744486
FD90_2_CCTAGGCAGGCGAAGGATGA	1	FD90_2	Astronaut 2	FD90	FD	49.4725617505088
FD90_2_CCTAGGTCCGGGCAGGATGA	0	FD90_2	Astronaut 2	FD90	FD	31.5404400663354
FD90_2_CCTAGGTTAGGTAGAGGTCC	3	FD90_2	Astronaut 2	FD90	FD	43.6147960820639
FD90_2_CCTCACAATCCGAAGGTAAT	0	FD90_2	Astronaut 2	FD90	FD	33.2938840766306
FD90_2_CCTCACCATACTTAAGATGA	2	FD90_2	Astronaut 2	FD90	FD	61.4709194185686
FD90_2_CCTCACCGCTGATGAGGCGT	6	FD90_2	Astronaut 2	FD90	FD	32.1044455408986
FD90_2_CCTCACGCTCCGATTGGCGT	3	FD90_2	Astronaut 2	FD90	FD	35.4436845745897
FD90_2_CCTCAGCAGGCTGGAGCGGT	0	FD90_2	Astronaut 2	FD90	FD	35.443684634363
FD90_2_CGAAGAGAGTCGATTGGCGT	6	FD90_2	Astronaut 2	FD90	FD	34.8194681250383
FD90_2_CGAAGAGGCTCTAACGATGA	0	FD90_2	Astronaut 2	FD90	FD	44.1448687342219
FD90_2_CGAAGAGTTGGCTCTGCTTG	1	FD90_2	Astronaut 2	FD90	FD	36.184444464971
FD90_2_CGACCACTCGCCTCAGGCGT	1	FD90_2	Astronaut 2	FD90	FD	43.0569307498546
FD90_2_CGACCAGGTCGCTCTGGCGT	0	FD90_2	Astronaut 2	FD90	FD	31.5404401261088
FD90_2_CGACCATCTGCAGCGGCTGC	1	FD90_2	Astronaut 2	FD90	FD	32.4895880713484
FD90_2_CGACCATGGCCGACCGATAT	1	FD90_2	Astronaut 2	FD90	FD	53.0040814178636
FD90_2_CGACCCGCTCGATGAGCGGT	0	FD90_2	Astronaut 2	FD90	FD	34.8641458478675
FD90_2_CGACCGCCTTCCATAGATAT	1	FD90_2	Astronaut 2	FD90	FD	38.5046375277695
FD90_2_CGACCGTAATCCGCTGCTGC	1	FD90_2	Astronaut 2	FD90	FD	32.4956148859413
FD90_2_CGACCTATTGCTTAAGATGA	0	FD90_2	Astronaut 2	FD90	FD	35.4436846941363
FD90_2_CGACCTATTGCTTAAGCTGC	0	FD90_2	Astronaut 2	FD90	FD	61.4709194783419
FD90_2_CGATTAAGCACCTAGGATAT	1	FD90_2	Astronaut 2	FD90	FD	35.4436847539097
FD90_2_CGATTAAGGTGCAGGGGTCC	0	FD90_2	Astronaut 2	FD90	FD	34.716625657678
FD90_2_CGATTCAGAACGACCGGAGC	0	FD90_2	Astronaut 2	FD90	FD	35.443684813683
FD90_2_CGATTCTCCAGAGTCGCTTG	0	FD90_2	Astronaut 2	FD90	FD	32.4895881311218
FD90_2_CGATTGGAGCATTGGGCCTT	3	FD90_2	Astronaut 2	FD90	FD	35.445081393426
FD90_2_CGATTGGCGTGTAGAGATGA	3	FD90_2	Astronaut 2	FD90	FD	50.2530111734319
FD90_2_CGATTTAGGAATTGGGATAT	2	FD90_2	Astronaut 2	FD90	FD	31.5404401858821
FD90_2_CGATTTAGGAGAGTCGGAGC	0	FD90_2	Astronaut 2	FD90	FD	32.5407297835544
FD90_2_CGATTTGCTAGGTAAGATAT	3	FD90_2	Astronaut 2	FD90	FD	53.2665001717061
FD90_2_CGATTTTGAAGTAGAGGTCC	0	FD90_2	Astronaut 2	FD90	FD	35.4436848734563
FD90_2_CGCAAAGCGGCAGCGGATGA	2	FD90_2	Astronaut 2	FD90	FD	44.5286389413212
FD90_2_CGCAAAGCGGGCCTTGATAT	0	FD90_2	Astronaut 2	FD90	FD	31.5404402456554
FD90_2_CGCAACAGAACGCTCGGCGT	3	FD90_2	Astronaut 2	FD90	FD	35.4436849332297
FD90_2_CGCAACCGCTGATGAGGAGC	0	FD90_2	Astronaut 2	FD90	FD	30.5919774509246
FD90_2_CGCAACCTAGGAGTCGCCTT	2	FD90_2	Astronaut 2	FD90	FD	31.0288960182434
FD90_2_CGCAACCTAGGAGTCGCTGC	7	FD90_2	Astronaut 2	FD90	FD	30.3606167049113
FD90_2_CGCAACGATTCTCCAGGCGT	2	FD90_2	Astronaut 2	FD90	FD	32.7047919610204
FD90_2_CGCAACTCCACCGCTGATGA	0	FD90_2	Astronaut 2	FD90	FD	32.4895881908951
FD90_2_CGCAAGTATCCCATAGGTCC	0	FD90_2	Astronaut 2	FD90	FD	36.4033646232818
FD90_2_CGCAATCATCGACTGGTAAT	0	FD90_2	Astronaut 2	FD90	FD	32.104445600672
FD90_2_CGCAATGAGAGCCTTGGCGT	0	FD90_2	Astronaut 2	FD90	FD	35.443684993003
FD90_2_CGCAATGCGCCCATAGTCTA	1	FD90_2	Astronaut 2	FD90	FD	42.2978925722704
FD90_2_CGCAATTATGGATGAGCTGC	2	FD90_2	Astronaut 2	FD90	FD	29.4375899719812
FD90_2_CGCCTAACCGCCGCTGGAGC	0	FD90_2	Astronaut 2	FD90	FD	30.3606167646847
FD90_2_CGCCTAAGGTCCATAGGAGC	2	FD90_2	Astronaut 2	FD90	FD	31.5267599961416
FD90_2_CGCCTAGAACCTAACGTCTA	3	FD90_2	Astronaut 2	FD90	FD	54.6332733016893
FD90_2_CGCCTCCTAGGATGAGATAT	1	FD90_2	Astronaut 2	FD90	FD	34.8161942209915
FD90_2_CGCCTCGCAACAACTGCTTG	1	FD90_2	Astronaut 2	FD90	FD	37.3436600638384
FD90_2_CGCCTGGCGTCTGGAGGAGC	1	FD90_2	Astronaut 2	FD90	FD	43.5385859963402
FD90_2_CGCCTTCATCCAATCGATGA	6	FD90_2	Astronaut 2	FD90	FD	57.8396890323697
FD90_2_CGCTCAGCGGGCTCTGGAGC	1	FD90_2	Astronaut 2	FD90	FD	36.227672563255
FD90_2_CGCTCCGAAGCGAAGGATGA	0	FD90_2	Astronaut 2	FD90	FD	49.4725618102821
FD90_2_CGCTCCGATTGAACCGCTGC	4	FD90_2	Astronaut 2	FD90	FD	34.7166257174513
FD90_2_CGCTCGCAACGAACCGATGA	1	FD90_2	Astronaut 2	FD90	FD	49.4725618700555
FD90_2_CGGATAAGGTCAGCGGCCTT	1	FD90_2	Astronaut 2	FD90	FD	28.6932021348289
FD90_2_CGGATCTAACCTCCAGGAGC	1	FD90_2	Astronaut 2	FD90	FD	31.251820927863
FD90_2_CGGATCTAACGCTTGGGAGC	1	FD90_2	Astronaut 2	FD90	FD	38.8710999772929
FD90_2_CGGATCTACGGTAATGCTTG	1	FD90_2	Astronaut 2	FD90	FD	44.4960436900502
FD90_2_CGGATGGAGCCGAAGGATGA	0	FD90_2	Astronaut 2	FD90	FD	32.0966744842649
FD90_2_CGGATGGAGCCGTCGGGCGT	1	FD90_2	Astronaut 2	FD90	FD	42.0494002159811
FD90_2_CGGATTGCTAGCGAAGATAT	1	FD90_2	Astronaut 2	FD90	FD	18.9950379022019
FD90_2_CGGATTTCGACTTAAGTAAT	2	FD90_2	Astronaut 2	FD90	FD	34.9309772390898
FD90_2_CGGCAGGCGTGATATGTAAT	0	FD90_2	Astronaut 2	FD90	FD	43.5385860561135
FD90_2_CGGCAGTAGACTGGAGCCTT	6	FD90_2	Astronaut 2	FD90	FD	36.5801549494922
FD90_2_CGGCATAAGGCAGTTGTAAT	1	FD90_2	Astronaut 2	FD90	FD	44.5286390010945
FD90_2_CGGCATACGTCCTAGGATAT	3	FD90_2	Astronaut 2	FD90	FD	30.360616824458
FD90_2_CGGCATTCATCTAGTGATAT	3	FD90_2	Astronaut 2	FD90	FD	35.4471083131375
FD90_2_CGTCGAGAACGTATCGTCTA	0	FD90_2	Astronaut 2	FD90	FD	30.1804998080936
FD90_2_CGTCGATTCAGGTAAGCTTG	3	FD90_2	Astronaut 2	FD90	FD	43.5385861158868
FD90_2_CGTCGCTACGATTCAGATGA	1	FD90_2	Astronaut 2	FD90	FD	43.3004023149634
FD90_2_CGTCGGGCAGGCAGGGCGGT	3	FD90_2	Astronaut 2	FD90	FD	38.5046375875429
FD90_2_CGTCGTAGGAGAGTCGCTTG	1	FD90_2	Astronaut 2	FD90	FD	35.4436850527764
FD90_2_CGTCGTTATGCCGCTGCTTG	1	FD90_2	Astronaut 2	FD90	FD	30.3606168842313
FD90_2_CTAACACTTCGGCAGGGCGT	1	FD90_2	Astronaut 2	FD90	FD	36.4033646830551
FD90_2_CTAACATCCTGCCTTGCTTG	1	FD90_2	Astronaut 2	FD90	FD	51.0577253584502
FD90_2_CTAACCGGATCCTAGGCTTG	1	FD90_2	Astronaut 2	FD90	FD	36.2910536831476
FD90_2_CTAACCTTAACTTAAGATGA	2	FD90_2	Astronaut 2	FD90	FD	35.4436851125497
FD90_2_CTAACGAACCCGCAAGATGA	1	FD90_2	Astronaut 2	FD90	FD	36.2993670689622
FD90_2_CTAACGGAGCCGACCGATGA	0	FD90_2	Astronaut 2	FD90	FD	53.441205368874
FD90_2_CTAACTATGCGCAACGGTCC	0	FD90_2	Astronaut 2	FD90	FD	33.1800984050288
FD90_2_CTACGACTTCCTGGAGGCGT	0	FD90_2	Astronaut 2	FD90	FD	43.5951896338334
FD90_2_CTACGAGTTGGCAACGCTGC	0	FD90_2	Astronaut 2	FD90	FD	44.1448687939953
FD90_2_CTACGATCTGGCAGGGGTCC	0	FD90_2	Astronaut 2	FD90	FD	31.5404403054288
FD90_2_CTACGCAGAACAGTTGATAT	0	FD90_2	Astronaut 2	FD90	FD	35.9154592252206
FD90_2_CTACGCAGAACGGCAGATAT	1	FD90_2	Astronaut 2	FD90	FD	30.5503502835072
FD90_2_CTACGCGAAGCCGCTGCCTT	0	FD90_2	Astronaut 2	FD90	FD	28.6400961261579
FD90_2_CTACGCGATTCTAACGGCGT	0	FD90_2	Astronaut 2	FD90	FD	36.3840625414355
FD90_2_CTACGGGCGTGCAGGGATGA	0	FD90_2	Astronaut 2	FD90	FD	43.5385861756602
FD90_2_CTACGTCATCGTAGAGTAAT	0	FD90_2	Astronaut 2	FD90	FD	31.5404403652021
FD90_2_CTACGTCCGGCCTAGGGAGC	1	FD90_2	Astronaut 2	FD90	FD	35.443685172323
FD90_2_CTAGTATCTGCTGGAGTCTA	1	FD90_2	Astronaut 2	FD90	FD	40.638702123137
FD90_2_CTAGTATTGGCTTAAGATAT	2	FD90_2	Astronaut 2	FD90	FD	34.7166257772246
FD90_2_CTAGTCAGTTGCTTGGATGA	2	FD90_2	Astronaut 2	FD90	FD	44.5286390608679
FD90_2_CTAGTTATTGCGCAAGATAT	0	FD90_2	Astronaut 2	FD90	FD	43.5170928726477
FD90_2_CTCCAATCCTGCGAAGCTGC	1	FD90_2	Astronaut 2	FD90	FD	30.8148279478022
FD90_2_CTCCAATTACGAGCTGCTTG	1	FD90_2	Astronaut 2	FD90	FD	18.9950379619753
FD90_2_CTCCACCGCTCGAAGGATAT	5	FD90_2	Astronaut 2	FD90	FD	44.1448688537686
FD90_2_CTCCACGCCTCGACCGGCGT	7	FD90_2	Astronaut 2	FD90	FD	49.0934477986356
FD90_2_CTCCAGCAGGGCAACGGAGC	5	FD90_2	Astronaut 2	FD90	FD	30.2118988874126
FD90_2_CTCCAGTAGAGTATCGTCTA	0	FD90_2	Astronaut 2	FD90	FD	27.7339903085185
FD90_2_CTCCATCAGTGTATCGATAT	2	FD90_2	Astronaut 2	FD90	FD	36.1587167985235
FD90_2_CTGGAATGCGCGGATGATGA	0	FD90_2	Astronaut 2	FD90	FD	29.1461227941221
FD90_2_CTGGACAATCCAATCGCTGC	1	FD90_2	Astronaut 2	FD90	FD	34.7603619606224
FD90_2_CTGGACTGGACGACCGATGA	1	FD90_2	Astronaut 2	FD90	FD	38.8191647065737
FD90_2_CTGGACTTAACCTAGGATAT	1	FD90_2	Astronaut 2	FD90	FD	30.3606169440047
FD90_2_CTGGAGTAGAGCGGTGCTGC	1	FD90_2	Astronaut 2	FD90	FD	37.6366019903145
FD90_2_CTTAAAACGAGTATCGCTTG	1	FD90_2	Astronaut 2	FD90	FD	31.5404404249754
FD90_2_CTTAAACCAGCTCCAGGAGC	0	FD90_2	Astronaut 2	FD90	FD	27.7451148382709
FD90_2_CTTAAATTACGCAACGGAGC	3	FD90_2	Astronaut 2	FD90	FD	36.2415984889724
FD90_2_CTTAACAATCGCTTGGGTCC	0	FD90_2	Astronaut 2	FD90	FD	29.5150176020458
FD90_2_CTTAACTGGAGATATGCTGC	0	FD90_2	Astronaut 2	FD90	FD	30.360617003778
FD90_2_CTTAAGAACCCTAGTGCTTG	1	FD90_2	Astronaut 2	FD90	FD	44.1448689135419
FD90_2_CTTAAGCTCTGATATGCTGC	2	FD90_2	Astronaut 2	FD90	FD	36.1587168582968
FD90_2_CTTAAGGAGCCTAGTGCGGT	6	FD90_2	Astronaut 2	FD90	FD	38.489181524328
FD90_2_CTTAAGGAGCGCTCTGATAT	2	FD90_2	Astronaut 2	FD90	FD	44.1448689733153
FD90_2_GAACCAGGTCGGCAGGGCGT	2	FD90_2	Astronaut 2	FD90	FD	18.9950380217486
FD90_2_GAACCATCCTCAGCGGGAGC	3	FD90_2	Astronaut 2	FD90	FD	30.5988118104948
FD90_2_GAACCCAGAACTACGGGAGC	2	FD90_2	Astronaut 2	FD90	FD	31.3360848233372
FD90_2_GAACCCCGCTGGTAAGATAT	0	FD90_2	Astronaut 2	FD90	FD	43.8329927188929
FD90_2_GAACCCGATTCGATTGCTGC	2	FD90_2	Astronaut 2	FD90	FD	31.5404404847488
FD90_2_GAACCCTGGAGATGAGTAAT	3	FD90_2	Astronaut 2	FD90	FD	30.9200152107043
FD90_2_GAACCGGCAGCCTAGGCCTT	2	FD90_2	Astronaut 2	FD90	FD	18.995038081522
FD90_2_GAACCGTCTAGATGAGTAAT	0	FD90_2	Astronaut 2	FD90	FD	18.9950381412953
FD90_2_GAACCGTCTAGCTCTGCTGC	0	FD90_2	Astronaut 2	FD90	FD	44.1448690330886
FD90_2_GACTGAACGAGGTAAGCTTG	1	FD90_2	Astronaut 2	FD90	FD	36.2856160923626
FD90_2_GACTGATCTGGGTAAGATAT	1	FD90_2	Astronaut 2	FD90	FD	43.1196532739008
FD90_2_GACTGCTAACCAGCGGTAAT	1	FD90_2	Astronaut 2	FD90	FD	49.4725619298288
FD90_2_GACTGTGAGACTACGGATAT	0	FD90_2	Astronaut 2	FD90	FD	43.835740294743
FD90_2_GACTGTGCGCGATATGTAAT	1	FD90_2	Astronaut 2	FD90	FD	43.5385862354335
FD90_2_GAGCTAAGGTGGCAGGTCTA	3	FD90_2	Astronaut 2	FD90	FD	49.4725619896021
FD90_2_GAGCTATTGGGATATGCGGT	5	FD90_2	Astronaut 2	FD90	FD	30.3606170635514
FD90_2_GAGCTCCTAGCGACCGCCTT	0	FD90_2	Astronaut 2	FD90	FD	36.3187912781462
FD90_2_GAGCTCTAACCGATTGGAGC	1	FD90_2	Astronaut 2	FD90	FD	36.4033647428284
FD90_2_GAGCTCTCCAGAGCTGATGA	3	FD90_2	Astronaut 2	FD90	FD	50.5722231608126
FD90_2_GAGCTGCTTGGAACCGATAT	1	FD90_2	Astronaut 2	FD90	FD	30.3606171233247
FD90_2_GAGCTGGAGCGGTAAGTAAT	0	FD90_2	Astronaut 2	FD90	FD	40.0286898834698
FD90_2_GAGCTTGCTAATTGGGTCTA	0	FD90_2	Astronaut 2	FD90	FD	35.0349278335778
FD90_2_GAGTCACTCGGATGAGGAGC	0	FD90_2	Astronaut 2	FD90	FD	30.6761749088452
FD90_2_GAGTCCCTCACTACGGCTTG	3	FD90_2	Astronaut 2	FD90	FD	28.0002966342545
FD90_2_GAGTCCGTCGCGAAGGCGGT	3	FD90_2	Astronaut 2	FD90	FD	60.1225379726673
FD90_2_GAGTCGAACCCTAACGCTGC	0	FD90_2	Astronaut 2	FD90	FD	35.4436852320964
FD90_2_GATATAACCGCGCCTGATGA	0	FD90_2	Astronaut 2	FD90	FD	27.7339903682919
FD90_2_GATATGAGCTCTCCAGATAT	1	FD90_2	Astronaut 2	FD90	FD	49.1046820631479
FD90_2_GATATGGTAACTACGGGAGC	0	FD90_2	Astronaut 2	FD90	FD	31.5404405445221
FD90_2_GATATTACGTGGCAGGCGGT	4	FD90_2	Astronaut 2	FD90	FD	34.7251137868211
FD90_2_GATATTATTGATTGGGCCTT	1	FD90_2	Astronaut 2	FD90	FD	40.0891429951067
FD90_2_GATATTATTGCGATTGCCTT	3	FD90_2	Astronaut 2	FD90	FD	40.7419883539506
FD90_2_GATATTGAGAGGTAAGGAGC	1	FD90_2	Astronaut 2	FD90	FD	53.0632495595557
FD90_2_GATGAGAGTCGATGAGATGA	0	FD90_2	Astronaut 2	FD90	FD	30.360617183098
FD90_2_GATGAGGTCCCGATTGATAT	0	FD90_2	Astronaut 2	FD90	FD	27.7339904280652
FD90_2_GATGATAGGACGGATGGTCC	0	FD90_2	Astronaut 2	FD90	FD	35.4586707692607
FD90_2_GCAACAACGAGCTCTGTAAT	0	FD90_2	Astronaut 2	FD90	FD	34.716625836998
FD90_2_GCAACATTACGGTAAGCTTG	1	FD90_2	Astronaut 2	FD90	FD	61.4709195381152
FD90_2_GCAACGTCCGCTAGTGGCGT	1	FD90_2	Astronaut 2	FD90	FD	43.5184271150367
FD90_2_GCAACTGCTAATTGGGGAGC	0	FD90_2	Astronaut 2	FD90	FD	30.3606172428714
FD90_2_GCAGGAAGGTCGATTGCTTG	5	FD90_2	Astronaut 2	FD90	FD	31.8837038665501
FD90_2_GCAGGATCTGGTATCGATGA	5	FD90_2	Astronaut 2	FD90	FD	39.5295818802459
FD90_2_GCAGGCAACTCGATTGGAGC	1	FD90_2	Astronaut 2	FD90	FD	49.4725620493755
FD90_2_GCAGGGAACCCTAGTGGCGT	0	FD90_2	Astronaut 2	FD90	FD	30.3606173026447
FD90_2_GCAGGGCCTTCTGGAGTAAT	5	FD90_2	Astronaut 2	FD90	FD	30.5899763343542
FD90_2_GCCTTCCATAGTAATGCGGT	1	FD90_2	Astronaut 2	FD90	FD	61.4709195978886
FD90_2_GCCTTCCTCAGGAGCGATGA	2	FD90_2	Astronaut 2	FD90	FD	35.4436852918697
FD90_2_GCCTTGGAGCCAGTTGATAT	1	FD90_2	Astronaut 2	FD90	FD	49.3346128788098
FD90_2_GCCTTTCGCGCTAACGATAT	1	FD90_2	Astronaut 2	FD90	FD	43.4514743128675
FD90_2_GCCTTTGAGAGAGTCGTCTA	0	FD90_2	Astronaut 2	FD90	FD	35.443685351643
FD90_2_GCGAATCATCGAGCTGATAT	1	FD90_2	Astronaut 2	FD90	FD	43.6556222329314
FD90_2_GCGAATTCATGGTCCGCTTG	1	FD90_2	Astronaut 2	FD90	FD	32.4895882506684
FD90_2_GCGAATTCGACGCTCGCCTT	1	FD90_2	Astronaut 2	FD90	FD	18.9950382010686
FD90_2_GCGAATTGAACGACCGCTGC	0	FD90_2	Astronaut 2	FD90	FD	31.4758393507465
FD90_2_GCGAATTGAAGCTGCGCCTT	1	FD90_2	Astronaut 2	FD90	FD	44.1448690928619
FD90_2_GCGGTAAGGTGGCGTGATGA	0	FD90_2	Astronaut 2	FD90	FD	30.2825203049545
FD90_2_GCGGTAGGCTATTGGGCTTG	1	FD90_2	Astronaut 2	FD90	FD	30.360617362418
FD90_2_GCGGTCCGCTCAACTGTAAT	3	FD90_2	Astronaut 2	FD90	FD	35.0836123977384
FD90_2_GCGGTTTCGACAGAAGCTTG	1	FD90_2	Astronaut 2	FD90	FD	32.5024113379186
FD90_2_GCTCTACTCGGAACCGGCGT	2	FD90_2	Astronaut 2	FD90	FD	35.4436854114164
FD90_2_GCTCTATCCTGAGCTGGCGT	0	FD90_2	Astronaut 2	FD90	FD	31.5404406042955
FD90_2_GCTCTCTCCACTAACGCTTG	3	FD90_2	Astronaut 2	FD90	FD	44.6120941334053
FD90_2_GCTCTGATATATTGGGCCTT	1	FD90_2	Astronaut 2	FD90	FD	30.3606174221914
FD90_2_GCTCTGGAGCCCTAGGCCTT	2	FD90_2	Astronaut 2	FD90	FD	38.5046376473162
FD90_2_GCTCTGTCTACGCCTGGCGT	1	FD90_2	Astronaut 2	FD90	FD	54.5222866286679
FD90_2_GCTCTTGCGCCAGCGGTCTA	0	FD90_2	Astronaut 2	FD90	FD	61.4709196576619
FD90_2_GCTCTTTAGCGGTCCGGTCC	0	FD90_2	Astronaut 2	FD90	FD	30.3606174819647
FD90_2_GCTGCAAGCAGCAACGATAT	2	FD90_2	Astronaut 2	FD90	FD	36.1587169180702
FD90_2_GCTGCATCCTCGCCTGATAT	1	FD90_2	Astronaut 2	FD90	FD	30.3606175417381
FD90_2_GCTGCCTTAACTAACGATGA	2	FD90_2	Astronaut 2	FD90	FD	31.5404406640688
FD90_2_GCTGCCTTAACTGGAGGTCC	1	FD90_2	Astronaut 2	FD90	FD	49.093447858409
FD90_2_GCTGCGATGAGCAACGCTTG	1	FD90_2	Astronaut 2	FD90	FD	35.4436854711897
FD90_2_GCTGCGTCTACTCCAGTAAT	0	FD90_2	Astronaut 2	FD90	FD	34.8734020166956
FD90_2_GCTGCTAAGGCTTAAGCTGC	0	FD90_2	Astronaut 2	FD90	FD	35.443685530963
FD90_2_GCTGCTGCGCGAACCGATGA	1	FD90_2	Astronaut 2	FD90	FD	50.385663171791
FD90_2_GCTTGACTAACAGTTGTCTA	0	FD90_2	Astronaut 2	FD90	FD	61.4709197174353
FD90_2_GCTTGCGACCGGCAGGCTTG	6	FD90_2	Astronaut 2	FD90	FD	34.9962871687195
FD90_2_GCTTGCGTCGGAGCTGCTTG	2	FD90_2	Astronaut 2	FD90	FD	34.722570913693
FD90_2_GCTTGCTACGGGTAAGGCGT	3	FD90_2	Astronaut 2	FD90	FD	38.5046377070895
FD90_2_GCTTGGGCGTGGCAGGATAT	0	FD90_2	Astronaut 2	FD90	FD	31.5404407238421
FD90_2_GCTTGTCATCGGCGTGTAAT	0	FD90_2	Astronaut 2	FD90	FD	36.7220592242205
FD90_2_GCTTGTGAGAGATATGCGGT	7	FD90_2	Astronaut 2	FD90	FD	34.8474229041702
FD90_2_GCTTGTGCTAGCGAAGTAAT	1	FD90_2	Astronaut 2	FD90	FD	34.7166258967713
FD90_2_GCTTGTTCATCGTCGGCTTG	1	FD90_2	Astronaut 2	FD90	FD	31.5404407836155
FD90_2_GGAGCAACCGCGAAGGATAT	4	FD90_2	Astronaut 2	FD90	FD	34.7166259565447
FD90_2_GGAGCAAGCACAGCGGCTGC	2	FD90_2	Astronaut 2	FD90	FD	28.204456585793
FD90_2_GGAGCACCAGGTAGAGATGA	1	FD90_2	Astronaut 2	FD90	FD	36.4033648026018
FD90_2_GGAGCACTAACGCAAGCCTT	0	FD90_2	Astronaut 2	FD90	FD	36.4025454677914
FD90_2_GGAGCACTCGCGGATGGTCC	0	FD90_2	Astronaut 2	FD90	FD	32.1044456604453
FD90_2_GGAGCAGGCTCCTCAGCGGT	0	FD90_2	Astronaut 2	FD90	FD	31.5404408433888
FD90_2_GGAGCATTACGCCTTGGCGT	1	FD90_2	Astronaut 2	FD90	FD	50.2068158044623
FD90_2_GGAGCCTGGACAGAAGATGA	0	FD90_2	Astronaut 2	FD90	FD	31.4607459790708
FD90_2_GGAGCGGCGTCTACGGGAGC	6	FD90_2	Astronaut 2	FD90	FD	34.3300191332985
FD90_2_GGAGCGGTCCCGGATGATGA	1	FD90_2	Astronaut 2	FD90	FD	49.0934479181823
FD90_2_GGAGCGTCCGGATGAGCCTT	6	FD90_2	Astronaut 2	FD90	FD	43.1266397197026
FD90_2_GGCAGAGGTCCGATTGCTGC	2	FD90_2	Astronaut 2	FD90	FD	31.4276457412448
FD90_2_GGCAGCCTCACGATTGGAGC	1	FD90_2	Astronaut 2	FD90	FD	43.5216494921124
FD90_2_GGCAGCGATTCTAACGCTTG	1	FD90_2	Astronaut 2	FD90	FD	57.839689092143
FD90_2_GGCAGCGCAAATTGGGATGA	0	FD90_2	Astronaut 2	FD90	FD	37.6393714923413
FD90_2_GGCAGGAGTCCTAGTGGCGT	1	FD90_2	Astronaut 2	FD90	FD	49.4725621091488
FD90_2_GGCAGGTATCGCAGGGGTCC	0	FD90_2	Astronaut 2	FD90	FD	31.5404409031621
FD90_2_GGCAGTTCATGAACCGTCTA	0	FD90_2	Astronaut 2	FD90	FD	29.0093671179025
FD90_2_GGCGTACCAGCTTAAGATAT	2	FD90_2	Astronaut 2	FD90	FD	31.4354086736595
FD90_2_GGCGTCGATTGGAGCGATGA	0	FD90_2	Astronaut 2	FD90	FD	44.5064244284474
FD90_2_GGCGTGAACCGCAGGGATGA	3	FD90_2	Astronaut 2	FD90	FD	43.517092932421
FD90_2_GGCGTGAGCTGGAGCGCTTG	1	FD90_2	Astronaut 2	FD90	FD	36.4033648623751
FD90_2_GGCGTTAGGAGCCTTGCTTG	1	FD90_2	Astronaut 2	FD90	FD	50.5339344943748
FD90_2_GGCGTTCCGGGGTCCGGCGT	0	FD90_2	Astronaut 2	FD90	FD	35.0836124575117
FD90_2_GGCGTTCGCGCTGGAGATAT	1	FD90_2	Astronaut 2	FD90	FD	43.6147961418373
FD90_2_GGTAAAGTTGCAGAAGTCTA	2	FD90_2	Astronaut 2	FD90	FD	44.1448691526353
FD90_2_GGTAAATCCTCTAGTGGTCC	0	FD90_2	Astronaut 2	FD90	FD	35.4436855907364
FD90_2_GGTAAATTCACAGCGGATGA	0	FD90_2	Astronaut 2	FD90	FD	43.8520994381343
FD90_2_GGTAAATTGGGGCGTGTCTA	1	FD90_2	Astronaut 2	FD90	FD	31.2765514541043
FD90_2_GGTAACTAACCGCAAGCTTG	1	FD90_2	Astronaut 2	FD90	FD	36.4033649221484
FD90_2_GGTAAGCAACCTTAAGCTTG	3	FD90_2	Astronaut 2	FD90	FD	28.5757286488114
FD90_2_GGTAAGCGAACCTAGGGAGC	1	FD90_2	Astronaut 2	FD90	FD	33.1982243733459
FD90_2_GGTAATATCTATTGGGTAAT	1	FD90_2	Astronaut 2	FD90	FD	34.7974710940256
FD90_2_GGTAATATCTGCTCTGTAAT	1	FD90_2	Astronaut 2	FD90	FD	30.5899763941276
FD90_2_GGTAATCATCGAGCTGCTTG	0	FD90_2	Astronaut 2	FD90	FD	43.3336473386709
FD90_2_GGTAATGGACCTTAAGATAT	1	FD90_2	Astronaut 2	FD90	FD	54.5222866884413
FD90_2_GGTCCGAGTCCAATCGGCGT	1	FD90_2	Astronaut 2	FD90	FD	30.3606176015114
FD90_2_GGTCCGGTAACCTCAGGCGT	1	FD90_2	Astronaut 2	FD90	FD	43.0521860374054
FD90_2_GGTCCGTTAGGTAATGATAT	1	FD90_2	Astronaut 2	FD90	FD	44.1448692124086
FD90_2_GGTCCTGCTAGCGGTGGAGC	0	FD90_2	Astronaut 2	FD90	FD	34.8095037462643
FD90_2_GGTCCTTAGCGTAGAGATGA	7	FD90_2	Astronaut 2	FD90	FD	30.3606176612847
FD90_2_GTAATAACTCCTTAAGCGGT	0	FD90_2	Astronaut 2	FD90	FD	40.0257298089372
FD90_2_GTAATAAGGTCTACGGATGA	2	FD90_2	Astronaut 2	FD90	FD	34.716626016318
FD90_2_GTAATACGATGAGTCGATGA	3	FD90_2	Astronaut 2	FD90	FD	24.7895589608908
FD90_2_GTAATATGGCCTAACGATGA	2	FD90_2	Astronaut 2	FD90	FD	36.4033649819218
FD90_2_GTAATATTCAGGTAAGGTCC	2	FD90_2	Astronaut 2	FD90	FD	61.4709197772086
FD90_2_GTAATCAATCGCGGTGGAGC	6	FD90_2	Astronaut 2	FD90	FD	37.7200471426245
FD90_2_GTAATCAGTTCGCCTGCTTG	1	FD90_2	Astronaut 2	FD90	FD	49.4725621689221
FD90_2_GTAATCCGCTATTCAGGAGC	1	FD90_2	Astronaut 2	FD90	FD	39.0732183164088
FD90_2_GTAATCTCCAGCAGGGATAT	1	FD90_2	Astronaut 2	FD90	FD	39.5521121276099
FD90_2_GTAATGCTGCCTGGAGGAGC	2	FD90_2	Astronaut 2	FD90	FD	44.1448692721819
FD90_2_GTAGAAGGCTCGCCTGCTGC	2	FD90_2	Astronaut 2	FD90	FD	49.1683393309785
FD90_2_GTAGACGTCGGGCGTGCTGC	0	FD90_2	Astronaut 2	FD90	FD	30.794812434852
FD90_2_GTAGACGTCGGGCGTGGTCC	0	FD90_2	Astronaut 2	FD90	FD	35.4686257525451
FD90_2_GTAGACTTAAGCTGCGGCGT	2	FD90_2	Astronaut 2	FD90	FD	43.7470188364365
FD90_2_GTAGAGCAGGCGGCAGATAT	1	FD90_2	Astronaut 2	FD90	FD	31.5404409629355
FD90_2_GTAGAGCTTGCAGCGGCCTT	0	FD90_2	Astronaut 2	FD90	FD	49.0934479779556
FD90_2_GTAGAGCTTGGGCGTGGCGT	3	FD90_2	Astronaut 2	FD90	FD	31.5404410227088
FD90_2_GTAGATATCTCGACCGATAT	5	FD90_2	Astronaut 2	FD90	FD	39.5606088682529
FD90_2_GTAGATATGCCGGCAGTCTA	3	FD90_2	Astronaut 2	FD90	FD	35.0836125172851
FD90_2_GTAGATGAGACGATTGATGA	1	FD90_2	Astronaut 2	FD90	FD	49.093448037729
FD90_2_GTAGATTGAACTTAAGGTCC	0	FD90_2	Astronaut 2	FD90	FD	30.3606177210581
FD90_2_GTATCCAACTGCAACGGCGT	1	FD90_2	Astronaut 2	FD90	FD	43.6540896487489
FD90_2_GTATCCCGCTCAGCGGGCGT	2	FD90_2	Astronaut 2	FD90	FD	42.3725283946728
FD90_2_GTATCCCGCTGGCAGGGCGT	2	FD90_2	Astronaut 2	FD90	FD	30.3970524682492
FD90_2_GTATCCCTAGCGGATGGTCC	0	FD90_2	Astronaut 2	FD90	FD	35.4436856505097
FD90_2_GTATCGTTAGCCTCAGGAGC	1	FD90_2	Astronaut 2	FD90	FD	28.3665953634062
FD90_2_GTATCTATGCCTAACGGAGC	1	FD90_2	Astronaut 2	FD90	FD	35.840589927745
FD90_2_GTCCGAGGCTCAGCGGGCGT	2	FD90_2	Astronaut 2	FD90	FD	39.0651256725984
FD90_2_GTCCGCAATCGGTCCGATGA	0	FD90_2	Astronaut 2	FD90	FD	43.3464319211528
FD90_2_GTCCGCGCCTCAGTTGGCGT	2	FD90_2	Astronaut 2	FD90	FD	18.995038260842
FD90_2_GTCCGGCAGGCGACCGCCTT	3	FD90_2	Astronaut 2	FD90	FD	31.9350275343458
FD90_2_GTCCGTCAGTCGCAAGCTGC	1	FD90_2	Astronaut 2	FD90	FD	29.0087440155824
FD90_2_GTCCGTCCGGCAGTTGATAT	1	FD90_2	Astronaut 2	FD90	FD	54.5222867482146
FD90_2_GTCTAACCAGCAGTTGATGA	1	FD90_2	Astronaut 2	FD90	FD	44.4187417677788
FD90_2_GTCTATGCTAGAGCTGATAT	6	FD90_2	Astronaut 2	FD90	FD	44.1448693319553
FD90_2_GTTAGACTAAGCCTTGCTGC	0	FD90_2	Astronaut 2	FD90	FD	35.0836125770584
FD90_2_GTTAGACTCGCGAAGGCGGT	0	FD90_2	Astronaut 2	FD90	FD	43.1388442824678
FD90_2_GTTAGACTTCCGCTCGTCTA	0	FD90_2	Astronaut 2	FD90	FD	44.1661462722696
FD90_2_GTTAGATTCAATTGGGCTTG	1	FD90_2	Astronaut 2	FD90	FD	49.1683393907518
FD90_2_TAAGGAGAACGCTGCGCGGT	3	FD90_2	Astronaut 2	FD90	FD	42.2460446826633
FD90_2_TAAGGATCCTGGTAAGGCGT	2	FD90_2	Astronaut 2	FD90	FD	54.6140463436414
FD90_2_TAAGGATTGGCAGAAGATAT	2	FD90_2	Astronaut 2	FD90	FD	38.5046377668629
FD90_2_TAAGGCCGCTCCATAGTCTA	5	FD90_2	Astronaut 2	FD90	FD	35.443685710283
FD90_2_TAAGGCTACGGGAGCGGTCC	1	FD90_2	Astronaut 2	FD90	FD	38.4263134042017
FD90_2_TAAGGGCTGCCTTAAGCTTG	1	FD90_2	Astronaut 2	FD90	FD	30.3606177808314
FD90_2_TAAGGGGTAAATTGGGGAGC	0	FD90_2	Astronaut 2	FD90	FD	36.3950019630239
FD90_2_TAAGGTGCTACGACCGCTTG	0	FD90_2	Astronaut 2	FD90	FD	30.5810984243835
FD90_2_TACGTAACTCGAACCGATGA	0	FD90_2	Astronaut 2	FD90	FD	35.4436857700564
FD90_2_TACGTAAGGTCCTAGGCCTT	0	FD90_2	Astronaut 2	FD90	FD	49.0934480975023
FD90_2_TACGTACTTCCCGCTGATGA	0	FD90_2	Astronaut 2	FD90	FD	54.5222868079879
FD90_2_TACGTCGCTCCAATCGGAGC	1	FD90_2	Astronaut 2	FD90	FD	44.1448693917286
FD90_2_TACGTCTACGCAGTTGCGGT	0	FD90_2	Astronaut 2	FD90	FD	30.9242759292212
FD90_2_TACGTGGCGTGCTCTGATAT	1	FD90_2	Astronaut 2	FD90	FD	29.6644434415283
FD90_2_TACGTTAAGGCTACGGATGA	2	FD90_2	Astronaut 2	FD90	FD	35.4436858298297
FD90_2_TACGTTCCGGGAGCTGGCGT	0	FD90_2	Astronaut 2	FD90	FD	42.2790484463709
FD90_2_TAGAGATCCTGCTGCGATAT	7	FD90_2	Astronaut 2	FD90	FD	31.4234321620381
FD90_2_TAGAGATTACCAGTTGATGA	1	FD90_2	Astronaut 2	FD90	FD	37.1546737375812
FD90_2_TAGAGCGCTCCTCCAGATGA	1	FD90_2	Astronaut 2	FD90	FD	39.2959493841702
FD90_2_TAGAGCTGGAGCAACGGCGT	3	FD90_2	Astronaut 2	FD90	FD	29.390398256727
FD90_2_TAGAGGACTGGACTGGCTTG	2	FD90_2	Astronaut 2	FD90	FD	32.4895883104418
FD90_2_TAGAGGCGGTCCTAGGATAT	1	FD90_2	Astronaut 2	FD90	FD	30.3606178406048
FD90_2_TAGAGGGAGCGGCGTGGTCC	1	FD90_2	Astronaut 2	FD90	FD	49.1683394505252
FD90_2_TAGGACGATTGTATCGCCTT	1	FD90_2	Astronaut 2	FD90	FD	50.4693757266369
FD90_2_TAGGACTAGTCGCCTGCGGT	3	FD90_2	Astronaut 2	FD90	FD	18.9950383206153
FD90_2_TAGGAGCGGTCCATAGATAT	0	FD90_2	Astronaut 2	FD90	FD	30.3606179003781
FD90_2_TAGGAGTCTAGGCGTGTAAT	0	FD90_2	Astronaut 2	FD90	FD	34.7166260760913
FD90_2_TAGGATGAGACGGCAGATGA	1	FD90_2	Astronaut 2	FD90	FD	52.5258983526243
FD90_2_TATCTAGAGTGCAGGGGCGT	0	FD90_2	Astronaut 2	FD90	FD	34.7166261358647
FD90_2_TATCTAGTTGGCGGTGTAAT	4	FD90_2	Astronaut 2	FD90	FD	18.9950383803887
FD90_2_TATCTCTCCAGATGAGATGA	0	FD90_2	Astronaut 2	FD90	FD	35.0137186402508
FD90_2_TATCTTAGAGATTGGGCTTG	1	FD90_2	Astronaut 2	FD90	FD	50.4025788944613
FD90_2_TATGCAACCGCGCCTGATGA	1	FD90_2	Astronaut 2	FD90	FD	49.1079338505654
FD90_2_TATGCAAGCAATTCAGGCGT	6	FD90_2	Astronaut 2	FD90	FD	35.443685889603
FD90_2_TATGCATTACGCTTGGTCTA	4	FD90_2	Astronaut 2	FD90	FD	31.5404410824822
FD90_2_TATGCCGCCTGTATCGTAAT	1	FD90_2	Astronaut 2	FD90	FD	36.1587169778435
FD90_2_TATGCTCTACGAGTCGCCTT	0	FD90_2	Astronaut 2	FD90	FD	30.3606179601514
FD90_2_TATTGAGAACGAGTCGCCTT	3	FD90_2	Astronaut 2	FD90	FD	36.1587170376169
FD90_2_TATTGATTCACTAGTGTCTA	2	FD90_2	Astronaut 2	FD90	FD	38.5046378266362
FD90_2_TATTGCAACTCTAACGATAT	0	FD90_2	Astronaut 2	FD90	FD	30.3606180199248
FD90_2_TATTGCAACTGCGAAGCTGC	0	FD90_2	Astronaut 2	FD90	FD	57.8396891519164
FD90_2_TATTGCAATCCGACCGTCTA	0	FD90_2	Astronaut 2	FD90	FD	31.5149954162452
FD90_2_TATTGCGATTCGATTGATGA	2	FD90_2	Astronaut 2	FD90	FD	31.3874747160052
FD90_2_TATTGCGATTCGATTGCCTT	1	FD90_2	Astronaut 2	FD90	FD	28.5578175701515
FD90_2_TATTGCGCCTGCGAAGTCTA	0	FD90_2	Astronaut 2	FD90	FD	36.1587170973902
FD90_2_TATTGGCTCTCTCCAGCTTG	1	FD90_2	Astronaut 2	FD90	FD	36.2326883392656
FD90_2_TATTGTAGAGCAGAAGCTTG	0	FD90_2	Astronaut 2	FD90	FD	35.4436859493764
FD90_2_TATTGTGGACGAGTCGTCTA	6	FD90_2	Astronaut 2	FD90	FD	35.4436860091497
FD90_2_TCAGTACCAGGCAACGATGA	0	FD90_2	Astronaut 2	FD90	FD	18.995038440162
FD90_2_TCAGTATCTGATTGGGCTTG	1	FD90_2	Astronaut 2	FD90	FD	44.4742825651881
FD90_2_TCAGTATTACGCAACGGTCC	3	FD90_2	Astronaut 2	FD90	FD	54.5222868677613
FD90_2_TCAGTGAGTCCTGGAGCCTT	1	FD90_2	Astronaut 2	FD90	FD	49.1680892227366
FD90_2_TCAGTGCAACCTGGAGGAGC	0	FD90_2	Astronaut 2	FD90	FD	36.1734700838931
FD90_2_TCAGTGGAGCGCTCTGTAAT	0	FD90_2	Astronaut 2	FD90	FD	32.4977498050929
FD90_2_TCCGGCGCTCCGACCGATAT	0	FD90_2	Astronaut 2	FD90	FD	36.1587171571635
FD90_2_TCCGGGGAGCCGCTCGCTTG	1	FD90_2	Astronaut 2	FD90	FD	30.0448422312871
FD90_2_TCCGGTATTGCGGATGTAAT	1	FD90_2	Astronaut 2	FD90	FD	35.443686068923
FD90_2_TCCGGTCCGGCTGGAGATAT	1	FD90_2	Astronaut 2	FD90	FD	36.4033650416951
FD90_2_TCCGGTTAGCGGTAAGGAGC	1	FD90_2	Astronaut 2	FD90	FD	26.5547803332918
FD90_2_TCGCGACTTCCTAACGATGA	7	FD90_2	Astronaut 2	FD90	FD	44.1448694515019
FD90_2_TCGCGATCCTGCAACGCGGT	1	FD90_2	Astronaut 2	FD90	FD	35.4436861286964
FD90_2_TCGCGATGGCCAGCGGGCGT	2	FD90_2	Astronaut 2	FD90	FD	32.1044457202186
FD90_2_TCGCGCAATCCAACTGCTTG	1	FD90_2	Astronaut 2	FD90	FD	61.4709198369819
FD90_2_TCGCGCCATACCTCAGCTTG	1	FD90_2	Astronaut 2	FD90	FD	43.856919701203
FD90_2_TCGCGCGTCGCTCCAGGTCC	2	FD90_2	Astronaut 2	FD90	FD	36.2848206051698
FD90_2_TCGCGGCTTGATTCAGCTTG	1	FD90_2	Astronaut 2	FD90	FD	31.5404411422555
FD90_2_TCGCGGGCAGGAACCGCTGC	6	FD90_2	Astronaut 2	FD90	FD	61.4709198967553
FD90_2_TCGTAACCAGCGATTGGAGC	0	FD90_2	Astronaut 2	FD90	FD	18.9950384999353
FD90_2_TCGTAAGTTGCTACGGGCGT	1	FD90_2	Astronaut 2	FD90	FD	43.6147962016106
FD90_2_TCGTACCGCTCGACCGGCGT	1	FD90_2	Astronaut 2	FD90	FD	43.1936019661309
FD90_2_TCGTAGATGACTAACGATAT	0	FD90_2	Astronaut 2	FD90	FD	43.5385862952068
FD90_2_TCGTAGCAACGGTAAGCCTT	6	FD90_2	Astronaut 2	FD90	FD	37.7884119005505
FD90_2_TCTACAGAACGAGCTGCTTG	1	FD90_2	Astronaut 2	FD90	FD	35.8142111558736
FD90_2_TCTACAGCGGGGCAGGCTGC	1	FD90_2	Astronaut 2	FD90	FD	34.716626195638
FD90_2_TCTACAGGTCGTAGAGATGA	2	FD90_2	Astronaut 2	FD90	FD	31.5404412020288
FD90_2_TCTACCCGCTGGCGTGCGGT	0	FD90_2	Astronaut 2	FD90	FD	36.7214910745036
FD90_2_TCTACGAGTCCGCTCGCTTG	5	FD90_2	Astronaut 2	FD90	FD	31.8798362790163
FD90_2_TGAGAATGCGCAGCGGCTTG	5	FD90_2	Astronaut 2	FD90	FD	32.104445779992
FD90_2_TGAGACAGAAGCTCTGATGA	0	FD90_2	Astronaut 2	FD90	FD	30.3606180796981
FD90_2_TGAGACGTCGCAACTGATGA	3	FD90_2	Astronaut 2	FD90	FD	35.4436861884697
FD90_2_TGAGAGTATCGTAATGATGA	7	FD90_2	Astronaut 2	FD90	FD	29.5616534877054
FD90_2_TGAGATTCGAGGCAGGATAT	1	FD90_2	Astronaut 2	FD90	FD	43.7322350264024
FD90_2_TGCGCATCCTCTAGTGCTGC	0	FD90_2	Astronaut 2	FD90	FD	28.3375880015093
FD90_2_TGCGCATTCAGTATCGCTGC	0	FD90_2	Astronaut 2	FD90	FD	30.3606181394714
FD90_2_TGCGCCGGATCAGTTGTCTA	1	FD90_2	Astronaut 2	FD90	FD	31.3784345614476
FD90_2_TGCGCGCAACCAGCGGCCTT	1	FD90_2	Astronaut 2	FD90	FD	34.7166262554113
FD90_2_TGCGCGCGGTGACTGGCTGC	1	FD90_2	Astronaut 2	FD90	FD	34.8645094124473
FD90_2_TGCGCGGAGCGCGGTGTAAT	0	FD90_2	Astronaut 2	FD90	FD	28.5578176299248
FD90_2_TGCGCTACGTCTAGTGTCTA	0	FD90_2	Astronaut 2	FD90	FD	34.7166263151847
FD90_2_TGCGCTAGAGGATATGCTGC	0	FD90_2	Astronaut 2	FD90	FD	31.5404412618022
FD90_2_TGCGCTCGTAGCTCTGGCGT	3	FD90_2	Astronaut 2	FD90	FD	44.1448695112753
FD90_2_TGCGCTTCGAGTATCGCTGC	6	FD90_2	Astronaut 2	FD90	FD	44.1448695710486
FD90_2_TGCTAACTAACTTAAGGCGT	1	FD90_2	Astronaut 2	FD90	FD	34.7460961947087
FD90_2_TGCTAATCCTGCGAAGATAT	0	FD90_2	Astronaut 2	FD90	FD	36.2537396066006
FD90_2_TGCTACAATCGCAGGGTAAT	1	FD90_2	Astronaut 2	FD90	FD	31.0858907913821
FD90_2_TGCTACCTAGCGAAGGCTTG	2	FD90_2	Astronaut 2	FD90	FD	30.3970525280225
FD90_2_TGCTACGTCGCGCCTGTAAT	2	FD90_2	Astronaut 2	FD90	FD	31.522882048085
FD90_2_TGCTAGCAGGCGTCGGCTGC	1	FD90_2	Astronaut 2	FD90	FD	49.1683395102985
FD90_2_TGCTAGGAGCGCGGTGCGGT	0	FD90_2	Astronaut 2	FD90	FD	30.3606181992448
FD90_2_TGCTAGGTCCCAGTTGATAT	1	FD90_2	Astronaut 2	FD90	FD	53.6506622698464
FD90_2_TGCTAGTATCGCCTTGATGA	1	FD90_2	Astronaut 2	FD90	FD	37.6571108591811
FD90_2_TGCTAGTCCGCTGGAGATGA	1	FD90_2	Astronaut 2	FD90	FD	18.9950385597087
FD90_2_TGGACAAGGTCGTCGGCTTG	3	FD90_2	Astronaut 2	FD90	FD	43.5170929921944
FD90_2_TGGACAGAACCAGTTGTAAT	5	FD90_2	Astronaut 2	FD90	FD	28.3829364375119
FD90_2_TGGACATTGGCGTCGGCGGT	1	FD90_2	Astronaut 2	FD90	FD	30.3606182590181
FD90_2_TGGACGAACCCGAAGGCCTT	0	FD90_2	Astronaut 2	FD90	FD	49.4725622286955
FD90_2_TGGACGAACCCTGGAGTAAT	2	FD90_2	Astronaut 2	FD90	FD	35.443686248243
FD90_2_TGGACGGAGCGCCTTGCTGC	1	FD90_2	Astronaut 2	FD90	FD	50.7363422823796
FD90_2_TGGACGGCGTCGCCTGCTTG	2	FD90_2	Astronaut 2	FD90	FD	38.7395702868779
FD90_2_TGGACGTTAGGCTTGGATAT	0	FD90_2	Astronaut 2	FD90	FD	36.9422582319443
FD90_2_TTAGCAACCGGAGTCGTCTA	1	FD90_2	Astronaut 2	FD90	FD	30.7952379914426
FD90_2_TTAGCAACTCGGCAGGCCTT	0	FD90_2	Astronaut 2	FD90	FD	30.7476534314418
FD90_2_TTAGCAACTCGGTCCGGAGC	1	FD90_2	Astronaut 2	FD90	FD	35.4436863080164
FD90_2_TTAGCCAGCGGCTGCGGTCC	1	FD90_2	Astronaut 2	FD90	FD	34.716626374958
FD90_2_TTAGCCCTCACAATCGCTTG	1	FD90_2	Astronaut 2	FD90	FD	49.3104049453356
FD90_2_TTAGCCGTCGGAGTCGCTGC	0	FD90_2	Astronaut 2	FD90	FD	30.211898947186
FD90_2_TTAGCGTATCCCTCAGATGA	3	FD90_2	Astronaut 2	FD90	FD	36.9328642892524
FD90_2_TTAGCTGCTACGTCGGCTTG	1	FD90_2	Astronaut 2	FD90	FD	35.4443077194216
FD90_2_TTAGCTGCTACGTCGGGCGT	1	FD90_2	Astronaut 2	FD90	FD	32.4973114619392
FD90_2_TTATGAACCGGAGTCGCGGT	3	FD90_2	Astronaut 2	FD90	FD	44.5286391206412
FD90_2_TTATGAACCGGTAGAGCCTT	1	FD90_2	Astronaut 2	FD90	FD	43.6252351471151
FD90_2_TTATGAACTCGCGGTGATGA	1	FD90_2	Astronaut 2	FD90	FD	30.3606183187915
FD90_2_TTATGATTCACGATTGGCGT	0	FD90_2	Astronaut 2	FD90	FD	26.5817938923531
FD90_2_TTATGCAGTTGTAGAGCTTG	1	FD90_2	Astronaut 2	FD90	FD	34.7166264347313
FD90_2_TTATGGAGTCGGTAAGCGGT	0	FD90_2	Astronaut 2	FD90	FD	39.1737051622024
FD90_2_TTATGGTAATGTAATGGCGT	1	FD90_2	Astronaut 2	FD90	FD	34.2772132980896
FD90_2_TTATGTCCGGGCTTGGCTGC	6	FD90_2	Astronaut 2	FD90	FD	44.1448696308219
FD90_2_TTATGTTGAACCTAGGCGGT	5	FD90_2	Astronaut 2	FD90	FD	18.995038619482
FD90_2_TTATGTTGAACGGATGATGA	0	FD90_2	Astronaut 2	FD90	FD	34.7426672752614
FD90_2_TTATGTTGAAGCGAAGATGA	1	FD90_2	Astronaut 2	FD90	FD	36.2661527251213
FD90_2_TTCATAAGCAGTATCGCCTT	1	FD90_2	Astronaut 2	FD90	FD	49.1683395700718
FD90_2_TTCATAAGGTCGCAAGATGA	5	FD90_2	Astronaut 2	FD90	FD	31.5404413215755
FD90_2_TTCATAGGTCGCCTTGTAAT	0	FD90_2	Astronaut 2	FD90	FD	30.3606183785648
FD90_2_TTCATCTCCACGTCGGTAAT	3	FD90_2	Astronaut 2	FD90	FD	31.5404413813489
FD90_2_TTCATCTGGAGATGAGCCTT	1	FD90_2	Astronaut 2	FD90	FD	35.4436863677897
FD90_2_TTCATTACGTGCAACGCTTG	1	FD90_2	Astronaut 2	FD90	FD	49.4725622884688
FD90_2_TTCGAACTAAGCAACGATAT	6	FD90_2	Astronaut 2	FD90	FD	38.3645531327207
FD90_2_TTCGACCATACAGCGGTCTA	6	FD90_2	Astronaut 2	FD90	FD	31.5404414411222
FD90_2_TTCGAGCGAACAGCGGGCGT	1	FD90_2	Astronaut 2	FD90	FD	31.5404415008955
FD90_2_TTCGAGTCCGCGCAAGATGA	1	FD90_2	Astronaut 2	FD90	FD	35.4436864275631
FD90_2_TTCGATAGAGGCAGGGATGA	0	FD90_2	Astronaut 2	FD90	FD	36.1587172169369
FD90_2_TTCGATCTACCGATTGCTTG	2	FD90_2	Astronaut 2	FD90	FD	35.4436864873364
FD90_2_TTGAAACTCGCTTAAGGTCC	0	FD90_2	Astronaut 2	FD90	FD	37.7020059470859
FD90_2_TTGAACGCCTCGTCGGATAT	1	FD90_2	Astronaut 2	FD90	FD	53.2065220383747
FD90_2_TTGAACTGGACAACTGATAT	6	FD90_2	Astronaut 2	FD90	FD	35.4436865471097
FD90_2_TTGAAGATGACGGCAGTAAT	0	FD90_2	Astronaut 2	FD90	FD	34.8288202635622
FD90_2_TTGAAGCTTGCTGGAGTCTA	0	FD90_2	Astronaut 2	FD90	FD	44.4377475204914
FD90_2_TTGAAGTTAGGAGCTGTAAT	0	FD90_2	Astronaut 2	FD90	FD	40.0228465613896
FD90_3_AACCGAGTTGGTAATGGTCC	1	FD90_3	Astronaut 3	FD90	FD	60.3838939918714
FD90_3_AACCGATCTGCGCTCGCAAC	0	FD90_3	Astronaut 3	FD90	FD	30.3970525877958
FD90_3_AACCGATTCAGCAACGGTCC	1	FD90_3	Astronaut 3	FD90	FD	61.4709199565286
FD90_3_AACCGCCGCTCGTCGGCCTT	0	FD90_3	Astronaut 3	FD90	FD	32.5012198956542
FD90_3_AACCGCGCCTCTGGAGCCTT	0	FD90_3	Astronaut 3	FD90	FD	54.7811008548407
FD90_3_AACCGCGGCACCATAGGAGC	0	FD90_3	Astronaut 3	FD90	FD	50.7363423421529
FD90_3_AACCGCTACGCCTAGGTAAT	1	FD90_3	Astronaut 3	FD90	FD	61.4709200163019
FD90_3_AACCGGAACCGGTCCGTAAT	0	FD90_3	Astronaut 3	FD90	FD	49.4554703833894
FD90_3_AACCGGCAACATTGGGATGA	1	FD90_3	Astronaut 3	FD90	FD	54.612605831612
FD90_3_AACCGGCAACGCTCTGATGA	1	FD90_3	Astronaut 3	FD90	FD	50.1259965364032
FD90_3_AACCGGCAGGCGACCGCTTG	3	FD90_3	Astronaut 3	FD90	FD	41.1038291248797
FD90_3_AACCGGCCTTGAACCGGTCC	0	FD90_3	Astronaut 3	FD90	FD	54.4276684546218
FD90_3_AACCGGCTCTGAGCTGCAAC	1	FD90_3	Astronaut 3	FD90	FD	52.5310382649733
FD90_3_AACCGGGCGTCGGATGATGA	1	FD90_3	Astronaut 3	FD90	FD	59.8430480925213
FD90_3_AACCGGGCGTGGCAGGCTGC	0	FD90_3	Astronaut 3	FD90	FD	24.7895590206641
FD90_3_AACCGTAAGGGCGAAGCGGT	0	FD90_3	Astronaut 3	FD90	FD	44.4233394982765
FD90_3_AACCGTAGGACGATTGCTGC	1	FD90_3	Astronaut 3	FD90	FD	58.6173993794439
FD90_3_AACCGTCGTAGAACCGCAAC	6	FD90_3	Astronaut 3	FD90	FD	61.4709200760753
FD90_3_AACCGTGAGACTTAAGTAAT	1	FD90_3	Astronaut 3	FD90	FD	46.9486901594069
FD90_3_AACCGTGGACCCATAGGAGC	1	FD90_3	Astronaut 3	FD90	FD	52.5258984123977
FD90_3_AACCGTTCGACGCTCGGAGC	0	FD90_3	Astronaut 3	FD90	FD	53.3763871251301
FD90_3_AACCGTTGAACTAGTGCGGT	0	FD90_3	Astronaut 3	FD90	FD	33.9298294181014
FD90_3_AACGAAAGACCGATTGATAT	2	FD90_3	Astronaut 3	FD90	FD	40.5968271206082
FD90_3_AACGAAAGCAGGCAGGTCTA	3	FD90_3	Astronaut 3	FD90	FD	56.8906080745163
FD90_3_AACGAAAGGTGTAATGGCGT	3	FD90_3	Astronaut 3	FD90	FD	59.5625149981399
FD90_3_AACGAAGAACCTACGGATAT	0	FD90_3	Astronaut 3	FD90	FD	43.5385863549802
FD90_3_AACGAATCTGATTGGGTCTA	4	FD90_3	Astronaut 3	FD90	FD	44.1448696905953
FD90_3_AACGAATTCAATTGGGCTTG	1	FD90_3	Astronaut 3	FD90	FD	61.5062477443868
FD90_3_AACGACGACCGCCTTGATGA	2	FD90_3	Astronaut 3	FD90	FD	42.0338918588559
FD90_3_AACGACGGCAGATATGTCTA	1	FD90_3	Astronaut 3	FD90	FD	51.4711328656389
FD90_3_AACGACTGGAGGTCCGGAGC	0	FD90_3	Astronaut 3	FD90	FD	24.7895590804374
FD90_3_AACGACTTAAGTAGAGGTCC	0	FD90_3	Astronaut 3	FD90	FD	61.4709201358486
FD90_3_AACGAGACTGCTGGAGCGGT	5	FD90_3	Astronaut 3	FD90	FD	44.0135311426529
FD90_3_AACGAGAGCTCTTAAGCAAC	1	FD90_3	Astronaut 3	FD90	FD	24.7895591402108
FD90_3_AACGAGAGCTGGCGTGCTGC	1	FD90_3	Astronaut 3	FD90	FD	61.0536762674752
FD90_3_AACGAGAGTCCGACCGCAAC	3	FD90_3	Astronaut 3	FD90	FD	53.4263639505992
FD90_3_AACGAGCTCTCAGCGGTAAT	0	FD90_3	Astronaut 3	FD90	FD	61.2004545543835
FD90_3_AACGAGGTCCCGGATGCAAC	2	FD90_3	Astronaut 3	FD90	FD	55.6947528750365
FD90_3_AACGAGTAATCTACGGATGA	3	FD90_3	Astronaut 3	FD90	FD	61.4709201956219
FD90_3_AACGAGTTAGGCAACGCCTT	0	FD90_3	Astronaut 3	FD90	FD	57.9950573333895
FD90_3_AACGATGAGACTCCAGGAGC	0	FD90_3	Astronaut 3	FD90	FD	56.5264372785437
FD90_3_AACGATGGACCCTAGGATAT	2	FD90_3	Astronaut 3	FD90	FD	49.4725623482421
FD90_3_AACGATTAGCCTCCAGCTTG	7	FD90_3	Astronaut 3	FD90	FD	58.9583882479448
FD90_3_AACGATTATGCTCCAGTCTA	3	FD90_3	Astronaut 3	FD90	FD	61.4709202553953
FD90_3_AACGATTATGGCAACGCTGC	0	FD90_3	Astronaut 3	FD90	FD	61.0461790928168
FD90_3_AACTCAAGGTGCAACGGTCC	0	FD90_3	Astronaut 3	FD90	FD	31.5404415606689
FD90_3_AACTCACCAGCTGGAGGAGC	1	FD90_3	Astronaut 3	FD90	FD	60.3970198737211
FD90_3_AACTCACGATGCTGCGTCTA	0	FD90_3	Astronaut 3	FD90	FD	52.525898472171
FD90_3_AACTCAGGCTCTCCAGCTTG	0	FD90_3	Astronaut 3	FD90	FD	57.8396892116897
FD90_3_AACTCAGTTGCGAAGGATGA	0	FD90_3	Astronaut 3	FD90	FD	43.5186792393806
FD90_3_AACTCAGTTGGCGAAGATGA	5	FD90_3	Astronaut 3	FD90	FD	50.4699439197305
FD90_3_AACTCATCTGGGTCCGTCTA	0	FD90_3	Astronaut 3	FD90	FD	50.6263518015884
FD90_3_AACTCATGGCCAGAAGATGA	1	FD90_3	Astronaut 3	FD90	FD	57.839689271463
FD90_3_AACTCATTGGGGCAGGGCGT	0	FD90_3	Astronaut 3	FD90	FD	46.1991977608045
FD90_3_AACTCCAACTCGCCTGGCGT	3	FD90_3	Astronaut 3	FD90	FD	39.5295819400193
FD90_3_AACTCCAGAACGCTCGATGA	1	FD90_3	Astronaut 3	FD90	FD	49.2166578025913
FD90_3_AACTCCCTAGCTCCAGGCGT	1	FD90_3	Astronaut 3	FD90	FD	61.4709203151686
FD90_3_AACTCCTGGACGCTCGGCGT	0	FD90_3	Astronaut 3	FD90	FD	54.6332733614627
FD90_3_AACTCGGAGCGCAGGGCCTT	4	FD90_3	Astronaut 3	FD90	FD	44.1448697503686
FD90_3_AACTCGGCGTGCTCTGGTCC	1	FD90_3	Astronaut 3	FD90	FD	53.4631277555175
FD90_3_AACTCGGTAAGCAACGTAAT	1	FD90_3	Astronaut 3	FD90	FD	58.6271735266424
FD90_3_AACTCGTAGACTAACGATAT	0	FD90_3	Astronaut 3	FD90	FD	47.3749932978907
FD90_3_AACTCGTATCCCGCTGTAAT	1	FD90_3	Astronaut 3	FD90	FD	45.9273115182564
FD90_3_AACTCGTCTAGGCGTGCCTT	3	FD90_3	Astronaut 3	FD90	FD	61.4709203749419
FD90_3_AACTCGTTAGGTATCGGAGC	1	FD90_3	Astronaut 3	FD90	FD	57.9364434401299
FD90_3_AACTCTATGCCGATTGTAAT	0	FD90_3	Astronaut 3	FD90	FD	43.5385864147535
FD90_3_AACTCTATTGCAACTGATAT	0	FD90_3	Astronaut 3	FD90	FD	43.5170930519677
FD90_3_AACTCTCTACCCGCTGCCTT	1	FD90_3	Astronaut 3	FD90	FD	58.9059688959052
FD90_3_AACTCTGAGACGGCAGTAAT	0	FD90_3	Astronaut 3	FD90	FD	61.4709204347153
FD90_3_AACTCTGCGCCGATTGATAT	1	FD90_3	Astronaut 3	FD90	FD	58.6173994392173
FD90_3_AACTCTTCGAGAGCTGATGA	1	FD90_3	Astronaut 3	FD90	FD	46.7795921848931
FD90_3_AAGACACCAGGAACCGATAT	0	FD90_3	Astronaut 3	FD90	FD	61.4709204944886
FD90_3_AAGACACCTACGATTGGCGT	1	FD90_3	Astronaut 3	FD90	FD	56.4721664110007
FD90_3_AAGACCAGAACAGTTGCTGC	0	FD90_3	Astronaut 3	FD90	FD	53.7332827859824
FD90_3_AAGACCGGCACGGCAGCAAC	1	FD90_3	Astronaut 3	FD90	FD	56.2019663466348
FD90_3_AAGACCTAGTGACTGGGCGT	0	FD90_3	Astronaut 3	FD90	FD	42.6547835155363
FD90_3_AAGACGATATCAGTTGATGA	0	FD90_3	Astronaut 3	FD90	FD	33.1926167858586
FD90_3_AAGACGCAGGCCTAGGCCTT	0	FD90_3	Astronaut 3	FD90	FD	44.1448698101419
FD90_3_AAGACGCAGGCCTAGGCGGT	2	FD90_3	Astronaut 3	FD90	FD	61.4709205542619
FD90_3_AAGACGGTCCGTAATGCCTT	1	FD90_3	Astronaut 3	FD90	FD	49.4725624080155
FD90_3_AAGACGTTAGGCGAAGGCGT	1	FD90_3	Astronaut 3	FD90	FD	44.1448698699153
FD90_3_AAGACTGAGAGCTTGGGTCC	7	FD90_3	Astronaut 3	FD90	FD	36.1602684584165
FD90_3_AAGACTGCGCCCTCAGATAT	0	FD90_3	Astronaut 3	FD90	FD	58.7753083074208
FD90_3_AAGCAAAGCACAGAAGTAAT	0	FD90_3	Astronaut 3	FD90	FD	54.633273421236
FD90_3_AAGCAAAGCACCGCTGTCTA	1	FD90_3	Astronaut 3	FD90	FD	48.689957191528
FD90_3_AAGCAACCAGGAGCTGGTCC	3	FD90_3	Astronaut 3	FD90	FD	57.8890243382617
FD90_3_AAGCAACTAAGTATCGTAAT	1	FD90_3	Astronaut 3	FD90	FD	55.6084143128797
FD90_3_AAGCAAGGTCCAACTGGAGC	1	FD90_3	Astronaut 3	FD90	FD	61.4709206140353
FD90_3_AAGCACAGTTCGACCGTCTA	2	FD90_3	Astronaut 3	FD90	FD	49.1683396298452
FD90_3_AAGCACAGTTCTCCAGGAGC	1	FD90_3	Astronaut 3	FD90	FD	55.1482780000476
FD90_3_AAGCACAGTTGCAGGGATGA	6	FD90_3	Astronaut 3	FD90	FD	57.4409421675422
FD90_3_AAGCACAGTTGTAATGATGA	1	FD90_3	Astronaut 3	FD90	FD	46.5386252514938
FD90_3_AAGCACCTCAGCAACGGTCC	2	FD90_3	Astronaut 3	FD90	FD	49.0934481572756
FD90_3_AAGCACGACCGCTCTGCGGT	0	FD90_3	Astronaut 3	FD90	FD	61.4709206738086
FD90_3_AAGCACGCTCATTCAGCAAC	0	FD90_3	Astronaut 3	FD90	FD	51.0864693594701
FD90_3_AAGCACGCTCCGAAGGCAAC	3	FD90_3	Astronaut 3	FD90	FD	61.2219500690302
FD90_3_AAGCACGGATGGCGTGGTCC	1	FD90_3	Astronaut 3	FD90	FD	43.6147962613839
FD90_3_AAGCACTAACATTGGGTCTA	0	FD90_3	Astronaut 3	FD90	FD	49.4725624677888
FD90_3_AAGCACTTAACCGCTGCCTT	1	FD90_3	Astronaut 3	FD90	FD	50.2294965678343
FD90_3_AAGCAGCGGTGATATGGCGT	1	FD90_3	Astronaut 3	FD90	FD	53.1041516807988
FD90_3_AAGCAGGCAGCCTCAGGCGT	1	FD90_3	Astronaut 3	FD90	FD	59.4096546409284
FD90_3_AAGCAGGCAGGTAATGGCGT	1	FD90_3	Astronaut 3	FD90	FD	52.9832849951249
FD90_3_AAGCAGTATCGTAATGATGA	0	FD90_3	Astronaut 3	FD90	FD	54.8628175768283
FD90_3_AAGCATAGGACAGTTGGAGC	0	FD90_3	Astronaut 3	FD90	FD	54.8201015359323
FD90_3_AAGCATCGTACGAAGGTAAT	1	FD90_3	Astronaut 3	FD90	FD	56.4688320094093
FD90_3_AAGCATCGTAGGAGCGGAGC	2	FD90_3	Astronaut 3	FD90	FD	59.4455953551829
FD90_3_AAGCATCGTAGGAGCGTAAT	3	FD90_3	Astronaut 3	FD90	FD	61.4709207335819
FD90_3_AAGCATGAGAGACTGGCTTG	1	FD90_3	Astronaut 3	FD90	FD	53.5478494444703
FD90_3_AAGCATTCGAGCTGCGGTCC	3	FD90_3	Astronaut 3	FD90	FD	61.213939704669
FD90_3_AAGCATTGAACTGGAGGCGT	0	FD90_3	Astronaut 3	FD90	FD	44.939189175564
FD90_3_AAGGTACTCGGCAACGTCTA	0	FD90_3	Astronaut 3	FD90	FD	59.4788030941806
FD90_3_AAGGTAGTTGCGGCAGCAAC	1	FD90_3	Astronaut 3	FD90	FD	56.9063243704741
FD90_3_AAGGTAGTTGCTACGGTCTA	2	FD90_3	Astronaut 3	FD90	FD	57.8396893312364
FD90_3_AAGGTCGCTCATTGGGCGGT	3	FD90_3	Astronaut 3	FD90	FD	56.6888613568304
FD90_3_AAGGTGATATCAGCGGCTGC	0	FD90_3	Astronaut 3	FD90	FD	58.0989921332381
FD90_3_AAGGTGATATCAGCGGGCGT	1	FD90_3	Astronaut 3	FD90	FD	59.448921105477
FD90_3_AAGGTGTCTAGAGTCGATGA	1	FD90_3	Astronaut 3	FD90	FD	51.0476026003953
FD90_3_AAGGTTAGAGCCTCAGCGGT	0	FD90_3	Astronaut 3	FD90	FD	44.1448699296886
FD90_3_AAGGTTATTGCCTAGGCTTG	0	FD90_3	Astronaut 3	FD90	FD	61.4709207933553
FD90_3_AAGGTTCGCGGAGTCGCCTT	0	FD90_3	Astronaut 3	FD90	FD	61.4709208531286
FD90_3_AAGGTTCGTACCTAGGCAAC	3	FD90_3	Astronaut 3	FD90	FD	52.9922766986535
FD90_3_AAGGTTCGTACTAGTGCTTG	2	FD90_3	Astronaut 3	FD90	FD	52.9122664742369
FD90_3_AAGGTTTCGAGTAATGGTCC	0	FD90_3	Astronaut 3	FD90	FD	54.3581937936371
FD90_3_ACCAGAACTCCTAGTGGCGT	1	FD90_3	Astronaut 3	FD90	FD	57.8396893910097
FD90_3_ACCAGACGATGTAATGCAAC	1	FD90_3	Astronaut 3	FD90	FD	61.4709209129019
FD90_3_ACCAGAGGTCCTAACGATAT	4	FD90_3	Astronaut 3	FD90	FD	35.0084937657605
FD90_3_ACCAGATCCTGGCGTGCTGC	0	FD90_3	Astronaut 3	FD90	FD	44.1552052680894
FD90_3_ACCAGATCTGGCGGTGGCGT	0	FD90_3	Astronaut 3	FD90	FD	49.4725625275621
FD90_3_ACCAGATTACCTAGTGGCGT	3	FD90_3	Astronaut 3	FD90	FD	33.1926168456319
FD90_3_ACCAGCTTAACGATTGCAAC	5	FD90_3	Astronaut 3	FD90	FD	61.4709209726753
FD90_3_ACCAGGTAGAGGCGTGCTGC	1	FD90_3	Astronaut 3	FD90	FD	61.4709210324486
FD90_3_ACCAGTATTGGGTCCGCTTG	1	FD90_3	Astronaut 3	FD90	FD	59.5319372756893
FD90_3_ACCTAAAGCAGCGAAGGCGT	1	FD90_3	Astronaut 3	FD90	FD	56.113710476818
FD90_3_ACCTAACTCGGCTGCGCTGC	3	FD90_3	Astronaut 3	FD90	FD	50.4916516706856
FD90_3_ACCTAAGGCTCTCCAGTAAT	6	FD90_3	Astronaut 3	FD90	FD	61.1860077405531
FD90_3_ACCTAATGGCGAGTCGGAGC	1	FD90_3	Astronaut 3	FD90	FD	43.8404881107889
FD90_3_ACCTAATTACGCTGCGTCTA	0	FD90_3	Astronaut 3	FD90	FD	52.5258985319443
FD90_3_ACCTACGCAAGGTAAGCTTG	1	FD90_3	Astronaut 3	FD90	FD	37.7222574883706
FD90_3_ACCTACTCCACGGATGCAAC	1	FD90_3	Astronaut 3	FD90	FD	55.7803593256504
FD90_3_ACCTACTGGACGAAGGTCTA	0	FD90_3	Astronaut 3	FD90	FD	56.910575329549
FD90_3_ACCTAGCAACCAACTGATAT	0	FD90_3	Astronaut 3	FD90	FD	61.2387010244577
FD90_3_ACCTAGTAGAGGCAGGCTTG	0	FD90_3	Astronaut 3	FD90	FD	35.4436866068831
FD90_3_ACCTATACGTCTAACGTCTA	0	FD90_3	Astronaut 3	FD90	FD	50.4951628805966
FD90_3_ACCTATACGTGGTCCGGTCC	2	FD90_3	Astronaut 3	FD90	FD	49.093448217049
FD90_3_ACCTATCTACGGAGCGCCTT	5	FD90_3	Astronaut 3	FD90	FD	50.7363424019263
FD90_3_ACCTATTAGCGGCAGGCTTG	1	FD90_3	Astronaut 3	FD90	FD	44.5286391804145
FD90_3_ACCTATTCGACCATAGGCGT	1	FD90_3	Astronaut 3	FD90	FD	60.1721044740287
FD90_3_ACCTATTCGAGATGAGGCGT	0	FD90_3	Astronaut 3	FD90	FD	51.2439694833791
FD90_3_ACCTATTCGAGGTAAGGCGT	0	FD90_3	Astronaut 3	FD90	FD	49.0934482768223
FD90_3_ACGATACCAGCGATTGCTTG	3	FD90_3	Astronaut 3	FD90	FD	49.4725625873355
FD90_3_ACGATACCAGCTTAAGCTTG	1	FD90_3	Astronaut 3	FD90	FD	43.8857865107188
FD90_3_ACGATACTAACTGGAGCTGC	0	FD90_3	Astronaut 3	FD90	FD	56.1379129025171
FD90_3_ACGATACTCGCGACCGGAGC	1	FD90_3	Astronaut 3	FD90	FD	31.5404416204422
FD90_3_ACGATAGAACCTCCAGCAAC	3	FD90_3	Astronaut 3	FD90	FD	61.5969605715598
FD90_3_ACGATAGGTCGCGAAGCTGC	0	FD90_3	Astronaut 3	FD90	FD	44.144869989462
FD90_3_ACGATATCCTCAACTGTCTA	0	FD90_3	Astronaut 3	FD90	FD	54.9639116921634
FD90_3_ACGATATCCTCGCAAGGCGT	0	FD90_3	Astronaut 3	FD90	FD	58.7249266697554
FD90_3_ACGATCAACTGCTCTGCTTG	5	FD90_3	Astronaut 3	FD90	FD	33.2142463248064
FD90_3_ACGATCAATCATTGGGCTTG	0	FD90_3	Astronaut 3	FD90	FD	35.650414728893
FD90_3_ACGATCAATCATTGGGGAGC	1	FD90_3	Astronaut 3	FD90	FD	48.3771478949289
FD90_3_ACGATCCTAGCGATTGCCTT	6	FD90_3	Astronaut 3	FD90	FD	56.5165432297889
FD90_3_ACGATCGACCCTTAAGCAAC	0	FD90_3	Astronaut 3	FD90	FD	50.5325474232523
FD90_3_ACGATCGACCCTTAAGTAAT	1	FD90_3	Astronaut 3	FD90	FD	61.4709210922219
FD90_3_ACGATCGCCTCAGCGGCCTT	0	FD90_3	Astronaut 3	FD90	FD	50.7363424616996
FD90_3_ACGATCGGCAGGCGTGGTCC	0	FD90_3	Astronaut 3	FD90	FD	43.5197909720257
FD90_3_ACGATCGTCGGATGAGCTTG	1	FD90_3	Astronaut 3	FD90	FD	49.4725626471088
FD90_3_ACGATCTCCACGGCAGCTGC	2	FD90_3	Astronaut 3	FD90	FD	33.1780493362097
FD90_3_ACGATGAACCGATATGCAAC	6	FD90_3	Astronaut 3	FD90	FD	58.6173994989906
FD90_3_ACGATGCAACCCATAGGCGT	1	FD90_3	Astronaut 3	FD90	FD	43.5213623387419
FD90_3_ACGATGGTAACTAGTGCAAC	1	FD90_3	Astronaut 3	FD90	FD	51.2236901281474
FD90_3_ACGATTAAGGCCTAGGCAAC	1	FD90_3	Astronaut 3	FD90	FD	49.4725627068821
FD90_3_ACGATTACGTCGAAGGCTTG	3	FD90_3	Astronaut 3	FD90	FD	59.4096547007017
FD90_3_ACGATTCAGTGAACCGCTGC	1	FD90_3	Astronaut 3	FD90	FD	18.9950386792553
FD90_3_ACGATTCGCGCGGATGCGGT	0	FD90_3	Astronaut 3	FD90	FD	46.1554063143204
FD90_3_ACGATTCGTACAGAAGCTGC	2	FD90_3	Astronaut 3	FD90	FD	61.574444725349
FD90_3_ACGATTCGTACAGCGGTCTA	0	FD90_3	Astronaut 3	FD90	FD	44.2759453987861
FD90_3_ACGATTCTACGCAGGGTCTA	0	FD90_3	Astronaut 3	FD90	FD	56.1779853462549
FD90_3_ACGATTGAGAGCCTTGCCTT	3	FD90_3	Astronaut 3	FD90	FD	61.4709211519953
FD90_3_ACGATTTCATCAACTGATAT	1	FD90_3	Astronaut 3	FD90	FD	52.5275214682137
FD90_3_ACGATTTGAACGCCTGCTGC	5	FD90_3	Astronaut 3	FD90	FD	60.1529844524978
FD90_3_ACTAAAACTCCTGGAGCGGT	0	FD90_3	Astronaut 3	FD90	FD	56.9129905141642
FD90_3_ACTAAAAGCAGCAGGGATGA	1	FD90_3	Astronaut 3	FD90	FD	52.5261110067463
FD90_3_ACTAAAAGGTATTCAGGAGC	0	FD90_3	Astronaut 3	FD90	FD	30.5847290925331
FD90_3_ACTAAACCAGCGATTGCTGC	0	FD90_3	Astronaut 3	FD90	FD	50.125697501666
FD90_3_ACTAAACTTCGCCTTGCCTT	0	FD90_3	Astronaut 3	FD90	FD	54.5662703430172
FD90_3_ACTAACGAAGCGACCGGCGT	0	FD90_3	Astronaut 3	FD90	FD	55.5792082344959
FD90_3_ACTAACGAAGCGGATGATAT	3	FD90_3	Astronaut 3	FD90	FD	56.0911654493161
FD90_3_ACTAACGAAGGGTAAGTCTA	0	FD90_3	Astronaut 3	FD90	FD	57.839689450783
FD90_3_ACTAACGCCTGGTCCGATGA	1	FD90_3	Astronaut 3	FD90	FD	48.2521086573375
FD90_3_ACTAACTAACCTTAAGTCTA	4	FD90_3	Astronaut 3	FD90	FD	50.7363425214729
FD90_3_ACTAAGACTGGATATGTAAT	1	FD90_3	Astronaut 3	FD90	FD	61.4709212117686
FD90_3_ACTAAGGAGCGATATGCAAC	0	FD90_3	Astronaut 3	FD90	FD	61.470921271542
FD90_3_ACTAAGGTAAGCTCTGATAT	0	FD90_3	Astronaut 3	FD90	FD	48.6061864854976
FD90_3_ACTAAGTTAGCTAACGCTGC	1	FD90_3	Astronaut 3	FD90	FD	59.5429793671835
FD90_3_ACTAATAGAGCTTAAGGCGT	0	FD90_3	Astronaut 3	FD90	FD	61.5305198687209
FD90_3_ACTAATCGTACGGATGTAAT	1	FD90_3	Astronaut 3	FD90	FD	46.7256329762789
FD90_3_ACTAATGCGCCCTAGGCTTG	1	FD90_3	Astronaut 3	FD90	FD	18.9950387390287
FD90_3_ACTAATTAGCGCGGTGCTTG	1	FD90_3	Astronaut 3	FD90	FD	61.4709213313153
FD90_3_ACTCGAACCGCTAACGCTTG	2	FD90_3	Astronaut 3	FD90	FD	59.8606303400152
FD90_3_ACTCGAACGACAGCGGATGA	1	FD90_3	Astronaut 3	FD90	FD	44.5286392401879
FD90_3_ACTCGACTCGCGAAGGGAGC	0	FD90_3	Astronaut 3	FD90	FD	43.517093111741
FD90_3_ACTCGACTTCCTGGAGCAAC	1	FD90_3	Astronaut 3	FD90	FD	58.1195927403714
FD90_3_ACTCGCGAAGGCGGTGCTTG	5	FD90_3	Astronaut 3	FD90	FD	61.4709213910886
FD90_3_ACTCGCGGATGAGTCGTCTA	0	FD90_3	Astronaut 3	FD90	FD	54.5728832361788
FD90_3_ACTCGGACTGCCTCAGGCGT	2	FD90_3	Astronaut 3	FD90	FD	53.2876889583053
FD90_3_ACTCGGCAACGATGAGTAAT	0	FD90_3	Astronaut 3	FD90	FD	43.6147963211573
FD90_3_ACTCGTATCTCGCTCGGAGC	0	FD90_3	Astronaut 3	FD90	FD	50.7363425812463
FD90_3_ACTCGTCATCCTAACGCAAC	3	FD90_3	Astronaut 3	FD90	FD	61.470921450862
FD90_3_ACTTCAGAACGAGTCGGCGT	0	FD90_3	Astronaut 3	FD90	FD	50.7363426410196
FD90_3_ACTTCAGAGTCGCCTGTAAT	1	FD90_3	Astronaut 3	FD90	FD	61.092432123465
FD90_3_ACTTCATCTGGATGAGATGA	3	FD90_3	Astronaut 3	FD90	FD	43.5385864745268
FD90_3_ACTTCATGGCGCAGGGATAT	3	FD90_3	Astronaut 3	FD90	FD	52.5258985917177
FD90_3_ACTTCGACTGGAACCGGTCC	1	FD90_3	Astronaut 3	FD90	FD	57.3665811584954
FD90_3_ACTTCGAGCTATTCAGTAAT	5	FD90_3	Astronaut 3	FD90	FD	60.4765905347402
FD90_3_ACTTCGCGGTGAACCGCAAC	3	FD90_3	Astronaut 3	FD90	FD	54.3956558161671
FD90_3_ACTTCTGAGAGCTTGGCAAC	3	FD90_3	Astronaut 3	FD90	FD	37.74320950774
FD90_3_AGAACAACTCGCCTTGCAAC	0	FD90_3	Astronaut 3	FD90	FD	44.6123719350951
FD90_3_AGAACCCGCTCGAAGGGTCC	0	FD90_3	Astronaut 3	FD90	FD	56.3124339994715
FD90_3_AGAACGCAGGCGGCAGCCTT	0	FD90_3	Astronaut 3	FD90	FD	60.4627082882749
FD90_3_AGAACGCAGGCTAACGGTCC	1	FD90_3	Astronaut 3	FD90	FD	58.9244106307119
FD90_3_AGAACGGCAGCGACCGTAAT	1	FD90_3	Astronaut 3	FD90	FD	49.4725627666555
FD90_3_AGAACGGCGTCGGATGTAAT	3	FD90_3	Astronaut 3	FD90	FD	51.3579507942506
FD90_3_AGAACTATGCGAGCTGGTCC	1	FD90_3	Astronaut 3	FD90	FD	44.2082323846118
FD90_3_AGAACTTAGCCAGAAGGAGC	0	FD90_3	Astronaut 3	FD90	FD	61.4709215106353
FD90_3_AGAGTAGCGGGAGTCGTCTA	0	FD90_3	Astronaut 3	FD90	FD	57.8648470917834
FD90_3_AGAGTCAGAAGGCGTGCTTG	0	FD90_3	Astronaut 3	FD90	FD	58.7751879613112
FD90_3_AGAGTCAGTTCGCCTGGTCC	0	FD90_3	Astronaut 3	FD90	FD	61.4709215704086
FD90_3_AGAGTCGTCGGCTCTGGCGT	0	FD90_3	Astronaut 3	FD90	FD	49.4725628264288
FD90_3_AGAGTCTTAACTTAAGGCGT	3	FD90_3	Astronaut 3	FD90	FD	61.470921630182
FD90_3_AGAGTGAGTCCGAAGGATGA	5	FD90_3	Astronaut 3	FD90	FD	61.4709216899553
FD90_3_AGAGTGCGAACTAACGCAAC	1	FD90_3	Astronaut 3	FD90	FD	58.6657023815524
FD90_3_AGAGTGCGAACTAACGCGGT	0	FD90_3	Astronaut 3	FD90	FD	59.1732212510546
FD90_3_AGAGTGTAATGCCTTGGTCC	0	FD90_3	Astronaut 3	FD90	FD	61.4709217497286
FD90_3_AGAGTGTCTACAGTTGCCTT	2	FD90_3	Astronaut 3	FD90	FD	61.470921809502
FD90_3_AGAGTTATTGGAGCTGTCTA	0	FD90_3	Astronaut 3	FD90	FD	54.5222869275346
FD90_3_AGAGTTCATCCGAAGGATAT	1	FD90_3	Astronaut 3	FD90	FD	61.4709218692753
FD90_3_AGAGTTCCGGCGACCGCGGT	0	FD90_3	Astronaut 3	FD90	FD	49.4725628862021
FD90_3_AGAGTTCGTACAGCGGATGA	0	FD90_3	Astronaut 3	FD90	FD	54.522286987308
FD90_3_AGAGTTGCTAGATGAGATGA	3	FD90_3	Astronaut 3	FD90	FD	56.4215141478332
FD90_3_AGAGTTTCATCCATAGCTTG	3	FD90_3	Astronaut 3	FD90	FD	61.4709219290486
FD90_3_AGCGGAACCGGGCAGGGTCC	3	FD90_3	Astronaut 3	FD90	FD	41.102551087827
FD90_3_AGCGGCAATCATTGGGATAT	0	FD90_3	Astronaut 3	FD90	FD	61.470921988822
FD90_3_AGCGGGACTGCCGCTGGCGT	2	FD90_3	Astronaut 3	FD90	FD	28.9951193490527
FD90_3_AGCGGGTTAGGGTAAGTAAT	1	FD90_3	Astronaut 3	FD90	FD	60.1225380324406
FD90_3_AGCGGTCCGGGTATCGATGA	1	FD90_3	Astronaut 3	FD90	FD	61.4709220485953
FD90_3_AGCGGTCGTACCTAGGGCGT	1	FD90_3	Astronaut 3	FD90	FD	50.3740271822408
FD90_3_AGCGGTCGTAGCAACGCTTG	3	FD90_3	Astronaut 3	FD90	FD	60.9314894822677
FD90_3_AGCGGTGCTACGTCGGTCTA	2	FD90_3	Astronaut 3	FD90	FD	61.6057098827539
FD90_3_AGCGGTTAGCGTAATGCGGT	2	FD90_3	Astronaut 3	FD90	FD	55.6949788955262
FD90_3_AGGCTACTCGGAACCGTAAT	1	FD90_3	Astronaut 3	FD90	FD	46.0500028124237
FD90_3_AGGCTAGGCTCCATAGCTTG	1	FD90_3	Astronaut 3	FD90	FD	34.7979065647863
FD90_3_AGGCTGGCAGCTAGTGCGGT	0	FD90_3	Astronaut 3	FD90	FD	53.2738497702168
FD90_3_AGGCTTATCTGTAGAGCAAC	2	FD90_3	Astronaut 3	FD90	FD	21.6974118764116
FD90_3_AGGCTTCCGGCTAACGTCTA	4	FD90_3	Astronaut 3	FD90	FD	35.988504604035
FD90_3_AGGCTTTCATCAGCGGCGGT	3	FD90_3	Astronaut 3	FD90	FD	54.8201015957056
FD90_3_AGGTCACGATCGCTCGCCTT	1	FD90_3	Astronaut 3	FD90	FD	46.1991978205778
FD90_3_AGGTCACGATCGGATGGAGC	1	FD90_3	Astronaut 3	FD90	FD	56.5065775224923
FD90_3_AGGTCAGTTGGATGAGCTGC	0	FD90_3	Astronaut 3	FD90	FD	49.4169498577252
FD90_3_AGGTCCAACTCTCCAGTCTA	0	FD90_3	Astronaut 3	FD90	FD	56.3429518459341
FD90_3_AGGTCCAATCGTAGAGGCGT	1	FD90_3	Astronaut 3	FD90	FD	56.5953971779919
FD90_3_AGGTCCTTAAGATGAGCTTG	2	FD90_3	Astronaut 3	FD90	FD	50.3036875865069
FD90_3_AGGTCTGCTAGAGTCGCCTT	0	FD90_3	Astronaut 3	FD90	FD	61.4709221083686
FD90_3_AGGTCTGGACGATGAGCCTT	3	FD90_3	Astronaut 3	FD90	FD	61.5040224193593
FD90_3_AGTTGAAGCAGATGAGATAT	3	FD90_3	Astronaut 3	FD90	FD	43.5213373014204
FD90_3_AGTTGACCAGCCATAGTCTA	4	FD90_3	Astronaut 3	FD90	FD	50.1996946440936
FD90_3_AGTTGCAACTCGACCGCTGC	0	FD90_3	Astronaut 3	FD90	FD	30.3970526475692
FD90_3_AGTTGCAGTTCTTAAGCCTT	1	FD90_3	Astronaut 3	FD90	FD	61.5417948244649
FD90_3_AGTTGCGAAGGGAGCGGTCC	0	FD90_3	Astronaut 3	FD90	FD	57.840938247314
FD90_3_AGTTGCGCCTGACTGGCAAC	1	FD90_3	Astronaut 3	FD90	FD	52.9917496539169
FD90_3_AGTTGGAACCGGCAGGTAAT	1	FD90_3	Astronaut 3	FD90	FD	50.7363427007929
FD90_3_AGTTGGAGTCCAGTTGGCGT	6	FD90_3	Astronaut 3	FD90	FD	61.470922168142
FD90_3_AGTTGGCTCTCCTCAGCGGT	1	FD90_3	Astronaut 3	FD90	FD	50.7363427605663
FD90_3_AGTTGTGCTACCTCAGCGGT	0	FD90_3	Astronaut 3	FD90	FD	21.697411936185
FD90_3_AGTTGTGCTACCTCAGGTCC	3	FD90_3	Astronaut 3	FD90	FD	18.995038798802
FD90_3_AGTTGTTGAACTCCAGCTGC	3	FD90_3	Astronaut 3	FD90	FD	61.4709222279153
FD90_3_ATCCTACTTCATTCAGCTTG	2	FD90_3	Astronaut 3	FD90	FD	38.3884550875884
FD90_3_ATCCTCAATCCTAGTGATGA	1	FD90_3	Astronaut 3	FD90	FD	57.9976321008332
FD90_3_ATCCTCAGAACGAAGGATAT	1	FD90_3	Astronaut 3	FD90	FD	53.2392308113508
FD90_3_ATCCTCAGAACGAAGGGTCC	0	FD90_3	Astronaut 3	FD90	FD	61.4709222876886
FD90_3_ATCCTTAGAGCTTAAGTCTA	0	FD90_3	Astronaut 3	FD90	FD	49.4725629459755
FD90_3_ATCCTTATGCCAGTTGCAAC	1	FD90_3	Astronaut 3	FD90	FD	50.3355227469237
FD90_3_ATCCTTGGACCTACGGCTGC	0	FD90_3	Astronaut 3	FD90	FD	36.1587172767102
FD90_3_ATCTGATCCTGTATCGCAAC	3	FD90_3	Astronaut 3	FD90	FD	61.470922347462
FD90_3_ATCTGATGGCATTGGGGTCC	0	FD90_3	Astronaut 3	FD90	FD	46.4825665310089
FD90_3_ATCTGATGGCGCTCTGGTCC	4	FD90_3	Astronaut 3	FD90	FD	36.3507126397774
FD90_3_ATCTGCAGTTGAACCGTAAT	0	FD90_3	Astronaut 3	FD90	FD	49.3950629913374
FD90_3_ATCTGCCATAGCCTTGCGGT	5	FD90_3	Astronaut 3	FD90	FD	55.6409135288118
FD90_3_ATCTGCGCTCCGGCAGATAT	1	FD90_3	Astronaut 3	FD90	FD	54.6332734810093
FD90_3_ATCTGCGCTCCGGCAGATGA	1	FD90_3	Astronaut 3	FD90	FD	59.5386114740034
FD90_3_ATCTGCTACGGCCTTGCGGT	0	FD90_3	Astronaut 3	FD90	FD	43.5170931715144
FD90_3_ATCTGGCCTTGAGCTGTAAT	0	FD90_3	Astronaut 3	FD90	FD	57.850528760911
FD90_3_ATCTGGGCAGGCTCTGGTCC	6	FD90_3	Astronaut 3	FD90	FD	60.1332872026226
FD90_3_ATCTGGGTCCCAACTGTCTA	0	FD90_3	Astronaut 3	FD90	FD	32.5032724255159
FD90_3_ATCTGGGTCCCGCTCGGAGC	0	FD90_3	Astronaut 3	FD90	FD	44.1448700492353
FD90_3_ATCTGGGTCCCGTCGGGTCC	1	FD90_3	Astronaut 3	FD90	FD	57.8430089830463
FD90_3_ATCTGGTCTACTAACGTCTA	6	FD90_3	Astronaut 3	FD90	FD	59.5028333948389
FD90_3_ATCTGTACGTCAGCGGCTGC	3	FD90_3	Astronaut 3	FD90	FD	58.712398461793
FD90_3_ATCTGTATCTGGCAGGGTCC	0	FD90_3	Astronaut 3	FD90	FD	50.603626800271
FD90_3_ATCTGTCATCGTAGAGCAAC	1	FD90_3	Astronaut 3	FD90	FD	59.7737158486797
FD90_3_ATGCGAAGACATTCAGCTGC	0	FD90_3	Astronaut 3	FD90	FD	44.1448701090086
FD90_3_ATGCGATTCAGAGCTGTAAT	0	FD90_3	Astronaut 3	FD90	FD	56.2993117375843
FD90_3_ATGCGCCGCTCAGTTGCCTT	6	FD90_3	Astronaut 3	FD90	FD	34.7313480060881
FD90_3_ATGCGCCTCACAGCGGCTGC	0	FD90_3	Astronaut 3	FD90	FD	57.8798766299526
FD90_3_ATGCGCGATTCGGATGTAAT	3	FD90_3	Astronaut 3	FD90	FD	54.6175111859418
FD90_3_ATGCGCGCAACGGCAGATAT	1	FD90_3	Astronaut 3	FD90	FD	54.6332735407827
FD90_3_ATGCGCGCTCCTAACGCAAC	3	FD90_3	Astronaut 3	FD90	FD	59.7128658729986
FD90_3_ATGCGCTCCACGCAAGGCGT	0	FD90_3	Astronaut 3	FD90	FD	44.144870168782
FD90_3_ATGCGGAGTCCTGGAGATGA	1	FD90_3	Astronaut 3	FD90	FD	46.1991978803512
FD90_3_ATGCGGGCAGCAATCGCTTG	1	FD90_3	Astronaut 3	FD90	FD	58.7714954333929
FD90_3_ATGCGTAAGGGTAGAGTCTA	0	FD90_3	Astronaut 3	FD90	FD	56.5049073784739
FD90_3_ATGCGTTAGCGTAATGATGA	1	FD90_3	Astronaut 3	FD90	FD	61.4709224072353
FD90_3_ATGGCATCCTCCTCAGTAAT	3	FD90_3	Astronaut 3	FD90	FD	49.4725630057488
FD90_3_ATGGCCGGCAGTATCGCCTT	3	FD90_3	Astronaut 3	FD90	FD	61.4709224670086
FD90_3_ATGGCCTGGAGATGAGCAAC	5	FD90_3	Astronaut 3	FD90	FD	30.3970527073425
FD90_3_ATGGCGAACCCAATCGCTGC	1	FD90_3	Astronaut 3	FD90	FD	53.6427921865379
FD90_3_ATGGCGATATCGATTGGAGC	0	FD90_3	Astronaut 3	FD90	FD	61.4928962679971
FD90_3_ATGGCGGAGCATTGGGTAAT	6	FD90_3	Astronaut 3	FD90	FD	41.1027090899552
FD90_3_ATGGCGTAATCGATTGATGA	1	FD90_3	Astronaut 3	FD90	FD	61.470922526782
FD90_3_ATGGCGTATCGAACCGCAAC	1	FD90_3	Astronaut 3	FD90	FD	54.5239038956218
FD90_3_ATGGCTAGAGCTTAAGCGGT	1	FD90_3	Astronaut 3	FD90	FD	53.6617909218916
FD90_3_ATTACACGATGTATCGCTTG	1	FD90_3	Astronaut 3	FD90	FD	21.6974119959583
FD90_3_ATTACATCCTCGCAAGTAAT	0	FD90_3	Astronaut 3	FD90	FD	51.2532034146328
FD90_3_ATTACCAGTTGCGAAGGAGC	1	FD90_3	Astronaut 3	FD90	FD	40.0286119014398
FD90_3_ATTACCCTAGGCGGTGCAAC	1	FD90_3	Astronaut 3	FD90	FD	57.8396895105564
FD90_3_ATTACCCTCACTCCAGCTGC	3	FD90_3	Astronaut 3	FD90	FD	56.4688320691826
FD90_3_ATTACCGCCTGCGGTGCGGT	0	FD90_3	Astronaut 3	FD90	FD	44.6120941931787
FD90_3_ATTACCTAACGCTGCGGAGC	6	FD90_3	Astronaut 3	FD90	FD	59.173221310828
FD90_3_ATTACCTGGAATTCAGCTTG	0	FD90_3	Astronaut 3	FD90	FD	56.2993117973576
FD90_3_ATTACCTTAACTAGTGCTGC	0	FD90_3	Astronaut 3	FD90	FD	50.1716009875083
FD90_3_ATTACGACTGCCTAGGCTGC	0	FD90_3	Astronaut 3	FD90	FD	56.3534539549474
FD90_3_ATTACGAGCTCGTCGGGTCC	5	FD90_3	Astronaut 3	FD90	FD	59.5776466320711
FD90_3_ATTACGAGTCGGCGTGATGA	1	FD90_3	Astronaut 3	FD90	FD	49.1473325372452
FD90_3_ATTACGCTGCATTGGGCCTT	1	FD90_3	Astronaut 3	FD90	FD	44.1540879545932
FD90_3_ATTACGGTAACCTAGGGTCC	3	FD90_3	Astronaut 3	FD90	FD	56.2189277376742
FD90_3_ATTACTATTGCTACGGCGGT	6	FD90_3	Astronaut 3	FD90	FD	54.8804444726306
FD90_3_ATTACTCGCGGCAACGGAGC	0	FD90_3	Astronaut 3	FD90	FD	38.5046378864095
FD90_3_ATTACTCGCGGGTAAGCTGC	0	FD90_3	Astronaut 3	FD90	FD	36.7214911342769
FD90_3_ATTCAACCAGCAGTTGCTTG	1	FD90_3	Astronaut 3	FD90	FD	31.5404416802155
FD90_3_ATTCAACCAGGGCGTGCTTG	1	FD90_3	Astronaut 3	FD90	FD	49.4725630655221
FD90_3_ATTCAAGAACCGCCTGCTTG	3	FD90_3	Astronaut 3	FD90	FD	61.4709225865553
FD90_3_ATTCAATTGGGCCTTGGCGT	1	FD90_3	Astronaut 3	FD90	FD	49.1683396896185
FD90_3_ATTCACTAGTCGACCGGCGT	0	FD90_3	Astronaut 3	FD90	FD	24.7895591999841
FD90_3_ATTCACTTAAGGTAAGCTTG	6	FD90_3	Astronaut 3	FD90	FD	58.9968989547765
FD90_3_ATTCAGGAGCCGGCAGTAAT	6	FD90_3	Astronaut 3	FD90	FD	54.6738209666097
FD90_3_ATTCATAGAGGCGGTGTCTA	4	FD90_3	Astronaut 3	FD90	FD	61.4709226463287
FD90_3_ATTCATATTGCCTAGGATGA	0	FD90_3	Astronaut 3	FD90	FD	60.4863416435531
FD90_3_ATTCATATTGCCTAGGCTGC	0	FD90_3	Astronaut 3	FD90	FD	49.4725631252955
FD90_3_ATTCATATTGCCTAGGGCGT	3	FD90_3	Astronaut 3	FD90	FD	55.4243035294665
FD90_3_ATTCATATTGGTAATGATGA	1	FD90_3	Astronaut 3	FD90	FD	55.1113208181177
FD90_3_ATTCATGAGAGAGTCGGAGC	2	FD90_3	Astronaut 3	FD90	FD	61.470922706102
FD90_3_ATTCATTGAACGGATGCGGT	0	FD90_3	Astronaut 3	FD90	FD	21.6974120557317
FD90_3_ATTGGACTCGCGCTCGCGGT	1	FD90_3	Astronaut 3	FD90	FD	44.4191109733128
FD90_3_ATTGGATCCTGCTCTGCCTT	0	FD90_3	Astronaut 3	FD90	FD	61.4709227658753
FD90_3_ATTGGATTACATTGGGGCGT	5	FD90_3	Astronaut 3	FD90	FD	60.4776353577322
FD90_3_ATTGGCAACTCAATCGCGGT	0	FD90_3	Astronaut 3	FD90	FD	52.0398237211153
FD90_3_ATTGGCAACTGCTTGGCGGT	0	FD90_3	Astronaut 3	FD90	FD	40.7125123029304
FD90_3_ATTGGGATGACCATAGCGGT	0	FD90_3	Astronaut 3	FD90	FD	58.6173995587639
FD90_3_ATTGGGGCAGCCTAGGCGGT	0	FD90_3	Astronaut 3	FD90	FD	24.7895592597575
FD90_3_ATTGGTGAGACGAAGGGCGT	1	FD90_3	Astronaut 3	FD90	FD	36.5801550092655
FD90_3_ATTGGTTGAAGGTCCGCCTT	6	FD90_3	Astronaut 3	FD90	FD	31.5404417399889
FD90_3_CAACTAACGACAATCGCTTG	6	FD90_3	Astronaut 3	FD90	FD	49.4649710317568
FD90_3_CAACTAGGTCCGGATGCTGC	1	FD90_3	Astronaut 3	FD90	FD	52.9469738607001
FD90_3_CAACTATTCACAGAAGATAT	1	FD90_3	Astronaut 3	FD90	FD	57.5722250601376
FD90_3_CAACTATTCACAGAAGCCTT	1	FD90_3	Astronaut 3	FD90	FD	58.0363711055274
FD90_3_CAACTGAACCGCGGTGCCTT	0	FD90_3	Astronaut 3	FD90	FD	57.292679232751
FD90_3_CAACTGTCCGGGTAAGGCGT	2	FD90_3	Astronaut 3	FD90	FD	59.4260915483608
FD90_3_CAACTGTTAGCGCAAGATAT	0	FD90_3	Astronaut 3	FD90	FD	56.5246248349616
FD90_3_CAACTTATCTGCAGGGCCTT	2	FD90_3	Astronaut 3	FD90	FD	43.5385865343002
FD90_3_CAACTTATCTGCAGGGGAGC	0	FD90_3	Astronaut 3	FD90	FD	54.3454824775118
FD90_3_CAACTTATTGCCTCAGGCGT	6	FD90_3	Astronaut 3	FD90	FD	54.633273600556
FD90_3_CAACTTATTGCCTCAGTCTA	4	FD90_3	Astronaut 3	FD90	FD	58.7410359220279
FD90_3_CAACTTTGAAATTGGGTAAT	1	FD90_3	Astronaut 3	FD90	FD	57.8987218362579
FD90_3_CAACTTTGAAGATATGCAAC	1	FD90_3	Astronaut 3	FD90	FD	61.4709228256487
FD90_3_CAATCACTAACGACCGGCGT	0	FD90_3	Astronaut 3	FD90	FD	61.470922885422
FD90_3_CAATCAGTTGGCTGCGATAT	0	FD90_3	Astronaut 3	FD90	FD	60.6396180987802
FD90_3_CAATCCTCCAGACTGGGCGT	2	FD90_3	Astronaut 3	FD90	FD	49.4725631850688
FD90_3_CAATCGTAGACTCCAGCAAC	1	FD90_3	Astronaut 3	FD90	FD	54.5222870470813
FD90_3_CAATCGTATCGGTAAGGTCC	5	FD90_3	Astronaut 3	FD90	FD	50.7363428203396
FD90_3_CAATCTAGAGGATGAGATAT	0	FD90_3	Astronaut 3	FD90	FD	52.9812006364235
FD90_3_CAATCTCTACCCATAGGCGT	0	FD90_3	Astronaut 3	FD90	FD	61.4709229451953
FD90_3_CAATCTGAGACGAAGGATAT	5	FD90_3	Astronaut 3	FD90	FD	53.1445489170525
FD90_3_CAGAAAACCGGCTTGGATGA	5	FD90_3	Astronaut 3	FD90	FD	61.1629940032614
FD90_3_CAGAAAACTCGAGCTGATGA	1	FD90_3	Astronaut 3	FD90	FD	61.4709230049687
FD90_3_CAGAAACCTAGAGTCGGAGC	6	FD90_3	Astronaut 3	FD90	FD	56.4688321289559
FD90_3_CAGAAAGGCTCGTCGGCTTG	1	FD90_3	Astronaut 3	FD90	FD	42.7006605847504
FD90_3_CAGAAATTCACGCAAGCCTT	6	FD90_3	Astronaut 3	FD90	FD	61.470923064742
FD90_3_CAGAAATTCACGCAAGCTGC	7	FD90_3	Astronaut 3	FD90	FD	61.4709231245153
FD90_3_CAGAAATTCACGCAAGTAAT	0	FD90_3	Astronaut 3	FD90	FD	31.5524546582828
FD90_3_CAGAACGACCCGCCTGGAGC	1	FD90_3	Astronaut 3	FD90	FD	31.5404417997622
FD90_3_CAGAACGATTGCAGGGCTGC	4	FD90_3	Astronaut 3	FD90	FD	53.1146893092781
FD90_3_CAGAACTTAACAGTTGATGA	2	FD90_3	Astronaut 3	FD90	FD	58.8090570126337
FD90_3_CAGAAGGAGCGGCGTGGCGT	4	FD90_3	Astronaut 3	FD90	FD	54.553876700426
FD90_3_CAGAAGGCGTGGTCCGCCTT	0	FD90_3	Astronaut 3	FD90	FD	54.7310197229429
FD90_3_CAGAAGTATCCAGTTGCTTG	1	FD90_3	Astronaut 3	FD90	FD	54.6332736603293
FD90_3_CAGAAGTCTAATTCAGCTGC	4	FD90_3	Astronaut 3	FD90	FD	49.4161308403165
FD90_3_CAGAAGTCTACGTCGGTAAT	3	FD90_3	Astronaut 3	FD90	FD	53.2161345644783
FD90_3_CAGAATATCTATTGGGCAAC	0	FD90_3	Astronaut 3	FD90	FD	49.5367438774441
FD90_3_CAGCGATTCAGCTGCGCGGT	3	FD90_3	Astronaut 3	FD90	FD	61.4709231842887
FD90_3_CAGCGGCAGGGCAGGGCAAC	1	FD90_3	Astronaut 3	FD90	FD	49.4725632448421
FD90_3_CAGCGTAGAGGTAGAGCCTT	3	FD90_3	Astronaut 3	FD90	FD	54.5222871068546
FD90_3_CAGCGTCGTACGCTCGTAAT	1	FD90_3	Astronaut 3	FD90	FD	54.2918258238753
FD90_3_CAGCGTTATGGCTTGGATGA	0	FD90_3	Astronaut 3	FD90	FD	43.5185471385232
FD90_3_CAGTTAAGACCCATAGGCGT	0	FD90_3	Astronaut 3	FD90	FD	42.0494002757545
FD90_3_CAGTTACCAGCTCCAGCAAC	1	FD90_3	Astronaut 3	FD90	FD	56.5812891378673
FD90_3_CAGTTACCAGCTCCAGCTGC	3	FD90_3	Astronaut 3	FD90	FD	59.4881133269387
FD90_3_CAGTTACCTACCGCTGCTGC	0	FD90_3	Astronaut 3	FD90	FD	60.1721045338021
FD90_3_CAGTTACGATGCAACGCGGT	0	FD90_3	Astronaut 3	FD90	FD	61.470923244062
FD90_3_CAGTTCAATCGCGGTGCGGT	0	FD90_3	Astronaut 3	FD90	FD	50.5754505870069
FD90_3_CAGTTCGATTGAGTCGCTGC	2	FD90_3	Astronaut 3	FD90	FD	61.4709233038353
FD90_3_CAGTTCGCAACTAGTGGAGC	3	FD90_3	Astronaut 3	FD90	FD	54.5440765573036
FD90_3_CAGTTGCAGGGCTTGGCTTG	1	FD90_3	Astronaut 3	FD90	FD	57.9024817363915
FD90_3_CAGTTGCCTTGCAGGGCTTG	1	FD90_3	Astronaut 3	FD90	FD	57.8396895703297
FD90_3_CAGTTGGTCCGCAACGATGA	0	FD90_3	Astronaut 3	FD90	FD	51.3200452050873
FD90_3_CAGTTGGTCCGGTCCGATGA	0	FD90_3	Astronaut 3	FD90	FD	60.3898918046376
FD90_3_CAGTTTAGAGCAGAAGCTGC	2	FD90_3	Astronaut 3	FD90	FD	58.7051058471347
FD90_3_CAGTTTATGCGGCAGGCTTG	1	FD90_3	Astronaut 3	FD90	FD	55.0581410699546
FD90_3_CAGTTTCGTACGCAAGCCTT	0	FD90_3	Astronaut 3	FD90	FD	54.522287166628
FD90_3_CAGTTTTCGACGGCAGCAAC	1	FD90_3	Astronaut 3	FD90	FD	49.728251306545
FD90_3_CAGTTTTGAAGCGAAGTAAT	0	FD90_3	Astronaut 3	FD90	FD	61.0190348176224
FD90_3_CCATAAAGACCGTCGGCTGC	0	FD90_3	Astronaut 3	FD90	FD	37.1546737973545
FD90_3_CCATAACCAGGGTAAGCAAC	5	FD90_3	Astronaut 3	FD90	FD	59.5486692600614
FD90_3_CCATAACTCGGGTCCGCCTT	0	FD90_3	Astronaut 3	FD90	FD	57.345781628236
FD90_3_CCATAAGGTCGAACCGGTCC	1	FD90_3	Astronaut 3	FD90	FD	57.3245922403169
FD90_3_CCATAATCCTCGATTGCTGC	3	FD90_3	Astronaut 3	FD90	FD	43.8224058485151
FD90_3_CCATAATTGGGGTCCGCTTG	3	FD90_3	Astronaut 3	FD90	FD	59.4112362006359
FD90_3_CCATACCTAGCAGTTGATGA	1	FD90_3	Astronaut 3	FD90	FD	49.1886963248024
FD90_3_CCATACCTAGGGCGTGATGA	3	FD90_3	Astronaut 3	FD90	FD	49.378360965694
FD90_3_CCATACGGCACGGCAGATGA	6	FD90_3	Astronaut 3	FD90	FD	53.5424515584175
FD90_3_CCATACGGCAGTAATGATAT	6	FD90_3	Astronaut 3	FD90	FD	61.4709233636087
FD90_3_CCATACTGGAGCGAAGGAGC	2	FD90_3	Astronaut 3	FD90	FD	61.470923423382
FD90_3_CCATAGAACCGCCTTGGTCC	5	FD90_3	Astronaut 3	FD90	FD	57.3199747072686
FD90_3_CCATAGATGAGATGAGCTTG	1	FD90_3	Astronaut 3	FD90	FD	56.2916226805837
FD90_3_CCATAGCAACCCGCTGGAGC	0	FD90_3	Astronaut 3	FD90	FD	43.5170932312877
FD90_3_CCATAGCTCTCTAACGCAAC	6	FD90_3	Astronaut 3	FD90	FD	61.4709234831553
FD90_3_CCATAGCTTGGTATCGCGGT	0	FD90_3	Astronaut 3	FD90	FD	56.299311857131
FD90_3_CCATAGGTAACGCCTGGAGC	1	FD90_3	Astronaut 3	FD90	FD	38.5046379461829
FD90_3_CCATAGTAGAGATATGGAGC	0	FD90_3	Astronaut 3	FD90	FD	50.4178031462589
FD90_3_CCATATCATCCTAACGTCTA	0	FD90_3	Astronaut 3	FD90	FD	38.5046380059562
FD90_3_CCATATCATCGGTAAGGAGC	0	FD90_3	Astronaut 3	FD90	FD	57.2926792925243
FD90_3_CCGCTAACTCCGACCGGTCC	2	FD90_3	Astronaut 3	FD90	FD	61.4709235429287
FD90_3_CCGCTACTAACAGTTGCTTG	2	FD90_3	Astronaut 3	FD90	FD	57.2926793522977
FD90_3_CCGCTACTAAGATATGCTTG	1	FD90_3	Astronaut 3	FD90	FD	43.6147963809306
FD90_3_CCGCTACTAAGGCGTGCTTG	1	FD90_3	Astronaut 3	FD90	FD	46.4825665907823
FD90_3_CCGCTACTCGATTCAGATGA	3	FD90_3	Astronaut 3	FD90	FD	61.5025932997389
FD90_3_CCGCTATTGGCGCTCGCTTG	0	FD90_3	Astronaut 3	FD90	FD	35.4436866666564
FD90_3_CCGCTCAGCGCTTAAGCGGT	0	FD90_3	Astronaut 3	FD90	FD	61.470923602702
FD90_3_CCGCTCGAAGGTAATGCTTG	1	FD90_3	Astronaut 3	FD90	FD	54.5808797973235
FD90_3_CCGCTCGACCCTACGGCTTG	0	FD90_3	Astronaut 3	FD90	FD	44.1448702285553
FD90_3_CCGCTCGACCCTACGGGTCC	0	FD90_3	Astronaut 3	FD90	FD	50.4227598954661
FD90_3_CCGCTCGGATCAATCGCTGC	0	FD90_3	Astronaut 3	FD90	FD	61.4709236624753
FD90_3_CCGCTCTAACGCTTGGCTTG	0	FD90_3	Astronaut 3	FD90	FD	56.5471180886406
FD90_3_CCGCTGACTGATTCAGGCGT	1	FD90_3	Astronaut 3	FD90	FD	61.4709237222487
FD90_3_CCGCTGTAGAGTATCGGCGT	0	FD90_3	Astronaut 3	FD90	FD	57.8821520570572
FD90_3_CCTAGAACCGCTCCAGCCTT	1	FD90_3	Astronaut 3	FD90	FD	61.470923782022
FD90_3_CCTAGAAGGTGAACCGGCGT	3	FD90_3	Astronaut 3	FD90	FD	53.233275615076
FD90_3_CCTAGACTAAGCTCTGGTCC	0	FD90_3	Astronaut 3	FD90	FD	54.569031350361
FD90_3_CCTAGACTCGCTAACGCTGC	0	FD90_3	Astronaut 3	FD90	FD	52.525898651491
FD90_3_CCTAGAGAACCCATAGATGA	1	FD90_3	Astronaut 3	FD90	FD	61.4709238417953
FD90_3_CCTAGAGAACCCTAGGTCTA	4	FD90_3	Astronaut 3	FD90	FD	44.2578418379626
FD90_3_CCTAGAGGCTGATATGCAAC	1	FD90_3	Astronaut 3	FD90	FD	54.5372218701422
FD90_3_CCTAGAGTTGGCGGTGCAAC	2	FD90_3	Astronaut 3	FD90	FD	60.3838940516447
FD90_3_CCTAGATGCGCGGATGGCGT	0	FD90_3	Astronaut 3	FD90	FD	42.4555851933513
FD90_3_CCTAGATTACGCGAAGTAAT	0	FD90_3	Astronaut 3	FD90	FD	53.1096458964753
FD90_3_CCTAGCGCTCGCCTTGGCGT	1	FD90_3	Astronaut 3	FD90	FD	61.4709239015687
FD90_3_CCTAGGATGACAGTTGCGGT	5	FD90_3	Astronaut 3	FD90	FD	55.0392318806333
FD90_3_CCTAGGGAGCGCCTTGGCGT	0	FD90_3	Astronaut 3	FD90	FD	52.5258987112644
FD90_3_CCTAGGTCCGGCGGTGCAAC	3	FD90_3	Astronaut 3	FD90	FD	53.2605040816291
FD90_3_CCTAGTAAGGCAGAAGCTTG	1	FD90_3	Astronaut 3	FD90	FD	61.470923961342
FD90_3_CCTAGTATGCGACTGGTAAT	1	FD90_3	Astronaut 3	FD90	FD	49.7282513663184
FD90_3_CCTCAACTAACGTCGGCTTG	1	FD90_3	Astronaut 3	FD90	FD	48.7276823275011
FD90_3_CCTCAACTAAGAGTCGCTGC	2	FD90_3	Astronaut 3	FD90	FD	61.4709240211154
FD90_3_CCTCAATTCACAATCGTCTA	0	FD90_3	Astronaut 3	FD90	FD	56.4688321887293
FD90_3_CCTCACCATAGCAGGGCTTG	1	FD90_3	Astronaut 3	FD90	FD	61.4709240808887
FD90_3_CCTCACGTCGGGAGCGTCTA	6	FD90_3	Astronaut 3	FD90	FD	56.668991282462
FD90_3_CCTCACTACGCAGAAGGTCC	0	FD90_3	Astronaut 3	FD90	FD	49.0934483365956
FD90_3_CCTCAGAACCCAGAAGGCGT	0	FD90_3	Astronaut 3	FD90	FD	51.054859081973
FD90_3_CCTCAGAACCCGAAGGCCTT	4	FD90_3	Astronaut 3	FD90	FD	61.470924140662
FD90_3_CCTCAGAGCTGATGAGCTTG	1	FD90_3	Astronaut 3	FD90	FD	57.3521458341986
FD90_3_CCTCAGAGTCCCATAGCTTG	1	FD90_3	Astronaut 3	FD90	FD	57.4685628924959
FD90_3_CCTCAGATATCAGTTGTAAT	0	FD90_3	Astronaut 3	FD90	FD	54.5066109380588
FD90_3_CCTCAGCGAAGCCTTGATAT	0	FD90_3	Astronaut 3	FD90	FD	61.5455357222058
FD90_3_CCTCAGCTCTGATGAGGCGT	6	FD90_3	Astronaut 3	FD90	FD	61.4709242004354
FD90_3_CCTCAGCTGCCGAAGGTAAT	1	FD90_3	Astronaut 3	FD90	FD	56.1370595831612
FD90_3_CCTCATACGTCAGAAGCCTT	0	FD90_3	Astronaut 3	FD90	FD	57.9636539261309
FD90_3_CCTCATCTACGGAGCGCTTG	0	FD90_3	Astronaut 3	FD90	FD	43.5385865940735
FD90_3_CGAAGAACCGGCTTGGCTTG	1	FD90_3	Astronaut 3	FD90	FD	61.4709242602087
FD90_3_CGAAGAAGGTCGCAAGGAGC	6	FD90_3	Astronaut 3	FD90	FD	61.4974915200544
FD90_3_CGAAGCCGCTGCAACGATGA	1	FD90_3	Astronaut 3	FD90	FD	61.470924319982
FD90_3_CGAAGCCGCTGCTTGGCGGT	0	FD90_3	Astronaut 3	FD90	FD	35.4436867264297
FD90_3_CGAAGGAGTCCAGAAGTAAT	1	FD90_3	Astronaut 3	FD90	FD	60.936992714128
FD90_3_CGAAGGGCGTGCTGCGCTTG	1	FD90_3	Astronaut 3	FD90	FD	59.5708943495436
FD90_3_CGAAGTACGTCCATAGCTGC	0	FD90_3	Astronaut 3	FD90	FD	56.8789378120887
FD90_3_CGAAGTCAGTCAGCGGCGGT	3	FD90_3	Astronaut 3	FD90	FD	54.5320135243799
FD90_3_CGACCAACGAGCTCTGATGA	1	FD90_3	Astronaut 3	FD90	FD	61.4709243797554
FD90_3_CGACCAGGCTCGCCTGCAAC	5	FD90_3	Astronaut 3	FD90	FD	61.4709244395287
FD90_3_CGACCATGGCGCTTGGTCTA	2	FD90_3	Astronaut 3	FD90	FD	61.0994026751284
FD90_3_CGACCATTACGAGCTGCAAC	0	FD90_3	Astronaut 3	FD90	FD	57.839689630103
FD90_3_CGACCCGACCGGTCCGCGGT	0	FD90_3	Astronaut 3	FD90	FD	56.4688322485026
FD90_3_CGACCCGTCGGCTCTGCGGT	0	FD90_3	Astronaut 3	FD90	FD	46.1991979401245
FD90_3_CGACCCGTCGGCTCTGCTGC	1	FD90_3	Astronaut 3	FD90	FD	61.470924499302
FD90_3_CGACCCTTAACTTAAGATAT	6	FD90_3	Astronaut 3	FD90	FD	58.9671892533926
FD90_3_CGACCGAGCTATTCAGGTCC	6	FD90_3	Astronaut 3	FD90	FD	58.7882056508106
FD90_3_CGACCGAGTCCAGCGGCTTG	1	FD90_3	Astronaut 3	FD90	FD	38.5046380657295
FD90_3_CGACCGCAGGGATATGGCGT	0	FD90_3	Astronaut 3	FD90	FD	44.1448702883286
FD90_3_CGACCGCTTGCAACTGCTGC	0	FD90_3	Astronaut 3	FD90	FD	53.0226657612541
FD90_3_CGACCTAGAGCGGATGCAAC	1	FD90_3	Astronaut 3	FD90	FD	61.4709245590754
FD90_3_CGACCTAGAGCTAGTGCCTT	1	FD90_3	Astronaut 3	FD90	FD	60.415856993705
FD90_3_CGACCTTGAACAGCGGGCGT	3	FD90_3	Astronaut 3	FD90	FD	21.697412115505
FD90_3_CGATTAAGCAGTAGAGCCTT	0	FD90_3	Astronaut 3	FD90	FD	38.5046381255029
FD90_3_CGATTAGCGGGAACCGCTTG	6	FD90_3	Astronaut 3	FD90	FD	44.0135312024262
FD90_3_CGATTCAATCCGCTCGCAAC	1	FD90_3	Astronaut 3	FD90	FD	51.0476026601686
FD90_3_CGATTCAATCGCAACGCGGT	2	FD90_3	Astronaut 3	FD90	FD	58.7613935565314
FD90_3_CGATTCAATCGTAGAGCTTG	1	FD90_3	Astronaut 3	FD90	FD	54.5222872264013
FD90_3_CGATTCAGCGGCCTTGGAGC	1	FD90_3	Astronaut 3	FD90	FD	45.3071109343976
FD90_3_CGATTCAGCGGGCAGGGTCC	0	FD90_3	Astronaut 3	FD90	FD	36.7214911940502
FD90_3_CGATTCTCCAGTATCGTCTA	4	FD90_3	Astronaut 3	FD90	FD	18.9950388585754
FD90_3_CGATTGATGACTAACGGCGT	3	FD90_3	Astronaut 3	FD90	FD	43.2862042832279
FD90_3_CGATTGGAGCCAGTTGCCTT	1	FD90_3	Astronaut 3	FD90	FD	54.8739019221923
FD90_3_CGATTGGTCCGTAGAGATAT	0	FD90_3	Astronaut 3	FD90	FD	44.144870348102
FD90_3_CGATTTCAGTCGAAGGCAAC	1	FD90_3	Astronaut 3	FD90	FD	59.4521077501976
FD90_3_CGATTTCCGGGCCTTGCCTT	5	FD90_3	Astronaut 3	FD90	FD	58.0847006044206
FD90_3_CGATTTCGCGCTAACGCTTG	0	FD90_3	Astronaut 3	FD90	FD	50.1459259081836
FD90_3_CGATTTCGCGCTAACGGAGC	0	FD90_3	Astronaut 3	FD90	FD	52.5365829903618
FD90_3_CGATTTTGAAGGTCCGGCGT	7	FD90_3	Astronaut 3	FD90	FD	57.4914867156286
FD90_3_CGCAAAACTCCTAACGCGGT	3	FD90_3	Astronaut 3	FD90	FD	54.4989275068206
FD90_3_CGCAAACGATCAGCGGCGGT	0	FD90_3	Astronaut 3	FD90	FD	50.2883436506594
FD90_3_CGCAAACTAAGAACCGATGA	0	FD90_3	Astronaut 3	FD90	FD	49.4725633046155
FD90_3_CGCAAACTTCCTAGTGCGGT	1	FD90_3	Astronaut 3	FD90	FD	58.9857360809681
FD90_3_CGCAAAGGCTGCTTGGGCGT	0	FD90_3	Astronaut 3	FD90	FD	49.7282514260917
FD90_3_CGCAAATCCTGGCGTGGTCC	0	FD90_3	Astronaut 3	FD90	FD	21.6974121752783
FD90_3_CGCAAATTCAATTGGGCTTG	0	FD90_3	Astronaut 3	FD90	FD	56.4688323082759
FD90_3_CGCAACGCTCCTTAAGGAGC	3	FD90_3	Astronaut 3	FD90	FD	49.3464826698927
FD90_3_CGCAACTCCAGCAACGGAGC	1	FD90_3	Astronaut 3	FD90	FD	46.9486902191802
FD90_3_CGCAACTTAACCATAGGAGC	1	FD90_3	Astronaut 3	FD90	FD	54.6124268061277
FD90_3_CGCAAGACTGCGTCGGTCTA	1	FD90_3	Astronaut 3	FD90	FD	50.7363428801129
FD90_3_CGCAAGAGCTCTAACGCAAC	1	FD90_3	Astronaut 3	FD90	FD	57.8663015155563
FD90_3_CGCAAGATATATTGGGTAAT	1	FD90_3	Astronaut 3	FD90	FD	49.5022539167477
FD90_3_CGCAAGATATGGCAGGTAAT	0	FD90_3	Astronaut 3	FD90	FD	43.5211984970194
FD90_3_CGCAAGCGAACTAACGGCGT	7	FD90_3	Astronaut 3	FD90	FD	61.4709246188487
FD90_3_CGCAAGCTCTCCTAGGATGA	1	FD90_3	Astronaut 3	FD90	FD	58.8576194657044
FD90_3_CGCAAGCTGCGATGAGTCTA	1	FD90_3	Astronaut 3	FD90	FD	61.470924678622
FD90_3_CGCAAGCTTGATTGGGCTGC	0	FD90_3	Astronaut 3	FD90	FD	44.1448704078753
FD90_3_CGCAAGGAGCCCTAGGGAGC	1	FD90_3	Astronaut 3	FD90	FD	53.7108771408565
FD90_3_CGCAAGGAGCCCTCAGCGGT	3	FD90_3	Astronaut 3	FD90	FD	49.3507213001241
FD90_3_CGCAAGGTCCGCTGCGATAT	0	FD90_3	Astronaut 3	FD90	FD	49.1959996387374
FD90_3_CGCAAGTATCGCGGTGCTTG	1	FD90_3	Astronaut 3	FD90	FD	61.4709247383954
FD90_3_CGCAATAGGACAGCGGCCTT	1	FD90_3	Astronaut 3	FD90	FD	60.4618187061836
FD90_3_CGCAATATTGCTCCAGATAT	6	FD90_3	Astronaut 3	FD90	FD	54.869673909025
FD90_3_CGCAATCCGGCGCCTGCTTG	2	FD90_3	Astronaut 3	FD90	FD	31.277780604513
FD90_3_CGCAATGCTACAATCGGTCC	0	FD90_3	Astronaut 3	FD90	FD	58.764028805215
FD90_3_CGCAATGGACGGCAGGGAGC	2	FD90_3	Astronaut 3	FD90	FD	33.1926169054052
FD90_3_CGCCTAAGCAATTCAGCAAC	1	FD90_3	Astronaut 3	FD90	FD	52.0063998229137
FD90_3_CGCCTAAGCACGGATGGCGT	0	FD90_3	Astronaut 3	FD90	FD	58.8567075018928
FD90_3_CGCCTAGCGGCGCAAGCCTT	0	FD90_3	Astronaut 3	FD90	FD	59.1732213706013
FD90_3_CGCCTATCCTGAGCTGTAAT	0	FD90_3	Astronaut 3	FD90	FD	48.6033907525927
FD90_3_CGCCTATGGCCGATTGTCTA	0	FD90_3	Astronaut 3	FD90	FD	36.210746406802
FD90_3_CGCCTGACTGGTAGAGCGGT	0	FD90_3	Astronaut 3	FD90	FD	59.7434557383774
FD90_3_CGCCTGCAACGCTCTGCTGC	0	FD90_3	Astronaut 3	FD90	FD	50.6217664186183
FD90_3_CGCCTGCTCTCCATAGCGGT	5	FD90_3	Astronaut 3	FD90	FD	60.4265172057503
FD90_3_CGCCTGGCAGCTAACGCTTG	5	FD90_3	Astronaut 3	FD90	FD	61.4709247981687
FD90_3_CGCCTGTATCCGATTGTCTA	3	FD90_3	Astronaut 3	FD90	FD	61.470924857942
FD90_3_CGCCTTATGCCAGTTGCCTT	1	FD90_3	Astronaut 3	FD90	FD	60.4505919466354
FD90_3_CGCTCAGAGTGAGTCGATGA	6	FD90_3	Astronaut 3	FD90	FD	61.1096148305453
FD90_3_CGCTCCGCCTGAGTCGCAAC	1	FD90_3	Astronaut 3	FD90	FD	43.517093291061
FD90_3_CGCTCCGGCACTCCAGTAAT	0	FD90_3	Astronaut 3	FD90	FD	30.4380494845589
FD90_3_CGCTCCGTCGGCAACGCTTG	3	FD90_3	Astronaut 3	FD90	FD	61.4709249177154
FD90_3_CGCTCCGTCGGGTCCGCTTG	0	FD90_3	Astronaut 3	FD90	FD	35.4436867862031
FD90_3_CGCTCCTGGAGCGAAGGAGC	0	FD90_3	Astronaut 3	FD90	FD	31.5404418595356
FD90_3_CGCTCGAGTCGGCAGGATGA	1	FD90_3	Astronaut 3	FD90	FD	59.0339457567571
FD90_3_CGCTCGCAACGTAATGCAAC	0	FD90_3	Astronaut 3	FD90	FD	58.7382314185366
FD90_3_CGCTCGCTTGCTCCAGCTTG	0	FD90_3	Astronaut 3	FD90	FD	61.4709249774887
FD90_3_CGCTCGGTAAGTAGAGCTTG	1	FD90_3	Astronaut 3	FD90	FD	54.5985380480842
FD90_3_CGCTCGTAGACGGATGGCGT	0	FD90_3	Astronaut 3	FD90	FD	61.470925037262
FD90_3_CGCTCGTAGACTTAAGATAT	2	FD90_3	Astronaut 3	FD90	FD	39.2968517165462
FD90_3_CGCTCTAAGGGGTCCGGCGT	1	FD90_3	Astronaut 3	FD90	FD	57.8871368500901
FD90_3_CGCTCTACGTGAGCTGATGA	7	FD90_3	Astronaut 3	FD90	FD	61.4709250970354
FD90_3_CGCTCTACGTGCAGGGCGGT	0	FD90_3	Astronaut 3	FD90	FD	52.5258987710377
FD90_3_CGCTCTATCTGTAATGCTTG	0	FD90_3	Astronaut 3	FD90	FD	53.2497038228708
FD90_3_CGCTCTGAGAGCAGGGCGGT	0	FD90_3	Astronaut 3	FD90	FD	58.6644443224086
FD90_3_CGGATAACGAGCTCTGATGA	0	FD90_3	Astronaut 3	FD90	FD	54.6332737201027
FD90_3_CGGATAGTTGCTACGGATGA	1	FD90_3	Astronaut 3	FD90	FD	56.2495271290528
FD90_3_CGGATAGTTGGCGAAGGCGT	2	FD90_3	Astronaut 3	FD90	FD	43.6302307326119
FD90_3_CGGATATCCTCGACCGATGA	0	FD90_3	Astronaut 3	FD90	FD	50.5459704827996
FD90_3_CGGATCAATCGTAGAGGCGT	1	FD90_3	Astronaut 3	FD90	FD	53.3971234081382
FD90_3_CGGATCCATACAACTGCTTG	6	FD90_3	Astronaut 3	FD90	FD	53.2907980636746
FD90_3_CGGATCGGATCAGCGGATGA	2	FD90_3	Astronaut 3	FD90	FD	52.9448094259869
FD90_3_CGGATCGTCGGCAGGGTCTA	6	FD90_3	Astronaut 3	FD90	FD	43.5170933508344
FD90_3_CGGATCTAGTGACTGGCAAC	0	FD90_3	Astronaut 3	FD90	FD	49.4725633643888
FD90_3_CGGATTATCTCGGATGGTCC	1	FD90_3	Astronaut 3	FD90	FD	56.9284549275039
FD90_3_CGGATTCAGTGGCGTGCAAC	0	FD90_3	Astronaut 3	FD90	FD	44.5286392999612
FD90_3_CGGATTCAGTGGCGTGGCGT	1	FD90_3	Astronaut 3	FD90	FD	56.7599380096711
FD90_3_CGGATTCATCATTGGGTAAT	0	FD90_3	Astronaut 3	FD90	FD	44.5286393597345
FD90_3_CGGCAAGGTCGGCGTGCAAC	2	FD90_3	Astronaut 3	FD90	FD	44.163848656158
FD90_3_CGGCACGCCTGCCTTGCTTG	1	FD90_3	Astronaut 3	FD90	FD	52.9391584976706
FD90_3_CGGCACTAACGCTGCGCTTG	6	FD90_3	Astronaut 3	FD90	FD	61.4709251568087
FD90_3_CGGCACTAACGTATCGATGA	1	FD90_3	Astronaut 3	FD90	FD	43.5385866538468
FD90_3_CGGCACTTAACCGCTGTCTA	0	FD90_3	Astronaut 3	FD90	FD	43.5170934106077
FD90_3_CGGCAGACTGCAGAAGCTTG	1	FD90_3	Astronaut 3	FD90	FD	44.5286394195079
FD90_3_CGGCAGCAGGATTGGGCAAC	1	FD90_3	Astronaut 3	FD90	FD	56.3296540622588
FD90_3_CGGCAGCTCTCGACCGGCGT	0	FD90_3	Astronaut 3	FD90	FD	49.093448396369
FD90_3_CGGCAGCTCTGGCGTGCGGT	3	FD90_3	Astronaut 3	FD90	FD	61.470925216582
FD90_3_CGGCAGGTCCGCTCTGGAGC	0	FD90_3	Astronaut 3	FD90	FD	61.4709252763554
FD90_3_CGGCAGTTAGCGCTCGCGGT	0	FD90_3	Astronaut 3	FD90	FD	44.1448704676486
FD90_3_CGGCATAGGAGGCAGGATGA	3	FD90_3	Astronaut 3	FD90	FD	54.9409142394309
FD90_3_CGGCATGCGCGGCGTGATGA	1	FD90_3	Astronaut 3	FD90	FD	55.6332028885423
FD90_3_CGTCGAAGGTCTCCAGATGA	1	FD90_3	Astronaut 3	FD90	FD	60.6678436677157
FD90_3_CGTCGCGCAACAGTTGTAAT	0	FD90_3	Astronaut 3	FD90	FD	61.073801485577
FD90_3_CGTCGGAGTCATTGGGTAAT	0	FD90_3	Astronaut 3	FD90	FD	58.8278919280647
FD90_3_CGTCGGCCTTGCTGCGGAGC	2	FD90_3	Astronaut 3	FD90	FD	54.5222872861746
FD90_3_CGTCGGCGAAGATATGATGA	1	FD90_3	Astronaut 3	FD90	FD	61.4709253361287
FD90_3_CGTCGGCTGCGTAGAGTAAT	2	FD90_3	Astronaut 3	FD90	FD	53.4195715404584
FD90_3_CGTCGGGCAGCTGGAGGCGT	3	FD90_3	Astronaut 3	FD90	FD	51.2910149125248
FD90_3_CGTCGGTAATGGCAGGGCGT	1	FD90_3	Astronaut 3	FD90	FD	48.4548203329184
FD90_3_CGTCGTATTGCAGTTGCTTG	1	FD90_3	Astronaut 3	FD90	FD	59.4096547604751
FD90_3_CGTCGTCGTACGCTCGCCTT	1	FD90_3	Astronaut 3	FD90	FD	57.3898662273811
FD90_3_CGTCGTCTACCTAGTGCTGC	0	FD90_3	Astronaut 3	FD90	FD	56.2993119169043
FD90_3_CTAACAACGAGTAGAGGCGT	1	FD90_3	Astronaut 3	FD90	FD	49.4725634241622
FD90_3_CTAACAAGACGGTAAGGTCC	0	FD90_3	Astronaut 3	FD90	FD	60.9199595406968
FD90_3_CTAACACCTACGCTCGCTTG	1	FD90_3	Astronaut 3	FD90	FD	50.216299873312
FD90_3_CTAACACGATGCTGCGGCGT	3	FD90_3	Astronaut 3	FD90	FD	61.1545600518067
FD90_3_CTAACCGATTGTATCGTCTA	0	FD90_3	Astronaut 3	FD90	FD	50.7363429398863
FD90_3_CTAACCGTCGCTCCAGCAAC	3	FD90_3	Astronaut 3	FD90	FD	49.3368721163149
FD90_3_CTAACGACTGCGATTGGTCC	1	FD90_3	Astronaut 3	FD90	FD	40.7419884137239
FD90_3_CTAACGAGTCGGAGCGTCTA	1	FD90_3	Astronaut 3	FD90	FD	56.4688323680493
FD90_3_CTAACGCGAACTTAAGATAT	1	FD90_3	Astronaut 3	FD90	FD	45.2290479993944
FD90_3_CTAACGCTGCCGCCTGATGA	3	FD90_3	Astronaut 3	FD90	FD	43.5223431550959
FD90_3_CTAACGGAGCCAGAAGATGA	2	FD90_3	Astronaut 3	FD90	FD	21.1815718159335
FD90_3_CTAACGGCAGCGGATGGCGT	1	FD90_3	Astronaut 3	FD90	FD	54.8201016554789
FD90_3_CTAACTATTGGGCAGGGTCC	1	FD90_3	Astronaut 3	FD90	FD	60.5090135633154
FD90_3_CTAACTCAGTGGTAAGCGGT	0	FD90_3	Astronaut 3	FD90	FD	58.8940383236351
FD90_3_CTACGACTCGCCATAGATAT	0	FD90_3	Astronaut 3	FD90	FD	33.1926169651786
FD90_3_CTACGCAGCGGCAGGGCAAC	3	FD90_3	Astronaut 3	FD90	FD	44.144870527422
FD90_3_CTACGCGGCAGCTGCGCAAC	2	FD90_3	Astronaut 3	FD90	FD	49.4725634839355
FD90_3_CTACGGCGAAATTGGGTCTA	1	FD90_3	Astronaut 3	FD90	FD	61.4709253959021
FD90_3_CTACGGGCGTGCGGTGCAAC	6	FD90_3	Astronaut 3	FD90	FD	49.4141572756221
FD90_3_CTACGGGTCCATTGGGTCTA	4	FD90_3	Astronaut 3	FD90	FD	50.2401612612624
FD90_3_CTACGGGTCCGCAGGGATGA	3	FD90_3	Astronaut 3	FD90	FD	60.1478682330515
FD90_3_CTACGGTAGACTTAAGCCTT	5	FD90_3	Astronaut 3	FD90	FD	58.6867942453003
FD90_3_CTACGGTAGAGAACCGTAAT	0	FD90_3	Astronaut 3	FD90	FD	50.2817628486444
FD90_3_CTACGGTTAGCGTCGGCAAC	6	FD90_3	Astronaut 3	FD90	FD	44.9391892353373
FD90_3_CTACGGTTAGGATGAGCAAC	1	FD90_3	Astronaut 3	FD90	FD	43.6147964407039
FD90_3_CTACGTATCTCTCCAGTAAT	0	FD90_3	Astronaut 3	FD90	FD	52.9612954959893
FD90_3_CTACGTCGCGCGGCAGCCTT	0	FD90_3	Astronaut 3	FD90	FD	55.5676386784191
FD90_3_CTACGTTAGCGTAGAGCCTT	0	FD90_3	Astronaut 3	FD90	FD	49.3084161671898
FD90_3_CTACGTTCGACTTAAGGTCC	1	FD90_3	Astronaut 3	FD90	FD	54.6096597213233
FD90_3_CTAGTAACTCGCGGTGCTTG	1	FD90_3	Astronaut 3	FD90	FD	40.7349174397403
FD90_3_CTAGTATGGCCAACTGATGA	7	FD90_3	Astronaut 3	FD90	FD	54.7255514576832
FD90_3_CTAGTCAGAAGCAACGCTTG	0	FD90_3	Astronaut 3	FD90	FD	49.4725635437088
FD90_3_CTAGTCCTCACTAGTGCGGT	1	FD90_3	Astronaut 3	FD90	FD	54.592525889908
FD90_3_CTAGTCGAAGCGGCAGCTTG	0	FD90_3	Astronaut 3	FD90	FD	61.4709254556754
FD90_3_CTAGTCGACCCGGCAGCTTG	1	FD90_3	Astronaut 3	FD90	FD	61.4709255154487
FD90_3_CTAGTCGGATCAGCGGATAT	0	FD90_3	Astronaut 3	FD90	FD	52.525898830811
FD90_3_CTAGTCTACGGAGCTGTCTA	3	FD90_3	Astronaut 3	FD90	FD	54.633273779876
FD90_3_CTAGTCTTAAGTAATGTCTA	6	FD90_3	Astronaut 3	FD90	FD	61.4953783016892
FD90_3_CTAGTGTAGAGGTAAGATGA	0	FD90_3	Astronaut 3	FD90	FD	49.4725636034822
FD90_3_CTAGTGTCCGGCGAAGATGA	1	FD90_3	Astronaut 3	FD90	FD	59.4096548202484
FD90_3_CTAGTTCAGTCAGTTGCTGC	0	FD90_3	Astronaut 3	FD90	FD	49.1683397493918
FD90_3_CTAGTTCCGGGATGAGATGA	0	FD90_3	Astronaut 3	FD90	FD	36.7214912538236
FD90_3_CTCCAACTCGCGGATGCTGC	1	FD90_3	Astronaut 3	FD90	FD	43.5196730525228
FD90_3_CTCCAAGAACCGACCGTAAT	5	FD90_3	Astronaut 3	FD90	FD	37.3307141413345
FD90_3_CTCCACAACTGGCGTGCCTT	3	FD90_3	Astronaut 3	FD90	FD	44.1448705871953
FD90_3_CTCCACAGAACCTAGGCGGT	1	FD90_3	Astronaut 3	FD90	FD	50.7363429996596
FD90_3_CTCCACCTAGGCGGTGCAAC	1	FD90_3	Astronaut 3	FD90	FD	58.7184311623165
FD90_3_CTCCACGCCTCTAGTGTAAT	0	FD90_3	Astronaut 3	FD90	FD	44.1448706469686
FD90_3_CTCCAGAGCTGGCAGGTAAT	0	FD90_3	Astronaut 3	FD90	FD	46.1991979998978
FD90_3_CTCCAGAGTCGAGCTGCGGT	1	FD90_3	Astronaut 3	FD90	FD	61.4709255752221
FD90_3_CTCCAGCAGGCGATTGATGA	1	FD90_3	Astronaut 3	FD90	FD	59.4802629789061
FD90_3_CTCCAGCAGGGCTCTGGAGC	1	FD90_3	Astronaut 3	FD90	FD	60.3838941114181
FD90_3_CTCCAGCGAACGCAAGCTTG	6	FD90_3	Astronaut 3	FD90	FD	54.6332738396493
FD90_3_CTCCATCATCGTATCGATGA	1	FD90_3	Astronaut 3	FD90	FD	38.5046381852762
FD90_3_CTCCATGCTAGAACCGTAAT	1	FD90_3	Astronaut 3	FD90	FD	54.4917868490632
FD90_3_CTCCATGCTAGACTGGTAAT	2	FD90_3	Astronaut 3	FD90	FD	61.4709256349954
FD90_3_CTGGAACTTCGCAGGGCAAC	0	FD90_3	Astronaut 3	FD90	FD	61.4709256947687
FD90_3_CTGGAAGAGTCTAACGTAAT	0	FD90_3	Astronaut 3	FD90	FD	36.9360621595391
FD90_3_CTGGAAGGCTCTAGTGCTTG	0	FD90_3	Astronaut 3	FD90	FD	35.6957306361983
FD90_3_CTGGAATTACGAGCTGATAT	0	FD90_3	Astronaut 3	FD90	FD	54.522287345948
FD90_3_CTGGACAGAAGGTCCGCTTG	1	FD90_3	Astronaut 3	FD90	FD	56.6782138823048
FD90_3_CTGGACAGCGCTGGAGATGA	1	FD90_3	Astronaut 3	FD90	FD	46.9486902789535
FD90_3_CTGGAGAGCTGAGTCGGCGT	1	FD90_3	Astronaut 3	FD90	FD	58.6863524573144
FD90_3_CTGGAGAGTCATTGGGGCGT	1	FD90_3	Astronaut 3	FD90	FD	49.3413284148213
FD90_3_CTGGAGATATGCGAAGATAT	0	FD90_3	Astronaut 3	FD90	FD	48.2350216203497
FD90_3_CTGGAGGTCCGCGGTGATGA	1	FD90_3	Astronaut 3	FD90	FD	52.5258988905844
FD90_3_CTGGAGTCTACGACCGTAAT	3	FD90_3	Astronaut 3	FD90	FD	54.5482631545117
FD90_3_CTTAAAAGACCTTAAGTAAT	1	FD90_3	Astronaut 3	FD90	FD	50.3074812259795
FD90_3_CTTAAAGGCTGAGCTGCAAC	2	FD90_3	Astronaut 3	FD90	FD	46.1991980596712
FD90_3_CTTAAAGGTCCAGTTGTAAT	0	FD90_3	Astronaut 3	FD90	FD	60.4007134280773
FD90_3_CTTAACAGCGCAGCGGGTCC	0	FD90_3	Astronaut 3	FD90	FD	50.1595551449112
FD90_3_CTTAACGGATCGATTGGTCC	0	FD90_3	Astronaut 3	FD90	FD	56.4688324278226
FD90_3_CTTAACTGGACCATAGGAGC	1	FD90_3	Astronaut 3	FD90	FD	50.1781808477535
FD90_3_CTTAAGAGTCCAATCGCAAC	1	FD90_3	Astronaut 3	FD90	FD	54.6332738994227
FD90_3_CTTAAGAGTCGCAACGGAGC	1	FD90_3	Astronaut 3	FD90	FD	57.4159219981107
FD90_3_CTTAAGCGAACAACTGCTGC	1	FD90_3	Astronaut 3	FD90	FD	58.6708472305129
FD90_3_CTTAAGCTTGCTAACGCTTG	3	FD90_3	Astronaut 3	FD90	FD	54.8743555658933
FD90_3_CTTAAGGTAACGCCTGATAT	0	FD90_3	Astronaut 3	FD90	FD	61.4709257545421
FD90_3_CTTAAGTATCCGGATGTAAT	6	FD90_3	Astronaut 3	FD90	FD	49.4725636632555
FD90_3_CTTAATCTACGGTAAGGTCC	0	FD90_3	Astronaut 3	FD90	FD	43.6696626046582
FD90_3_CTTAATTCGACGACCGGTCC	6	FD90_3	Astronaut 3	FD90	FD	51.4306912382734
FD90_3_GAACCAACGAGACTGGTCTA	0	FD90_3	Astronaut 3	FD90	FD	44.144870706742
FD90_3_GAACCACTCGGCTCTGATGA	0	FD90_3	Astronaut 3	FD90	FD	50.3269711826474
FD90_3_GAACCACTCGGGCAGGGAGC	0	FD90_3	Astronaut 3	FD90	FD	39.1526341506836
FD90_3_GAACCAGAACCTACGGCAAC	3	FD90_3	Astronaut 3	FD90	FD	61.4709258143154
FD90_3_GAACCATCCTCGACCGTAAT	4	FD90_3	Astronaut 3	FD90	FD	35.4455514028517
FD90_3_GAACCCAATCCCTCAGCTGC	0	FD90_3	Astronaut 3	FD90	FD	52.9916622413987
FD90_3_GAACCCAGAACAGCGGATAT	0	FD90_3	Astronaut 3	FD90	FD	49.728251485865
FD90_3_GAACCCAGCGGCAACGCTTG	0	FD90_3	Astronaut 3	FD90	FD	49.4725637230288
FD90_3_GAACCCTAGTCGCTCGCAAC	1	FD90_3	Astronaut 3	FD90	FD	52.5258989503577
FD90_3_GAACCCTCCAGATGAGATGA	1	FD90_3	Astronaut 3	FD90	FD	42.7199959161514
FD90_3_GAACCGAACCGGTAAGCAAC	2	FD90_3	Astronaut 3	FD90	FD	61.4709258740887
FD90_3_GAACCGTATCGATGAGCCTT	4	FD90_3	Astronaut 3	FD90	FD	56.2506752992194
FD90_3_GAACCTATTGGGCAGGGAGC	1	FD90_3	Astronaut 3	FD90	FD	51.48527680272
FD90_3_GAACCTCATCCAATCGCGGT	0	FD90_3	Astronaut 3	FD90	FD	55.6252175599893
FD90_3_GACTGAAGGTGCGAAGGAGC	0	FD90_3	Astronaut 3	FD90	FD	44.1448707665153
FD90_3_GACTGAGCGGCGCAAGCTTG	0	FD90_3	Astronaut 3	FD90	FD	49.1683398091652
FD90_3_GACTGAGGTCCTAACGCTTG	5	FD90_3	Astronaut 3	FD90	FD	61.4709259338621
FD90_3_GACTGATCTGCGAAGGTCTA	3	FD90_3	Astronaut 3	FD90	FD	44.1448708262886
FD90_3_GACTGATTGGGAACCGCCTT	0	FD90_3	Astronaut 3	FD90	FD	50.3914879548485
FD90_3_GACTGATTGGGGTCCGGAGC	0	FD90_3	Astronaut 3	FD90	FD	56.9362907722616
FD90_3_GACTGCGCTCATTGGGCGGT	2	FD90_3	Astronaut 3	FD90	FD	50.1858460440728
FD90_3_GACTGCTCCAGAACCGTAAT	0	FD90_3	Astronaut 3	FD90	FD	61.4709259936354
FD90_3_GACTGGAACCGTATCGGAGC	2	FD90_3	Astronaut 3	FD90	FD	59.6254880490463
FD90_3_GACTGGACTGCGAAGGCGGT	0	FD90_3	Astronaut 3	FD90	FD	53.2973629816646
FD90_3_GACTGGAGCTCCTCAGGCGT	1	FD90_3	Astronaut 3	FD90	FD	49.4725637828022
FD90_3_GACTGGCAACGACTGGCGGT	0	FD90_3	Astronaut 3	FD90	FD	54.6758238050705
FD90_3_GACTGGTCCGCGCCTGTAAT	0	FD90_3	Astronaut 3	FD90	FD	39.2974529635222
FD90_3_GACTGTACGTCGCTCGATAT	2	FD90_3	Astronaut 3	FD90	FD	43.3557996877628
FD90_3_GACTGTAGGACGACCGGAGC	0	FD90_3	Astronaut 3	FD90	FD	56.4934060572571
FD90_3_GACTGTATTGGGTAAGCGGT	5	FD90_3	Astronaut 3	FD90	FD	35.4436868459764
FD90_3_GACTGTCGCGGAGCTGCAAC	2	FD90_3	Astronaut 3	FD90	FD	44.144870886062
FD90_3_GACTGTGAGACAGTTGTCTA	0	FD90_3	Astronaut 3	FD90	FD	43.3568377339689
FD90_3_GACTGTTAGCCGCCTGCCTT	0	FD90_3	Astronaut 3	FD90	FD	43.517093470381
FD90_3_GACTGTTCGACTCCAGATGA	0	FD90_3	Astronaut 3	FD90	FD	45.1414277428626
FD90_3_GAGCTAAGGTGAGTCGTAAT	2	FD90_3	Astronaut 3	FD90	FD	54.6697811876046
FD90_3_GAGCTACTCGCTAGTGGCGT	4	FD90_3	Astronaut 3	FD90	FD	43.5226639164666
FD90_3_GAGCTATCTGCTAGTGGTCC	6	FD90_3	Astronaut 3	FD90	FD	54.633273959196
FD90_3_GAGCTATTCAGCGGTGCCTT	2	FD90_3	Astronaut 3	FD90	FD	53.0552021213411
FD90_3_GAGCTCCGCTGTATCGATAT	0	FD90_3	Astronaut 3	FD90	FD	61.5648404902483
FD90_3_GAGCTCGACCGCTTGGCTTG	0	FD90_3	Astronaut 3	FD90	FD	44.3284501028976
FD90_3_GAGCTCTAACGAGCTGCTTG	1	FD90_3	Astronaut 3	FD90	FD	44.8984768663282
FD90_3_GAGCTGATATGCAGGGCTGC	5	FD90_3	Astronaut 3	FD90	FD	61.4709260534087
FD90_3_GAGCTTACGTGGTCCGGCGT	0	FD90_3	Astronaut 3	FD90	FD	38.7443487062975
FD90_3_GAGCTTATCTCGGATGCAAC	1	FD90_3	Astronaut 3	FD90	FD	60.4002761368838
FD90_3_GAGCTTATCTCGGATGCTTG	1	FD90_3	Astronaut 3	FD90	FD	47.222534380007
FD90_3_GAGCTTTAGCATTGGGGCGT	1	FD90_3	Astronaut 3	FD90	FD	61.0115021629356
FD90_3_GAGCTTTGAACGCTCGGAGC	0	FD90_3	Astronaut 3	FD90	FD	58.8794885211965
FD90_3_GAGTCACTAAGCTTGGGCGT	0	FD90_3	Astronaut 3	FD90	FD	49.1071271948752
FD90_3_GAGTCACTTCGGTCCGTCTA	1	FD90_3	Astronaut 3	FD90	FD	61.4709261131821
FD90_3_GAGTCAGGTCCCTAGGCTGC	0	FD90_3	Astronaut 3	FD90	FD	49.2464775163412
FD90_3_GAGTCATCCTGATATGCTGC	0	FD90_3	Astronaut 3	FD90	FD	43.3958796596017
FD90_3_GAGTCATCTGGTATCGGTCC	2	FD90_3	Astronaut 3	FD90	FD	53.2515902805421
FD90_3_GAGTCATGGCGTATCGCAAC	0	FD90_3	Astronaut 3	FD90	FD	49.4725638425755
FD90_3_GAGTCCGGCACAGTTGTCTA	0	FD90_3	Astronaut 3	FD90	FD	34.8894654341261
FD90_3_GAGTCGATATATTCAGTAAT	0	FD90_3	Astronaut 3	FD90	FD	61.4709261729554
FD90_3_GAGTCGATATCAATCGCGGT	0	FD90_3	Astronaut 3	FD90	FD	61.5347682087871
FD90_3_GAGTCGGCGTGTATCGGCGT	1	FD90_3	Astronaut 3	FD90	FD	56.6956551844279
FD90_3_GAGTCGGTCCCAGCGGCTTG	3	FD90_3	Astronaut 3	FD90	FD	52.525899010131
FD90_3_GAGTCGGTCCGAGTCGCTTG	3	FD90_3	Astronaut 3	FD90	FD	49.3476849121011
FD90_3_GAGTCGGTCCGGCAGGCTTG	1	FD90_3	Astronaut 3	FD90	FD	58.861014271652
FD90_3_GAGTCGTATCGGTAAGCTGC	0	FD90_3	Astronaut 3	FD90	FD	28.5717051673328
FD90_3_GAGTCGTCCGCTCCAGATAT	1	FD90_3	Astronaut 3	FD90	FD	51.5353240830934
FD90_3_GAGTCGTCCGCTCCAGTAAT	6	FD90_3	Astronaut 3	FD90	FD	57.994157872934
FD90_3_GAGTCTCATCCAGAAGCGGT	0	FD90_3	Astronaut 3	FD90	FD	57.8521854191444
FD90_3_GAGTCTCGCGCGCCTGTCTA	0	FD90_3	Astronaut 3	FD90	FD	52.5365830501351
FD90_3_GAGTCTTCGAGGCAGGCAAC	1	FD90_3	Astronaut 3	FD90	FD	24.7895593195308
FD90_3_GATATAAGACGGTAAGGAGC	1	FD90_3	Astronaut 3	FD90	FD	61.4709262327287
FD90_3_GATATACCTAGCTTGGCTTG	1	FD90_3	Astronaut 3	FD90	FD	61.4709262925021
FD90_3_GATATACTAACCTCAGCAAC	1	FD90_3	Astronaut 3	FD90	FD	53.5118842463653
FD90_3_GATATACTAAGTAGAGCAAC	1	FD90_3	Astronaut 3	FD90	FD	61.4709263522754
FD90_3_GATATACTTCCAACTGCGGT	3	FD90_3	Astronaut 3	FD90	FD	38.4195250146779
FD90_3_GATATACTTCGCGAAGCGGT	0	FD90_3	Astronaut 3	FD90	FD	44.1448709458353
FD90_3_GATATAGGCTCGCTCGGTCC	0	FD90_3	Astronaut 3	FD90	FD	54.3697566745988
FD90_3_GATATATCCTCGCTCGATGA	1	FD90_3	Astronaut 3	FD90	FD	43.518595679313
FD90_3_GATATATTCAGCGAAGGTCC	1	FD90_3	Astronaut 3	FD90	FD	43.7310338640679
FD90_3_GATATATTGGGATGAGCCTT	0	FD90_3	Astronaut 3	FD90	FD	50.7363430594329
FD90_3_GATATCGACCCTGGAGGAGC	4	FD90_3	Astronaut 3	FD90	FD	35.0836126368317
FD90_3_GATATGCCTTCGATTGGTCC	5	FD90_3	Astronaut 3	FD90	FD	50.287931189416
FD90_3_GATATGCTTGGGTAAGGCGT	2	FD90_3	Astronaut 3	FD90	FD	56.2993119766777
FD90_3_GATATGTTAGGACTGGCAAC	2	FD90_3	Astronaut 3	FD90	FD	53.4517602492655
FD90_3_GATATTAGGAGGAGCGCCTT	5	FD90_3	Astronaut 3	FD90	FD	54.8785170038903
FD90_3_GATATTATGCCGTCGGATGA	1	FD90_3	Astronaut 3	FD90	FD	49.4725639023488
FD90_3_GATGAAAGACCAGTTGGTCC	1	FD90_3	Astronaut 3	FD90	FD	60.4492822061712
FD90_3_GATGAACCAGCTACGGGCGT	1	FD90_3	Astronaut 3	FD90	FD	31.2343668709963
FD90_3_GATGAACTTCGATATGCCTT	0	FD90_3	Astronaut 3	FD90	FD	36.778620997403
FD90_3_GATGACAGAACGCAAGTCTA	5	FD90_3	Astronaut 3	FD90	FD	44.1448710056086
FD90_3_GATGACGCTCCAATCGTCTA	0	FD90_3	Astronaut 3	FD90	FD	49.4725639621222
FD90_3_GATGACGTCGCCATAGCTGC	3	FD90_3	Astronaut 3	FD90	FD	60.1329248942235
FD90_3_GATGACGTCGGAGTCGCAAC	1	FD90_3	Astronaut 3	FD90	FD	49.4725640218955
FD90_3_GATGAGATATCAGTTGCGGT	0	FD90_3	Astronaut 3	FD90	FD	38.4736855291769
FD90_3_GATGAGCGGTGGTCCGCTTG	2	FD90_3	Astronaut 3	FD90	FD	44.144871065382
FD90_3_GATGATACGTGAGTCGGAGC	2	FD90_3	Astronaut 3	FD90	FD	59.4096548800217
FD90_3_GATGATATGCGGAGCGATGA	5	FD90_3	Astronaut 3	FD90	FD	58.7616404625264
FD90_3_GATGATATTGCCATAGCAAC	0	FD90_3	Astronaut 3	FD90	FD	50.2391031772653
FD90_3_GATGATCATCCGTCGGGAGC	1	FD90_3	Astronaut 3	FD90	FD	59.5310046757262
FD90_3_GATGATTAGCGAGTCGTCTA	0	FD90_3	Astronaut 3	FD90	FD	50.7363431192063
FD90_3_GATGATTCGAGATGAGGCGT	1	FD90_3	Astronaut 3	FD90	FD	60.4346802999206
FD90_3_GCAACAGAACCGCCTGCAAC	1	FD90_3	Astronaut 3	FD90	FD	54.6651801846293
FD90_3_GCAACAGTTGGCCTTGTAAT	1	FD90_3	Astronaut 3	FD90	FD	49.4321258326802
FD90_3_GCAACATCTGCTAACGCTGC	3	FD90_3	Astronaut 3	FD90	FD	61.4709264120487
FD90_3_GCAACCCGCTCCTCAGCGGT	0	FD90_3	Astronaut 3	FD90	FD	33.1926170249519
FD90_3_GCAACCGCAACTAGTGATGA	6	FD90_3	Astronaut 3	FD90	FD	46.491861405118
FD90_3_GCAACCTGGAGTATCGATAT	0	FD90_3	Astronaut 3	FD90	FD	49.3814460216668
FD90_3_GCAACGATGAGATGAGGCGT	0	FD90_3	Astronaut 3	FD90	FD	59.8567136338824
FD90_3_GCAACGTAATGGTAAGATAT	1	FD90_3	Astronaut 3	FD90	FD	52.5365831099084
FD90_3_GCAACGTTAGCAGAAGGCGT	1	FD90_3	Astronaut 3	FD90	FD	50.5683518510647
FD90_3_GCAACTATGCGACTGGATGA	3	FD90_3	Astronaut 3	FD90	FD	54.8201017152523
FD90_3_GCAACTCAGTGGAGCGATAT	0	FD90_3	Astronaut 3	FD90	FD	57.3391559027662
FD90_3_GCAACTCAGTGGAGCGATGA	5	FD90_3	Astronaut 3	FD90	FD	51.4006464166449
FD90_3_GCAACTGGACGTAATGATAT	1	FD90_3	Astronaut 3	FD90	FD	57.5354087901123
FD90_3_GCAGGAGAACGCGAAGCCTT	1	FD90_3	Astronaut 3	FD90	FD	51.2545051849771
FD90_3_GCAGGATGGCGAGCTGCTTG	1	FD90_3	Astronaut 3	FD90	FD	59.49733774112
FD90_3_GCAGGCAGCGGGAGCGGTCC	0	FD90_3	Astronaut 3	FD90	FD	54.5222874057213
FD90_3_GCAGGCGCTCGAGCTGGTCC	1	FD90_3	Astronaut 3	FD90	FD	61.4709264718221
FD90_3_GCAGGCGGCAGTAGAGCCTT	0	FD90_3	Astronaut 3	FD90	FD	60.3838941711914
FD90_3_GCAGGGAGCTGCAACGCTTG	1	FD90_3	Astronaut 3	FD90	FD	61.4709265315954
FD90_3_GCAGGGCAACCTCCAGCCTT	3	FD90_3	Astronaut 3	FD90	FD	43.5385867136202
FD90_3_GCAGGGGTCCGATATGCTGC	2	FD90_3	Astronaut 3	FD90	FD	59.6949776244029
FD90_3_GCAGGTTCATCTAGTGCTGC	2	FD90_3	Astronaut 3	FD90	FD	21.1170125691442
FD90_3_GCCTTAACTCGGTCCGGCGT	6	FD90_3	Astronaut 3	FD90	FD	43.5385867733935
FD90_3_GCCTTAAGGTGAGCTGTAAT	0	FD90_3	Astronaut 3	FD90	FD	58.6173996185373
FD90_3_GCCTTACTAACGGATGCGGT	0	FD90_3	Astronaut 3	FD90	FD	56.6398197485255
FD90_3_GCCTTAGGTCGGCAGGCCTT	0	FD90_3	Astronaut 3	FD90	FD	36.3178564424731
FD90_3_GCCTTCAATCCAGTTGCAAC	1	FD90_3	Astronaut 3	FD90	FD	58.8961780878623
FD90_3_GCCTTCAGCGGGTCCGATAT	0	FD90_3	Astronaut 3	FD90	FD	44.1448711251553
FD90_3_GCCTTGATATGCTCTGCGGT	1	FD90_3	Astronaut 3	FD90	FD	42.2839156972334
FD90_3_GCCTTGATGACTTAAGCTTG	2	FD90_3	Astronaut 3	FD90	FD	61.4709265913687
FD90_3_GCCTTGATGACTTAAGTCTA	1	FD90_3	Astronaut 3	FD90	FD	53.1771556661844
FD90_3_GCCTTGCGGTGCCTTGATAT	0	FD90_3	Astronaut 3	FD90	FD	55.6525142663761
FD90_3_GCCTTGCTTGGGTAAGGAGC	0	FD90_3	Astronaut 3	FD90	FD	60.4135630180113
FD90_3_GCCTTGTATCGTAGAGCCTT	1	FD90_3	Astronaut 3	FD90	FD	60.6076274717291
FD90_3_GCCTTGTTAGCGTCGGATAT	0	FD90_3	Astronaut 3	FD90	FD	54.5222874654946
FD90_3_GCCTTTCCGGGGCAGGTCTA	0	FD90_3	Astronaut 3	FD90	FD	18.9950389183487
FD90_3_GCCTTTCGCGGCTGCGCGGT	6	FD90_3	Astronaut 3	FD90	FD	39.985299395494
FD90_3_GCGAAATGGCCTAACGTAAT	0	FD90_3	Astronaut 3	FD90	FD	58.8686074779191
FD90_3_GCGAAATTACGACTGGCCTT	1	FD90_3	Astronaut 3	FD90	FD	54.6332740189694
FD90_3_GCGAACCGCTGACTGGCCTT	0	FD90_3	Astronaut 3	FD90	FD	41.6546385817497
FD90_3_GCGAACGATTCTTAAGCTGC	0	FD90_3	Astronaut 3	FD90	FD	61.4709266511421
FD90_3_GCGAACGCCTGGCAGGCGGT	4	FD90_3	Astronaut 3	FD90	FD	43.5385868331668
FD90_3_GCGAAGCTTGGCAGGGCAAC	1	FD90_3	Astronaut 3	FD90	FD	54.6684524444686
FD90_3_GCGAATATTGCTGGAGGCGT	1	FD90_3	Astronaut 3	FD90	FD	60.9835521057936
FD90_3_GCGAATCATCGTAATGGAGC	0	FD90_3	Astronaut 3	FD90	FD	39.9852994552674
FD90_3_GCGAATGCTAGAGCTGGAGC	1	FD90_3	Astronaut 3	FD90	FD	40.7419884734972
FD90_3_GCGGTAACTCCCTCAGCAAC	1	FD90_3	Astronaut 3	FD90	FD	54.9036367251586
FD90_3_GCGGTAAGCAGTATCGCTGC	3	FD90_3	Astronaut 3	FD90	FD	57.3305667389328
FD90_3_GCGGTACCTACGCAAGCGGT	1	FD90_3	Astronaut 3	FD90	FD	49.1708741233522
FD90_3_GCGGTAGAGTCTTAAGCGGT	0	FD90_3	Astronaut 3	FD90	FD	61.1823044467657
FD90_3_GCGGTATTCAGCAGGGTCTA	3	FD90_3	Astronaut 3	FD90	FD	53.4684678446113
FD90_3_GCGGTCAATCATTGGGGCGT	6	FD90_3	Astronaut 3	FD90	FD	54.6771956518764
FD90_3_GCGGTCGGATCCTAGGCAAC	1	FD90_3	Astronaut 3	FD90	FD	56.5775540281154
FD90_3_GCGGTCGGATGTAATGCAAC	1	FD90_3	Astronaut 3	FD90	FD	56.5883783820827
FD90_3_GCGGTGCTGCGCAGGGTCTA	0	FD90_3	Astronaut 3	FD90	FD	50.5822494453735
FD90_3_GCGGTGGAGCCCTCAGCAAC	2	FD90_3	Astronaut 3	FD90	FD	61.4709267109154
FD90_3_GCGGTGGCGTGCAACGCTTG	1	FD90_3	Astronaut 3	FD90	FD	56.8351320754537
FD90_3_GCGGTGTCCGCAGTTGCTTG	1	FD90_3	Astronaut 3	FD90	FD	44.9391892951106
FD90_3_GCGGTGTTAGGTAGAGGTCC	1	FD90_3	Astronaut 3	FD90	FD	57.8696055175573
FD90_3_GCGGTTAGAGCGATTGCAAC	1	FD90_3	Astronaut 3	FD90	FD	45.3071109941709
FD90_3_GCGGTTAGGAGGAGCGCAAC	1	FD90_3	Astronaut 3	FD90	FD	52.061585924208
FD90_3_GCGGTTATGCGTAGAGTAAT	0	FD90_3	Astronaut 3	FD90	FD	37.6757821566928
FD90_3_GCGGTTCATCCTAGTGGAGC	0	FD90_3	Astronaut 3	FD90	FD	53.2838584903658
FD90_3_GCGGTTGAGAGAGCTGCTTG	0	FD90_3	Astronaut 3	FD90	FD	43.5244236655901
FD90_3_GCTCTAACCGCTTAAGGCGT	2	FD90_3	Astronaut 3	FD90	FD	61.4709267706887
FD90_3_GCTCTAAGACGCGGTGGTCC	0	FD90_3	Astronaut 3	FD90	FD	58.8396386309694
FD90_3_GCTCTAAGGTCAGAAGCTTG	1	FD90_3	Astronaut 3	FD90	FD	54.8201017750256
FD90_3_GCTCTACTAAGCAACGGCGT	7	FD90_3	Astronaut 3	FD90	FD	59.5477763899421
FD90_3_GCTCTCCTAGGACTGGCAAC	3	FD90_3	Astronaut 3	FD90	FD	56.2871602689526
FD90_3_GCTCTCGACCGGCAGGCGGT	5	FD90_3	Astronaut 3	FD90	FD	49.3382380369473
FD90_3_GCTCTGCGAACTGGAGTAAT	0	FD90_3	Astronaut 3	FD90	FD	58.9532393674816
FD90_3_GCTCTGTTAGGCTTGGCTTG	2	FD90_3	Astronaut 3	FD90	FD	60.1378117021599
FD90_3_GCTCTTATTGCCGCTGTAAT	5	FD90_3	Astronaut 3	FD90	FD	55.7370489618792
FD90_3_GCTCTTCCGGGGAGCGATGA	0	FD90_3	Astronaut 3	FD90	FD	61.4709268304621
FD90_3_GCTCTTCGTAGGCGTGCGGT	0	FD90_3	Astronaut 3	FD90	FD	61.4709268902354
FD90_3_GCTGCAACCGCTGGAGATGA	1	FD90_3	Astronaut 3	FD90	FD	43.5385868929402
FD90_3_GCTGCAGTTGGAACCGCGGT	6	FD90_3	Astronaut 3	FD90	FD	49.4725640816688
FD90_3_GCTGCATTGGGCTGCGATGA	1	FD90_3	Astronaut 3	FD90	FD	61.4709269500088
FD90_3_GCTGCATTGGGGCAGGTCTA	4	FD90_3	Astronaut 3	FD90	FD	56.8792308043349
FD90_3_GCTGCCAGTTCTTAAGATGA	1	FD90_3	Astronaut 3	FD90	FD	57.9914435684674
FD90_3_GCTGCCCATACTTAAGTAAT	6	FD90_3	Astronaut 3	FD90	FD	61.5233648234745
FD90_3_GCTGCCGCAAGAACCGTCTA	4	FD90_3	Astronaut 3	FD90	FD	38.5046382450495
FD90_3_GCTGCCTAACCGAAGGCAAC	2	FD90_3	Astronaut 3	FD90	FD	58.70706266942
FD90_3_GCTGCGAACCGCAGGGCTTG	1	FD90_3	Astronaut 3	FD90	FD	53.5733039165375
FD90_3_GCTGCGCAACGCTGCGCCTT	1	FD90_3	Astronaut 3	FD90	FD	60.1513570161773
FD90_3_GCTGCGCAACGCTGCGCGGT	0	FD90_3	Astronaut 3	FD90	FD	49.4725641414422
FD90_3_GCTGCGCAGGCGGATGCGGT	0	FD90_3	Astronaut 3	FD90	FD	50.4605268743473
FD90_3_GCTGCGTCTAATTGGGCAAC	7	FD90_3	Astronaut 3	FD90	FD	44.1448711849286
FD90_3_GCTGCTAGGAGTAATGTCTA	0	FD90_3	Astronaut 3	FD90	FD	60.4544730590897
FD90_3_GCTGCTCATCCTCCAGGAGC	0	FD90_3	Astronaut 3	FD90	FD	59.0175069622337
FD90_3_GCTGCTCATCCTGGAGCGGT	0	FD90_3	Astronaut 3	FD90	FD	57.292679412071
FD90_3_GCTTGAAGCAGCTGCGGAGC	1	FD90_3	Astronaut 3	FD90	FD	61.4709270097821
FD90_3_GCTTGAGCGGGAACCGATGA	0	FD90_3	Astronaut 3	FD90	FD	61.4709270695554
FD90_3_GCTTGAGGCTCGGATGGTCC	1	FD90_3	Astronaut 3	FD90	FD	60.1225380922139
FD90_3_GCTTGCAGTTCGGCAGGCGT	0	FD90_3	Astronaut 3	FD90	FD	21.6974122350517
FD90_3_GCTTGCCTAGGCTGCGGAGC	5	FD90_3	Astronaut 3	FD90	FD	36.7214913135969
FD90_3_GCTTGCTACGCCGCTGTAAT	0	FD90_3	Astronaut 3	FD90	FD	49.137166517249
FD90_3_GCTTGGATATGCAGGGCTGC	1	FD90_3	Astronaut 3	FD90	FD	57.8396896898764
FD90_3_GCTTGGCAGGGAGCTGGCGT	3	FD90_3	Astronaut 3	FD90	FD	52.9153663968306
FD90_3_GCTTGTCCGGGAACCGTAAT	2	FD90_3	Astronaut 3	FD90	FD	43.5233365026341
FD90_3_GCTTGTTCATGAGCTGATAT	2	FD90_3	Astronaut 3	FD90	FD	49.3310023985132
FD90_3_GGAGCAAGCACGCTCGTCTA	0	FD90_3	Astronaut 3	FD90	FD	61.0610418161721
FD90_3_GGAGCACTCGGAACCGCCTT	1	FD90_3	Astronaut 3	FD90	FD	57.4219181867203
FD90_3_GGAGCCAGAAGTAGAGATGA	0	FD90_3	Astronaut 3	FD90	FD	49.4725642012155
FD90_3_GGAGCCGGATCAGCGGCTGC	3	FD90_3	Astronaut 3	FD90	FD	61.4709271293288
FD90_3_GGAGCGATGACGATTGCTGC	0	FD90_3	Astronaut 3	FD90	FD	43.7485813085856
FD90_3_GGAGCGCGAACTAGTGTAAT	1	FD90_3	Astronaut 3	FD90	FD	50.7363431789796
FD90_3_GGAGCTACGTGATATGCCTT	6	FD90_3	Astronaut 3	FD90	FD	58.9835941522943
FD90_3_GGAGCTAGAGCCATAGCTTG	1	FD90_3	Astronaut 3	FD90	FD	44.5286394792812
FD90_3_GGAGCTAGAGGATGAGCTTG	0	FD90_3	Astronaut 3	FD90	FD	44.144871244702
FD90_3_GGAGCTAGAGGGTAAGCTTG	5	FD90_3	Astronaut 3	FD90	FD	57.8396897496497
FD90_3_GGAGCTATCTGCAACGCAAC	0	FD90_3	Astronaut 3	FD90	FD	44.5000082436273
FD90_3_GGAGCTTCATCAGTTGGCGT	0	FD90_3	Astronaut 3	FD90	FD	44.4352615963331
FD90_3_GGAGCTTCGAGTAGAGGAGC	0	FD90_3	Astronaut 3	FD90	FD	61.5147862348903
FD90_3_GGCAGAACGACTCCAGATAT	1	FD90_3	Astronaut 3	FD90	FD	44.0135312621995
FD90_3_GGCAGACCTAGCTCTGCTGC	2	FD90_3	Astronaut 3	FD90	FD	43.5385869527135
FD90_3_GGCAGACTCGGGCAGGATGA	0	FD90_3	Astronaut 3	FD90	FD	53.7257322768095
FD90_3_GGCAGAGAACGAGCTGTAAT	0	FD90_3	Astronaut 3	FD90	FD	50.4323014301529
FD90_3_GGCAGCGAAGCTCCAGGTCC	3	FD90_3	Astronaut 3	FD90	FD	59.0092482631468
FD90_3_GGCAGCGACCCAGAAGCGGT	6	FD90_3	Astronaut 3	FD90	FD	56.5113518668594
FD90_3_GGCAGGCCTTCCTCAGCTTG	7	FD90_3	Astronaut 3	FD90	FD	61.4709271891021
FD90_3_GGCAGGTTAGCGACCGCGGT	6	FD90_3	Astronaut 3	FD90	FD	49.4725642609888
FD90_3_GGCAGTAGGACAGCGGCTGC	1	FD90_3	Astronaut 3	FD90	FD	61.4709272488754
FD90_3_GGCAGTGCTAGCGAAGCTTG	2	FD90_3	Astronaut 3	FD90	FD	43.5385870124868
FD90_3_GGCAGTGGACCCTAGGCAAC	5	FD90_3	Astronaut 3	FD90	FD	53.5152016178371
FD90_3_GGCAGTTAGCGCTTGGCAAC	1	FD90_3	Astronaut 3	FD90	FD	58.6173996783106
FD90_3_GGCGTAAGCACAGCGGGCGT	0	FD90_3	Astronaut 3	FD90	FD	49.4725643207622
FD90_3_GGCGTAAGCACCTAGGCTGC	0	FD90_3	Astronaut 3	FD90	FD	58.0681013167638
FD90_3_GGCGTCAACTGCCTTGTCTA	1	FD90_3	Astronaut 3	FD90	FD	61.4709273086488
FD90_3_GGCGTCGACCGAGTCGGTCC	0	FD90_3	Astronaut 3	FD90	FD	54.9447424728556
FD90_3_GGCGTGAGTCCTCCAGCGGT	0	FD90_3	Astronaut 3	FD90	FD	57.2926794718443
FD90_3_GGCGTGCTGCGGTCCGCAAC	1	FD90_3	Astronaut 3	FD90	FD	51.5426889590683
FD90_3_GGCGTTACGTGCTCTGGCGT	0	FD90_3	Astronaut 3	FD90	FD	56.0251260887478
FD90_3_GGCGTTAGGAGCTGCGCAAC	0	FD90_3	Astronaut 3	FD90	FD	44.1448713044753
FD90_3_GGCGTTATGCGCAACGCAAC	1	FD90_3	Astronaut 3	FD90	FD	38.5046383048229
FD90_3_GGCGTTATTGGGTCCGATGA	1	FD90_3	Astronaut 3	FD90	FD	49.4725643805355
FD90_3_GGTAAAAGCACCGCTGATAT	1	FD90_3	Astronaut 3	FD90	FD	49.6920395688009
FD90_3_GGTAAACTCGATTCAGGTCC	0	FD90_3	Astronaut 3	FD90	FD	61.4709273684221
FD90_3_GGTAAAGGCTCCTAGGCTGC	5	FD90_3	Astronaut 3	FD90	FD	36.7258376146172
FD90_3_GGTAACGACCCGCTCGCAAC	4	FD90_3	Astronaut 3	FD90	FD	49.0934484561423
FD90_3_GGTAACGCTCCTAACGCTTG	1	FD90_3	Astronaut 3	FD90	FD	61.4709274281954
FD90_3_GGTAACGTCGCTTAAGCTGC	2	FD90_3	Astronaut 3	FD90	FD	61.4709274879688
FD90_3_GGTAACTACGCTGGAGCGGT	1	FD90_3	Astronaut 3	FD90	FD	49.4725644403088
FD90_3_GGTAAGAGTCGCAGGGTCTA	0	FD90_3	Astronaut 3	FD90	FD	48.1636479916448
FD90_3_GGTAAGTAATCAGCGGCCTT	1	FD90_3	Astronaut 3	FD90	FD	54.8201018347989
FD90_3_GGTAATATTGGCTTGGTAAT	7	FD90_3	Astronaut 3	FD90	FD	49.4725645000822
FD90_3_GGTAATGAGAGTAATGGTCC	0	FD90_3	Astronaut 3	FD90	FD	38.4525347140484
FD90_3_GGTAATTATGCGACCGGTCC	0	FD90_3	Astronaut 3	FD90	FD	56.2134850281809
FD90_3_GGTCCAACTCCGATTGCTGC	3	FD90_3	Astronaut 3	FD90	FD	42.0042490838776
FD90_3_GGTCCAAGACGGTAAGCCTT	6	FD90_3	Astronaut 3	FD90	FD	44.1448713642487
FD90_3_GGTCCAAGGTCGACCGATGA	3	FD90_3	Astronaut 3	FD90	FD	43.5207364443824
FD90_3_GGTCCAAGGTCGACCGGAGC	6	FD90_3	Astronaut 3	FD90	FD	61.4709275477421
FD90_3_GGTCCAAGGTCGCTCGATAT	2	FD90_3	Astronaut 3	FD90	FD	30.3970527671159
FD90_3_GGTCCACTTCCGATTGGCGT	0	FD90_3	Astronaut 3	FD90	FD	56.4859239848655
FD90_3_GGTCCAGCGGATTGGGTCTA	0	FD90_3	Astronaut 3	FD90	FD	61.4709276075154
FD90_3_GGTCCATCCTGGTCCGCAAC	0	FD90_3	Astronaut 3	FD90	FD	52.5258990699044
FD90_3_GGTCCATTGGCGAAGGATGA	0	FD90_3	Astronaut 3	FD90	FD	59.6805214756359
FD90_3_GGTCCCTACGATTCAGCTTG	1	FD90_3	Astronaut 3	FD90	FD	53.2010432416636
FD90_3_GGTCCCTGGACAATCGTCTA	6	FD90_3	Astronaut 3	FD90	FD	56.2708276535129
FD90_3_GGTCCGAGTCCGACCGCTTG	1	FD90_3	Astronaut 3	FD90	FD	54.522287525268
FD90_3_GGTCCGCTTGGGTCCGTAAT	1	FD90_3	Astronaut 3	FD90	FD	49.1683398689385
FD90_3_GGTCCTACGTGCGGTGCAAC	1	FD90_3	Astronaut 3	FD90	FD	56.4765521060556
FD90_3_GGTCCTATCTCAGCGGCAAC	2	FD90_3	Astronaut 3	FD90	FD	52.8836585048042
FD90_3_GGTCCTATCTGGCAGGCAAC	1	FD90_3	Astronaut 3	FD90	FD	49.5994887564538
FD90_3_GGTCCTCCGGCGCTCGCAAC	1	FD90_3	Astronaut 3	FD90	FD	53.6036816402428
FD90_3_GGTCCTGCGCATTGGGGCGT	1	FD90_3	Astronaut 3	FD90	FD	61.5618134293755
FD90_3_GTAATATGCGCGATTGTCTA	1	FD90_3	Astronaut 3	FD90	FD	61.4709276672888
FD90_3_GTAATCCGCTCAGTTGTCTA	3	FD90_3	Astronaut 3	FD90	FD	56.3072112894392
FD90_3_GTAATGAGCTGGCGTGCTTG	3	FD90_3	Astronaut 3	FD90	FD	44.0135313219729
FD90_3_GTAATGTCCGGTAGAGGAGC	6	FD90_3	Astronaut 3	FD90	FD	61.4709277270621
FD90_3_GTAATTAAGGCAGTTGATAT	0	FD90_3	Astronaut 3	FD90	FD	51.1972942812666
FD90_3_GTAATTATTGCCTCAGCTGC	0	FD90_3	Astronaut 3	FD90	FD	61.4709277868354
FD90_3_GTAATTCCGGGCTTGGCAAC	1	FD90_3	Astronaut 3	FD90	FD	54.6318438187345
FD90_3_GTAATTGAGACTGGAGCGGT	0	FD90_3	Astronaut 3	FD90	FD	43.2617163015878
FD90_3_GTAATTGCGCGTATCGCTTG	3	FD90_3	Astronaut 3	FD90	FD	59.6388037208907
FD90_3_GTAGAATCCTCGACCGATAT	0	FD90_3	Astronaut 3	FD90	FD	61.4709278466088
FD90_3_GTAGACGATTCCATAGTCTA	0	FD90_3	Astronaut 3	FD90	FD	50.5354679844699
FD90_3_GTAGACGCTCCTAACGCTTG	2	FD90_3	Astronaut 3	FD90	FD	58.8655452716915
FD90_3_GTAGACGGCAGCAACGATGA	3	FD90_3	Astronaut 3	FD90	FD	54.5222875850413
FD90_3_GTAGAGAGCTCCATAGCAAC	1	FD90_3	Astronaut 3	FD90	FD	59.1732214303747
FD90_3_GTAGAGAGCTGAACCGCTTG	5	FD90_3	Astronaut 3	FD90	FD	52.5258991296777
FD90_3_GTAGAGCGGTGCAGGGCTTG	1	FD90_3	Astronaut 3	FD90	FD	52.9253358238188
FD90_3_GTAGATTCGAATTCAGGCGT	1	FD90_3	Astronaut 3	FD90	FD	58.748722020059
FD90_3_GTATCAAGGTCAGCGGCTTG	1	FD90_3	Astronaut 3	FD90	FD	56.5919193054677
FD90_3_GTATCAAGGTCTCCAGCAAC	1	FD90_3	Astronaut 3	FD90	FD	59.1410156474683
FD90_3_GTATCAAGGTGGCAGGCTTG	1	FD90_3	Astronaut 3	FD90	FD	61.4709279063821
FD90_3_GTATCACTCGGTAATGCAAC	1	FD90_3	Astronaut 3	FD90	FD	59.5305087145871
FD90_3_GTATCATTCACGTCGGGCGT	1	FD90_3	Astronaut 3	FD90	FD	51.3291878341284
FD90_3_GTATCATTCACGTCGGGTCC	0	FD90_3	Astronaut 3	FD90	FD	54.6311612253692
FD90_3_GTATCCCGCTGATATGGAGC	2	FD90_3	Astronaut 3	FD90	FD	30.4841615650274
FD90_3_GTATCCGGCACTTAAGCGGT	0	FD90_3	Astronaut 3	FD90	FD	43.2617163613611
FD90_3_GTATCCGTCGCTACGGGTCC	0	FD90_3	Astronaut 3	FD90	FD	50.7363432387529
FD90_3_GTATCGACTGCCTAGGATGA	1	FD90_3	Astronaut 3	FD90	FD	52.3106698274249
FD90_3_GTATCGACTGGTAATGATGA	0	FD90_3	Astronaut 3	FD90	FD	54.6949271125574
FD90_3_GTATCGAGCTGAGCTGCCTT	6	FD90_3	Astronaut 3	FD90	FD	37.6168730057312
FD90_3_GTATCGCAACGCAACGCAAC	0	FD90_3	Astronaut 3	FD90	FD	44.144871424022
FD90_3_GTATCGCTGCGTATCGATGA	2	FD90_3	Astronaut 3	FD90	FD	50.7363432985263
FD90_3_GTATCGCTTGCAGTTGGAGC	1	FD90_3	Astronaut 3	FD90	FD	54.6332740787427
FD90_3_GTATCGGAGCGCAGGGCGGT	4	FD90_3	Astronaut 3	FD90	FD	50.5360215005903
FD90_3_GTATCGTAGACCATAGGAGC	1	FD90_3	Astronaut 3	FD90	FD	54.5591053212756
FD90_3_GTATCGTCTAGGAGCGTAAT	0	FD90_3	Astronaut 3	FD90	FD	53.1790417965549
FD90_3_GTATCTAAGGGCTTGGATGA	1	FD90_3	Astronaut 3	FD90	FD	61.5741828059687
FD90_3_GTATCTACGTGCTGCGGAGC	0	FD90_3	Astronaut 3	FD90	FD	52.9347704650765
FD90_3_GTATCTGCGCCAGCGGTCTA	7	FD90_3	Astronaut 3	FD90	FD	50.7363433582996
FD90_3_GTATCTGGACGCGAAGCTGC	5	FD90_3	Astronaut 3	FD90	FD	50.2449063336057
FD90_3_GTATCTGGACGCGAAGCTTG	0	FD90_3	Astronaut 3	FD90	FD	55.5648314961716
FD90_3_GTATCTTAGCCGGATGATAT	0	FD90_3	Astronaut 3	FD90	FD	44.5286395390545
FD90_3_GTATCTTGAACGTCGGGCGT	1	FD90_3	Astronaut 3	FD90	FD	59.5079236148467
FD90_3_GTCCGAAGACGAGCTGGTCC	3	FD90_3	Astronaut 3	FD90	FD	49.4725645598555
FD90_3_GTCCGACTCGGCGGTGCTGC	0	FD90_3	Astronaut 3	FD90	FD	43.6147965004773
FD90_3_GTCCGATCCTGCGGTGATGA	5	FD90_3	Astronaut 3	FD90	FD	51.2611799349286
FD90_3_GTCCGATTCAGCGAAGGCGT	2	FD90_3	Astronaut 3	FD90	FD	51.5009525112947
FD90_3_GTCCGATTCAGGCAGGCTGC	0	FD90_3	Astronaut 3	FD90	FD	54.9506649726954
FD90_3_GTCCGCAGTTCGCTCGTAAT	5	FD90_3	Astronaut 3	FD90	FD	40.2800139827134
FD90_3_GTCCGCGACCCTTAAGATAT	1	FD90_3	Astronaut 3	FD90	FD	48.1722773473976
FD90_3_GTCCGCGACCGGCAGGGAGC	1	FD90_3	Astronaut 3	FD90	FD	55.5315511100268
FD90_3_GTCCGCGCTCCGCTCGGAGC	1	FD90_3	Astronaut 3	FD90	FD	44.5286395988279
FD90_3_GTCCGGAGTCGAGTCGCCTT	0	FD90_3	Astronaut 3	FD90	FD	61.4709279661554
FD90_3_GTCCGGGTAACGTCGGCTGC	1	FD90_3	Astronaut 3	FD90	FD	57.8545232454794
FD90_3_GTCCGGGTAACGTCGGGAGC	2	FD90_3	Astronaut 3	FD90	FD	57.9808809204591
FD90_3_GTCCGTCTACCGTCGGTAAT	1	FD90_3	Astronaut 3	FD90	FD	61.4709280259288
FD90_3_GTCCGTTAGCATTGGGCAAC	2	FD90_3	Astronaut 3	FD90	FD	59.6217834203649
FD90_3_GTCTAAAGGTCAGCGGCTTG	1	FD90_3	Astronaut 3	FD90	FD	55.6504961576147
FD90_3_GTCTAAAGGTGCCTTGCTTG	1	FD90_3	Astronaut 3	FD90	FD	61.4709280857021
FD90_3_GTCTAACTTCGCCTTGTCTA	0	FD90_3	Astronaut 3	FD90	FD	51.3778703115901
FD90_3_GTCTAATCCTATTCAGTCTA	0	FD90_3	Astronaut 3	FD90	FD	58.9766267071963
FD90_3_GTCTACGATTCAATCGATAT	3	FD90_3	Astronaut 3	FD90	FD	61.4709281454754
FD90_3_GTCTACTACGGCTGCGTCTA	0	FD90_3	Astronaut 3	FD90	FD	49.5408205062347
FD90_3_GTCTAGAGTCCGCTCGCTGC	1	FD90_3	Astronaut 3	FD90	FD	50.7363434180729
FD90_3_GTCTAGCAGGCGCTCGGTCC	0	FD90_3	Astronaut 3	FD90	FD	59.0339458165304
FD90_3_GTCTATACGTGTATCGATGA	1	FD90_3	Astronaut 3	FD90	FD	56.6523167852054
FD90_3_GTCTATCGTAGTATCGTAAT	2	FD90_3	Astronaut 3	FD90	FD	54.5222876448146
FD90_3_GTCTATGCGCGTATCGGAGC	1	FD90_3	Astronaut 3	FD90	FD	58.6415644566911
FD90_3_GTCTATTCATCGAAGGCAAC	0	FD90_3	Astronaut 3	FD90	FD	30.5289744844894
FD90_3_GTTAGAACGACTGGAGATGA	1	FD90_3	Astronaut 3	FD90	FD	61.4709282052488
FD90_3_GTTAGAGAACCGACCGGTCC	0	FD90_3	Astronaut 3	FD90	FD	43.5214095983377
FD90_3_GTTAGAGTTGATTCAGTAAT	0	FD90_3	Astronaut 3	FD90	FD	54.633274138516
FD90_3_GTTAGCAGCGCCTAGGCTGC	3	FD90_3	Astronaut 3	FD90	FD	60.1225381519873
FD90_3_GTTAGCGATTGCTTGGGAGC	1	FD90_3	Astronaut 3	FD90	FD	49.0934485159157
FD90_3_GTTAGCGGATGGCAGGATGA	0	FD90_3	Astronaut 3	FD90	FD	18.995038978122
FD90_3_GTTAGGAGTCGATGAGCAAC	0	FD90_3	Astronaut 3	FD90	FD	49.4725646196288
FD90_3_GTTAGGCCTTGCTGCGTCTA	0	FD90_3	Astronaut 3	FD90	FD	44.1448714837953
FD90_3_GTTAGGTATCGTATCGATGA	1	FD90_3	Astronaut 3	FD90	FD	56.8155373659016
FD90_3_GTTAGTATCTCAGAAGCGGT	0	FD90_3	Astronaut 3	FD90	FD	43.5385870722602
FD90_3_GTTAGTCCGGCAGTTGCTGC	5	FD90_3	Astronaut 3	FD90	FD	58.0205286596352
FD90_3_GTTAGTCCGGCAGTTGTAAT	0	FD90_3	Astronaut 3	FD90	FD	38.5046383645962
FD90_3_GTTAGTGAGAATTGGGCCTT	0	FD90_3	Astronaut 3	FD90	FD	44.1448715435687
FD90_3_TAAGGAACCGGAACCGCTTG	1	FD90_3	Astronaut 3	FD90	FD	61.4709282650221
FD90_3_TAAGGACTCGCGACCGCAAC	1	FD90_3	Astronaut 3	FD90	FD	49.4725646794022
FD90_3_TAAGGAGAACCGTCGGCGGT	4	FD90_3	Astronaut 3	FD90	FD	50.3589900178001
FD90_3_TAAGGAGTTGCAGAAGATGA	1	FD90_3	Astronaut 3	FD90	FD	51.9104898587271
FD90_3_TAAGGAGTTGGCGAAGGAGC	1	FD90_3	Astronaut 3	FD90	FD	49.3314287071306
FD90_3_TAAGGCAGAACGCTCGATGA	2	FD90_3	Astronaut 3	FD90	FD	36.3610993179412
FD90_3_TAAGGCGCAAGGCAGGCCTT	0	FD90_3	Astronaut 3	FD90	FD	49.4614756128885
FD90_3_TAAGGCGGCAGGCGTGATAT	0	FD90_3	Astronaut 3	FD90	FD	61.4709283247955
FD90_3_TAAGGGACTGGCTCTGCTTG	1	FD90_3	Astronaut 3	FD90	FD	55.6348058648083
FD90_3_TAAGGGAGTCATTGGGCAAC	0	FD90_3	Astronaut 3	FD90	FD	50.6052508734342
FD90_3_TAAGGGGTCCCAGTTGCTTG	2	FD90_3	Astronaut 3	FD90	FD	58.907775283615
FD90_3_TAAGGGTCCGCGATTGGCGT	0	FD90_3	Astronaut 3	FD90	FD	61.4709283845688
FD90_3_TAAGGGTCCGGTAATGATGA	3	FD90_3	Astronaut 3	FD90	FD	61.5805921252287
FD90_3_TAAGGTAGAGGGTAAGCTGC	0	FD90_3	Astronaut 3	FD90	FD	49.4725647391755
FD90_3_TAAGGTCGCGCAGCGGCTGC	1	FD90_3	Astronaut 3	FD90	FD	46.5303843889021
FD90_3_TAAGGTTCATGCTGCGTAAT	0	FD90_3	Astronaut 3	FD90	FD	60.3838942309647
FD90_3_TACGTAACGAGGTAAGATGA	1	FD90_3	Astronaut 3	FD90	FD	60.4104698080484
FD90_3_TACGTATTACGCGAAGTAAT	1	FD90_3	Astronaut 3	FD90	FD	59.8463741218503
FD90_3_TACGTATTCACGATTGTAAT	0	FD90_3	Astronaut 3	FD90	FD	59.7721649090171
FD90_3_TACGTCCTAGCGGATGCTTG	2	FD90_3	Astronaut 3	FD90	FD	58.8090388712236
FD90_3_TACGTCCTAGCGGATGGTCC	6	FD90_3	Astronaut 3	FD90	FD	42.2140312619334
FD90_3_TACGTCTAGTGACTGGATGA	0	FD90_3	Astronaut 3	FD90	FD	41.1000133369905
FD90_3_TACGTCTCCACGCTCGTCTA	0	FD90_3	Astronaut 3	FD90	FD	56.468832487596
FD90_3_TACGTCTGGACCTAGGGCGT	0	FD90_3	Astronaut 3	FD90	FD	55.6848958029908
FD90_3_TACGTGTAATCTCCAGGCGT	0	FD90_3	Astronaut 3	FD90	FD	50.7363434778463
FD90_3_TACGTGTTAGCGCAAGTAAT	1	FD90_3	Astronaut 3	FD90	FD	43.5170935301544
FD90_3_TACGTTCAGTGCAACGGAGC	0	FD90_3	Astronaut 3	FD90	FD	57.2926795316177
FD90_3_TACGTTCCGGCAGCGGCAAC	2	FD90_3	Astronaut 3	FD90	FD	58.9246859911566
FD90_3_TACGTTGCGCCTGGAGGCGT	0	FD90_3	Astronaut 3	FD90	FD	54.572130067189
FD90_3_TACGTTTGAAGTAGAGGAGC	2	FD90_3	Astronaut 3	FD90	FD	38.5046384243696
FD90_3_TACGTTTGAAGTATCGATAT	4	FD90_3	Astronaut 3	FD90	FD	55.527794656207
FD90_3_TAGAGAACGAGCCTTGCTTG	0	FD90_3	Astronaut 3	FD90	FD	61.4709284443421
FD90_3_TAGAGAGGCTCGAAGGCTTG	0	FD90_3	Astronaut 3	FD90	FD	60.6103914335536
FD90_3_TAGAGATGGCCTAACGATAT	0	FD90_3	Astronaut 3	FD90	FD	43.291916794934
FD90_3_TAGAGCAGAAGGCAGGATAT	1	FD90_3	Astronaut 3	FD90	FD	49.6899027159583
FD90_3_TAGAGCCTCAGGCGTGCGGT	0	FD90_3	Astronaut 3	FD90	FD	49.4725647989489
FD90_3_TAGAGCCTCAGGCGTGCTTG	1	FD90_3	Astronaut 3	FD90	FD	50.1038853446578
FD90_3_TAGAGCGCAAGTATCGATGA	1	FD90_3	Astronaut 3	FD90	FD	59.4096549397951
FD90_3_TAGAGGATATGCTGCGATGA	1	FD90_3	Astronaut 3	FD90	FD	56.4688325473693
FD90_3_TAGAGGATGACTTAAGATAT	0	FD90_3	Astronaut 3	FD90	FD	57.4820783513417
FD90_3_TAGAGGCTCTCGTCGGATGA	1	FD90_3	Astronaut 3	FD90	FD	60.3849625687434
FD90_3_TAGAGGCTGCCCTCAGGTCC	1	FD90_3	Astronaut 3	FD90	FD	61.1999502019271
FD90_3_TAGAGGCTGCCTAGTGGCGT	1	FD90_3	Astronaut 3	FD90	FD	51.0545410196423
FD90_3_TAGAGGGCGTCCATAGATAT	0	FD90_3	Astronaut 3	FD90	FD	54.522287704588
FD90_3_TAGAGGGTCCGGCAGGTCTA	0	FD90_3	Astronaut 3	FD90	FD	49.4725648587222
FD90_3_TAGAGTATTGGATGAGCTGC	1	FD90_3	Astronaut 3	FD90	FD	61.4709285041155
FD90_3_TAGAGTCAGTCTACGGCGGT	0	FD90_3	Astronaut 3	FD90	FD	52.222157009138
FD90_3_TAGAGTGCTACGATTGCAAC	1	FD90_3	Astronaut 3	FD90	FD	59.173221490148
FD90_3_TAGAGTTCATCTAACGATAT	1	FD90_3	Astronaut 3	FD90	FD	59.4096549995684
FD90_3_TAGAGTTCATGGTAAGGAGC	0	FD90_3	Astronaut 3	FD90	FD	51.3299839915131
FD90_3_TAGGAAAGCAGGCAGGTCTA	0	FD90_3	Astronaut 3	FD90	FD	50.7363435376196
FD90_3_TAGGAAGTTGCGCCTGATAT	1	FD90_3	Astronaut 3	FD90	FD	61.4709285638888
FD90_3_TAGGACGGCAATTGGGCTTG	1	FD90_3	Astronaut 3	FD90	FD	61.4709286236621
FD90_3_TAGGAGCAACCGCAAGCCTT	0	FD90_3	Astronaut 3	FD90	FD	56.299312036451
FD90_3_TAGGAGCGGTATTCAGATGA	1	FD90_3	Astronaut 3	FD90	FD	46.9486903387269
FD90_3_TAGGAGGTCCCAGCGGATAT	6	FD90_3	Astronaut 3	FD90	FD	61.4709286834355
FD90_3_TAGGATATCTGCCTTGCCTT	1	FD90_3	Astronaut 3	FD90	FD	43.5385871320335
FD90_3_TAGGATCGCGGGCGTGGTCC	0	FD90_3	Astronaut 3	FD90	FD	36.7296169436941
FD90_3_TAGGATCTACCAACTGGCGT	0	FD90_3	Astronaut 3	FD90	FD	61.4709287432088
FD90_3_TAGGATGGACGCAGGGCTGC	0	FD90_3	Astronaut 3	FD90	FD	50.7295957979966
FD90_3_TATCTAACGACGCAAGGCGT	6	FD90_3	Astronaut 3	FD90	FD	59.7528611238133
FD90_3_TATCTAACGACTAACGCTTG	0	FD90_3	Astronaut 3	FD90	FD	60.444835174378
FD90_3_TATCTAAGGTGCGGTGGAGC	1	FD90_3	Astronaut 3	FD90	FD	24.7895593793041
FD90_3_TATCTAGAACGATATGCTGC	1	FD90_3	Astronaut 3	FD90	FD	54.7439007464663
FD90_3_TATCTAGAGTCGCAAGCCTT	0	FD90_3	Astronaut 3	FD90	FD	58.6739760558058
FD90_3_TATCTCAGCGCTTAAGCTGC	0	FD90_3	Astronaut 3	FD90	FD	49.3260701576265
FD90_3_TATCTCGAAGCAGCGGATGA	5	FD90_3	Astronaut 3	FD90	FD	43.5197738818184
FD90_3_TATCTCGAAGCAGCGGCTTG	5	FD90_3	Astronaut 3	FD90	FD	54.5222877643613
FD90_3_TATCTCGATTCGGATGCAAC	2	FD90_3	Astronaut 3	FD90	FD	61.4709288029821
FD90_3_TATCTCGGCACGACCGGAGC	0	FD90_3	Astronaut 3	FD90	FD	56.5546658330929
FD90_3_TATCTCTAGTCTACGGCCTT	0	FD90_3	Astronaut 3	FD90	FD	44.144871603342
FD90_3_TATCTCTGGACCTAGGATGA	2	FD90_3	Astronaut 3	FD90	FD	60.1225382117606
FD90_3_TATCTGACTGGTAGAGCTGC	0	FD90_3	Astronaut 3	FD90	FD	60.1225382715339
FD90_3_TATCTGATATATTCAGGCGT	5	FD90_3	Astronaut 3	FD90	FD	50.1779997197922
FD90_3_TATCTGCCTTGAGCTGTAAT	1	FD90_3	Astronaut 3	FD90	FD	51.554002012271
FD90_3_TATCTGCTCTGTAGAGCTTG	6	FD90_3	Astronaut 3	FD90	FD	56.2993120962243
FD90_3_TATCTGGTAAGTAATGGCGT	1	FD90_3	Astronaut 3	FD90	FD	58.6173997380839
FD90_3_TATCTGTAATGTAATGGTCC	0	FD90_3	Astronaut 3	FD90	FD	53.6449667684276
FD90_3_TATCTTAAGGCGTCGGTCTA	0	FD90_3	Astronaut 3	FD90	FD	44.5286396586012
FD90_3_TATCTTCGTACAGAAGGTCC	2	FD90_3	Astronaut 3	FD90	FD	56.0353617460268
FD90_3_TATCTTTAGCCGTCGGGCGT	1	FD90_3	Astronaut 3	FD90	FD	51.104871081145
FD90_3_TATGCACCTAATTGGGCCTT	0	FD90_3	Astronaut 3	FD90	FD	61.4709288627555
FD90_3_TATGCATGCGCTACGGTCTA	6	FD90_3	Astronaut 3	FD90	FD	49.1683399287118
FD90_3_TATGCCAGTTGGTAAGGTCC	0	FD90_3	Astronaut 3	FD90	FD	50.1489018756584
FD90_3_TATGCCGATTCTAACGCCTT	6	FD90_3	Astronaut 3	FD90	FD	61.0631847008177
FD90_3_TATGCCGGATGCCTTGCTGC	0	FD90_3	Astronaut 3	FD90	FD	45.8937129103795
FD90_3_TATGCCTCCAGCTGCGGCGT	0	FD90_3	Astronaut 3	FD90	FD	53.1679176529752
FD90_3_TATGCGAACCCAGTTGGTCC	3	FD90_3	Astronaut 3	FD90	FD	49.1501473313376
FD90_3_TATGCGCTCTGTAGAGATAT	0	FD90_3	Astronaut 3	FD90	FD	50.1173118270046
FD90_3_TATGCGGCAGGGTAAGGCGT	1	FD90_3	Astronaut 3	FD90	FD	54.8723485263097
FD90_3_TATGCGTATCATTCAGTCTA	0	FD90_3	Astronaut 3	FD90	FD	35.8625958154704
FD90_3_TATGCGTCCGCTAACGATGA	1	FD90_3	Astronaut 3	FD90	FD	49.4725649184955
FD90_3_TATGCTGCGCCAGTTGATGA	1	FD90_3	Astronaut 3	FD90	FD	56.7875914749883
FD90_3_TATTGACTTCGATATGTAAT	0	FD90_3	Astronaut 3	FD90	FD	53.6243424070305
FD90_3_TATTGAGGTCCCTAGGTAAT	0	FD90_3	Astronaut 3	FD90	FD	49.4725649782689
FD90_3_TATTGATCCTGAGTCGATGA	2	FD90_3	Astronaut 3	FD90	FD	49.4725650380422
FD90_3_TATTGATTACCCTCAGGCGT	1	FD90_3	Astronaut 3	FD90	FD	53.5865737837655
FD90_3_TATTGATTACGATGAGGAGC	0	FD90_3	Astronaut 3	FD90	FD	36.1961984245296
FD90_3_TATTGATTGGCTAGTGCAAC	1	FD90_3	Astronaut 3	FD90	FD	61.4709289225288
FD90_3_TATTGCCATACGACCGCTGC	3	FD90_3	Astronaut 3	FD90	FD	42.9812781976336
FD90_3_TATTGCTAGTGATGAGGAGC	1	FD90_3	Astronaut 3	FD90	FD	56.2993121559977
FD90_3_TATTGCTTAACTCCAGGAGC	0	FD90_3	Astronaut 3	FD90	FD	56.6290713856899
FD90_3_TATTGGAACCGCTGCGATGA	1	FD90_3	Astronaut 3	FD90	FD	61.6063115987712
FD90_3_TATTGGATATCAACTGGCGT	3	FD90_3	Astronaut 3	FD90	FD	49.1913396916931
FD90_3_TATTGGATATGCTGCGGCGT	0	FD90_3	Astronaut 3	FD90	FD	61.6003479104823
FD90_3_TATTGGTATCCTACGGGTCC	4	FD90_3	Astronaut 3	FD90	FD	43.5385871918068
FD90_3_TATTGGTCTACCGCTGGAGC	0	FD90_3	Astronaut 3	FD90	FD	51.328415663506
FD90_3_TATTGGTTAGGCTGCGATAT	1	FD90_3	Astronaut 3	FD90	FD	51.5788248704831
FD90_3_TCAGTACTAACTAACGATAT	1	FD90_3	Astronaut 3	FD90	FD	44.1448716631153
FD90_3_TCAGTATTGGGTATCGGAGC	0	FD90_3	Astronaut 3	FD90	FD	61.4709289823021
FD90_3_TCAGTCCTAGGGTAAGCGGT	0	FD90_3	Astronaut 3	FD90	FD	61.4709290420755
FD90_3_TCAGTGAGCTGGCGTGTCTA	3	FD90_3	Astronaut 3	FD90	FD	53.1880701673963
FD90_3_TCAGTGCAGGATTGGGCAAC	1	FD90_3	Astronaut 3	FD90	FD	61.0584611980067
FD90_3_TCAGTGCGGTGCGAAGCGGT	0	FD90_3	Astronaut 3	FD90	FD	37.5890817882194
FD90_3_TCAGTTAGAGCGACCGGTCC	0	FD90_3	Astronaut 3	FD90	FD	49.4725650978155
FD90_3_TCAGTTATGCATTGGGCTGC	3	FD90_3	Astronaut 3	FD90	FD	38.5046384841429
FD90_3_TCAGTTCAGTATTGGGGTCC	0	FD90_3	Astronaut 3	FD90	FD	54.8201018945723
FD90_3_TCAGTTCCGGGAGTCGGTCC	0	FD90_3	Astronaut 3	FD90	FD	53.2832291198458
FD90_3_TCATCACCAGCCTAGGCCTT	1	FD90_3	Astronaut 3	FD90	FD	60.4127920703425
FD90_3_TCATCACCAGGCAACGCGGT	3	FD90_3	Astronaut 3	FD90	FD	39.0874312209108
FD90_3_TCATCACTTCGCAACGATAT	0	FD90_3	Astronaut 3	FD90	FD	60.416103349373
FD90_3_TCATCAGAACCTTAAGGAGC	1	FD90_3	Astronaut 3	FD90	FD	60.961937877946
FD90_3_TCATCCGAAGGCTTGGTCTA	1	FD90_3	Astronaut 3	FD90	FD	54.4031418670542
FD90_3_TCATCCGCCTGAACCGCCTT	0	FD90_3	Astronaut 3	FD90	FD	58.7555022550592
FD90_3_TCATCCTAACATTCAGGCGT	0	FD90_3	Astronaut 3	FD90	FD	44.2818802727539
FD90_3_TCATCGAGCTCGGATGCTTG	1	FD90_3	Astronaut 3	FD90	FD	51.4543279104924
FD90_3_TCATCGATATGAGTCGCTTG	3	FD90_3	Astronaut 3	FD90	FD	49.4174846006749
FD90_3_TCATCGCAGGGATGAGGTCC	0	FD90_3	Astronaut 3	FD90	FD	60.9767349173271
FD90_3_TCATCTGAGAGAGTCGATGA	0	FD90_3	Astronaut 3	FD90	FD	42.2839157570067
FD90_3_TCATCTGGACGGTAAGCTGC	1	FD90_3	Astronaut 3	FD90	FD	58.6576596599322
FD90_3_TCATCTTAGCCAGTTGCTTG	1	FD90_3	Astronaut 3	FD90	FD	57.292679591391
FD90_3_TCCGGAACTCCCGCTGCTGC	1	FD90_3	Astronaut 3	FD90	FD	55.0235218089228
FD90_3_TCCGGAACTCCTAGTGATGA	3	FD90_3	Astronaut 3	FD90	FD	61.4709291018488
FD90_3_TCCGGACTTCCGCTCGCTGC	0	FD90_3	Astronaut 3	FD90	FD	57.2926796511643
FD90_3_TCCGGACTTCGCTCTGTCTA	1	FD90_3	Astronaut 3	FD90	FD	43.5385872515802
FD90_3_TCCGGAGAACCAACTGCCTT	1	FD90_3	Astronaut 3	FD90	FD	56.7047917193431
FD90_3_TCCGGCAACTATTGGGCAAC	2	FD90_3	Astronaut 3	FD90	FD	52.525899189451
FD90_3_TCCGGCAACTCAGAAGCTGC	2	FD90_3	Astronaut 3	FD90	FD	57.423038849119
FD90_3_TCCGGCGACCGCAACGTCTA	3	FD90_3	Astronaut 3	FD90	FD	44.5286397183745
FD90_3_TCCGGCTTAAGCAACGCTGC	2	FD90_3	Astronaut 3	FD90	FD	49.093448575689
FD90_3_TCCGGGCTTGCCTAGGATGA	7	FD90_3	Astronaut 3	FD90	FD	60.1721045935754
FD90_3_TCCGGGTAATCGACCGTCTA	0	FD90_3	Astronaut 3	FD90	FD	52.5258992492244
FD90_3_TCCGGTCTACGCTCTGCGGT	0	FD90_3	Astronaut 3	FD90	FD	53.2742150812109
FD90_3_TCCGGTGCTACGCAAGCTGC	4	FD90_3	Astronaut 3	FD90	FD	36.1932138811047
FD90_3_TCGCGAAGACCGAAGGCTTG	1	FD90_3	Astronaut 3	FD90	FD	50.1595322380503
FD90_3_TCGCGAAGACGTATCGCTTG	1	FD90_3	Astronaut 3	FD90	FD	49.467548749519
FD90_3_TCGCGACTCGGATGAGCTTG	1	FD90_3	Astronaut 3	FD90	FD	46.4825666505556
FD90_3_TCGCGACTTCATTGGGCCTT	0	FD90_3	Astronaut 3	FD90	FD	61.4709291616221
FD90_3_TCGCGAGAACGCAACGTAAT	0	FD90_3	Astronaut 3	FD90	FD	18.9950390378954
FD90_3_TCGCGAGTTGGCAACGGAGC	1	FD90_3	Astronaut 3	FD90	FD	41.0858922516792
FD90_3_TCGCGCAGAACAATCGGCGT	1	FD90_3	Astronaut 3	FD90	FD	43.5170935899277
FD90_3_TCGCGCGCTCGCTTGGATGA	1	FD90_3	Astronaut 3	FD90	FD	46.126763141028
FD90_3_TCGCGGCAGGCGTCGGATGA	0	FD90_3	Astronaut 3	FD90	FD	44.5286397781479
FD90_3_TCGCGGCTTGCAGAAGATGA	1	FD90_3	Astronaut 3	FD90	FD	61.4709292213955
FD90_3_TCGCGGTATCGGCAGGGCGT	0	FD90_3	Astronaut 3	FD90	FD	49.4725651575889
FD90_3_TCGCGTCCGGATTGGGGAGC	1	FD90_3	Astronaut 3	FD90	FD	53.4609198118809
FD90_3_TCGCGTCGCGGCGGTGCTGC	0	FD90_3	Astronaut 3	FD90	FD	49.4725652173622
FD90_3_TCGCGTCGTAGCGGTGGCGT	1	FD90_3	Astronaut 3	FD90	FD	51.2208336873812
FD90_3_TCGTACGACCCAGCGGCAAC	1	FD90_3	Astronaut 3	FD90	FD	54.8809268334852
FD90_3_TCGTACGACCGGCAGGCAAC	2	FD90_3	Astronaut 3	FD90	FD	54.7049365544437
FD90_3_TCGTACGGATCAACTGCTGC	0	FD90_3	Astronaut 3	FD90	FD	61.4709292811688
FD90_3_TCGTACTGGACGCTCGCTGC	0	FD90_3	Astronaut 3	FD90	FD	36.7214913733702
FD90_3_TCGTAGGCGTCCGCTGCAAC	1	FD90_3	Astronaut 3	FD90	FD	54.5222878241346
FD90_3_TCGTAGTCTAGCAACGCTTG	3	FD90_3	Astronaut 3	FD90	FD	61.4709293409421
FD90_3_TCGTATCCGGCAACTGCCTT	2	FD90_3	Astronaut 3	FD90	FD	43.517093649701
FD90_3_TCGTATCGCGCGACCGCGGT	0	FD90_3	Astronaut 3	FD90	FD	49.4725652771355
FD90_3_TCTACAACCGGAGTCGATGA	5	FD90_3	Astronaut 3	FD90	FD	55.6113228026954
FD90_3_TCTACAACGACAGTTGCTTG	0	FD90_3	Astronaut 3	FD90	FD	44.1448717228887
FD90_3_TCTACAACTCATTGGGTAAT	0	FD90_3	Astronaut 3	FD90	FD	18.9950390976687
FD90_3_TCTACACTAACTAGTGCTTG	2	FD90_3	Astronaut 3	FD90	FD	49.1066439219905
FD90_3_TCTACAGTTGGGTAAGGTCC	0	FD90_3	Astronaut 3	FD90	FD	53.6948553557777
FD90_3_TCTACATCCTGAGTCGCCTT	2	FD90_3	Astronaut 3	FD90	FD	57.9688887121666
FD90_3_TCTACCAATCGAACCGTAAT	0	FD90_3	Astronaut 3	FD90	FD	57.9902688396898
FD90_3_TCTACCAGAACGCTCGATGA	2	FD90_3	Astronaut 3	FD90	FD	36.7234441670679
FD90_3_TCTACCCGCTCCTCAGCTGC	0	FD90_3	Astronaut 3	FD90	FD	61.4709294007155
FD90_3_TCTACCCGCTGCCTTGCTGC	0	FD90_3	Astronaut 3	FD90	FD	57.2926797109377
FD90_3_TCTACCCTAGGGTCCGGCGT	1	FD90_3	Astronaut 3	FD90	FD	58.7675608808095
FD90_3_TCTACCCTCAGAACCGGTCC	6	FD90_3	Astronaut 3	FD90	FD	60.4437868368999
FD90_3_TCTACCGGATCAGAAGCTGC	0	FD90_3	Astronaut 3	FD90	FD	56.6355334141258
FD90_3_TCTACCGGATCAGAAGCTTG	2	FD90_3	Astronaut 3	FD90	FD	44.144871782662
FD90_3_TCTACCGTCGGAACCGCTTG	0	FD90_3	Astronaut 3	FD90	FD	61.4709294604888
FD90_3_TCTACGAACCATTGGGCTGC	5	FD90_3	Astronaut 3	FD90	FD	57.292679770711
FD90_3_TCTACGAACCCTAACGCTTG	0	FD90_3	Astronaut 3	FD90	FD	33.1892178837724
FD90_3_TCTACGACTGGGCAGGATGA	1	FD90_3	Astronaut 3	FD90	FD	61.4709295202621
FD90_3_TCTACGCAGGCGGATGCGGT	3	FD90_3	Astronaut 3	FD90	FD	24.7895594390775
FD90_3_TCTACGCAGGCGGATGGTCC	0	FD90_3	Astronaut 3	FD90	FD	49.4725653369089
FD90_3_TCTACGGTAAGCAACGCAAC	5	FD90_3	Astronaut 3	FD90	FD	52.5258993089977
FD90_3_TCTACGTAGACAGTTGCTGC	0	FD90_3	Astronaut 3	FD90	FD	46.1991981194445
FD90_3_TCTACTAAGGCCTAGGTCTA	4	FD90_3	Astronaut 3	FD90	FD	54.6332741982894
FD90_3_TCTACTAGGACCGCTGCGGT	3	FD90_3	Astronaut 3	FD90	FD	49.5202234906683
FD90_3_TCTACTCGCGCAGCGGCTGC	1	FD90_3	Astronaut 3	FD90	FD	54.6332742580627
FD90_3_TCTACTTCGACTCCAGCTTG	1	FD90_3	Astronaut 3	FD90	FD	51.0476027199419
FD90_3_TGAGAAACTCGTAGAGGAGC	0	FD90_3	Astronaut 3	FD90	FD	60.4276701022888
FD90_3_TGAGAACGATCAGTTGTAAT	0	FD90_3	Astronaut 3	FD90	FD	43.6147965602506
FD90_3_TGAGAACTTCGCGGTGCGGT	0	FD90_3	Astronaut 3	FD90	FD	43.1005323760016
FD90_3_TGAGAATCTGGGTAAGCCTT	1	FD90_3	Astronaut 3	FD90	FD	57.858729546947
FD90_3_TGAGACAATCCCATAGCCTT	0	FD90_3	Astronaut 3	FD90	FD	38.5046385439162
FD90_3_TGAGACAGAACTAGTGCGGT	3	FD90_3	Astronaut 3	FD90	FD	60.6883415426551
FD90_3_TGAGACAGTTGATGAGATAT	0	FD90_3	Astronaut 3	FD90	FD	56.7378922615736
FD90_3_TGAGAGCGAAGTAATGATGA	0	FD90_3	Astronaut 3	FD90	FD	32.5029566070311
FD90_3_TGAGAGCTCTGTAATGCTTG	1	FD90_3	Astronaut 3	FD90	FD	58.9919648703777
FD90_3_TGAGAGGAGCGATGAGCGGT	0	FD90_3	Astronaut 3	FD90	FD	61.4709295800355
FD90_3_TGAGAGTAGAGTAGAGCCTT	0	FD90_3	Astronaut 3	FD90	FD	61.4709296398088
FD90_3_TGAGAGTCTAGCAGGGGAGC	1	FD90_3	Astronaut 3	FD90	FD	51.114269906202
FD90_3_TGCGCAAGACGGTAAGCGGT	0	FD90_3	Astronaut 3	FD90	FD	58.8822670622568
FD90_3_TGCGCAGAGTGGCAGGATAT	0	FD90_3	Astronaut 3	FD90	FD	48.7432165878522
FD90_3_TGCGCAGGCTGACTGGGTCC	4	FD90_3	Astronaut 3	FD90	FD	61.4709296995822
FD90_3_TGCGCCAGAACTTAAGTAAT	1	FD90_3	Astronaut 3	FD90	FD	54.5217262453707
FD90_3_TGCGCCGCCTGGTCCGATAT	3	FD90_3	Astronaut 3	FD90	FD	49.4725653966822
FD90_3_TGCGCCGGATCAGAAGCTGC	1	FD90_3	Astronaut 3	FD90	FD	57.2998245412091
FD90_3_TGCGCCTTAACCGCTGCCTT	6	FD90_3	Astronaut 3	FD90	FD	59.5315777030694
FD90_3_TGCGCGACTGCAATCGCTGC	1	FD90_3	Astronaut 3	FD90	FD	54.5013520665654
FD90_3_TGCGCGATATGCTGCGCTGC	0	FD90_3	Astronaut 3	FD90	FD	31.5404419193089
FD90_3_TGCGCGATGAGCTGCGGAGC	1	FD90_3	Astronaut 3	FD90	FD	61.4709297593555
FD90_3_TGCGCGGCAGGTAATGGCGT	6	FD90_3	Astronaut 3	FD90	FD	61.5911324862746
FD90_3_TGCGCGGCGTGCTGCGTAAT	1	FD90_3	Astronaut 3	FD90	FD	38.5046386036896
FD90_3_TGCGCTAAGGGCGAAGGAGC	5	FD90_3	Astronaut 3	FD90	FD	56.8682842039156
FD90_3_TGCGCTAGAGCTAGTGCAAC	1	FD90_3	Astronaut 3	FD90	FD	44.9716755819692
FD90_3_TGCGCTAGAGGCGGTGCTTG	3	FD90_3	Astronaut 3	FD90	FD	61.4709298191288
FD90_3_TGCGCTATTGCGCTCGCTTG	1	FD90_3	Astronaut 3	FD90	FD	18.9950391574421
FD90_3_TGCGCTATTGGCAACGATAT	0	FD90_3	Astronaut 3	FD90	FD	59.6852049131257
FD90_3_TGCGCTCATCGTAGAGCTGC	3	FD90_3	Astronaut 3	FD90	FD	44.9510065121352
FD90_3_TGCGCTCGTACAGTTGGCGT	0	FD90_3	Astronaut 3	FD90	FD	30.3970528268892
FD90_3_TGCGCTGAGACTCCAGGTCC	6	FD90_3	Astronaut 3	FD90	FD	54.7140224464183
FD90_3_TGCGCTTAGCCTGGAGGTCC	0	FD90_3	Astronaut 3	FD90	FD	49.4725654564555
FD90_3_TGCTAAAGGTGCAGGGCTTG	3	FD90_3	Astronaut 3	FD90	FD	57.9926039697553
FD90_3_TGCTAACTCGGCTCTGCTTG	1	FD90_3	Astronaut 3	FD90	FD	55.6206329853014
FD90_3_TGCTAATCCTGCGAAGCTTG	6	FD90_3	Astronaut 3	FD90	FD	31.5404419790822
FD90_3_TGCTACAACTCAGAAGGCGT	1	FD90_3	Astronaut 3	FD90	FD	49.6116136812679
FD90_3_TGCTACAACTCAGAAGGTCC	0	FD90_3	Astronaut 3	FD90	FD	61.4709298789022
FD90_3_TGCTACGGATGTAATGCAAC	3	FD90_3	Astronaut 3	FD90	FD	52.525899368771
FD90_3_TGCTACGTCGCGTCGGCTGC	0	FD90_3	Astronaut 3	FD90	FD	50.1684220647751
FD90_3_TGCTACGTCGCGTCGGGCGT	2	FD90_3	Astronaut 3	FD90	FD	50.2247376235189
FD90_3_TGCTAGCGAAGTAGAGCGGT	0	FD90_3	Astronaut 3	FD90	FD	43.5385873113535
FD90_3_TGCTAGCTCTCTCCAGTAAT	5	FD90_3	Astronaut 3	FD90	FD	44.1448718424353
FD90_3_TGCTAGGCAGCGTCGGATAT	0	FD90_3	Astronaut 3	FD90	FD	54.9854765020372
FD90_3_TGCTATATTGCCTAGGCTTG	3	FD90_3	Astronaut 3	FD90	FD	61.0144238880561
FD90_3_TGCTATCGTACAATCGGTCC	0	FD90_3	Astronaut 3	FD90	FD	58.040262903816
FD90_3_TGCTATCGTACAGCGGCAAC	1	FD90_3	Astronaut 3	FD90	FD	60.9956661565535
FD90_3_TGCTATCTACCTTAAGCAAC	3	FD90_3	Astronaut 3	FD90	FD	39.6433345636491
FD90_3_TGCTATTCATGCAGGGCAAC	1	FD90_3	Astronaut 3	FD90	FD	56.5790354179753
FD90_3_TGGACAAGACGAGTCGCAAC	3	FD90_3	Astronaut 3	FD90	FD	58.7087449171872
FD90_3_TGGACAAGACGGCAGGCAAC	1	FD90_3	Astronaut 3	FD90	FD	54.8865690384467
FD90_3_TGGACACTCGGAACCGCCTT	0	FD90_3	Astronaut 3	FD90	FD	59.6012956571287
FD90_3_TGGACATGCGCTAACGGCGT	6	FD90_3	Astronaut 3	FD90	FD	57.9525055484127
FD90_3_TGGACCCGCTGGTCCGCAAC	1	FD90_3	Astronaut 3	FD90	FD	53.211254943137
FD90_3_TGGACCGCTCGGCAGGGAGC	1	FD90_3	Astronaut 3	FD90	FD	58.7004093274162
FD90_3_TGGACGAGCTCCTCAGATGA	1	FD90_3	Astronaut 3	FD90	FD	61.4709299386755
FD90_3_TGGACGCTGCCGCCTGTAAT	0	FD90_3	Astronaut 3	FD90	FD	61.4709299984488
FD90_3_TGGACGCTTGCGACCGCCTT	6	FD90_3	Astronaut 3	FD90	FD	50.736343597393
FD90_3_TGGACGGTCCGCAACGATGA	0	FD90_3	Astronaut 3	FD90	FD	38.5046386634629
FD90_3_TGGACTACGTGCGGTGCTTG	1	FD90_3	Astronaut 3	FD90	FD	54.522287883908
FD90_3_TGGACTGCGCCTAACGATGA	2	FD90_3	Astronaut 3	FD90	FD	36.5801550690388
FD90_3_TGGACTTCGACGGCAGCCTT	4	FD90_3	Astronaut 3	FD90	FD	28.995119408826
FD90_3_TTAGCACGATGGTAAGATGA	1	FD90_3	Astronaut 3	FD90	FD	52.5258994285444
FD90_3_TTAGCATGGCCGGCAGGAGC	0	FD90_3	Astronaut 3	FD90	FD	49.3979826398763
FD90_3_TTAGCCGCAAGGTAAGCTTG	1	FD90_3	Astronaut 3	FD90	FD	38.3732742970703
FD90_3_TTAGCGTAGAGCTTGGCTGC	0	FD90_3	Astronaut 3	FD90	FD	56.299312215771
FD90_3_TTAGCTAAGGGCCTTGCGGT	0	FD90_3	Astronaut 3	FD90	FD	42.981278257407
FD90_3_TTAGCTACGTCTAACGTCTA	0	FD90_3	Astronaut 3	FD90	FD	54.533704577534
FD90_3_TTAGCTCTACCAACTGTCTA	0	FD90_3	Astronaut 3	FD90	FD	60.3984956974374
FD90_3_TTAGCTCTACCGCAAGATAT	0	FD90_3	Astronaut 3	FD90	FD	39.0515282118217
FD90_3_TTAGCTTGAACCATAGCCTT	1	FD90_3	Astronaut 3	FD90	FD	48.7431934564853
FD90_3_TTATGAACCGGATGAGCTTG	0	FD90_3	Astronaut 3	FD90	FD	49.0934486354623
FD90_3_TTATGAACCGGCAACGCAAC	1	FD90_3	Astronaut 3	FD90	FD	61.4709300582222
FD90_3_TTATGAACGACGAAGGATGA	3	FD90_3	Astronaut 3	FD90	FD	61.4840710330541
FD90_3_TTATGAACGACGAAGGCAAC	0	FD90_3	Astronaut 3	FD90	FD	47.7443287928938
FD90_3_TTATGACTCGCGGATGCTTG	0	FD90_3	Astronaut 3	FD90	FD	61.4709301179955
FD90_3_TTATGACTCGGCGGTGGAGC	0	FD90_3	Astronaut 3	FD90	FD	61.4709301777688
FD90_3_TTATGAGTTGCGCCTGGTCC	0	FD90_3	Astronaut 3	FD90	FD	58.96319222125
FD90_3_TTATGCCATAATTGGGCTTG	1	FD90_3	Astronaut 3	FD90	FD	48.4548203926918
FD90_3_TTATGCGGATCTAGTGCTGC	0	FD90_3	Astronaut 3	FD90	FD	56.6201890131523
FD90_3_TTATGCTGGAGATATGATAT	1	FD90_3	Astronaut 3	FD90	FD	57.898469739203
FD90_3_TTATGGATATGGCAGGCTGC	0	FD90_3	Astronaut 3	FD90	FD	61.4709302375422
FD90_3_TTATGGATGACGAAGGCTTG	1	FD90_3	Astronaut 3	FD90	FD	47.1123181189284
FD90_3_TTATGGGCAGGTAGAGCTGC	0	FD90_3	Astronaut 3	FD90	FD	61.485968556104
FD90_3_TTATGGGTAACAGTTGCCTT	3	FD90_3	Astronaut 3	FD90	FD	60.5850215433059
FD90_3_TTATGGGTAAGTAGAGCTGC	0	FD90_3	Astronaut 3	FD90	FD	38.3819617953718
FD90_3_TTATGTCATCGGCGTGGCGT	0	FD90_3	Astronaut 3	FD90	FD	57.3433155909354
FD90_3_TTATGTCCGGGGCGTGTAAT	0	FD90_3	Astronaut 3	FD90	FD	54.5612783177188
FD90_3_TTATGTGAGAGTAATGCTGC	0	FD90_3	Astronaut 3	FD90	FD	49.4725655162289
FD90_3_TTCATAAGACGATGAGCTTG	0	FD90_3	Astronaut 3	FD90	FD	58.9110432187856
FD90_3_TTCATACTCGATTGGGTAAT	0	FD90_3	Astronaut 3	FD90	FD	61.4709302973155
FD90_3_TTCATACTCGGCAGGGGAGC	1	FD90_3	Astronaut 3	FD90	FD	60.5862697761323
FD90_3_TTCATAGAACCTAACGCAAC	1	FD90_3	Astronaut 3	FD90	FD	61.4709303570888
FD90_3_TTCATAGGCTGTATCGCTTG	1	FD90_3	Astronaut 3	FD90	FD	60.4259481581179
FD90_3_TTCATAGTTGGAACCGCTTG	1	FD90_3	Astronaut 3	FD90	FD	37.6989113315323
FD90_3_TTCATATCTGCCTAGGCCTT	1	FD90_3	Astronaut 3	FD90	FD	60.1591683373068
FD90_3_TTCATATCTGGTAATGCCTT	1	FD90_3	Astronaut 3	FD90	FD	49.4725655760022
FD90_3_TTCATATTACCCTAGGTCTA	1	FD90_3	Astronaut 3	FD90	FD	61.4709304168622
FD90_3_TTCATCGCCTCAGAAGCGGT	2	FD90_3	Astronaut 3	FD90	FD	43.9029172671915
FD90_3_TTCATCGCCTCCTAGGGCGT	1	FD90_3	Astronaut 3	FD90	FD	55.6151771727217
FD90_3_TTCATCGCCTCGCCTGCAAC	1	FD90_3	Astronaut 3	FD90	FD	61.1086097226793
FD90_3_TTCATCTACGCGCAAGCTTG	1	FD90_3	Astronaut 3	FD90	FD	61.4709304766355
FD90_3_TTCATCTACGCTAACGCCTT	0	FD90_3	Astronaut 3	FD90	FD	58.9340375027038
FD90_3_TTCATCTGGACCTAGGCCTT	0	FD90_3	Astronaut 3	FD90	FD	56.2993122755443
FD90_3_TTCATGCGGTCCATAGGCGT	0	FD90_3	Astronaut 3	FD90	FD	54.8686520108057
FD90_3_TTCATGTCTACGCAAGCTGC	0	FD90_3	Astronaut 3	FD90	FD	50.4263151414529
FD90_3_TTCATTATCTATTCAGCAAC	1	FD90_3	Astronaut 3	FD90	FD	44.5095760166024
FD90_3_TTCGAAACTCGCCTTGTCTA	0	FD90_3	Astronaut 3	FD90	FD	25.4194468215986
FD90_3_TTCGAAAGGTCGTCGGCGGT	1	FD90_3	Astronaut 3	FD90	FD	51.3974471715104
FD90_3_TTCGAAAGGTGACTGGGTCC	0	FD90_3	Astronaut 3	FD90	FD	61.4709305364088
FD90_3_TTCGAACCAGCTACGGTAAT	0	FD90_3	Astronaut 3	FD90	FD	36.5801551288122
FD90_3_TTCGAAGTTGGACTGGGTCC	1	FD90_3	Astronaut 3	FD90	FD	60.990672058003
FD90_3_TTCGAATCCTCAACTGGTCC	0	FD90_3	Astronaut 3	FD90	FD	55.3760682321042
FD90_3_TTCGACGGATCGATTGCTTG	1	FD90_3	Astronaut 3	FD90	FD	61.4709305961822
FD90_3_TTCGACGTCGGGCAGGCCTT	1	FD90_3	Astronaut 3	FD90	FD	61.4709306559555
FD90_3_TTCGAGAGCTCGCAAGTAAT	0	FD90_3	Astronaut 3	FD90	FD	56.5038913799503
FD90_3_TTCGAGGTCCCGCCTGATAT	3	FD90_3	Astronaut 3	FD90	FD	58.9639901878302
FD90_3_TTCGAGTCTACAGTTGATGA	0	FD90_3	Astronaut 3	FD90	FD	49.1683399884852
FD90_3_TTCGATGCTAGATGAGCTGC	0	FD90_3	Astronaut 3	FD90	FD	56.4688326071426
FD90_3_TTCGATGGACCAATCGCCTT	3	FD90_3	Astronaut 3	FD90	FD	55.0198194151784
FD90_3_TTCGATGGACCAGTTGGTCC	1	FD90_3	Astronaut 3	FD90	FD	54.558933067793
FD90_3_TTCGATGGACCGGCAGGTCC	1	FD90_3	Astronaut 3	FD90	FD	60.1721046533487
FD90_3_TTCGATTAGCCGGATGCAAC	1	FD90_3	Astronaut 3	FD90	FD	59.0298745329195
FD90_3_TTCGATTATGGTAATGATAT	1	FD90_3	Astronaut 3	FD90	FD	56.9433456573822
FD90_3_TTGAAATGCGCGATTGGCGT	0	FD90_3	Astronaut 3	FD90	FD	50.2372560949336
FD90_3_TTGAAATGGCGAGTCGCAAC	1	FD90_3	Astronaut 3	FD90	FD	61.4709307157288
FD90_3_TTGAACAGTTGTAATGGCGT	0	FD90_3	Astronaut 3	FD90	FD	57.352683598227
FD90_3_TTGAACCATAGAGCTGCTTG	0	FD90_3	Astronaut 3	FD90	FD	59.4096550593417
FD90_3_TTGAACTACGGCGAAGCAAC	3	FD90_3	Astronaut 3	FD90	FD	57.8602619272855
FD90_3_TTGAACTTAAGCAACGGTCC	1	FD90_3	Astronaut 3	FD90	FD	49.4725656357755
FD90_3_TTGAAGGCAGGCAACGTAAT	0	FD90_3	Astronaut 3	FD90	FD	37.3307142011078
FD90_3_TTGAATATTGCCTAGGGCGT	6	FD90_3	Astronaut 3	FD90	FD	61.4709307755022
FD90_3_TTGAATCAGTGAACCGATAT	1	FD90_3	Astronaut 3	FD90	FD	50.7363436571663
FD90_3_TTGAATCAGTGAACCGCGGT	2	FD90_3	Astronaut 3	FD90	FD	33.1892196877734
FD90_3_TTGAATCTACCCATAGGTCC	1	FD90_3	Astronaut 3	FD90	FD	57.839689809423
L-30_1_AACCGTTCGAGTAATGCGAA	6	L-30_1	Astronaut 1	L-30	L	39.9939704008392
L-30_1_AACGAAGGCTGAACCGATAT	2	L-30_1	Astronaut 1	L-30	L	37.7679247929965
L-30_1_AACGACAGAAGCTTGGATAT	6	L-30_1	Astronaut 1	L-30	L	24.7895594988508
L-30_1_AACGACTTAAGGAGCGCGAA	4	L-30_1	Astronaut 1	L-30	L	43.8462261770652
L-30_1_AACGAGAGTCGGTCCGGCGT	5	L-30_1	Astronaut 1	L-30	L	36.7214914331436
L-30_1_AACGAGTAGACCTAGGCAAC	3	L-30_1	Astronaut 1	L-30	L	33.9298294778747
L-30_1_AACGAGTAGAGAACCGTAAT	0	L-30_1	Astronaut 1	L-30	L	40.7419885332706
L-30_1_AACTCAGAGTGCGAAGGCGT	2	L-30_1	Astronaut 1	L-30	L	38.5046387232362
L-30_1_AACTCGCGGTGCAACGATAT	2	L-30_1	Astronaut 1	L-30	L	21.4577087343544
L-30_1_AACTCGTATCCCTCAGGCAG	6	L-30_1	Astronaut 1	L-30	L	19.4417569847884
L-30_1_AAGACAGAGTGCTCTGATAT	3	L-30_1	Astronaut 1	L-30	L	50.2020057024526
L-30_1_AAGACCTCCACGGCAGCAAC	5	L-30_1	Astronaut 1	L-30	L	40.7419885930439
L-30_1_AAGACTCGTAGTAGAGATAT	3	L-30_1	Astronaut 1	L-30	L	44.0740127563604
L-30_1_AAGCACCATAGAGCTGCGAA	4	L-30_1	Astronaut 1	L-30	L	30.3970528866625
L-30_1_AAGCAGCCTTCGAAGGGCAG	3	L-30_1	Astronaut 1	L-30	L	36.2069115944466
L-30_1_AAGGTACTCGCAGAAGATGA	0	L-30_1	Astronaut 1	L-30	L	32.1048629528053
L-30_1_ACCAGGTCCGATTCAGGCAG	3	L-30_1	Astronaut 1	L-30	L	39.2959635438287
L-30_1_ACCTAATCTGCAGTTGATAT	2	L-30_1	Astronaut 1	L-30	L	33.6620301927263
L-30_1_ACCTAGAGTCGCGAAGATAT	0	L-30_1	Astronaut 1	L-30	L	36.7214914929169
L-30_1_ACCTATCTACCGGATGATGA	0	L-30_1	Astronaut 1	L-30	L	33.9298295376481
L-30_1_ACGATAAGACCAATCGTAAT	0	L-30_1	Astronaut 1	L-30	L	44.1448719022087
L-30_1_ACGATGACTGCGATTGGCGT	6	L-30_1	Astronaut 1	L-30	L	42.4594367409474
L-30_1_ACGATGTAATGCTCTGCAGG	4	L-30_1	Astronaut 1	L-30	L	33.9298295974214
L-30_1_ACGATTATTGGAGCTGGCGT	0	L-30_1	Astronaut 1	L-30	L	54.8662928390291
L-30_1_ACTAAAAGACGGTCCGATAT	2	L-30_1	Astronaut 1	L-30	L	34.2123939829842
L-30_1_ACTAAAGAGTCCTAGGATAT	7	L-30_1	Astronaut 1	L-30	L	31.6349265194577
L-30_1_ACTAATATTGGAACCGCAAC	6	L-30_1	Astronaut 1	L-30	L	49.4725656955489
L-30_1_ACTCGAGCGGGTAGAGCGAA	0	L-30_1	Astronaut 1	L-30	L	43.521078069625
L-30_1_ACTCGCGAAGGGTCCGCAGG	6	L-30_1	Astronaut 1	L-30	L	39.5920871832821
L-30_1_ACTCGTGGACATTCAGGCGT	2	L-30_1	Astronaut 1	L-30	L	43.6720643053075
L-30_1_ACTCGTTCATGAACCGATGA	0	L-30_1	Astronaut 1	L-30	L	33.8442695916674
L-30_1_ACTTCACCAGCAGAAGCGAA	4	L-30_1	Astronaut 1	L-30	L	44.0135313817462
L-30_1_ACTTCCGAAGCTACGGCGAA	4	L-30_1	Astronaut 1	L-30	L	33.1779764563508
L-30_1_ACTTCCGCAAATTGGGGCAG	4	L-30_1	Astronaut 1	L-30	L	49.4725657553222
L-30_1_ACTTCGGTAACAACTGGCGT	0	L-30_1	Astronaut 1	L-30	L	37.0216924632507
L-30_1_AGAACCGCCTCGGCAGCGAA	6	L-30_1	Astronaut 1	L-30	L	31.2078682437095
L-30_1_AGAACGGTAAGCGGTGCAAC	5	L-30_1	Astronaut 1	L-30	L	30.3606184383381
L-30_1_AGAGTAGAACGAACCGCAGG	5	L-30_1	Astronaut 1	L-30	L	31.9609462128382
L-30_1_AGAGTCGGATCTAGTGATGA	2	L-30_1	Astronaut 1	L-30	L	35.9885046638083
L-30_1_AGAGTCGGCACTAACGATGA	3	L-30_1	Astronaut 1	L-30	L	34.7474543148502
L-30_1_AGAGTTACGTGCCTTGATAT	2	L-30_1	Astronaut 1	L-30	L	35.9885047235817
L-30_1_AGCGGAAGACGTAGAGCAGG	3	L-30_1	Astronaut 1	L-30	L	36.5801551885855
L-30_1_AGCGGAAGCAGAGTCGCAAC	2	L-30_1	Astronaut 1	L-30	L	34.8463417668813
L-30_1_AGCGGCCGCTCAGAAGATGA	0	L-30_1	Astronaut 1	L-30	L	54.5901528986679
L-30_1_AGCGGGATATGAGCTGGCAG	0	L-30_1	Astronaut 1	L-30	L	38.4380899618282
L-30_1_AGCGGGTCCGCAGCGGATAT	4	L-30_1	Astronaut 1	L-30	L	34.0155639124747
L-30_1_AGCGGTATCTGATATGCAGG	3	L-30_1	Astronaut 1	L-30	L	43.5385873711269
L-30_1_AGCGGTATTGGCGGTGATAT	7	L-30_1	Astronaut 1	L-30	L	46.1991981792178
L-30_1_AGGCTCTAACCGCAAGATGA	2	L-30_1	Astronaut 1	L-30	L	22.4047232777786
L-30_1_AGGTCGTTAGGAGCTGGCAG	4	L-30_1	Astronaut 1	L-30	L	38.5046387830096
L-30_1_AGTTGCGATTCGAAGGCAGG	6	L-30_1	Astronaut 1	L-30	L	35.0836126966051
L-30_1_AGTTGCGATTCGAAGGGCGT	0	L-30_1	Astronaut 1	L-30	L	42.2790485061443
L-30_1_AGTTGTAGGACAATCGATAT	7	L-30_1	Astronaut 1	L-30	L	20.8176099350816
L-30_1_AGTTGTATGCCCATAGATGA	3	L-30_1	Astronaut 1	L-30	L	30.7253551809547
L-30_1_AGTTGTGCGCGTAATGGCGT	0	L-30_1	Astronaut 1	L-30	L	31.9609462726115
L-30_1_AGTTGTTAGCCTTAAGTAAT	0	L-30_1	Astronaut 1	L-30	L	36.5801552483588
L-30_1_ATCCTTAGAGGAACCGATGA	2	L-30_1	Astronaut 1	L-30	L	40.7419886528172
L-30_1_ATCTGAGGCTGCTGCGCGAA	0	L-30_1	Astronaut 1	L-30	L	44.8706611105167
L-30_1_ATCTGCGACCGCGAAGCAAC	2	L-30_1	Astronaut 1	L-30	L	37.6697380066255
L-30_1_ATCTGGCCTTCGTCGGCGAA	1	L-30_1	Astronaut 1	L-30	L	21.5965827808174
L-30_1_ATCTGGGTAAGACTGGATAT	0	L-30_1	Astronaut 1	L-30	L	40.0061832895231
L-30_1_ATCTGTGAGACAACTGGCGT	4	L-30_1	Astronaut 1	L-30	L	40.4572304004305
L-30_1_ATGCGACTAACGAAGGATAT	5	L-30_1	Astronaut 1	L-30	L	36.5801553081322
L-30_1_ATGCGAGGTCGGCAGGGCGT	2	L-30_1	Astronaut 1	L-30	L	39.2963262030191
L-30_1_ATGCGCCTCACGAAGGATGA	5	L-30_1	Astronaut 1	L-30	L	21.697412294825
L-30_1_ATGCGGGCGTATTGGGATGA	0	L-30_1	Astronaut 1	L-30	L	35.4436869057497
L-30_1_ATGGCCAGCGGCAGGGATAT	2	L-30_1	Astronaut 1	L-30	L	21.6974123545984
L-30_1_ATGGCCCGCTGGAGCGCGAA	0	L-30_1	Astronaut 1	L-30	L	33.1912979666708
L-30_1_ATGGCGCGGTGATGAGCGAA	3	L-30_1	Astronaut 1	L-30	L	27.4930095605089
L-30_1_ATTACATGGCCGATTGCAAC	0	L-30_1	Astronaut 1	L-30	L	31.8763386932156
L-30_1_ATTACCGCTCGGTCCGATGA	5	L-30_1	Astronaut 1	L-30	L	39.9980024218562
L-30_1_ATTACGCTGCGCCTTGGCGT	3	L-30_1	Astronaut 1	L-30	L	27.7339904878385
L-30_1_ATTCAGGCAGGGTAAGATAT	4	L-30_1	Astronaut 1	L-30	L	32.5315487806023
L-30_1_ATTGGCCTAGCGCAAGCGAA	0	L-30_1	Astronaut 1	L-30	L	31.9057830982402
L-30_1_CAACTGGTAACGCCTGCAGG	3	L-30_1	Astronaut 1	L-30	L	43.5385874309002
L-30_1_CAACTGTTAGGCTTGGCAGG	0	L-30_1	Astronaut 1	L-30	L	30.3970529464359
L-30_1_CAACTTATTGGGCGTGATAT	4	L-30_1	Astronaut 1	L-30	L	44.144871961982
L-30_1_CAATCAACGACTTAAGATAT	4	L-30_1	Astronaut 1	L-30	L	30.3970530062092
L-30_1_CAGAAAACGACGTCGGATGA	0	L-30_1	Astronaut 1	L-30	L	44.8639962521035
L-30_1_CAGCGTATGCGGCGTGGCAG	2	L-30_1	Astronaut 1	L-30	L	44.1448720217553
L-30_1_CAGTTAGTTGGGTAAGGCAG	0	L-30_1	Astronaut 1	L-30	L	44.1448720815287
L-30_1_CAGTTCCATAGCTGCGGCGT	0	L-30_1	Astronaut 1	L-30	L	53.6401614914881
L-30_1_CAGTTCGTCGCAGTTGGCAG	4	L-30_1	Astronaut 1	L-30	L	21.3562374424224
L-30_1_CAGTTGCTGCCAGTTGATAT	3	L-30_1	Astronaut 1	L-30	L	42.0737933658447
L-30_1_CAGTTGTCCGCGATTGCGAA	2	L-30_1	Astronaut 1	L-30	L	22.4047233375519
L-30_1_CCATACGGATGAGCTGGCAG	2	L-30_1	Astronaut 1	L-30	L	54.7118842871085
L-30_1_CCATAGATATGTATCGCAAC	0	L-30_1	Astronaut 1	L-30	L	33.6769902848242
L-30_1_CCATAGTCTAGTATCGCAGG	0	L-30_1	Astronaut 1	L-30	L	24.7895595586241
L-30_1_CCGCTCAGTTCCTAGGCGAA	6	L-30_1	Astronaut 1	L-30	L	31.5309366548867
L-30_1_CCGCTCGACCGATATGCGAA	4	L-30_1	Astronaut 1	L-30	L	21.6196678353237
L-30_1_CCGCTCGCAAGGTAAGCAGG	4	L-30_1	Astronaut 1	L-30	L	31.2048633547558
L-30_1_CCGCTGGTCCCTGGAGCGAA	2	L-30_1	Astronaut 1	L-30	L	30.2182359706516
L-30_1_CCGCTTGGACCTCCAGATAT	0	L-30_1	Astronaut 1	L-30	L	32.6222487461061
L-30_1_CCTAGAGTTGGTAGAGATGA	4	L-30_1	Astronaut 1	L-30	L	40.2800140424867
L-30_1_CCTAGCCTCAGAGTCGCAAC	0	L-30_1	Astronaut 1	L-30	L	38.3954675292877
L-30_1_CCTCAGAGTCGCAACGATAT	2	L-30_1	Astronaut 1	L-30	L	43.6909878893038
L-30_1_CCTCAGCCTTCAACTGATGA	0	L-30_1	Astronaut 1	L-30	L	52.3490714699536
L-30_1_CGAAGAGTTGCTAGTGCAAC	0	L-30_1	Astronaut 1	L-30	L	30.3970530659825
L-30_1_CGAAGCAGAAGCCTTGCAAC	5	L-30_1	Astronaut 1	L-30	L	30.3970531257559
L-30_1_CGAAGCGCAACGCCTGATAT	4	L-30_1	Astronaut 1	L-30	L	43.5229447311167
L-30_1_CGAAGTATCTCGTCGGATAT	4	L-30_1	Astronaut 1	L-30	L	39.0797472284099
L-30_1_CGAAGTGAGAGATGAGCGAA	3	L-30_1	Astronaut 1	L-30	L	49.4725658150955
L-30_1_CGACCAGTTGGGCAGGGCAG	1	L-30_1	Astronaut 1	L-30	L	50.2097856439313
L-30_1_CGACCGAACCGCGGTGCAGG	0	L-30_1	Astronaut 1	L-30	L	35.7935953612002
L-30_1_CGATTTATTGGCTGCGCAGG	3	L-30_1	Astronaut 1	L-30	L	35.988504783355
L-30_1_CGATTTGGACGCAGGGCGAA	4	L-30_1	Astronaut 1	L-30	L	31.2229731629785
L-30_1_CGCAATATGCCCATAGCAGG	0	L-30_1	Astronaut 1	L-30	L	49.5168383695187
L-30_1_CGCCTCAGCGCTTAAGGCGT	0	L-30_1	Astronaut 1	L-30	L	42.3335514377792
L-30_1_CGCCTCTGGACTAGTGCGAA	0	L-30_1	Astronaut 1	L-30	L	40.7309333461442
L-30_1_CGCTCATTGGGACTGGTAAT	6	L-30_1	Astronaut 1	L-30	L	36.3021766259515
L-30_1_CGGATGCAGGCCTCAGCGAA	0	L-30_1	Astronaut 1	L-30	L	48.3995790723403
L-30_1_CGGATTACGTCCATAGATAT	3	L-30_1	Astronaut 1	L-30	L	30.3606184981115
L-30_1_CGGCACTGGACGGCAGATAT	0	L-30_1	Astronaut 1	L-30	L	39.1737052219757
L-30_1_CGTCGATCCTCCATAGCGAA	3	L-30_1	Astronaut 1	L-30	L	31.8827177677789
L-30_1_CTAACGCTCTCTAACGGCAG	0	L-30_1	Astronaut 1	L-30	L	48.6432891495355
L-30_1_CTAACGTATCGTAATGCAAC	0	L-30_1	Astronaut 1	L-30	L	30.3970531855292
L-30_1_CTACGCAGAACCTAGGCGAA	6	L-30_1	Astronaut 1	L-30	L	37.3314371304993
L-30_1_CTACGGCAGGCTAGTGCAAC	4	L-30_1	Astronaut 1	L-30	L	48.6931320820305
L-30_1_CTACGGTAATCGCTCGGCAG	6	L-30_1	Astronaut 1	L-30	L	38.5046388427829
L-30_1_CTAGTAGCGGGAGCTGGCGT	0	L-30_1	Astronaut 1	L-30	L	42.3678176311834
L-30_1_CTCCATCCGGCGAAGGCAGG	4	L-30_1	Astronaut 1	L-30	L	38.4326406622055
L-30_1_CTCCATCGTACGCTCGCGAA	3	L-30_1	Astronaut 1	L-30	L	36.7962683762562
L-30_1_CTGGAAAGGTCGAAGGATGA	0	L-30_1	Astronaut 1	L-30	L	31.9609463323849
L-30_1_CTGGAACTTCGCTCTGATGA	2	L-30_1	Astronaut 1	L-30	L	49.4725658748689
L-30_1_CTGGAGGTCCGCGAAGCAAC	3	L-30_1	Astronaut 1	L-30	L	43.5234311178824
L-30_1_CTGGATCATCGCCTTGGCAG	0	L-30_1	Astronaut 1	L-30	L	38.5046389025562
L-30_1_CTTAAGGTCCCTAACGATGA	4	L-30_1	Astronaut 1	L-30	L	33.907241886857
L-30_1_CTTAATTCGAGCTCTGATAT	6	L-30_1	Astronaut 1	L-30	L	38.5046389623296
L-30_1_GAACCCAGCGGTATCGCAAC	3	L-30_1	Astronaut 1	L-30	L	43.8254259352411
L-30_1_GAACCGATGACAGTTGATAT	0	L-30_1	Astronaut 1	L-30	L	30.3970532453026
L-30_1_GAACCTATGCCGATTGTAAT	6	L-30_1	Astronaut 1	L-30	L	34.7206695552217
L-30_1_GACTGACTCGATTCAGATAT	3	L-30_1	Astronaut 1	L-30	L	43.5244237253635
L-30_1_GACTGATCCTGCGGTGATGA	0	L-30_1	Astronaut 1	L-30	L	31.5404420388556
L-30_1_GACTGCAGCGCGTCGGCGAA	6	L-30_1	Astronaut 1	L-30	L	31.6739539926672
L-30_1_GACTGGGAGCGGCGTGGCGT	0	L-30_1	Astronaut 1	L-30	L	31.9609463921582
L-30_1_GACTGGTCCGGTAGAGGCAG	2	L-30_1	Astronaut 1	L-30	L	51.3981914561287
L-30_1_GAGCTCCATACAACTGCGAA	4	L-30_1	Astronaut 1	L-30	L	49.4725659346422
L-30_1_GAGTCAACTCGCTGCGGCGT	4	L-30_1	Astronaut 1	L-30	L	33.1926170847252
L-30_1_GAGTCAGAACGATATGATGA	0	L-30_1	Astronaut 1	L-30	L	41.608701674319
L-30_1_GAGTCATTACCGGATGATAT	4	L-30_1	Astronaut 1	L-30	L	51.204676146532
L-30_1_GAGTCCGCTCGCCTTGCAGG	0	L-30_1	Astronaut 1	L-30	L	30.3970533050759
L-30_1_GAGTCGCCTTCCTCAGGCGT	0	L-30_1	Astronaut 1	L-30	L	29.4348622101435
L-30_1_GAGTCGCTGCCTGGAGCGAA	4	L-30_1	Astronaut 1	L-30	L	36.4549813445076
L-30_1_GAGTCTTCGACGTCGGATGA	0	L-30_1	Astronaut 1	L-30	L	46.1991982389912
L-30_1_GATATCGCTCCAACTGCGAA	7	L-30_1	Astronaut 1	L-30	L	43.5385874906735
L-30_1_GCAGGGCAACCTCCAGGCAG	4	L-30_1	Astronaut 1	L-30	L	34.8558336136096
L-30_1_GCCTTATGGCCGCCTGATAT	3	L-30_1	Astronaut 1	L-30	L	53.2190718829496
L-30_1_GCGGTCAGAACGACCGCAGG	5	L-30_1	Astronaut 1	L-30	L	35.9396544141901
L-30_1_GCGGTCGATTCGCAAGATGA	0	L-30_1	Astronaut 1	L-30	L	45.1606816369874
L-30_1_GCGGTGAGCTCGGCAGATGA	5	L-30_1	Astronaut 1	L-30	L	39.5606715003289
L-30_1_GCGGTGAGTCATTCAGATAT	4	L-30_1	Astronaut 1	L-30	L	44.0262512798316
L-30_1_GCTCTGAACCCCTCAGCGAA	5	L-30_1	Astronaut 1	L-30	L	50.3442242202963
L-30_1_GCTCTTATTGGTAGAGCAAC	0	L-30_1	Astronaut 1	L-30	L	31.2126903655589
L-30_1_GCTGCGATGACGAAGGTAAT	0	L-30_1	Astronaut 1	L-30	L	45.3071110539443
L-30_1_GCTTGGTCCGCAACTGCAGG	5	L-30_1	Astronaut 1	L-30	L	30.3970533648492
L-30_1_GGAGCATGGCATTGGGTAAT	0	L-30_1	Astronaut 1	L-30	L	33.1862192832507
L-30_1_GGTCCCGACCGCTCTGCGAA	0	L-30_1	Astronaut 1	L-30	L	33.1854383333088
L-30_1_GGTCCGCTGCGCAGGGATAT	0	L-30_1	Astronaut 1	L-30	L	34.7166264945047
L-30_1_GGTCCGTTAGGACTGGTAAT	4	L-30_1	Astronaut 1	L-30	L	35.9885048431283
L-30_1_GTAATCGACCGCGGTGATGA	0	L-30_1	Astronaut 1	L-30	L	34.1725468782762
L-30_1_GTAATCTCCAGATATGCGAA	6	L-30_1	Astronaut 1	L-30	L	36.5801553679055
L-30_1_GTAATTAGGACGCAAGGCAG	4	L-30_1	Astronaut 1	L-30	L	44.144872141302
L-30_1_GTAGAGTCCGGAACCGATAT	4	L-30_1	Astronaut 1	L-30	L	40.0632077909676
L-30_1_GTAGATATCTCTTAAGGCAG	0	L-30_1	Astronaut 1	L-30	L	38.5046390221029
L-30_1_GTAGATTAGCGCGGTGGCGT	4	L-30_1	Astronaut 1	L-30	L	41.6038521050376
L-30_1_GTATCAGGTCCGAAGGCAGG	0	L-30_1	Astronaut 1	L-30	L	36.7297451570201
L-30_1_GTATCCGACCCGATTGATAT	5	L-30_1	Astronaut 1	L-30	L	49.4725659944155
L-30_1_GTATCTCTACCAGTTGCAGG	6	L-30_1	Astronaut 1	L-30	L	50.7363437169396
L-30_1_GTCCGACCTACTAACGCAGG	2	L-30_1	Astronaut 1	L-30	L	44.1753129136027
L-30_1_GTCCGCAACTGCTTGGCGAA	4	L-30_1	Astronaut 1	L-30	L	38.3864648105128
L-30_1_GTCCGGACTGGCTGCGCGAA	0	L-30_1	Astronaut 1	L-30	L	37.3307142608811
L-30_1_GTCCGGAGCTGGTCCGGCAG	5	L-30_1	Astronaut 1	L-30	L	31.2624128478625
L-30_1_GTCCGTCCGGCCGCTGTAAT	4	L-30_1	Astronaut 1	L-30	L	30.7833985724328
L-30_1_GTCTAACGATCCGCTGATAT	4	L-30_1	Astronaut 1	L-30	L	39.1737052817491
L-30_1_GTCTACTGGAGCTTGGATAT	4	L-30_1	Astronaut 1	L-30	L	33.9298296571947
L-30_1_GTCTATTAGCCTTAAGCGAA	0	L-30_1	Astronaut 1	L-30	L	44.0135314415195
L-30_1_GTTAGATTCACCTCAGCGAA	6	L-30_1	Astronaut 1	L-30	L	31.923594208305
L-30_1_GTTAGGCCTTCAGTTGCGAA	3	L-30_1	Astronaut 1	L-30	L	24.7895596183975
L-30_1_TAAGGAACTCCTACGGCAAC	6	L-30_1	Astronaut 1	L-30	L	42.9926587943337
L-30_1_TAAGGCTAACCTGGAGGCAG	0	L-30_1	Astronaut 1	L-30	L	33.1845935091234
L-30_1_TAAGGCTGGACTGGAGGCGT	0	L-30_1	Astronaut 1	L-30	L	27.7339905476119
L-30_1_TAAGGGTCCGCTCCAGGCAG	4	L-30_1	Astronaut 1	L-30	L	49.0934486952357
L-30_1_TACGTGTCCGGAGCTGCGAA	6	L-30_1	Astronaut 1	L-30	L	36.7214915526902
L-30_1_TACGTTCAGTGAACCGTAAT	0	L-30_1	Astronaut 1	L-30	L	21.1157375654298
L-30_1_TAGAGCCATACGACCGCGAA	0	L-30_1	Astronaut 1	L-30	L	33.2830354513914
L-30_1_TAGAGCGACCGCTTGGGCGT	2	L-30_1	Astronaut 1	L-30	L	38.5513557535002
L-30_1_TAGAGCTCCACTCCAGGCAG	3	L-30_1	Astronaut 1	L-30	L	36.5801554276788
L-30_1_TAGAGCTTAACAATCGGCAG	0	L-30_1	Astronaut 1	L-30	L	24.7895596781708
L-30_1_TAGAGGCGAACGGATGCAAC	0	L-30_1	Astronaut 1	L-30	L	49.4725660541889
L-30_1_TAGAGGTCTACGCCTGTAAT	6	L-30_1	Astronaut 1	L-30	L	24.7895597379442
L-30_1_TAGGAGATGAGTATCGTAAT	4	L-30_1	Astronaut 1	L-30	L	39.9852995150407
L-30_1_TAGGATATGCATTGGGCGAA	4	L-30_1	Astronaut 1	L-30	L	43.8204969564809
L-30_1_TATCTCCTAGGGTCCGCAAC	1	L-30_1	Astronaut 1	L-30	L	39.2963855564954
L-30_1_TCAGTCGATTCAGCGGCAGG	4	L-30_1	Astronaut 1	L-30	L	38.5046390818762
L-30_1_TCAGTCTAACGAACCGCAAC	3	L-30_1	Astronaut 1	L-30	L	36.7214916124636
L-30_1_TCAGTGAACCCGCCTGGCGT	3	L-30_1	Astronaut 1	L-30	L	33.2924767078551
L-30_1_TCATCATGCGGCCTTGATAT	4	L-30_1	Astronaut 1	L-30	L	39.2955446950122
L-30_1_TCATCCGCAAGTATCGGCGT	0	L-30_1	Astronaut 1	L-30	L	43.5165900396717
L-30_1_TCATCGAGTCGAGCTGCAAC	6	L-30_1	Astronaut 1	L-30	L	31.8512331638011
L-30_1_TCATCTGCTAGGCGTGCGAA	0	L-30_1	Astronaut 1	L-30	L	36.1587173364835
L-30_1_TCCGGAAGGTGATATGCAAC	0	L-30_1	Astronaut 1	L-30	L	39.2972255577835
L-30_1_TCCGGACCTACGACCGGCAG	6	L-30_1	Astronaut 1	L-30	L	36.7261455216741
L-30_1_TCGCGGGTCCGTAATGCAAC	6	L-30_1	Astronaut 1	L-30	L	30.3606185578848
L-30_1_TCGCGGTAGAGAGTCGCAGG	4	L-30_1	Astronaut 1	L-30	L	39.1737053415224
L-30_1_TCGTAGTTAGATTCAGATAT	5	L-30_1	Astronaut 1	L-30	L	39.5295819997926
L-30_1_TCGTATATTGCAATCGATGA	3	L-30_1	Astronaut 1	L-30	L	30.2272225714937
L-30_1_TCTACCAGCGGCTGCGCAAC	4	L-30_1	Astronaut 1	L-30	L	39.1737054012957
L-30_1_TCTACCGAAGCGCCTGGCAG	2	L-30_1	Astronaut 1	L-30	L	33.9426724738098
L-30_1_TGCGCAACGACTAACGCAAC	0	L-30_1	Astronaut 1	L-30	L	38.5046391416496
L-30_1_TGCGCATGGCGCTTGGGCGT	0	L-30_1	Astronaut 1	L-30	L	44.0135315012929
L-30_1_TGCGCCGCAACTTAAGCAGG	4	L-30_1	Astronaut 1	L-30	L	39.5834989101575
L-30_1_TGCGCGGAGCGTAGAGCAGG	4	L-30_1	Astronaut 1	L-30	L	30.3970534246226
L-30_1_TGCGCGTAATGCGAAGTAAT	0	L-30_1	Astronaut 1	L-30	L	30.3970534843959
L-30_1_TGCGCGTCCGCTCCAGCAGG	3	L-30_1	Astronaut 1	L-30	L	38.5046392014229
L-30_1_TGCTAAGAGTGATATGGCAG	4	L-30_1	Astronaut 1	L-30	L	33.9298297169681
L-30_1_TGCTAAGGCTGCGAAGCAAC	1	L-30_1	Astronaut 1	L-30	L	30.3970535441693
L-30_1_TGCTAGTATCCCTCAGCGAA	5	L-30_1	Astronaut 1	L-30	L	27.7339906073852
L-30_1_TTAGCACTTCATTGGGCGAA	3	L-30_1	Astronaut 1	L-30	L	34.8605939830003
L-30_1_TTAGCATGGCATTCAGGCAG	4	L-30_1	Astronaut 1	L-30	L	44.3754571469807
L-30_1_TTAGCTATCTCGACCGCAAC	5	L-30_1	Astronaut 1	L-30	L	35.9885049029017
L-30_1_TTAGCTGGACCGAAGGATGA	7	L-30_1	Astronaut 1	L-30	L	21.1845321635965
L-30_1_TTATGACTCGCCTCAGATAT	4	L-30_1	Astronaut 1	L-30	L	30.3970536039426
L-30_1_TTATGATGCGCAATCGCGAA	6	L-30_1	Astronaut 1	L-30	L	38.6873141957384
L-30_1_TTATGCGCTCGCTTGGATAT	0	L-30_1	Astronaut 1	L-30	L	41.603852164811
L-30_1_TTATGGTAATGCTTGGCAGG	0	L-30_1	Astronaut 1	L-30	L	18.9950392172154
L-30_1_TTATGTTATGGATGAGCGAA	3	L-30_1	Astronaut 1	L-30	L	34.795981326641
L-30_1_TTCATCAGCGATTGGGCGAA	4	L-30_1	Astronaut 1	L-30	L	39.9885479323232
L-30_1_TTCATTAGAGGTATCGATAT	4	L-30_1	Astronaut 1	L-30	L	43.6236888492716
L-30_1_TTCATTGAGACAGCGGGCGT	0	L-30_1	Astronaut 1	L-30	L	35.988504962675
L-30_1_TTCGAATCTGCAGAAGCAAC	3	L-30_1	Astronaut 1	L-30	L	37.1517472675732
L-30_1_TTCGACCTCAGCTCTGATGA	0	L-30_1	Astronaut 1	L-30	L	61.4709308352755
L-30_1_TTCGAGTTAGGGCAGGGCAG	4	L-30_1	Astronaut 1	L-30	L	50.736343776713
L-30_1_TTCGATAAGGGAGCTGCGAA	6	L-30_1	Astronaut 1	L-30	L	50.3916847771546
L-30_1_TTGAACGTCGCCGCTGATGA	0	L-30_1	Astronaut 1	L-30	L	42.1245261035654
L-30_1_TTGAACGTCGCTAACGTAAT	0	L-30_1	Astronaut 1	L-30	L	36.2556386457176
L-30_1_TTGAACTCCACGAAGGCAAC	3	L-30_1	Astronaut 1	L-30	L	31.9005477117024
L-30_1_TTGAAGGCAGCCTAGGGCGT	4	L-30_1	Astronaut 1	L-30	L	54.8975080607217
L-30_2_AACCGACTCGCAGTTGCGGTC	1	L-30_2	Astronaut 2	L-30	L	50.5328294908079
L-30_2_AACCGATCTGCGATTGCGGTC	1	L-30_2	Astronaut 2	L-30	L	50.7600467535789
L-30_2_AACCGGCGAAGACTGGCGGTC	1	L-30_2	Astronaut 2	L-30	L	49.4725661139622
L-30_2_AACCGTAGAGCGCCTGCGGTC	1	L-30_2	Astronaut 2	L-30	L	50.2131592157497
L-30_2_AACGAATGGCGCTGCGCTCTC	1	L-30_2	Astronaut 2	L-30	L	41.6038522245843
L-30_2_AACGAGCCTTATTCAGCTCTC	1	L-30_2	Astronaut 2	L-30	L	39.1423541982435
L-30_2_AACGAGGTCCGCTCTGCTCTC	1	L-30_2	Astronaut 2	L-30	L	50.4078644063483
L-30_2_AACTCACCAGCAATCGCTGCC	1	L-30_2	Astronaut 2	L-30	L	50.5749003866725
L-30_2_AACTCCTCCACGCAAGCTGCC	1	L-30_2	Astronaut 2	L-30	L	38.453125008852
L-30_2_AACTCGCTGCCAGAAGCTGCC	1	L-30_2	Astronaut 2	L-30	L	48.172277407171
L-30_2_AAGACACGATCTAGTGCTTGC	7	L-30_2	Astronaut 2	L-30	L	52.5273326753704
L-30_2_AAGACCGCAAGGTCCGCTTGC	3	L-30_2	Astronaut 2	L-30	L	25.4194468813719
L-30_2_AAGACCTGGAGCGGTGCGAAA	0	L-30_2	Astronaut 2	L-30	L	38.333473386077
L-30_2_AAGACGGCAGGTATCGCTTGC	2	L-30_2	Astronaut 2	L-30	L	46.1960899374957
L-30_2_AAGACTCTACGCGAAGCTTGC	1	L-30_2	Astronaut 2	L-30	L	43.6842579120482
L-30_2_AAGACTTCATCTCCAGCTTGC	1	L-30_2	Astronaut 2	L-30	L	43.1343722555495
L-30_2_AAGGTGACTGCGCAAGGCAGC	2	L-30_2	Astronaut 2	L-30	L	36.7224051815532
L-30_2_ACCAGCGACCCGCCTGGCGTC	1	L-30_2	Astronaut 2	L-30	L	47.8463637444337
L-30_2_ACCAGCGACCCTAACGGCGTC	5	L-30_2	Astronaut 2	L-30	L	60.6827341452446
L-30_2_ACGATCAGTTCGAAGGGTCCC	1	L-30_2	Astronaut 2	L-30	L	49.4725661737356
L-30_2_ACGATGCTGCGGTCCGGTCCC	1	L-30_2	Astronaut 2	L-30	L	48.4177408842658
L-30_2_ACGATTGCTACGCCTGGTCCC	1	L-30_2	Astronaut 2	L-30	L	49.3705785653507
L-30_2_ACTAAATTACCAGTTGTAATC	1	L-30_2	Astronaut 2	L-30	L	61.4709308950488
L-30_2_ACTTCACCAGCGGATGTATCC	1	L-30_2	Astronaut 2	L-30	L	45.8957262072015
L-30_2_ACTTCCGAAGCTACGGTAATA	0	L-30_2	Astronaut 2	L-30	L	40.3443283881059
L-30_2_ACTTCTGCTAGCAACGTATCC	1	L-30_2	Astronaut 2	L-30	L	53.1196454670433
L-30_2_AGAACCCGCTCAATCGCAGGA	0	L-30_2	Astronaut 2	L-30	L	36.5298132975353
L-30_2_AGAGTCGCCTGCGGTGTCTAC	1	L-30_2	Astronaut 2	L-30	L	47.1268690000739
L-30_2_AGAGTGACTGGAACCGGCGTA	0	L-30_2	Astronaut 2	L-30	L	38.3334734458503
L-30_2_AGCGGAACTCGCTTGGTTAGC	1	L-30_2	Astronaut 2	L-30	L	36.7214916722369
L-30_2_AGCGGCGACCCAGAAGTTAGC	1	L-30_2	Astronaut 2	L-30	L	49.093448755009
L-30_2_AGGCTCCATAGCTTGGCAGGA	6	L-30_2	Astronaut 2	L-30	L	30.5867705553476
L-30_2_AGGCTGGCAGGACTGTAAGGC	1	L-30_2	Astronaut 2	L-30	L	48.4548204524651
L-30_2_AGGTCTCATCGCTTGTACGTC	1	L-30_2	Astronaut 2	L-30	L	48.4548205122384
L-30_2_AGTTGCGATTGGTAATAGAGC	1	L-30_2	Astronaut 2	L-30	L	51.540591261735
L-30_2_AGTTGGGAGCATTGGTAGAGC	1	L-30_2	Astronaut 2	L-30	L	48.1722774669443
L-30_2_AGTTGTTCGACGACCTAGAGC	2	L-30_2	Astronaut 2	L-30	L	47.869228405573
L-30_2_ATCCTAAGACCGCCTTAGGAC	3	L-30_2	Astronaut 2	L-30	L	42.745145799158
L-30_2_ATCCTCGATTGGTCCTAGGAC	2	L-30_2	Astronaut 2	L-30	L	61.4709309548222
L-30_2_ATCCTGAGCTGGCGTTAGGAC	1	L-30_2	Astronaut 2	L-30	L	48.4548205720118
L-30_2_ATCTGGTCTACGTCGTATCTC	1	L-30_2	Astronaut 2	L-30	L	51.8456779338091
L-30_2_ATGCGATGGCCGTCGTATGCC	1	L-30_2	Astronaut 2	L-30	L	50.1933918194789
L-30_2_ATGCGCGGATGCCTTGGCAGA	0	L-30_2	Astronaut 2	L-30	L	33.1833097457195
L-30_2_ATGCGTCGCGCGGCATATGCC	1	L-30_2	Astronaut 2	L-30	L	48.2853026986627
L-30_2_ATGGCACGATCGCCTTATTGC	1	L-30_2	Astronaut 2	L-30	L	53.7267979114446
L-30_2_ATGGCCTACGGACTGTATTGC	2	L-30_2	Astronaut 2	L-30	L	47.1123181787017
L-30_2_ATGGCTAGAGCTTAATATTGC	1	L-30_2	Astronaut 2	L-30	L	50.2460553325835
L-30_2_ATTACTGCGCCTGGATCAGTC	1	L-30_2	Astronaut 2	L-30	L	47.1859359052436
L-30_2_ATTGGACTTCCTAACTCCGGC	1	L-30_2	Astronaut 2	L-30	L	48.4177409440392
L-30_2_ATTGGCCATAGGCAGTCCGGC	1	L-30_2	Astronaut 2	L-30	L	44.0135315610662
L-30_2_ATTGGGGAGCGCTGCTCCGGC	1	L-30_2	Astronaut 2	L-30	L	54.6641531267591
L-30_2_CAACTAACCGGCTCTTCGCGC	1	L-30_2	Astronaut 2	L-30	L	47.2809242784731
L-30_2_CAACTACCAGGTATCTCGCGC	5	L-30_2	Astronaut 2	L-30	L	48.6829721282062
L-30_2_CAACTATTCAGCAACTCGCGC	1	L-30_2	Astronaut 2	L-30	L	24.7895597977175
L-30_2_CAACTGGAGCATTGGTCGCGC	1	L-30_2	Astronaut 2	L-30	L	51.8456779935825
L-30_2_CAATCAAGGTCTAGTGCAGGA	5	L-30_2	Astronaut 2	L-30	L	32.494811741748
L-30_2_CAATCCAGAAGCTGCTCGTAC	1	L-30_2	Astronaut 2	L-30	L	44.5286398379212
L-30_2_CAATCGGTAAGTAATTCGTAC	1	L-30_2	Astronaut 2	L-30	L	48.6307824502759
L-30_2_CAATCTACGTGATATTCGTAC	3	L-30_2	Astronaut 2	L-30	L	25.4194469411453
L-30_2_CAGAACTAACGTATCTCTACC	2	L-30_2	Astronaut 2	L-30	L	43.8710182864699
L-30_2_CAGAAGAGCTGGCGTTCTACC	5	L-30_2	Astronaut 2	L-30	L	51.8456780533558
L-30_2_CAGCGTTCATGCTGCTGAGAC	1	L-30_2	Astronaut 2	L-30	L	44.8639963118769
L-30_2_CAGTTCAACTCGCTCTGCGCC	1	L-30_2	Astronaut 2	L-30	L	31.2104406974229
L-30_2_CAGTTCGACCCGGATTGCGCC	1	L-30_2	Astronaut 2	L-30	L	49.7282515456384
L-30_2_CAGTTGGTAACTACGTGCGCC	1	L-30_2	Astronaut 2	L-30	L	47.8529543627644
L-30_2_CAGTTTACGTGCAACTGCGCC	5	L-30_2	Astronaut 2	L-30	L	25.4194470009186
L-30_2_CCATAAGGCTGGCAGTGCTAC	1	L-30_2	Astronaut 2	L-30	L	31.5404420986289
L-30_2_CCATAAGTTGGCGAATGCTAC	1	L-30_2	Astronaut 2	L-30	L	52.2298975963259
L-30_2_CCGCTTATTGCAACTTGGACC	1	L-30_2	Astronaut 2	L-30	L	48.1722775267176
L-30_2_CCTAGTACGTCAGCGTTAGCC	1	L-30_2	Astronaut 2	L-30	L	48.172277586491
L-30_2_CCTCAGAACCGCCTTTTATGC	1	L-30_2	Astronaut 2	L-30	L	56.8444508162041
L-30_2_CCTCAGTAATGGTCCTTATGC	1	L-30_2	Astronaut 2	L-30	L	49.2310634318041
L-30_2_CCTCATGAGAGATATTTATGC	1	L-30_2	Astronaut 2	L-30	L	44.939189354884
L-30_2_CGAAGAAGGTGCAGGTTCATC	1	L-30_2	Astronaut 2	L-30	L	46.1991982987645
L-30_2_CGAAGACTTCATTGGTTCATC	2	L-30_2	Astronaut 2	L-30	L	49.4528771233682
L-30_2_CGAAGCGGCAGAGTCGTAATA	0	L-30_2	Astronaut 2	L-30	L	39.1737054610691
L-30_2_CGAAGGAACCGATATTTCATC	1	L-30_2	Astronaut 2	L-30	L	25.419447060692
L-30_2_CGATTACTAAGAACCTTGAAC	1	L-30_2	Astronaut 2	L-30	L	53.7332828457557
L-30_2_CGCAAAGGCTCAACTAACCGC	1	L-30_2	Astronaut 2	L-30	L	49.7282516054117
L-30_2_CGCAAAGTTGCTTAAAACCGC	1	L-30_2	Astronaut 2	L-30	L	31.5404421584023
L-30_2_CGCAAATTGGCCGCTAACCGC	1	L-30_2	Astronaut 2	L-30	L	47.9013570847428
L-30_2_CGCAATTGAACAATCGGCAGA	6	L-30_2	Astronaut 2	L-30	L	30.4554507245908
L-30_2_CGCCTCTAACATTGGAACGAC	1	L-30_2	Astronaut 2	L-30	L	50.6040409136215
L-30_2_CGCCTGTCCGGGTCCAACGAC	1	L-30_2	Astronaut 2	L-30	L	49.728251665185
L-30_2_CGCTCCGCAAGCGAAAACTCC	2	L-30_2	Astronaut 2	L-30	L	44.6965268127872
L-30_2_CGCTCGGAGCCTGGAGGCAGA	3	L-30_2	Astronaut 2	L-30	L	34.2831625418476
L-30_2_CGCTCTGGACGACTGAACTCC	1	L-30_2	Astronaut 2	L-30	L	52.5365831696818
L-30_2_CGGATCTCCACAGCGAAGACC	1	L-30_2	Astronaut 2	L-30	L	51.0476027797153
L-30_2_CGGCAACCAGCAATCAAGCAC	1	L-30_2	Astronaut 2	L-30	L	45.9466029991796
L-30_2_CGTCGCAGCGCAGCGAAGGTC	1	L-30_2	Astronaut 2	L-30	L	43.3514954380489
L-30_2_CGTCGGAGTCGCTGCAAGGTC	1	L-30_2	Astronaut 2	L-30	L	50.1907430374217
L-30_2_CTAACATGGCCGCCTACCAGC	1	L-30_2	Astronaut 2	L-30	L	49.2151400245812
L-30_2_CTCCAACTTCCCATAACTAAC	3	L-30_2	Astronaut 2	L-30	L	43.1228373187668
L-30_2_CTCCAATCTGCCATAACTAAC	1	L-30_2	Astronaut 2	L-30	L	53.0155707817807
L-30_2_CTGGACCTCACTTAAACTCGC	1	L-30_2	Astronaut 2	L-30	L	39.0644553096578
L-30_2_CTGGATAGAGATTGGACTCGC	3	L-30_2	Astronaut 2	L-30	L	50.3790707870191
L-30_2_CTTAACAGTTCTACGACTTCC	1	L-30_2	Astronaut 2	L-30	L	50.6646865050518
L-30_2_CTTAACTAACCTCCAACTTCC	1	L-30_2	Astronaut 2	L-30	L	49.1683400482585
L-30_2_GAACCAACCGGGTAAAGAACC	1	L-30_2	Astronaut 2	L-30	L	50.7363438364863
L-30_2_GAACCAGAACGGAGCGATATA	1	L-30_2	Astronaut 2	L-30	L	39.1675085717671
L-30_2_GAACCCTACGGCAGGAGAACC	1	L-30_2	Astronaut 2	L-30	L	48.7488338034259
L-30_2_GACTGAGCGGCGATTAGAGTC	1	L-30_2	Astronaut 2	L-30	L	48.6672219654629
L-30_2_GAGCTACCTACGTCGAGCGGC	2	L-30_2	Astronaut 2	L-30	L	54.7439008062397
L-30_2_GAGTCATTACCAACTAGGCTC	1	L-30_2	Astronaut 2	L-30	L	36.5801554874522
L-30_2_GATATTATGCGCGGTAGGTCC	1	L-30_2	Astronaut 2	L-30	L	50.4278970993796
L-30_2_GATATTTGAAGATGAAGGTCC	1	L-30_2	Astronaut 2	L-30	L	36.1587173962569
L-30_2_GCAACAGAGTCAGCGATCCTC	1	L-30_2	Astronaut 2	L-30	L	44.8444829527631
L-30_2_GCAACATTGGCGCAAATCCTC	0	L-30_2	Astronaut 2	L-30	L	61.4709310145955
L-30_2_GCAACTACGTCGCAAATCCTC	1	L-30_2	Astronaut 2	L-30	L	48.1722776462643
L-30_2_GCAGGCGACCCTAGTATCTGC	1	L-30_2	Astronaut 2	L-30	L	50.2622604659799
L-30_2_GCAGGCGCCTCTCCAATCTGC	1	L-30_2	Astronaut 2	L-30	L	50.1055416178121
L-30_2_GCAGGGTCCGCAGTTATCTGC	1	L-30_2	Astronaut 2	L-30	L	46.698552004697
L-30_2_GCCTTCAGTTGCGGTATGCGC	1	L-30_2	Astronaut 2	L-30	L	44.9391894146573
L-30_2_GCCTTTACGTCTAACATGCGC	1	L-30_2	Astronaut 2	L-30	L	31.5404422181756
L-30_2_GCGGTGAGTCCGATTATTACC	1	L-30_2	Astronaut 2	L-30	L	52.9816787785166
L-30_2_GCGGTTAGAGCGGCAGGCGTA	0	L-30_2	Astronaut 2	L-30	L	39.0514933119844
L-30_2_GCTCTCAATCCAGCGATTCAC	1	L-30_2	Astronaut 2	L-30	L	47.3899833656779
L-30_2_GCTCTGCGAACTAACATTCAC	1	L-30_2	Astronaut 2	L-30	L	54.633274317836
L-30_2_GCTCTTGCGCGCTGCATTCAC	1	L-30_2	Astronaut 2	L-30	L	44.8858713640908
L-30_2_GCTCTTGCTACCTCAATTCAC	7	L-30_2	Astronaut 2	L-30	L	49.4725662335089
L-30_2_GCTGCCAGCGGCTGCATTGGC	3	L-30_2	Astronaut 2	L-30	L	25.4194471204653
L-30_2_GCTGCCGATTCCATAATTGGC	1	L-30_2	Astronaut 2	L-30	L	54.8598476742746
L-30_2_GCTTGGGAGCCGCTCGGCAGA	2	L-30_2	Astronaut 2	L-30	L	22.4047233973253
L-30_2_GGAGCAGGCTGCGAACAATCC	1	L-30_2	Astronaut 2	L-30	L	48.4177410038125
L-30_2_GGAGCGCCTTCAACTCAATCC	1	L-30_2	Astronaut 2	L-30	L	50.7714743925997
L-30_2_GGAGCTTATGGGTAACAATCC	1	L-30_2	Astronaut 2	L-30	L	40.5663190016168
L-30_2_GGCGTCGACCCGGCACAGCGC	1	L-30_2	Astronaut 2	L-30	L	52.2128087422749
L-30_2_GGCGTGCGGTCGAAGCAGCGC	1	L-30_2	Astronaut 2	L-30	L	48.5572239023948
L-30_2_GGTAAAAGCACGCCTGATGAA	7	L-30_2	Astronaut 2	L-30	L	40.0029777942107
L-30_2_GGTAAAGTTGCGCAACAGTTC	1	L-30_2	Astronaut 2	L-30	L	48.4548206317851
L-30_2_GGTAAAGTTGCTTAACAGTTC	1	L-30_2	Astronaut 2	L-30	L	44.1066254822205
L-30_2_GGTAATATCTGCTCTCAGTTC	1	L-30_2	Astronaut 2	L-30	L	25.4194471802386
L-30_2_GGTCCGCGAACGCCTCCATAC	1	L-30_2	Astronaut 2	L-30	L	49.7282517249584
L-30_2_GTAATAAGCAGGTCCGATGAA	0	L-30_2	Astronaut 2	L-30	L	27.7339906671586
L-30_2_GTAATAAGGTCAGTTCCGCTC	1	L-30_2	Astronaut 2	L-30	L	38.5046392611962
L-30_2_GTAATGCAACGCCTTCCGCTC	2	L-30_2	Astronaut 2	L-30	L	43.8675957988688
L-30_2_GTATCACTAAGCTTGCCTCAC	2	L-30_2	Astronaut 2	L-30	L	50.12066573015
L-30_2_GTATCACTTCGATGACCTCAC	1	L-30_2	Astronaut 2	L-30	L	31.5404422779489
L-30_2_GTCCGACTTCCAGAAGATGAA	0	L-30_2	Astronaut 2	L-30	L	44.0135316208396
L-30_2_GTCCGACTTCGAGCTCGAAGC	2	L-30_2	Astronaut 2	L-30	L	52.5365832294551
L-30_2_GTCCGGCCTTCGAAGCGAAGC	1	L-30_2	Astronaut 2	L-30	L	30.3606186176582
L-30_2_GTCTAGTTAGCGTCGCGACCC	1	L-30_2	Astronaut 2	L-30	L	46.7381355930238
L-30_2_GTTAGACTCGATTCACGATTC	2	L-30_2	Astronaut 2	L-30	L	52.5332982578529
L-30_2_GTTAGACTCGGGCAGCGATTC	1	L-30_2	Astronaut 2	L-30	L	30.3606186774315
L-30_2_GTTAGCGATTCTAGTCGATTC	2	L-30_2	Astronaut 2	L-30	L	25.419447240012
L-30_2_GTTAGGGAGCCTACGGCGAAA	0	L-30_2	Astronaut 2	L-30	L	27.7339907269319
L-30_2_GTTAGTAAGGCTCCACGATTC	1	L-30_2	Astronaut 2	L-30	L	48.4063850500723
L-30_2_TAAGGAGGTCGAACCCGCAAC	1	L-30_2	Astronaut 2	L-30	L	51.8840240374574
L-30_2_TAAGGTGGACGTAATCGCAAC	1	L-30_2	Astronaut 2	L-30	L	50.7408245383003
L-30_2_TACGTGCTTGCTAACCGCCTC	3	L-30_2	Astronaut 2	L-30	L	52.5365832892284
L-30_2_TAGAGAGGTCCAACTCGCTCC	1	L-30_2	Astronaut 2	L-30	L	48.4548206915584
L-30_2_TAGAGGCAGGGGCGTCGCTCC	3	L-30_2	Astronaut 2	L-30	L	46.8889481173083
L-30_2_TAGAGTATCTCGGCAGATATA	0	L-30_2	Astronaut 2	L-30	L	39.1737055208424
L-30_2_TAGGACGGATGGAGCCGGATC	2	L-30_2	Astronaut 2	L-30	L	49.4725662932822
L-30_2_TAGGAGCGGTGCAACCGGATC	1	L-30_2	Astronaut 2	L-30	L	49.4725663530556
L-30_2_TAGGATGAGACAATCCGGATC	5	L-30_2	Astronaut 2	L-30	L	44.1448722010753
L-30_2_TATCTAGGTCCGACCCGGCAC	1	L-30_2	Astronaut 2	L-30	L	51.2026658042802
L-30_2_TATCTCGCAACCTCACGGCAC	1	L-30_2	Astronaut 2	L-30	L	47.3075380288818
L-30_2_TATCTGAGTCGAGCTCGGCAC	1	L-30_2	Astronaut 2	L-30	L	46.9486903985002
L-30_2_TATCTGCAACGCGGTCGGCAC	1	L-30_2	Astronaut 2	L-30	L	46.1991983585378
L-30_2_TATGCAAGGTCGGCAGTAATA	0	L-30_2	Astronaut 2	L-30	L	35.9885050224483
L-30_2_TATTGACTAACGACCGCGAAA	0	L-30_2	Astronaut 2	L-30	L	41.6047953811728
L-30_2_TATTGCTGGACGGCACTAACC	2	L-30_2	Astronaut 2	L-30	L	48.5572239621682
L-30_2_TATTGTTCATGTAGACTAACC	1	L-30_2	Astronaut 2	L-30	L	18.9950392769887
L-30_2_TCAGTACGATCTTAACTACGC	1	L-30_2	Astronaut 2	L-30	L	24.7895598574908
L-30_2_TCAGTGCAACGCTGCCTACGC	2	L-30_2	Astronaut 2	L-30	L	43.5244237851368
L-30_2_TCAGTTTCATCTACGCTACGC	1	L-30_2	Astronaut 2	L-30	L	50.4366500233709
L-30_2_TCATCGTCCGCGCAACTAGTC	1	L-30_2	Astronaut 2	L-30	L	46.5582002301787
L-30_2_TCATCTAGGAGTATCCTAGTC	1	L-30_2	Astronaut 2	L-30	L	25.4194472997853
L-30_2_TCCGGAGTTGGCTTGCTCCAC	0	L-30_2	Astronaut 2	L-30	L	31.5404423377223
L-30_2_TCCGGCCATAGGTAACTCCAC	1	L-30_2	Astronaut 2	L-30	L	46.9486904582736
L-30_2_TCCGGGCGAAGCTTGCTCCAC	2	L-30_2	Astronaut 2	L-30	L	53.0404970960053
L-30_2_TCCGGGTAGAGCTGCCTCCAC	1	L-30_2	Astronaut 2	L-30	L	46.1991984183112
L-30_2_TCCGGGTCTAGCTTGCTCCAC	2	L-30_2	Astronaut 2	L-30	L	53.2634372708247
L-30_2_TCGCGACTTCCGCCTCTGGAC	5	L-30_2	Astronaut 2	L-30	L	39.2971325257443
L-30_2_TCGCGATCTGGGTCCCTGGAC	1	L-30_2	Astronaut 2	L-30	L	49.6447590789272
L-30_2_TCGTACGGATCTAACCTTAAC	1	L-30_2	Astronaut 2	L-30	L	30.3970536637159
L-30_2_TCTACATGCGGCTGCGAACCC	1	L-30_2	Astronaut 2	L-30	L	52.3419343048424
L-30_2_TCTACGATGAGTATCGAACCC	1	L-30_2	Astronaut 2	L-30	L	51.0476028394886
L-30_2_TGAGAAAGGTCCTAGGACTGC	1	L-30_2	Astronaut 2	L-30	L	31.5404423974956
L-30_2_TGAGAGTAGACTGGAGACTGC	1	L-30_2	Astronaut 2	L-30	L	48.2570698479925
L-30_2_TGCGCACCTAGCCTTGAGCTC	2	L-30_2	Astronaut 2	L-30	L	49.0934488147823
L-30_2_TGCGCAGTTGCTAGTGAGCTC	0	L-30_2	Astronaut 2	L-30	L	49.3715657484691
L-30_2_TGCGCGCGGTGGTCCGAGCTC	3	L-30_2	Astronaut 2	L-30	L	45.1074747744528
L-30_2_TGCTAAAGCACAGTTGAGTCC	1	L-30_2	Astronaut 2	L-30	L	34.0232988419264
L-30_2_TGCTAACTTCCGATTGAGTCC	1	L-30_2	Astronaut 2	L-30	L	42.2790485659176
L-30_2_TGCTAAGGTCGCAGGGAGTCC	3	L-30_2	Astronaut 2	L-30	L	38.5046393209696
L-30_2_TGCTACCATACGATTGAGTCC	1	L-30_2	Astronaut 2	L-30	L	53.6755301959218
L-30_2_TGGACAAGCAGGTAAGTAATA	2	L-30_2	Astronaut 2	L-30	L	31.8697296080414
L-30_2_TGGACCGTCGATTCAGATATC	3	L-30_2	Astronaut 2	L-30	L	49.7282517847317
L-30_2_TGGACGCAACGCTGCGATATC	1	L-30_2	Astronaut 2	L-30	L	24.7895599172642
L-30_2_TTATGATGCGCAACTGCAACC	2	L-30_2	Astronaut 2	L-30	L	41.9155768140431
L-30_2_TTATGTCCGGGGCAGGCAACC	6	L-30_2	Astronaut 2	L-30	L	25.4194473595587
L-30_2_TTCATACTCGCGAAGGCAGGC	1	L-30_2	Astronaut 2	L-30	L	48.6961858786453
L-30_2_TTCATATCTGGCTGCGCAGGC	1	L-30_2	Astronaut 2	L-30	L	48.333046686133
L-30_2_TTCATCAATCGCTTGGCAGGC	1	L-30_2	Astronaut 2	L-30	L	53.6735406590489
L-30_2_TTCATCGGATGGCGTGCAGGC	1	L-30_2	Astronaut 2	L-30	L	46.4889194481883
L-30_2_TTCATTATTGGATGAGCAGGC	1	L-30_2	Astronaut 2	L-30	L	46.1275498103598
L-30_2_TTCATTGAGAGGCGTGCAGGC	1	L-30_2	Astronaut 2	L-30	L	46.4825667103289
L-30_2_TTCATTTAGCGGTAAGCAGGC	1	L-30_2	Astronaut 2	L-30	L	36.5801555472255
L-30_2_TTCGAATGGCGCGGTGCCTTC	1	L-30_2	Astronaut 2	L-30	L	45.0286736576729
L-30_2_TTCGACTCCAGTAATGCCTTC	1	L-30_2	Astronaut 2	L-30	L	30.3606187372048
L-30_2_TTCGATAGGACTTAAGCCTTC	1	L-30_2	Astronaut 2	L-30	L	25.419447419332
L-30_2_TTGAAAAGGTCCGCTGCGAAC	1	L-30_2	Astronaut 2	L-30	L	48.3664279882616
L-30_2_TTGAAAAGGTGCCTTGCGAAC	3	L-30_2	Astronaut 2	L-30	L	52.5314526041939
L-30_2_TTGAACGGCACGCCTGCGAAC	1	L-30_2	Astronaut 2	L-30	L	52.2808344528412
L-30_2_TTGAAGTAGACAACTGCGAAC	1	L-30_2	Astronaut 2	L-30	L	46.9486905180469
L-30_2_TTGAAGTCTAGCTTGGCGAAC	1	L-30_2	Astronaut 2	L-30	L	47.112318238475
L-30_2_TTGAATTGAAGCGGTGCGAAC	1	L-30_2	Astronaut 2	L-30	L	50.5245844907768
L-30_3_AACCGCCATAGTAATGCTTG	5	L-30_3	Astronaut 3	L-30	L	52.013343490045
L-30_3_AACCGGAGCTGCAGGGATAT	0	L-30_3	Astronaut 3	L-30	L	49.1318450714285
L-30_3_AACCGGGTCCGCAACGGCAG	2	L-30_3	Astronaut 3	L-30	L	57.8396898691964
L-30_3_AACCGTAGGACGTCGGTAAT	0	L-30_3	Astronaut 3	L-30	L	50.509795741373
L-30_3_AACGAAAGCACGCCTGCTCT	4	L-30_3	Astronaut 3	L-30	L	50.7208553694919
L-30_3_AACGACGCAACGAAGTAAGG	0	L-30_3	Astronaut 3	L-30	L	52.5280453685474
L-30_3_AACGAGCTTGCTGGAGCAGG	4	L-30_3	Astronaut 3	L-30	L	37.6597537587956
L-30_3_AACTCATGGCGGCGTGGCAG	3	L-30_3	Astronaut 3	L-30	L	52.5335748709272
L-30_3_AACTCTCTACGGAGCGCGAA	0	L-30_3	Astronaut 3	L-30	L	56.2932710027654
L-30_3_AAGCAAGAACGTAATGGCAG	0	L-30_3	Astronaut 3	L-30	L	55.5438678874854
L-30_3_AAGCAATCCTGAACCGTAAT	6	L-30_3	Astronaut 3	L-30	L	51.3360757762436
L-30_3_AAGGTCTAACGATATGATAT	2	L-30_3	Astronaut 3	L-30	L	52.5258994883177
L-30_3_ACCTACGCCTGCCTTGATGA	1	L-30_3	Astronaut 3	L-30	L	57.8396899289697
L-30_3_ACCTAGATATGTAATTAAGG	0	L-30_3	Astronaut 3	L-30	L	53.6520267713496
L-30_3_ACTAAGATGAGCCTTGGCGT	6	L-30_3	Astronaut 3	L-30	L	53.6339745192249
L-30_3_ACTAAGTCTACGCCTGCTCT	6	L-30_3	Astronaut 3	L-30	L	53.7332829055291
L-30_3_ACTAAGTCTACGCTCGGCGT	2	L-30_3	Astronaut 3	L-30	L	53.6346897751333
L-30_3_ACTCGAAGGTCGTCGGATAT	0	L-30_3	Astronaut 3	L-30	L	48.4177410635858
L-30_3_ACTCGTATGCCGTCGGATAT	2	L-30_3	Astronaut 3	L-30	L	55.5932959889561
L-30_3_ACTCGTCTACCCTAGGATAT	5	L-30_3	Astronaut 3	L-30	L	57.9951063953769
L-30_3_ACTTCTGCTACGGATGCGAA	0	L-30_3	Astronaut 3	L-30	L	55.3813483675062
L-30_3_ACTTCTGCTAGCGGTGATAT	0	L-30_3	Astronaut 3	L-30	L	55.754714377933
L-30_3_AGGCTCAGCGGGCGTGCTTG	0	L-30_3	Astronaut 3	L-30	L	53.6169677254446
L-30_3_AGGCTGAACCCGCCTGCAAC	0	L-30_3	Astronaut 3	L-30	L	56.7070930711837
L-30_3_AGGTCCCGCTCAGTTGATGA	2	L-30_3	Astronaut 3	L-30	L	58.7012570577892
L-30_3_AGGTCCGAAGCGAAGGCGAA	0	L-30_3	Astronaut 3	L-30	L	25.4194474791053
L-30_3_AGGTCGGTCCCCTAGGTAAT	0	L-30_3	Astronaut 3	L-30	L	56.5800310128767
L-30_3_AGGTCGGTCCCGCAAGATGA	0	L-30_3	Astronaut 3	L-30	L	52.3260776891829
L-30_3_AGTTGAGGTCGCTTGGATGA	7	L-30_3	Astronaut 3	L-30	L	47.7369468069211
L-30_3_AGTTGGCAGGCGTCGGCTTG	1	L-30_3	Astronaut 3	L-30	L	51.5742146696893
L-30_3_ATCTGGGTCCGAACCGTAAT	1	L-30_3	Astronaut 3	L-30	L	53.7332829653024
L-30_3_ATCTGTCCGGGCGGTGCAAC	3	L-30_3	Astronaut 3	L-30	L	54.3711854597402
L-30_3_ATGGCCAGTTCAGCGGCAAC	0	L-30_3	Astronaut 3	L-30	L	49.728251844505
L-30_3_ATGGCTCATCCGATTTAAGG	1	L-30_3	Astronaut 3	L-30	L	60.1225383313073
L-30_3_ATTACCAATCGCGGTGATGA	0	L-30_3	Astronaut 3	L-30	L	56.5890887468161
L-30_3_ATTACCAATCGCGGTGGCGT	0	L-30_3	Astronaut 3	L-30	L	57.572225119911
L-30_3_ATTACTCATCCTCCAGCAAC	2	L-30_3	Astronaut 3	L-30	L	56.8309988413619
L-30_3_ATTACTGCTACTAGTGGCGT	0	L-30_3	Astronaut 3	L-30	L	54.743900866013
L-30_3_ATTGGAACGAGTAATGTAAT	3	L-30_3	Astronaut 3	L-30	L	51.8456781131291
L-30_3_ATTGGCGCAACGACCGCTTG	1	L-30_3	Astronaut 3	L-30	L	53.5186474474889
L-30_3_ATTGGCTCCAGCTTGGCAGG	0	L-30_3	Astronaut 3	L-30	L	54.2800527178473
L-30_3_CAACTAGGTCCTCCAGGCAG	0	L-30_3	Astronaut 3	L-30	L	51.5655916233924
L-30_3_CAACTCAGAACTGGAGCAAC	2	L-30_3	Astronaut 3	L-30	L	53.6362485686141
L-30_3_CAACTCCTCAGAGTCGTAAT	0	L-30_3	Astronaut 3	L-30	L	54.6332743776094
L-30_3_CAACTCGATTCTGGAGATGA	3	L-30_3	Astronaut 3	L-30	L	57.4658568706305
L-30_3_CAACTTCGCGCTACGGCGAA	3	L-30_3	Astronaut 3	L-30	L	51.5402928936861
L-30_3_CAATCCCGCTGTAATGATAT	7	L-30_3	Astronaut 3	L-30	L	58.0719243422294
L-30_3_CAGCGCCTCACTGGAGATAT	0	L-30_3	Astronaut 3	L-30	L	52.9908752087842
L-30_3_CAGTTGCTTGGAGTCGCCTT	3	L-30_3	Astronaut 3	L-30	L	52.525899548091
L-30_3_CAGTTTAGAGGAGTCGATAT	0	L-30_3	Astronaut 3	L-30	L	57.5722251796843
L-30_3_CAGTTTCGTAGCCTTGCGAA	2	L-30_3	Astronaut 3	L-30	L	53.6363484260936
L-30_3_CCATAAGGTCCAATCGATGA	0	L-30_3	Astronaut 3	L-30	L	56.5769545576326
L-30_3_CCATATGAGACGCTCGATAT	0	L-30_3	Astronaut 3	L-30	L	51.8456781729025
L-30_3_CCGCTAACGAGATATGCGAA	3	L-30_3	Astronaut 3	L-30	L	54.3216120281763
L-30_3_CCTAGAGTTGGCTGCGCGAA	1	L-30_3	Astronaut 3	L-30	L	53.6735407188222
L-30_3_CCTAGCTAACCAGAAGATAT	2	L-30_3	Astronaut 3	L-30	L	52.5365833490018
L-30_3_CCTAGGCGAACTACGGCTTG	6	L-30_3	Astronaut 3	L-30	L	54.5222879436813
L-30_3_CCTCACGCCTGCAGGGGCGT	1	L-30_3	Astronaut 3	L-30	L	53.5871081809691
L-30_3_CCTCAGTATCCAGTTGCTTG	1	L-30_3	Astronaut 3	L-30	L	52.5365834087751
L-30_3_CGAAGAGTTGCTTAAGGCAG	0	L-30_3	Astronaut 3	L-30	L	55.3324401403426
L-30_3_CGAAGGCAACCCATAGGCGT	2	L-30_3	Astronaut 3	L-30	L	57.839689988743
L-30_3_CGACCGGAGCCGCTCGATAT	0	L-30_3	Astronaut 3	L-30	L	49.1683401080318
L-30_3_CGACCTCTACGTAATGCAAC	0	L-30_3	Astronaut 3	L-30	L	52.0150040168423
L-30_3_CGATTCAGCGGGCAGGGCAG	1	L-30_3	Astronaut 3	L-30	L	47.1123182982484
L-30_3_CGCTCGACTGCTACGGGCGT	1	L-30_3	Astronaut 3	L-30	L	55.569960022122
L-30_3_CGGATGCCTTGCCTTGCTCT	4	L-30_3	Astronaut 3	L-30	L	54.6190159531386
L-30_3_CGGCAATTACCTCCAGTAAT	0	L-30_3	Astronaut 3	L-30	L	56.5199939213254
L-30_3_CTAACTCATCGAACCGCAGG	0	L-30_3	Astronaut 3	L-30	L	52.2040040467328
L-30_3_CTACGCTCCACCTCAGCGAA	6	L-30_3	Astronaut 3	L-30	L	55.8008394602411
L-30_3_CTAGTGCGGTCCTAGGCGAA	0	L-30_3	Astronaut 3	L-30	L	48.1854759849007
L-30_3_CTAGTGCTGCCCATAGGCAG	0	L-30_3	Astronaut 3	L-30	L	46.9486905778202
L-30_3_CTCCACGATTGGTAAGATGA	5	L-30_3	Astronaut 3	L-30	L	48.2086747353016
L-30_3_CTCCACTCCACCTCAGATGA	1	L-30_3	Astronaut 3	L-30	L	52.2920679267665
L-30_3_CTGGAGAACCCTCCAGGCGT	0	L-30_3	Astronaut 3	L-30	L	48.4548207513318
L-30_3_CTGGATAAGGGGCGTGCTCT	0	L-30_3	Astronaut 3	L-30	L	49.4322373888628
L-30_3_CTGGATCGTACGTCGGATAT	5	L-30_3	Astronaut 3	L-30	L	51.8456782326758
L-30_3_CTTAAGCTGCGAGTCGATGA	3	L-30_3	Astronaut 3	L-30	L	50.1271036495467
L-30_3_GACTGACTAACCGCTTAAGG	2	L-30_3	Astronaut 3	L-30	L	57.8490485370286
L-30_3_GACTGGGCAGATTCAGCGAA	0	L-30_3	Astronaut 3	L-30	L	54.7439009257863
L-30_3_GAGCTACGATGCAACGATAT	2	L-30_3	Astronaut 3	L-30	L	44.5286398976945
L-30_3_GAGCTCCTAGATTCAGATAT	0	L-30_3	Astronaut 3	L-30	L	52.0821907376227
L-30_3_GAGTCCGACCGGCAGGATAT	5	L-30_3	Astronaut 3	L-30	L	48.1636480514182
L-30_3_GAGTCTGGACATTCAGGCAG	6	L-30_3	Astronaut 3	L-30	L	50.7363438962596
L-30_3_GATATACCAGCTGGAGCTTG	5	L-30_3	Astronaut 3	L-30	L	25.4194475388787
L-30_3_GATGACGGATCAGAAGGCGT	2	L-30_3	Astronaut 3	L-30	L	51.5228848148804
L-30_3_GATGAGTCTAATTGGGGCGT	2	L-30_3	Astronaut 3	L-30	L	53.6099623358033
L-30_3_GCAACCAATCGCTTGGGCAG	3	L-30_3	Astronaut 3	L-30	L	54.6332744373827
L-30_3_GCAGGAACGACGATTGATGA	3	L-30_3	Astronaut 3	L-30	L	54.5682052631424
L-30_3_GCCTTTAAGGCCTCAGATAT	3	L-30_3	Astronaut 3	L-30	L	51.0476028992619
L-30_3_GCCTTTATGCCCGCTGCGAA	0	L-30_3	Astronaut 3	L-30	L	55.1352993252319
L-30_3_GCGGTGGAGCGAGCTGGCAG	4	L-30_3	Astronaut 3	L-30	L	55.7241785779293
L-30_3_GCTCTGCCTTCTTAAGTAAT	4	L-30_3	Astronaut 3	L-30	L	49.1925494571081
L-30_3_GCTCTGCTGCCCTAGGATAT	3	L-30_3	Astronaut 3	L-30	L	51.1794743458384
L-30_3_GCTGCCTACGGACTGGCGAA	0	L-30_3	Astronaut 3	L-30	L	58.7145800848623
L-30_3_GCTTGGTAATCCTAGGGCGT	5	L-30_3	Astronaut 3	L-30	L	53.5188054877918
L-30_3_GGAGCGTTAGGTATCGCGAA	0	L-30_3	Astronaut 3	L-30	L	58.7255862816917
L-30_3_GGCAGATTCAGGTAAGATGA	5	L-30_3	Astronaut 3	L-30	L	54.7439009855597
L-30_3_GGCAGGATATCAGAAGGCGT	0	L-30_3	Astronaut 3	L-30	L	54.633274497156
L-30_3_GGCAGTAGAGGCTTGGATGA	3	L-30_3	Astronaut 3	L-30	L	46.6217291381032
L-30_3_GGCAGTTAGCCGCAAGCAAC	0	L-30_3	Astronaut 3	L-30	L	57.5722252394576
L-30_3_GGCGTGAGCTCGTCGGGCGT	1	L-30_3	Astronaut 3	L-30	L	51.8456782924491
L-30_3_GGCGTTTATGCGTCGGATGA	0	L-30_3	Astronaut 3	L-30	L	51.4964248295036
L-30_3_GGTCCCGGCACGATTGATGA	4	L-30_3	Astronaut 3	L-30	L	54.5222880034546
L-30_3_GGTCCGTCTACTTAAGCGAA	0	L-30_3	Astronaut 3	L-30	L	51.994660482832
L-30_3_GTAGAAGTTGCGGCAGCAGG	0	L-30_3	Astronaut 3	L-30	L	53.4960582728639
L-30_3_GTCTACAGCGCGAAGGGCGT	0	L-30_3	Astronaut 3	L-30	L	51.0476029590353
L-30_3_GTCTAGGTAACTAACGCTCT	4	L-30_3	Astronaut 3	L-30	L	42.4738239252459
L-30_3_TACGTGCGAACGATTGGCAG	6	L-30_3	Astronaut 3	L-30	L	56.8371423216294
L-30_3_TACGTTCGTACGATTGGCGT	2	L-30_3	Astronaut 3	L-30	L	54.743901045333
L-30_3_TACGTTGCGCGATGAGGCAG	0	L-30_3	Astronaut 3	L-30	L	52.3673205653698
L-30_3_TACGTTTCGACAGTTGCTCT	1	L-30_3	Astronaut 3	L-30	L	58.6281045468558
L-30_3_TAGAGAACTCGAGCTGATGA	0	L-30_3	Astronaut 3	L-30	L	57.8412846751424
L-30_3_TAGAGTCTACCAATCGGCAG	0	L-30_3	Astronaut 3	L-30	L	51.0476030188086
L-30_3_TATTGAGAGTCGCCTGATAT	3	L-30_3	Astronaut 3	L-30	L	50.5618589188186
L-30_3_TATTGATTGGGCGGTGGCGT	0	L-30_3	Astronaut 3	L-30	L	52.0249213020764
L-30_3_TATTGCGGCAGGTCCTAAGG	0	L-30_3	Astronaut 3	L-30	L	52.5365834685484
L-30_3_TCAGTGTATCCAACTGGCAG	1	L-30_3	Astronaut 3	L-30	L	46.9486906375936
L-30_3_TCATCATGGCGCAACGGCAG	4	L-30_3	Astronaut 3	L-30	L	44.1448722608487
L-30_3_TCCGGATTACCTAGTGATGA	3	L-30_3	Astronaut 3	L-30	L	48.3657804806934
L-30_3_TCGTAACGATGTAATTAAGG	0	L-30_3	Astronaut 3	L-30	L	53.7332830250757
L-30_3_TCTACGTAGACGACCGATAT	2	L-30_3	Astronaut 3	L-30	L	55.7514818315295
L-30_3_TCTACTATGCGAACCGGCGT	0	L-30_3	Astronaut 3	L-30	L	50.6810602482286
L-30_3_TGAGAACTTCGCTGCGCAAC	2	L-30_3	Astronaut 3	L-30	L	59.563402354231
L-30_3_TGCGCGTCTAGGAGCGGCGT	2	L-30_3	Astronaut 3	L-30	L	51.9590186735367
L-30_3_TGCTAGCGAACTAGTGCGAA	0	L-30_3	Astronaut 3	L-30	L	52.5290137991299
L-30_3_TGCTAGGTCCCGCAAGCGAA	0	L-30_3	Astronaut 3	L-30	L	46.8705681462878
L-30_3_TGCTAGTCTACTGGAGATAT	4	L-30_3	Astronaut 3	L-30	L	53.661454836362
L-30_3_TTATGAACGAGATGAGGCAG	0	L-30_3	Astronaut 3	L-30	L	56.2419339941469
L-30_3_TTATGACTCGCCGCTGCTTG	0	L-30_3	Astronaut 3	L-30	L	49.7282519042784
L-30_3_TTATGGAACCGATATGATAT	0	L-30_3	Astronaut 3	L-30	L	53.7332830848491
L-30_3_TTCATGGCAGCCATAGGCGT	0	L-30_3	Astronaut 3	L-30	L	52.0301279194306
L-30_3_TTCGAATTCACAGTTGGCAG	0	L-30_3	Astronaut 3	L-30	L	59.0081404592714
L-30_3_TTCGAGACTGCGACCTAAGG	0	L-30_3	Astronaut 3	L-30	L	50.1561125571898
L-30_3_TTGAAGCAGGGATATGGCGT	0	L-30_3	Astronaut 3	L-30	L	51.8456783522225
L-30_3_TTGAAGGTCCGAGCTGCCTT	4	L-30_3	Astronaut 3	L-30	L	46.1991984780845
L-60_1_ATCTGAGTTGCTACGGATGA	3	L-60_1	Astronaut 1	L-60	L	48.4301234132381
L-60_1_ATTACGTTAGGCAACGCAAC	5	L-60_1	Astronaut 1	L-60	L	44.0662756532074
L-60_1_ATTGGTTCGAGCGGTGCAGG	4	L-60_1	Astronaut 1	L-60	L	40.7408177146866
L-60_1_CAACTCCTAGCCTAGGGCAG	2	L-60_1	Astronaut 1	L-60	L	34.0874094245341
L-60_1_CCATATATTGGATATGATAT	3	L-60_1	Astronaut 1	L-60	L	37.7822103566421
L-60_1_CCTCACAGCGCTACGGCAAC	0	L-60_1	Astronaut 1	L-60	L	48.4177411233592
L-60_1_CCTCATAGGACGGATGCAAC	3	L-60_1	Astronaut 1	L-60	L	25.419447598652
L-60_1_CGCAATAGGACGTCGGGCAG	0	L-60_1	Astronaut 1	L-60	L	44.8639963716502
L-60_1_CTACGAGGCTGGCAGGATAT	0	L-60_1	Astronaut 1	L-60	L	45.3071111137176
L-60_1_CTAGTTATTGATTCAGGCGT	5	L-60_1	Astronaut 1	L-60	L	46.1991985378578
L-60_1_CTCCAGAGTCATTCAGATAT	0	L-60_1	Astronaut 1	L-60	L	46.9486906973669
L-60_1_GATGAAAGCAGCAACGGCAG	4	L-60_1	Astronaut 1	L-60	L	35.7800736049816
L-60_1_GCAACGCGGTCCTAGGCAGG	3	L-60_1	Astronaut 1	L-60	L	40.0019775342278
L-60_1_GCCTTCCGCTGCAACGGCAG	0	L-60_1	Astronaut 1	L-60	L	40.375039912021
L-60_1_GCGAAGTAATCTTAAGGCGT	3	L-60_1	Astronaut 1	L-60	L	45.40705025453
L-60_1_GGCAGGCAACCCTAGGATAT	3	L-60_1	Astronaut 1	L-60	L	42.2958352827956
L-60_1_GGTAAGGTCCGCTGCGCAAC	5	L-60_1	Astronaut 1	L-60	L	38.8793435012343
L-60_1_GTAGACAGCGATTGGGGCGT	3	L-60_1	Astronaut 1	L-60	L	46.1816497944798
L-60_1_GTATCTGGACCAACTGCAGG	6	L-60_1	Astronaut 1	L-60	L	42.3256410806234
L-60_1_GTTAGAACCGCGGATGGCGT	3	L-60_1	Astronaut 1	L-60	L	46.9486907571402
L-60_1_TAGAGGCAGGCAGTTGGCAG	0	L-60_1	Astronaut 1	L-60	L	42.2790486256909
L-60_1_TCCGGCGGATGCAACGTAAT	0	L-60_1	Astronaut 1	L-60	L	45.3071111734909
L-60_1_TGAGATTCGACAGAAGGCGT	3	L-60_1	Astronaut 1	L-60	L	45.2580308914546
L-60_1_TGGACCAATCCGGCAGGCGT	0	L-60_1	Astronaut 1	L-60	L	46.9486908169136
L-60_1_TGGACCGATTCTAGTGCAGG	4	L-60_1	Astronaut 1	L-60	L	40.5748793590935
L-60_1_TTCATAGGTCCCTCAGCGAA	0	L-60_1	Astronaut 1	L-60	L	36.3373306112062
L-60_2_AACCGCGGCACAACTGATAT	8	L-60_2	Astronaut 2	L-60	L	51.8456784119958
L-60_2_AACCGGCTTGGTATCGATAT	8	L-60_2	Astronaut 2	L-60	L	38.898331856104
L-60_2_AACGATATCTGAGTCGATGA	8	L-60_2	Astronaut 2	L-60	L	38.8983319158773
L-60_2_AACTCTATGCGTAGAGCAGG	8	L-60_2	Astronaut 2	L-60	L	45.3071112332643
L-60_2_AAGACGCAGGGGTAAGGCGT	8	L-60_2	Astronaut 2	L-60	L	48.1722777060376
L-60_2_ACTCGATTACGCAGGGGCAG	8	L-60_2	Astronaut 2	L-60	L	38.8983319756506
L-60_2_AGGCTCAATCCGATTGATGA	8	L-60_2	Astronaut 2	L-60	L	38.898332035424
L-60_2_AGGTCTCGCGGGTAAGATAT	8	L-60_2	Astronaut 2	L-60	L	51.8456784717691
L-60_2_ATCCTGCTCTGATGAGATAT	8	L-60_2	Astronaut 2	L-60	L	51.8456785315425
L-60_2_ATTGGTGCGCCAGAAGTAAT	8	L-60_2	Astronaut 2	L-60	L	38.8983320951973
L-60_2_CCATAGAACCGCCTTGATAT	8	L-60_2	Astronaut 2	L-60	L	38.8983321549707
L-60_2_CCGCTAGAGTCGAAGGATGA	4	L-60_2	Astronaut 2	L-60	L	38.898332214744
L-60_2_CGACCGGTAACGATTGCGAA	8	L-60_2	Astronaut 2	L-60	L	51.8456785913158
L-60_2_CGCTCGTCTAGTAGAGCGAA	8	L-60_2	Astronaut 2	L-60	L	38.8983322745173
L-60_2_CGGCACCATAGGCAGGTAGA	8	L-60_2	Astronaut 2	L-60	L	38.8983323342907
L-60_2_CGTCGCGCCTCGGCAGCGAA	8	L-60_2	Astronaut 2	L-60	L	38.898332394064
L-60_2_GAGTCCGAAGGCTCTGCAAC	8	L-60_2	Astronaut 2	L-60	L	38.8983324538373
L-60_2_GATATGCTTGGCGGTGGCGT	8	L-60_2	Astronaut 2	L-60	L	38.8983325136107
L-60_2_GATGATCGCGCAGCGGCAAC	8	L-60_2	Astronaut 2	L-60	L	51.8456786510892
L-60_2_GCAGGACCAGCAGAAGTAAT	8	L-60_2	Astronaut 2	L-60	L	49.0934488745557
L-60_2_GGCAGTGGACCGTCGGATGA	4	L-60_2	Astronaut 2	L-60	L	38.898332573384
L-60_2_GGCGTCTCCAGGTAAGCAAC	8	L-60_2	Astronaut 2	L-60	L	38.8983326331573
L-60_2_GGTCCCGCTCGCAACGCTCT	8	L-60_2	Astronaut 2	L-60	L	51.8456787108625
L-60_2_TACGTCCATAGATATGTAAT	8	L-60_2	Astronaut 2	L-60	L	38.8983326929307
L-60_2_TATCTGATGACGAAGGGCAG	8	L-60_2	Astronaut 2	L-60	L	51.8456787706358
L-60_2_TCAGTGACTGGGAGCGATAT	8	L-60_2	Astronaut 2	L-60	L	38.898332752704
L-60_2_TCATCCGTCGCCATAGTAAT	8	L-60_2	Astronaut 2	L-60	L	38.8983328124773
L-60_2_TGCGCAAGGTGCAGGGCAGG	8	L-60_2	Astronaut 2	L-60	L	38.8983328722507
L-60_2_TGCTAGATGAGGTAAGATGA	8	L-60_2	Astronaut 2	L-60	L	48.4548208111051
L-60_2_TTATGATTCACAGAAGCGAA	8	L-60_2	Astronaut 2	L-60	L	45.3071112930376
L-60_2_TTCGAGCAACGAGTCGGCAG	8	L-60_2	Astronaut 2	L-60	L	38.898332932024
L-60_2_TTGAAAGGCTGGAGCGTAAT	8	L-60_2	Astronaut 2	L-60	L	51.8456788304092
L-60_2_TTGAATATGCCTAGTGATGA	8	L-60_2	Astronaut 2	L-60	L	38.8983329917973
L-60_2_TTGAATCGCGGACTGGTAAT	8	L-60_2	Astronaut 2	L-60	L	38.8983330515707
L-60_3_AACCGAAGACGGTAAGATAT	7	L-60_3	Astronaut 3	L-60	L	53.2090949569592
L-60_3_AACCGATGGCGCAGGGCGAA	0	L-60_3	Astronaut 3	L-60	L	55.4162245946597
L-60_3_AACCGCCATAGTAATGCTTG	1	L-60_3	Astronaut 3	L-60	L	52.5365835283218
L-60_3_AACCGGAGCTGCAGGGATAT	0	L-60_3	Astronaut 3	L-60	L	50.736343956033
L-60_3_AACCGGGTCCGCAACGGCAG	3	L-60_3	Astronaut 3	L-60	L	61.179991452481
L-60_3_AACCGTAGGACGTCGGTAAT	0	L-60_3	Astronaut 3	L-60	L	49.4725664128289
L-60_3_AACGAAAGCACGCCTGCTCT	0	L-60_3	Astronaut 3	L-60	L	55.3324402001159
L-60_3_AACGACCTCACAGCGGTAAT	1	L-60_3	Astronaut 3	L-60	L	31.5404424572689
L-60_3_AACGACGATTCAGTTGATAT	2	L-60_3	Astronaut 3	L-60	L	55.3577835894147
L-60_3_AACGACGCAACGAAGTAAGG	3	L-60_3	Astronaut 3	L-60	L	53.4802954279677
L-60_3_AACGAGCTTGCTGGAGCAGG	4	L-60_3	Astronaut 3	L-60	L	36.4033651014685
L-60_3_AACTCATGGCGGCGTGGCAG	3	L-60_3	Astronaut 3	L-60	L	54.522288063228
L-60_3_AACTCGCGGTGATATGGCGT	3	L-60_3	Astronaut 3	L-60	L	52.2002031301014
L-60_3_AACTCTCTACGCTCTGATGA	3	L-60_3	Astronaut 3	L-60	L	49.7282519640517
L-60_3_AACTCTCTACGGAGCGCGAA	0	L-60_3	Astronaut 3	L-60	L	52.3344274860551
L-60_3_AAGCAAGAACGTAATGGCAG	0	L-60_3	Astronaut 3	L-60	L	54.64302011964
L-60_3_AAGCAATCCTGAACCGTAAT	6	L-60_3	Astronaut 3	L-60	L	49.728252023825
L-60_3_AAGGTACTCGGATGAGTAAT	5	L-60_3	Astronaut 3	L-60	L	33.1926171444986
L-60_3_AAGGTCTAACGATATGATAT	2	L-60_3	Astronaut 3	L-60	L	59.5526519442535
L-60_3_AAGGTTGCTACGGCAGATAT	0	L-60_3	Astronaut 3	L-60	L	51.8963971154065
L-60_3_ACCTAAGGCTCTAACGGCGT	1	L-60_3	Astronaut 3	L-60	L	52.1612267265088
L-60_3_ACCTAATTACGGTAAGTAAT	0	L-60_3	Astronaut 3	L-60	L	55.5815381573166
L-60_3_ACCTACGACCATTCAGGCAG	0	L-60_3	Astronaut 3	L-60	L	54.7439011051063
L-60_3_ACCTACGCCTGCCTTGATGA	3	L-60_3	Astronaut 3	L-60	L	57.8396900485164
L-60_3_ACCTAGATATGTAATTAAGG	4	L-60_3	Astronaut 3	L-60	L	54.7246427786488
L-60_3_ACCTATGGACATTGGGTAAT	1	L-60_3	Astronaut 3	L-60	L	51.5363904021133
L-60_3_ACGATAGGTCCGCTCGCAGG	0	L-60_3	Astronaut 3	L-60	L	56.8442257094952
L-60_3_ACGATCTACGCGCAAGCAGG	4	L-60_3	Astronaut 3	L-60	L	54.7351763540262
L-60_3_ACGATTACGTCAGCGGATGA	1	L-60_3	Astronaut 3	L-60	L	42.0494003355278
L-60_3_ACTAAGATGAGCCTTGGCGT	6	L-60_3	Astronaut 3	L-60	L	25.4194476584253
L-60_3_ACTAAGTCTACGCCTGCTCT	6	L-60_3	Astronaut 3	L-60	L	55.5311167357928
L-60_3_ACTAAGTCTACGCTCGGCGT	2	L-60_3	Astronaut 3	L-60	L	52.5258996078644
L-60_3_ACTCGAAGGTCGTCGGATAT	0	L-60_3	Astronaut 3	L-60	L	48.3363878821085
L-60_3_ACTCGGAGCTGTAGAGCGAA	4	L-60_3	Astronaut 3	L-60	L	56.844475752409
L-60_3_ACTCGTATGCCGTCGGATAT	2	L-60_3	Astronaut 3	L-60	L	57.9043682743362
L-60_3_ACTCGTCTACCCTAGGATAT	0	L-60_3	Astronaut 3	L-60	L	58.7831462517472
L-60_3_ACTTCGTCTACAGTTGTAAT	3	L-60_3	Astronaut 3	L-60	L	57.4314942410749
L-60_3_ACTTCTATTGATTCAGGCAG	6	L-60_3	Astronaut 3	L-60	L	43.5244238449101
L-60_3_ACTTCTGCTACGGATGCGAA	0	L-60_3	Astronaut 3	L-60	L	55.8037399645681
L-60_3_ACTTCTGCTAGCCTTGCGAA	0	L-60_3	Astronaut 3	L-60	L	49.161242523543
L-60_3_ACTTCTGCTAGCGGTGATAT	0	L-60_3	Astronaut 3	L-60	L	58.1864169523273
L-60_3_AGAACTGCGCCGAAGGATGA	0	L-60_3	Astronaut 3	L-60	L	48.7258422742423
L-60_3_AGAGTACTCGCAGCGGATGA	3	L-60_3	Astronaut 3	L-60	L	51.047603078582
L-60_3_AGAGTGCCTTCTTAAGATGA	0	L-60_3	Astronaut 3	L-60	L	53.3432171391492
L-60_3_AGCGGCTACGCAATCGGCGT	2	L-60_3	Astronaut 3	L-60	L	55.5343295971493
L-60_3_AGGCTCAGCGGGCGTGCTTG	0	L-60_3	Astronaut 3	L-60	L	53.4671340079846
L-60_3_AGGCTGAACCCGCCTGCAAC	0	L-60_3	Astronaut 3	L-60	L	56.2993123353177
L-60_3_AGGTCCCGCTCAGTTGATGA	2	L-60_3	Astronaut 3	L-60	L	58.7638118282676
L-60_3_AGGTCCGAAGCGAAGGCGAA	0	L-60_3	Astronaut 3	L-60	L	25.4194477181987
L-60_3_AGGTCCTACGGCAGGGTAAT	0	L-60_3	Astronaut 3	L-60	L	51.5093331948877
L-60_3_AGGTCGAGTCCTGGAGCAAC	3	L-60_3	Astronaut 3	L-60	L	59.7706144552029
L-60_3_AGGTCGGTCCCCTAGGTAAT	0	L-60_3	Astronaut 3	L-60	L	52.5365835880951
L-60_3_AGGTCGGTCCCGCAAGATGA	0	L-60_3	Astronaut 3	L-60	L	53.6544084388614
L-60_3_AGTTGAGGTCGCTGCGTAAT	0	L-60_3	Astronaut 3	L-60	L	53.4780650412681
L-60_3_AGTTGAGGTCGCTTGGATGA	7	L-60_3	Astronaut 3	L-60	L	48.4177411831325
L-60_3_AGTTGGCAGGCGTCGGCTTG	3	L-60_3	Astronaut 3	L-60	L	53.6364649309834
L-60_3_ATCTGGGTCCGAACCGTAAT	1	L-60_3	Astronaut 3	L-60	L	51.5006624937908
L-60_3_ATCTGTCCGGGCGGTGCAAC	3	L-60_3	Astronaut 3	L-60	L	52.3153518703459
L-60_3_ATCTGTGCGCGGTAAGATGA	3	L-60_3	Astronaut 3	L-60	L	57.8889572996728
L-60_3_ATGCGGAGCTCCTCAGTAAT	4	L-60_3	Astronaut 3	L-60	L	56.4947816538848
L-60_3_ATGGCCAGTTCAGCGGCAAC	0	L-60_3	Astronaut 3	L-60	L	48.5572240219415
L-60_3_ATGGCGAGCTGCCTTGGCAG	3	L-60_3	Astronaut 3	L-60	L	52.312203037874
L-60_3_ATTACACCAGCGCCTGCAGG	0	L-60_3	Astronaut 3	L-60	L	53.7332831446224
L-60_3_ATTACCAATCGCGGTGATGA	0	L-60_3	Astronaut 3	L-60	L	57.9111488065962
L-60_3_ATTACCAATCGCGGTGGCGT	0	L-60_3	Astronaut 3	L-60	L	54.6657631194911
L-60_3_ATTACTCATCCTCCAGCAAC	2	L-60_3	Astronaut 3	L-60	L	57.9046753534889
L-60_3_ATTACTGAGACGATTGTAAT	1	L-60_3	Astronaut 3	L-60	L	57.4548952924269
L-60_3_ATTACTGCTACTAGTGGCGT	0	L-60_3	Astronaut 3	L-60	L	53.0136843622938
L-60_3_ATTCAGAGTCGCTTGGGCGT	4	L-60_3	Astronaut 3	L-60	L	49.7282520835984
L-60_3_ATTGGAACGAGTAATGTAAT	3	L-60_3	Astronaut 3	L-60	L	52.5365836478684
L-60_3_ATTGGATTGGATTCAGCGAA	0	L-60_3	Astronaut 3	L-60	L	56.8209717694586
L-60_3_ATTGGCGCAACGACCGCTTG	0	L-60_3	Astronaut 3	L-60	L	51.8456788901825
L-60_3_ATTGGCTCCAGCTTGGCAGG	0	L-60_3	Astronaut 3	L-60	L	54.7439011648797
L-60_3_CAACTAGGTCCTCCAGGCAG	0	L-60_3	Astronaut 3	L-60	L	54.6332745569294
L-60_3_CAACTCAGAACTGGAGCAAC	2	L-60_3	Astronaut 3	L-60	L	56.8932185388969
L-60_3_CAACTCCTCAGAGTCGTAAT	0	L-60_3	Astronaut 3	L-60	L	54.5222881230013
L-60_3_CAACTCGATTCTGGAGATGA	3	L-60_3	Astronaut 3	L-60	L	56.8218717198923
L-60_3_CAACTGTAATGCTCTGCAAC	6	L-60_3	Astronaut 3	L-60	L	42.2603093083928
L-60_3_CAACTTCGCGCTACGGCGAA	3	L-60_3	Astronaut 3	L-60	L	51.9100101443115
L-60_3_CAATCCCGCTGTAATGATAT	7	L-60_3	Astronaut 3	L-60	L	59.5213814550899
L-60_3_CAATCCTACGCGGCAGGCGT	0	L-60_3	Astronaut 3	L-60	L	53.5492756344667
L-60_3_CAGAAAGGTCGAGTCGGCAG	2	L-60_3	Astronaut 3	L-60	L	56.5097667056051
L-60_3_CAGAAGCCTTCTACGGCAAC	1	L-60_3	Astronaut 3	L-60	L	54.6332746167027
L-60_3_CAGCGCCTCACTGGAGATAT	0	L-60_3	Astronaut 3	L-60	L	54.5589437150986
L-60_3_CAGCGGGTCCGTAATGCAGG	0	L-60_3	Astronaut 3	L-60	L	54.5431624934772
L-60_3_CAGTTGCTTGGAGTCGCCTT	3	L-60_3	Astronaut 3	L-60	L	51.3436175871757
L-60_3_CAGTTTAGAGGAGTCGATAT	0	L-60_3	Astronaut 3	L-60	L	57.5138878230952
L-60_3_CAGTTTCGTAGCCTTGCGAA	2	L-60_3	Astronaut 3	L-60	L	50.6600845662402
L-60_3_CCATAAGGTCCAATCGATGA	0	L-60_3	Astronaut 3	L-60	L	54.8570175012364
L-60_3_CCATACGTCGCGCCTGTAAT	0	L-60_3	Astronaut 3	L-60	L	44.7572614789957
L-60_3_CCATAGACTGCGCCTGATGA	0	L-60_3	Astronaut 3	L-60	L	54.8834955110593
L-60_3_CCATATAGAGCGGATGCAGG	5	L-60_3	Astronaut 3	L-60	L	54.8201019543456
L-60_3_CCATATGAGACGCTCGATAT	0	L-60_3	Astronaut 3	L-60	L	48.4177412429058
L-60_3_CCGCTAACGAGATATGCGAA	3	L-60_3	Astronaut 3	L-60	L	52.1479215828921
L-60_3_CCGCTTGGACCTTAAGCAGG	3	L-60_3	Astronaut 3	L-60	L	24.7895599770375
L-60_3_CCTAGAGTTGGCTGCGCGAA	1	L-60_3	Astronaut 3	L-60	L	48.4177413026792
L-60_3_CCTAGCTAACCAGAAGATAT	2	L-60_3	Astronaut 3	L-60	L	54.743901224653
L-60_3_CCTAGGCGAACTACGGCTTG	6	L-60_3	Astronaut 3	L-60	L	61.4709310743688
L-60_3_CCTAGGTCCGGCTGCGCGAA	0	L-60_3	Astronaut 3	L-60	L	56.5637097570022
L-60_3_CCTCAAACCGGGTCCGATGA	3	L-60_3	Astronaut 3	L-60	L	55.3402509730896
L-60_3_CCTCACGCCTGCAGGGGCGT	0	L-60_3	Astronaut 3	L-60	L	51.5159156260532
L-60_3_CCTCAGTATCCAGTTGCTTG	1	L-60_3	Astronaut 3	L-60	L	53.6055881935471
L-60_3_CGAAGAGTTGCTTAAGGCAG	0	L-60_3	Astronaut 3	L-60	L	52.1962920398298
L-60_3_CGAAGGCAACCCATAGGCGT	2	L-60_3	Astronaut 3	L-60	L	57.8396901082897
L-60_3_CGACCGCAACGGTCCGATAT	3	L-60_3	Astronaut 3	L-60	L	50.1810653197043
L-60_3_CGACCGGAGCCGCTCGATAT	3	L-60_3	Astronaut 3	L-60	L	53.5665271984423
L-60_3_CGACCTCTACGTAATGCAAC	0	L-60_3	Astronaut 3	L-60	L	53.5859526743034
L-60_3_CGATTCAGCGGGCAGGGCAG	0	L-60_3	Astronaut 3	L-60	L	48.3191710154117
L-60_3_CGATTCCTAGGTATCGATGA	5	L-60_3	Astronaut 3	L-60	L	57.572225299231
L-60_3_CGATTCTAACCGCAAGCAGG	6	L-60_3	Astronaut 3	L-60	L	57.8706094088196
L-60_3_CGCAAAGAACGATGAGATAT	0	L-60_3	Astronaut 3	L-60	L	54.5199115017233
L-60_3_CGCAATGCTACGGATGCGAA	3	L-60_3	Astronaut 3	L-60	L	53.7332832043957
L-60_3_CGCCTCAGTTGCTCTGATGA	0	L-60_3	Astronaut 3	L-60	L	51.5473536064726
L-60_3_CGCCTCGACCCTTAAGCAGG	4	L-60_3	Astronaut 3	L-60	L	55.0015806278359
L-60_3_CGCCTCGATTGTAGAGTAAT	3	L-60_3	Astronaut 3	L-60	L	53.6218546062746
L-60_3_CGCTCAAGGTGCTGCGCAAC	3	L-60_3	Astronaut 3	L-60	L	51.9082133350788
L-60_3_CGCTCGACTGCTACGGGCGT	1	L-60_3	Astronaut 3	L-60	L	57.8396901680631
L-60_3_CGCTCGGCGTGGTCCGCGAA	0	L-60_3	Astronaut 3	L-60	L	46.9486908766869
L-60_3_CGGATCAATCCGAAGGTAAT	7	L-60_3	Astronaut 3	L-60	L	51.2534650260696
L-60_3_CGGATGCAACGGCAGGATAT	0	L-60_3	Astronaut 3	L-60	L	53.3150779038312
L-60_3_CGGATGCCTTGCCTTGCTCT	4	L-60_3	Astronaut 3	L-60	L	53.2175370563474
L-60_3_CGGCAATTACCTCCAGTAAT	0	L-60_3	Astronaut 3	L-60	L	43.5170937094744
L-60_3_CGGCACTGGAGGCGTGCAAC	0	L-60_3	Astronaut 3	L-60	L	24.7895600368109
L-60_3_CTAACTCATCGAACCGCAGG	0	L-60_3	Astronaut 3	L-60	L	53.6117555417333
L-60_3_CTACGCTCCACCTCAGCGAA	6	L-60_3	Astronaut 3	L-60	L	57.5722253590043
L-60_3_CTACGGCTGCGGTCCGATAT	0	L-60_3	Astronaut 3	L-60	L	54.5222881827746
L-60_3_CTAGTGCGGTCCTAGGCGAA	0	L-60_3	Astronaut 3	L-60	L	48.4177413624525
L-60_3_CTAGTGTAGACCGCTGCAAC	1	L-60_3	Astronaut 3	L-60	L	54.7439012844263
L-60_3_CTAGTTTATGCAACTGATAT	5	L-60_3	Astronaut 3	L-60	L	53.7332832641691
L-60_3_CTCCACGATTGGTAAGATGA	5	L-60_3	Astronaut 3	L-60	L	25.419447777972
L-60_3_CTCCACTCCACCTCAGATGA	0	L-60_3	Astronaut 3	L-60	L	52.5365837076418
L-60_3_CTCCATTATGCGCAAGCAAC	3	L-60_3	Astronaut 3	L-60	L	58.0679349093845
L-60_3_CTGGAGAACCCTCCAGGCGT	0	L-60_3	Astronaut 3	L-60	L	46.7671976789558
L-60_3_CTGGAGATGACGGATGCAGG	3	L-60_3	Astronaut 3	L-60	L	51.1664067707144
L-60_3_CTGGATAAGGGGCGTGCTCT	0	L-60_3	Astronaut 3	L-60	L	53.0231831980892
L-60_3_CTGGATCGTACGTCGGATAT	5	L-60_3	Astronaut 3	L-60	L	53.6027523729137
L-60_3_CTTAAGCTGCGAGTCGATGA	3	L-60_3	Astronaut 3	L-60	L	50.380577807785
L-60_3_GAACCACTAAGGTAAGTAAT	3	L-60_3	Astronaut 3	L-60	L	55.1188217877394
L-60_3_GAACCTCATCGGTAAGATGA	0	L-60_3	Astronaut 3	L-60	L	57.5722254187776
L-60_3_GACTGACTAACCGCTTAAGG	2	L-60_3	Astronaut 3	L-60	L	57.9736976198198
L-60_3_GACTGGGCAGATTCAGCGAA	0	L-60_3	Astronaut 3	L-60	L	54.7335786097337
L-60_3_GAGCTACGATGCAACGATAT	2	L-60_3	Astronaut 3	L-60	L	53.47863332842
L-60_3_GAGCTCCTAGATTCAGATAT	0	L-60_3	Astronaut 3	L-60	L	53.648251669845
L-60_3_GAGTCCGACCGGCAGGATAT	5	L-60_3	Astronaut 3	L-60	L	47.11832386663
L-60_3_GAGTCTGGACATTCAGGCAG	6	L-60_3	Astronaut 3	L-60	L	59.1732215499213
L-60_3_GATATACCAGCTGGAGCTTG	5	L-60_3	Astronaut 3	L-60	L	25.4194478377454
L-60_3_GATATGCAACCAACTGGCGT	0	L-60_3	Astronaut 3	L-60	L	48.172277765811
L-60_3_GATGAAGCGGCAGAAGCGAA	0	L-60_3	Astronaut 3	L-60	L	54.3117866745728
L-60_3_GATGAGTCTAATTGGGGCGT	3	L-60_3	Astronaut 3	L-60	L	55.6172017968177
L-60_3_GCAACCAATCGCTTGGGCAG	3	L-60_3	Astronaut 3	L-60	L	54.633274676476
L-60_3_GCAACCGTCGCTGGAGATGA	0	L-60_3	Astronaut 3	L-60	L	46.5930218257651
L-60_3_GCAGGAACGACGATTGATGA	3	L-60_3	Astronaut 3	L-60	L	54.8063607673222
L-60_3_GCAGGGTAATGCAACGATAT	2	L-60_3	Astronaut 3	L-60	L	54.3978956268569
L-60_3_GCCTTTAAGGCCTCAGATAT	0	L-60_3	Astronaut 3	L-60	L	52.5365837674151
L-60_3_GCCTTTATGCCCGCTGCGAA	0	L-60_3	Astronaut 3	L-60	L	52.2122184120505
L-60_3_GCGAAGTCTAGACTGGCAGG	3	L-60_3	Astronaut 3	L-60	L	60.1721047131221
L-60_3_GCGGTGGAGCGAGCTGGCAG	0	L-60_3	Astronaut 3	L-60	L	56.299312395091
L-60_3_GCTCTGCCTTCTTAAGTAAT	0	L-60_3	Astronaut 3	L-60	L	50.1807577922228
L-60_3_GCTCTGCTGCCCTAGGATAT	3	L-60_3	Astronaut 3	L-60	L	50.1414101969516
L-60_3_GCTGCACTTCCTAACGTAAT	3	L-60_3	Astronaut 3	L-60	L	48.3830651242577
L-60_3_GCTGCCTACGGACTGGCGAA	0	L-60_3	Astronaut 3	L-60	L	54.37014191462
L-60_3_GCTTGGTAATCCTAGGGCGT	5	L-60_3	Astronaut 3	L-60	L	54.868270366922
L-60_3_GCTTGTGGACGAGCTGATGA	3	L-60_3	Astronaut 3	L-60	L	55.6971865942222
L-60_3_GGAGCGTTAGGTATCGCGAA	0	L-60_3	Astronaut 3	L-60	L	58.9932400861759
L-60_3_GGCAGATTCAGGTAAGATGA	5	L-60_3	Astronaut 3	L-60	L	56.8206733242078
L-60_3_GGCAGGATATCAGAAGGCGT	0	L-60_3	Astronaut 3	L-60	L	56.9415003182551
L-60_3_GGCAGTAGAGGCTTGGATGA	3	L-60_3	Astronaut 3	L-60	L	48.433024560434
L-60_3_GGCAGTTAGCCGCAAGCAAC	0	L-60_3	Astronaut 3	L-60	L	57.5607195198795
L-60_3_GGCGTGAGCTCGTCGGGCGT	0	L-60_3	Astronaut 3	L-60	L	51.9501738853366
L-60_3_GGCGTTCCGGGCTGCGCGAA	0	L-60_3	Astronaut 3	L-60	L	55.0865398344542
L-60_3_GGCGTTTATGCGTCGGATGA	0	L-60_3	Astronaut 3	L-60	L	52.1352517914492
L-60_3_GGTAACAGTTCAGAAGCAGG	4	L-60_3	Astronaut 3	L-60	L	54.522288242548
L-60_3_GGTAACGCTCGGTAAGGCGT	0	L-60_3	Astronaut 3	L-60	L	39.5723411518455
L-60_3_GGTCCCCATAGTAGAGCGAA	0	L-60_3	Astronaut 3	L-60	L	52.973008617575
L-60_3_GGTCCCGGCACGATTGATGA	4	L-60_3	Astronaut 3	L-60	L	54.5279424539098
L-60_3_GGTCCGTCTACTTAAGCGAA	0	L-60_3	Astronaut 3	L-60	L	48.2185182539089
L-60_3_GTAGAAGTTGCGGCAGCAGG	0	L-60_3	Astronaut 3	L-60	L	51.1904158721085
L-60_3_GTATCCAACTGTATCGCAGG	0	L-60_3	Astronaut 3	L-60	L	57.3530401236295
L-60_3_GTATCCAATCCCGCTGTAAT	2	L-60_3	Astronaut 3	L-60	L	41.1006631570327
L-60_3_GTATCCCGCTGCGGTGCAGG	3	L-60_3	Astronaut 3	L-60	L	56.858771223006
L-60_3_GTCCGAAGACGATGAGTAAT	3	L-60_3	Astronaut 3	L-60	L	50.7009891279323
L-60_3_GTCCGGTATCGAACCGCAAC	3	L-60_3	Astronaut 3	L-60	L	53.5433779730859
L-60_3_GTCCGTCGTAGCCTTGCGAA	2	L-60_3	Astronaut 3	L-60	L	56.5931756227707
L-60_3_GTCTAAGGCTGCTGCGATGA	0	L-60_3	Astronaut 3	L-60	L	56.5646941998704
L-60_3_GTCTACAGCGCGAAGGGCGT	0	L-60_3	Astronaut 3	L-60	L	44.1026387383554
L-60_3_GTTAGCAGCGGTATCGCAAC	1	L-60_3	Astronaut 3	L-60	L	50.5117166489944
L-60_3_GTTAGGCAACCTGGAGATGA	0	L-60_3	Astronaut 3	L-60	L	55.438799071631
L-60_3_TAAGGAGTTGCTCCAGATAT	5	L-60_3	Astronaut 3	L-60	L	51.3150923481031
L-60_3_TACGTGCGAACGATTGGCAG	5	L-60_3	Astronaut 3	L-60	L	54.9612680607252
L-60_3_TACGTTCGTACGATTGGCGT	6	L-60_3	Astronaut 3	L-60	L	57.3401669228758
L-60_3_TACGTTGCGCGATGAGGCAG	0	L-60_3	Astronaut 3	L-60	L	51.9064062405088
L-60_3_TACGTTTCGACAGTTGCTCT	1	L-60_3	Astronaut 3	L-60	L	58.7012547576426
L-60_3_TAGAGAACTCGAGCTGATGA	0	L-60_3	Astronaut 3	L-60	L	54.9120342236851
L-60_3_TAGAGTCTACCAATCGGCAG	0	L-60_3	Astronaut 3	L-60	L	49.7282521433717
L-60_3_TAGGACTCCAGAGCTGATAT	0	L-60_3	Astronaut 3	L-60	L	57.572225478551
L-60_3_TAGGATGAGAGAGCTGCAGG	4	L-60_3	Astronaut 3	L-60	L	35.4436869655231
L-60_3_TATGCGAGTCCGAAGGATGA	3	L-60_3	Astronaut 3	L-60	L	50.6907697372124
L-60_3_TATGCGGCGTCAGAAGCAAC	1	L-60_3	Astronaut 3	L-60	L	59.4096551191151
L-60_3_TATGCTCATCGCGAAGATAT	3	L-60_3	Astronaut 3	L-60	L	53.4027977244029
L-60_3_TATTGACGATCTTAAGGCGT	3	L-60_3	Astronaut 3	L-60	L	56.8833972721745
L-60_3_TATTGAGAGTCGCCTGATAT	3	L-60_3	Astronaut 3	L-60	L	53.4720863909171
L-60_3_TATTGATTGGGCGGTGGCGT	3	L-60_3	Astronaut 3	L-60	L	52.5302961536667
L-60_3_TATTGCGGCAGGTCCTAAGG	0	L-60_3	Astronaut 3	L-60	L	54.7308430559802
L-60_3_TATTGTGAGAATTGGGCGAA	0	L-60_3	Astronaut 3	L-60	L	56.5918688433799
L-60_3_TCAGTGTATCCAACTGGCAG	0	L-60_3	Astronaut 3	L-60	L	43.2356334393086
L-60_3_TCATCATGGCGCAACGGCAG	0	L-60_3	Astronaut 3	L-60	L	36.5801556069988
L-60_3_TCCGGATTACCTAGTGATGA	0	L-60_3	Astronaut 3	L-60	L	46.9486909364602
L-60_3_TCGCGACCAGCGCCTGCAGG	0	L-60_3	Astronaut 3	L-60	L	55.1549419826325
L-60_3_TCGCGATTACGGAGCGCGAA	0	L-60_3	Astronaut 3	L-60	L	54.9381735006836
L-60_3_TCGCGCCTCAGGCAGGTAAT	4	L-60_3	Astronaut 3	L-60	L	39.2963153420721
L-60_3_TCGTAAAGACCTGGAGCAGG	4	L-60_3	Astronaut 3	L-60	L	44.144872320622
L-60_3_TCGTAAAGCACGCTCGCGAA	4	L-60_3	Astronaut 3	L-60	L	53.0562163515467
L-60_3_TCGTAACGATGTAATTAAGG	0	L-60_3	Astronaut 3	L-60	L	52.5352182696598
L-60_3_TCGTACAGCGGAACCGTAAT	0	L-60_3	Astronaut 3	L-60	L	55.3324402598893
L-60_3_TCGTAGAGCTCGCTCGCAGG	1	L-60_3	Astronaut 3	L-60	L	51.0476031383553
L-60_3_TCTACCAGTTGATATGCAGG	0	L-60_3	Astronaut 3	L-60	L	51.3574314105884
L-60_3_TCTACGAGCTCGTCGGCGAA	0	L-60_3	Astronaut 3	L-60	L	52.91458501592
L-60_3_TCTACGTAGACGACCGATAT	2	L-60_3	Astronaut 3	L-60	L	58.9288095643675
L-60_3_TCTACTATGCGAACCGGCGT	0	L-60_3	Astronaut 3	L-60	L	50.7363440158063
L-60_3_TGAGAACTTCGCTGCGCAAC	7	L-60_3	Astronaut 3	L-60	L	60.3838942907381
L-60_3_TGCGCGTCTAGGAGCGGCGT	2	L-60_3	Astronaut 3	L-60	L	52.0149806295609
L-60_3_TGCGCTATCTGCTCTGTAAT	0	L-60_3	Astronaut 3	L-60	L	54.6758879456943
L-60_3_TGCTAGCGAACTAGTGCGAA	0	L-60_3	Astronaut 3	L-60	L	53.5517938511623
L-60_3_TGCTAGGTCCCGCAAGCGAA	0	L-60_3	Astronaut 3	L-60	L	48.4177414222258
L-60_3_TGCTAGTCTACTGGAGATAT	0	L-60_3	Astronaut 3	L-60	L	59.5980064927944
L-60_3_TGGACCTCCAGTATCGATAT	3	L-60_3	Astronaut 3	L-60	L	57.5324451767361
L-60_3_TTAGCTGAGAATTGGGCAGG	3	L-60_3	Astronaut 3	L-60	L	54.6332747362494
L-60_3_TTATGAACGAGATGAGGCAG	0	L-60_3	Astronaut 3	L-60	L	56.6040943382677
L-60_3_TTATGACTCGCCGCTGCTTG	0	L-60_3	Astronaut 3	L-60	L	51.3888861850173
L-60_3_TTATGGAACCGATATGATAT	0	L-60_3	Astronaut 3	L-60	L	51.9833071218093
L-60_3_TTCATGAGTCCAGAAGTAAT	3	L-60_3	Astronaut 3	L-60	L	59.1732216096947
L-60_3_TTCATGAGTCGTAGAGGCAG	5	L-60_3	Astronaut 3	L-60	L	58.9645881647268
L-60_3_TTCATGCCTTGCTGCGGCGT	0	L-60_3	Astronaut 3	L-60	L	53.6735407785956
L-60_3_TTCATGGCAGCCATAGGCGT	0	L-60_3	Astronaut 3	L-60	L	46.147935286408
L-60_3_TTCGAATTCACAGTTGGCAG	3	L-60_3	Astronaut 3	L-60	L	58.9121474052271
L-60_3_TTCGAGACTGCGACCTAAGG	0	L-60_3	Astronaut 3	L-60	L	53.3945443737062
L-60_3_TTCGAGATATGAGCTGGCAG	0	L-60_3	Astronaut 3	L-60	L	60.9772311841089
L-60_3_TTGAAAGTTGGATGAGCAGG	0	L-60_3	Astronaut 3	L-60	L	58.7612115996408
L-60_3_TTGAAGCAGGGATATGGCGT	0	L-60_3	Astronaut 3	L-60	L	53.4670393119402
L-60_3_TTGAAGGTCCGAGCTGCCTT	0	L-60_3	Astronaut 3	L-60	L	50.7007631714342
L-60_3_TTGAATGAGACCATAGTAAT	4	L-60_3	Astronaut 3	L-60	L	48.3919287140072
R+1_1_AACCGAAGACCTCCAGGCGT	3	R+1_1	Astronaut 1	R+1	R	24.7895600965842
R+1_1_AACCGAGAGTGAACCGCCTT	0	R+1_1	Astronaut 1	R+1	R	30.3970537234893
R+1_1_AACCGATCCTCCGCTGCAAC	0	R+1_1	Astronaut 1	R+1	R	18.3960424488157
R+1_1_AACCGATCTGGCTCTGGAGC	0	R+1_1	Astronaut 1	R+1	R	44.8218065454158
R+1_1_AACCGTGCGCGGAGCGATGA	0	R+1_1	Astronaut 1	R+1	R	38.5046393807429
R+1_1_AACCGTTCATCTAGTGATGA	0	R+1_1	Astronaut 1	R+1	R	33.1779587667903
R+1_1_AACGAATCCTGAACCGGCGT	1	R+1_1	Astronaut 1	R+1	R	50.6993730798727
R+1_1_AACGAGAACCCTAGTGGAGC	0	R+1_1	Astronaut 1	R+1	R	21.6974124143717
R+1_1_AACGAGATGACAATCGATGA	2	R+1_1	Astronaut 1	R+1	R	39.2960416885461
R+1_1_AACGAGCAGGGGAGCGATAT	0	R+1_1	Astronaut 1	R+1	R	39.0909784885409
R+1_1_AACGATATTGGATGAGCCTT	0	R+1_1	Astronaut 1	R+1	R	40.6890582042338
R+1_1_AACTCCCGCTCGTCGGTCTA	6	R+1_1	Astronaut 1	R+1	R	36.7214917320102
R+1_1_AACTCCTAGTCGACCGCAAC	0	R+1_1	Astronaut 1	R+1	R	33.1926172042719
R+1_1_AACTCGCCTTGCTGCGGAGC	0	R+1_1	Astronaut 1	R+1	R	17.2887022408594
R+1_1_AACTCGCTGCCGCAAGGAGC	1	R+1_1	Astronaut 1	R+1	R	41.0949938831225
R+1_1_AACTCTATTGCAATCGCGGT	0	R+1_1	Astronaut 1	R+1	R	19.6096816841407
R+1_1_AAGACGCGGTGAGCTGCTTG	0	R+1_1	Astronaut 1	R+1	R	36.7244640134512
R+1_1_AAGGTTTGAAGCGGTGCAAC	6	R+1_1	Astronaut 1	R+1	R	17.2790101346566
R+1_1_ACCAGGGAGCGCTCTGCTTG	1	R+1_1	Astronaut 1	R+1	R	33.1926172640452
R+1_1_ACCAGGTCTAGCTGCGCGGT	4	R+1_1	Astronaut 1	R+1	R	31.6554877642242
R+1_1_ACCAGGTCTAGTAATGCCTT	0	R+1_1	Astronaut 1	R+1	R	33.1926173238186
R+1_1_ACCTATCGTACCTCAGATGA	2	R+1_1	Astronaut 1	R+1	R	19.2100908804813
R+1_1_ACGATACCTAGGAGCGCCTT	0	R+1_1	Astronaut 1	R+1	R	16.7242158139051
R+1_1_ACGATAGGCTGTATCGCGGT	3	R+1_1	Astronaut 1	R+1	R	30.3606187969782
R+1_1_ACTAAGCTGCCCTAGGCTGC	0	R+1_1	Astronaut 1	R+1	R	44.9391894744306
R+1_1_ACTCGAACTCCTCCAGTAAT	0	R+1_1	Astronaut 1	R+1	R	21.697412474145
R+1_1_ACTCGACCTAGAGCTGATGA	1	R+1_1	Astronaut 1	R+1	R	16.3638693697432
R+1_1_ACTCGGCGAAGGTCCGTAAT	4	R+1_1	Astronaut 1	R+1	R	35.4702415791737
R+1_1_ACTCGTTGAAGGTAAGCTTG	0	R+1_1	Astronaut 1	R+1	R	42.6949804474038
R+1_1_ACTTCAAGACCGCTCGGAGC	2	R+1_1	Astronaut 1	R+1	R	18.9950393367621
R+1_1_ACTTCAGAACGCAGGGCAAC	1	R+1_1	Astronaut 1	R+1	R	18.3157357688604
R+1_1_ACTTCGCCTTCGAAGGGCGT	0	R+1_1	Astronaut 1	R+1	R	44.9446448812884
R+1_1_AGAGTATTACCAGAAGCAAC	5	R+1_1	Astronaut 1	R+1	R	42.1180851126734
R+1_1_AGAGTCGTCGGCTGCGCAAC	0	R+1_1	Astronaut 1	R+1	R	18.4350283531854
R+1_1_AGAGTGATATCGCCTGATAT	0	R+1_1	Astronaut 1	R+1	R	38.363300041627
R+1_1_AGAGTGTATCGGTCCGCTTG	2	R+1_1	Astronaut 1	R+1	R	16.735248257674
R+1_1_AGAGTTAGAGCAATCGCAAC	0	R+1_1	Astronaut 1	R+1	R	52.1698415670698
R+1_1_AGCGGCTCCACAGAAGCAAC	2	R+1_1	Astronaut 1	R+1	R	46.9486909962336
R+1_1_AGGCTATGGCCTACGGCCTT	3	R+1_1	Astronaut 1	R+1	R	30.3970537832626
R+1_1_AGGTCCAGTTCGATTGCGGT	4	R+1_1	Astronaut 1	R+1	R	30.3970538430359
R+1_1_AGGTCTACGTCGAAGGATGA	0	R+1_1	Astronaut 1	R+1	R	41.0853424218454
R+1_1_AGTTGACTTCGAGTCGCCTT	0	R+1_1	Astronaut 1	R+1	R	19.2193277412728
R+1_1_AGTTGTTCATCCATAGGAGC	0	R+1_1	Astronaut 1	R+1	R	37.3307143206545
R+1_1_ATCCTCTAGTCCTAGGCAAC	1	R+1_1	Astronaut 1	R+1	R	42.1939906577151
R+1_1_ATCTGAAGGTGAGTCGCGGT	0	R+1_1	Astronaut 1	R+1	R	36.7450496596385
R+1_1_ATCTGCAGAACCATAGCTTG	7	R+1_1	Astronaut 1	R+1	R	19.2149280914873
R+1_1_ATCTGGGCGTCGCCTGATGA	2	R+1_1	Astronaut 1	R+1	R	18.9950393965354
R+1_1_ATCTGTATGCCCATAGATGA	0	R+1_1	Astronaut 1	R+1	R	22.4047234570986
R+1_1_ATGCGCCTAGGCGGTGATGA	5	R+1_1	Astronaut 1	R+1	R	43.5385875504469
R+1_1_ATGCGCGATTCTCCAGGAGC	0	R+1_1	Astronaut 1	R+1	R	30.3970539028093
R+1_1_ATGCGGCGGTGCGGTGGCGT	7	R+1_1	Astronaut 1	R+1	R	33.1836612545765
R+1_1_ATGCGGTAGACGCCTGATGA	0	R+1_1	Astronaut 1	R+1	R	16.3853808536603
R+1_1_ATGCGTCATCGGCGTGATGA	0	R+1_1	Astronaut 1	R+1	R	42.3107929615189
R+1_1_ATGCGTGAGAGCCTTGCAAC	0	R+1_1	Astronaut 1	R+1	R	44.8293901723714
R+1_1_ATGCGTTATGGTATCGGTCC	1	R+1_1	Astronaut 1	R+1	R	39.2966699173935
R+1_1_ATTACTGCGCCAGAAGATGA	7	R+1_1	Astronaut 1	R+1	R	18.9950394563087
R+1_1_ATTCATCTACGCGAAGCAAC	0	R+1_1	Astronaut 1	R+1	R	22.4047235168719
R+1_1_ATTCATGCGCCAGAAGCAAC	1	R+1_1	Astronaut 1	R+1	R	30.3970539625826
R+1_1_ATTGGGCCTTCAGTTGATAT	0	R+1_1	Astronaut 1	R+1	R	43.5170937692477
R+1_1_ATTGGTGCTAGAGTCGATGA	0	R+1_1	Astronaut 1	R+1	R	36.7215925157302
R+1_1_ATTGGTTCGACCGCTGCTGC	0	R+1_1	Astronaut 1	R+1	R	44.0618379173385
R+1_1_CAACTACCTAGGAGCGCTTG	1	R+1_1	Astronaut 1	R+1	R	33.9298297767414
R+1_1_CAACTATTGGCTGGAGCGGT	0	R+1_1	Astronaut 1	R+1	R	33.9298298365147
R+1_1_CAACTGCCTTCTCCAGATAT	4	R+1_1	Astronaut 1	R+1	R	30.397054022356
R+1_1_CAATCAGAGTGCAACGATGA	0	R+1_1	Astronaut 1	R+1	R	30.3606188567515
R+1_1_CAATCTAGAGCGGCAGCTTG	5	R+1_1	Astronaut 1	R+1	R	24.7895601563575
R+1_1_CAATCTATCTGGCGTGATAT	5	R+1_1	Astronaut 1	R+1	R	40.078743267082
R+1_1_CAATCTCAGTGTAATGCTTG	5	R+1_1	Astronaut 1	R+1	R	17.2347413863895
R+1_1_CAATCTCTACCGATTGCTGC	4	R+1_1	Astronaut 1	R+1	R	36.5801556667722
R+1_1_CAGAAACTCGCTACGGATAT	5	R+1_1	Astronaut 1	R+1	R	45.8693915191034
R+1_1_CAGAATAGAGGCAGGGCGGT	0	R+1_1	Astronaut 1	R+1	R	19.4003148793117
R+1_1_CAGCGCGCAAGGCAGGCAAC	2	R+1_1	Astronaut 1	R+1	R	33.1868092052905
R+1_1_CAGCGTTGAAGGTCCGATGA	0	R+1_1	Astronaut 1	R+1	R	17.3102612117745
R+1_1_CAGTTAAGCACGGATGTCTA	4	R+1_1	Astronaut 1	R+1	R	30.3970540821293
R+1_1_CAGTTATCTGGCAGGGATGA	5	R+1_1	Astronaut 1	R+1	R	30.3606189165248
R+1_1_CAGTTCCATAGCTGCGCCTT	5	R+1_1	Astronaut 1	R+1	R	19.4632810528056
R+1_1_CCATAAACTCCCTAGGCAAC	0	R+1_1	Astronaut 1	R+1	R	33.9298298962881
R+1_1_CCATAGTAATCAGCGGCTGC	6	R+1_1	Astronaut 1	R+1	R	46.1991985976312
R+1_1_CCGCTACTCGCGGCAGCTTG	0	R+1_1	Astronaut 1	R+1	R	45.3071113528109
R+1_1_CCGCTGACTGCGCCTGCAAC	0	R+1_1	Astronaut 1	R+1	R	33.9368584476697
R+1_1_CCTAGAGAGTCGGATGATGA	0	R+1_1	Astronaut 1	R+1	R	18.5226296314046
R+1_1_CCTAGATCCTGGCGTGCCTT	0	R+1_1	Astronaut 1	R+1	R	30.3970541419026
R+1_1_CCTAGGCGAACCTAGGATGA	0	R+1_1	Astronaut 1	R+1	R	46.9486910560069
R+1_1_CCTAGTCCGGCGCCTGATGA	0	R+1_1	Astronaut 1	R+1	R	17.2630486996391
R+1_1_CCTCAACCTACCTCAGATGA	7	R+1_1	Astronaut 1	R+1	R	17.2634862492281
R+1_1_CGAAGAGAGTATTCAGCAAC	0	R+1_1	Astronaut 1	R+1	R	36.1855219578181
R+1_1_CGAAGGGTAACGCCTGATAT	4	R+1_1	Astronaut 1	R+1	R	41.6038522843576
R+1_1_CGAAGTGCTACCATAGCAAC	0	R+1_1	Astronaut 1	R+1	R	41.603852344131
R+1_1_CGACCAAGGTCTTAAGGAGC	2	R+1_1	Astronaut 1	R+1	R	43.9865977574527
R+1_1_CGACCGCGGTCAATCGTCTA	6	R+1_1	Astronaut 1	R+1	R	46.9486911157802
R+1_1_CGACCGTATCGGAGCGTCTA	3	R+1_1	Astronaut 1	R+1	R	30.397054201676
R+1_1_CGATTACGATGACTGGATAT	5	R+1_1	Astronaut 1	R+1	R	45.979033096356
R+1_1_CGATTAGTTGCAATCGATAT	3	R+1_1	Astronaut 1	R+1	R	16.4015504720546
R+1_1_CGATTCAACTATTGGGATGA	0	R+1_1	Astronaut 1	R+1	R	16.4632182553107
R+1_1_CGATTCAGTTCGAAGGTCTA	0	R+1_1	Astronaut 1	R+1	R	21.2666719820804
R+1_1_CGATTCTACGCTAACGGCGT	5	R+1_1	Astronaut 1	R+1	R	16.7754285611654
R+1_1_CGATTGGCGTGTAATGCAAC	0	R+1_1	Astronaut 1	R+1	R	49.4725664726022
R+1_1_CGCAACAATCGAACCGATGA	0	R+1_1	Astronaut 1	R+1	R	48.5710295915735
R+1_1_CGCAAGCGGTGAACCGCAAC	0	R+1_1	Astronaut 1	R+1	R	44.5286399574679
R+1_1_CGCCTCTGGAGAGCTGCCTT	1	R+1_1	Astronaut 1	R+1	R	30.3970542614493
R+1_1_CGCCTGCAGGCGCCTGTCTA	0	R+1_1	Astronaut 1	R+1	R	40.6307197268082
R+1_1_CGCTCTAAGGCTAGTGATGA	0	R+1_1	Astronaut 1	R+1	R	19.4371831927612
R+1_1_CGCTCTAGAGGCAGGGCGGT	4	R+1_1	Astronaut 1	R+1	R	24.7895602161309
R+1_1_CGGATCGTCGCTCCAGATAT	0	R+1_1	Astronaut 1	R+1	R	33.1926173835919
R+1_1_CGGCAATGGCCAATCGATGA	0	R+1_1	Astronaut 1	R+1	R	30.3970543212227
R+1_1_CGGCACGCTCGCCTTGTAAT	4	R+1_1	Astronaut 1	R+1	R	30.3606189762982
R+1_1_CGGCACTACGGCAGGGGAGC	3	R+1_1	Astronaut 1	R+1	R	16.7422848679986
R+1_1_CGGCAGTATCGCAGGGATAT	3	R+1_1	Astronaut 1	R+1	R	48.4177414819992
R+1_1_CGTCGAGTTGCTTAAGCTTG	0	R+1_1	Astronaut 1	R+1	R	38.3856950674526
R+1_1_CGTCGCAACTGCAACGGCGT	4	R+1_1	Astronaut 1	R+1	R	39.1737055806158
R+1_1_CTAACATTACGGAGCGGCGT	0	R+1_1	Astronaut 1	R+1	R	21.6974125339184
R+1_1_CTAACGTAGACAGCGGCAAC	2	R+1_1	Astronaut 1	R+1	R	38.469869736341
R+1_1_CTACGCAACTGCTGCGATGA	1	R+1_1	Astronaut 1	R+1	R	45.3711582814914
R+1_1_CTACGCAATCGCTGCGATGA	3	R+1_1	Astronaut 1	R+1	R	43.5183022384738
R+1_1_CTAGTGAACCCGCTCGATAT	0	R+1_1	Astronaut 1	R+1	R	38.6215143842621
R+1_1_CTAGTTCTACGCCTTGCTGC	0	R+1_1	Astronaut 1	R+1	R	30.397054380996
R+1_1_CTCCAACCTACGAAGGGCGT	0	R+1_1	Astronaut 1	R+1	R	42.2790486854643
R+1_1_CTCCAGATGACAACTGTCTA	0	R+1_1	Astronaut 1	R+1	R	30.3970544407693
R+1_1_CTGGAAGAGTCCTAGGCCTT	4	R+1_1	Astronaut 1	R+1	R	31.6960833787271
R+1_1_CTTAAAGAACCAGTTGATAT	2	R+1_1	Astronaut 1	R+1	R	36.3044521389527
R+1_1_CTTAACGATTGCGGTGATGA	2	R+1_1	Astronaut 1	R+1	R	24.7895602759042
R+1_1_CTTAACTTAACTGGAGCTGC	0	R+1_1	Astronaut 1	R+1	R	36.5801557265455
R+1_1_CTTAATAGAGCTAACGTCTA	0	R+1_1	Astronaut 1	R+1	R	33.1926174433652
R+1_1_CTTAATGCGCCGCCTGTCTA	0	R+1_1	Astronaut 1	R+1	R	18.4423271541943
R+1_1_GAACCAACGACTGGAGCAAC	1	R+1_1	Astronaut 1	R+1	R	45.2610058060703
R+1_1_GAACCGGTAACGATTGTAAT	2	R+1_1	Astronaut 1	R+1	R	36.7259851319672
R+1_1_GAACCTAGAGCAATCGATAT	0	R+1_1	Astronaut 1	R+1	R	43.6126388378365
R+1_1_GACTGAGAGTCCGCTGTCTA	4	R+1_1	Astronaut 1	R+1	R	42.1945414248289
R+1_1_GACTGGTAATCTGGAGCGGT	0	R+1_1	Astronaut 1	R+1	R	45.2792123807481
R+1_1_GAGCTCGCAACAGAAGCAAC	0	R+1_1	Astronaut 1	R+1	R	30.3970545005427
R+1_1_GAGCTGAGTCCTACGGTAAT	1	R+1_1	Astronaut 1	R+1	R	21.1157376252032
R+1_1_GAGCTGCGGTGTAGAGGAGC	4	R+1_1	Astronaut 1	R+1	R	22.4047235766453
R+1_1_GAGTCCTACGCGACCGCCTT	0	R+1_1	Astronaut 1	R+1	R	42.4116363017588
R+1_1_GAGTCGGAGCGATATGATGA	5	R+1_1	Astronaut 1	R+1	R	18.4203105911803
R+1_1_GAGTCGGTCCCCTAGGATAT	4	R+1_1	Astronaut 1	R+1	R	36.5801557863188
R+1_1_GAGTCGTAATGGAGCGTAAT	0	R+1_1	Astronaut 1	R+1	R	21.1157376849765
R+1_1_GATATAAGGTGGCGTGATAT	0	R+1_1	Astronaut 1	R+1	R	24.7895603356775
R+1_1_GATATCTAACGATATGATGA	0	R+1_1	Astronaut 1	R+1	R	44.4503431613107
R+1_1_GATATGACTGGTATCGGCGT	4	R+1_1	Astronaut 1	R+1	R	43.5439202266308
R+1_1_GATATGCAGGCAGAAGATGA	2	R+1_1	Astronaut 1	R+1	R	44.939189534204
R+1_1_GATATGCTGCCTACGGATAT	0	R+1_1	Astronaut 1	R+1	R	42.0716975826163
R+1_1_GATATGCTGCCTACGGCAAC	0	R+1_1	Astronaut 1	R+1	R	39.0483761958998
R+1_1_GATATTCAGTGCTGCGATAT	2	R+1_1	Astronaut 1	R+1	R	36.7214917917836
R+1_1_GATATTGCTACGAAGGCGGT	4	R+1_1	Astronaut 1	R+1	R	40.7419887125906
R+1_1_GATGAAACGAGGAGCGTCTA	4	R+1_1	Astronaut 1	R+1	R	36.5801558460922
R+1_1_GATGAAGTTGGATATGCCTT	0	R+1_1	Astronaut 1	R+1	R	36.4033651612418
R+1_1_GATGATATCTGATGAGATAT	3	R+1_1	Astronaut 1	R+1	R	22.4047236364186
R+1_1_GATGATCTACGGTCCGTCTA	2	R+1_1	Astronaut 1	R+1	R	36.3922257062908
R+1_1_GCAACGTAATGCTGCGCAAC	0	R+1_1	Astronaut 1	R+1	R	46.9486911755536
R+1_1_GCAACTACGTCAGTTGATAT	0	R+1_1	Astronaut 1	R+1	R	16.3799835141756
R+1_1_GCAACTCGTACTAACGTCTA	0	R+1_1	Astronaut 1	R+1	R	42.7412558017091
R+1_1_GCAGGTAGAGCGCAAGGAGC	0	R+1_1	Astronaut 1	R+1	R	41.1049138313329
R+1_1_GCCTTAACCGGCTGCGTCTA	0	R+1_1	Astronaut 1	R+1	R	36.726724890142
R+1_1_GCCTTAAGACATTGGGGTCC	0	R+1_1	Astronaut 1	R+1	R	31.9180160441871
R+1_1_GCGAACGAAGCGTCGGATGA	0	R+1_1	Astronaut 1	R+1	R	45.8650313328827
R+1_1_GCGAAGGAGCGATGAGATAT	4	R+1_1	Astronaut 1	R+1	R	30.397054560316
R+1_1_GCGGTACGATGTAATGTCTA	6	R+1_1	Astronaut 1	R+1	R	19.2046587461359
R+1_1_GCGGTCAGTTGATGAGCTTG	0	R+1_1	Astronaut 1	R+1	R	40.7406507389638
R+1_1_GCGGTTACGTGATGAGATAT	3	R+1_1	Astronaut 1	R+1	R	33.1996563438941
R+1_1_GCTCTCAATCCAACTGTCTA	4	R+1_1	Astronaut 1	R+1	R	30.3970546200893
R+1_1_GCTCTCGCTCATTCAGCAAC	3	R+1_1	Astronaut 1	R+1	R	24.7895603954509
R+1_1_GCTCTGCAACGAGTCGATGA	0	R+1_1	Astronaut 1	R+1	R	46.1991986574045
R+1_1_GCTCTTTAGCCGCCTGGCGT	0	R+1_1	Astronaut 1	R+1	R	24.7895604552242
R+1_1_GCTGCACCTACAATCGATGA	5	R+1_1	Astronaut 1	R+1	R	43.5385876102202
R+1_1_GCTGCAGTTGGATGAGGTCC	4	R+1_1	Astronaut 1	R+1	R	33.1926175031386
R+1_1_GCTGCCGACCCAATCGTCTA	3	R+1_1	Astronaut 1	R+1	R	19.1493248754776
R+1_1_GCTGCTTGAACAGTTGGTCC	4	R+1_1	Astronaut 1	R+1	R	30.5323999120244
R+1_1_GCTTGACGATCGCTCGGAGC	7	R+1_1	Astronaut 1	R+1	R	31.9609464519316
R+1_1_GGAGCAGTTGGGCGTGCTGC	6	R+1_1	Astronaut 1	R+1	R	21.1157377447498
R+1_1_GGAGCATCCTGCTTGGATGA	1	R+1_1	Astronaut 1	R+1	R	30.3970546798627
R+1_1_GGAGCCTAACCTAACGGTCC	0	R+1_1	Astronaut 1	R+1	R	41.9335666038983
R+1_1_GGAGCTCATCGTATCGCTTG	0	R+1_1	Astronaut 1	R+1	R	42.5331950242758
R+1_1_GGCGTTTCGAGCTGCGCTTG	2	R+1_1	Astronaut 1	R+1	R	17.2726144652407
R+1_1_GGTAAAAGGTGGCAGGATAT	0	R+1_1	Astronaut 1	R+1	R	38.5046394405162
R+1_1_GGTAATGCTACGGCAGGCGT	0	R+1_1	Astronaut 1	R+1	R	22.4047236961919
R+1_1_GGTCCAACCGCGCCTGGTCC	6	R+1_1	Astronaut 1	R+1	R	21.6974125936917
R+1_1_GGTCCTTCGACTTAAGCGGT	4	R+1_1	Astronaut 1	R+1	R	33.1926175629119
R+1_1_GTAATACCAGGCTTGGATGA	0	R+1_1	Astronaut 1	R+1	R	31.3507406293133
R+1_1_GTAATGTAGACAATCGATGA	2	R+1_1	Astronaut 1	R+1	R	24.7895605149976
R+1_1_GTAGAATTGGGTAATGTAAT	0	R+1_1	Astronaut 1	R+1	R	33.1926176226852
R+1_1_GTAGATATCTCCATAGCAAC	1	R+1_1	Astronaut 1	R+1	R	40.0195963701508
R+1_1_GTAGATCCGGCCATAGGCGT	5	R+1_1	Astronaut 1	R+1	R	32.2550268973729
R+1_1_GTATCAAGACCGGCAGATAT	0	R+1_1	Astronaut 1	R+1	R	30.3606190360715
R+1_1_GTATCAGAGTGAACCGATAT	4	R+1_1	Astronaut 1	R+1	R	39.0844056104833
R+1_1_GTATCCTGGACGCAAGCAAC	3	R+1_1	Astronaut 1	R+1	R	33.1926176824586
R+1_1_GTCCGTGAGAGCTGCGGTCC	1	R+1_1	Astronaut 1	R+1	R	46.9486912353269
R+1_1_GTCCGTTAGCGAACCGCGGT	2	R+1_1	Astronaut 1	R+1	R	39.1604075127011
R+1_1_GTCTAAACTCGAGTCGATGA	3	R+1_1	Astronaut 1	R+1	R	46.1991987171779
R+1_1_GTCTAACGATCGTCGGCCTT	1	R+1_1	Astronaut 1	R+1	R	44.0135316806129
R+1_1_GTCTAAGAACCAGAAGGCGT	0	R+1_1	Astronaut 1	R+1	R	46.0242164913384
R+1_1_GTCTACTACGGCGAAGCGGT	4	R+1_1	Astronaut 1	R+1	R	31.8909687208732
R+1_1_TAAGGACTCGGAGCTGATAT	4	R+1_1	Astronaut 1	R+1	R	24.7895605747709
R+1_1_TAAGGCTAGTCCTCAGCCTT	3	R+1_1	Astronaut 1	R+1	R	39.5295820595659
R+1_1_TAAGGCTCCACAGCGGGTCC	0	R+1_1	Astronaut 1	R+1	R	49.1683401678052
R+1_1_TAAGGCTGGACGGCAGTAAT	0	R+1_1	Astronaut 1	R+1	R	27.7339907867052
R+1_1_TAAGGTGCGCCAATCGATGA	0	R+1_1	Astronaut 1	R+1	R	43.523487932749
R+1_1_TACGTGTTAGCCTCAGTAAT	0	R+1_1	Astronaut 1	R+1	R	34.3125035586143
R+1_1_TAGAGAGTTGCCATAGATAT	4	R+1_1	Astronaut 1	R+1	R	31.9106636604626
R+1_1_TAGAGATCCTCGAAGGGAGC	0	R+1_1	Astronaut 1	R+1	R	39.5511141365973
R+1_1_TAGGAGATGAGCGAAGGCGT	0	R+1_1	Astronaut 1	R+1	R	24.7895606345442
R+1_1_TAGGAGCGGTGACTGGCCTT	0	R+1_1	Astronaut 1	R+1	R	33.8566805129436
R+1_1_TATCTGACTGGGCGTGATAT	0	R+1_1	Astronaut 1	R+1	R	42.2247660904698
R+1_1_TATCTGATATGCAACGATGA	3	R+1_1	Astronaut 1	R+1	R	37.7588201650163
R+1_1_TATCTTAAGGGGTCCGCAAC	2	R+1_1	Astronaut 1	R+1	R	35.9885050822217
R+1_1_TATCTTACGTCAACTGCAAC	6	R+1_1	Astronaut 1	R+1	R	42.2790487452376
R+1_1_TATGCACCAGCGAAGGCGGT	0	R+1_1	Astronaut 1	R+1	R	42.7266222036912
R+1_1_TATGCAGAGTGGTAAGGCGT	0	R+1_1	Astronaut 1	R+1	R	48.4177415417725
R+1_1_TATGCCAACTCAGTTGCTTG	1	R+1_1	Astronaut 1	R+1	R	33.1926177422319
R+1_1_TATTGCAGTTCGGATGCGGT	0	R+1_1	Astronaut 1	R+1	R	30.397054739636
R+1_1_TATTGGAGTCCAGAAGATAT	4	R+1_1	Astronaut 1	R+1	R	40.6451025318571
R+1_1_TATTGGATATCAGTTGCTGC	3	R+1_1	Astronaut 1	R+1	R	44.1448723803953
R+1_1_TATTGGCGGTGAGTCGCTGC	4	R+1_1	Astronaut 1	R+1	R	19.3657454796831
R+1_1_TATTGGGAGCCGCCTGCTGC	0	R+1_1	Astronaut 1	R+1	R	21.697412653465
R+1_1_TATTGGGTCCGCTTGGGAGC	0	R+1_1	Astronaut 1	R+1	R	21.6974127132384
R+1_1_TATTGGTATCGCGGTGCAAC	0	R+1_1	Astronaut 1	R+1	R	46.1991987769512
R+1_1_TATTGTTCGAGAGTCGCCTT	4	R+1_1	Astronaut 1	R+1	R	36.5801559058655
R+1_1_TCAGTAACGAATTGGGCTTG	0	R+1_1	Astronaut 1	R+1	R	18.5226296911779
R+1_1_TCAGTACTCGCAATCGCAAC	0	R+1_1	Astronaut 1	R+1	R	38.5046395002896
R+1_1_TCAGTCGAAGCGAAGGATGA	2	R+1_1	Astronaut 1	R+1	R	17.2819170056165
R+1_1_TCAGTCTTAACAGAAGTCTA	0	R+1_1	Astronaut 1	R+1	R	45.0812020032215
R+1_1_TCAGTTAGAGGTAATGCTGC	0	R+1_1	Astronaut 1	R+1	R	30.3970547994094
R+1_1_TCATCAAGCAATTCAGTAAT	1	R+1_1	Astronaut 1	R+1	R	42.279048805011
R+1_1_TCATCCGAAGGCTCTGATGA	0	R+1_1	Astronaut 1	R+1	R	44.0790011576215
R+1_1_TCATCCGGCACTAACGCCTT	0	R+1_1	Astronaut 1	R+1	R	42.2790488647843
R+1_1_TCATCTACGTCCTCAGATAT	2	R+1_1	Astronaut 1	R+1	R	43.5385876699935
R+1_1_TCCGGCGGCAGAGTCGTAAT	2	R+1_1	Astronaut 1	R+1	R	24.7895606943176
R+1_1_TCGCGACTTCCGGATGCTGC	0	R+1_1	Astronaut 1	R+1	R	21.6974127730117
R+1_1_TCGCGCTAGTCGCTCGCAAC	0	R+1_1	Astronaut 1	R+1	R	36.5801559656389
R+1_1_TCGCGGAACCGGTCCGATAT	2	R+1_1	Astronaut 1	R+1	R	41.1017730486999
R+1_1_TCGTACTACGGCGAAGATGA	1	R+1_1	Astronaut 1	R+1	R	43.5244239046835
R+1_1_TCGTACTGGAGCAACGATGA	0	R+1_1	Astronaut 1	R+1	R	45.0360053680027
R+1_1_TCTACATCCTCTAACGCAAC	6	R+1_1	Astronaut 1	R+1	R	42.2575910564897
R+1_1_TCTACATCTGGCTTGGATGA	1	R+1_1	Astronaut 1	R+1	R	21.1157378045232
R+1_1_TCTACCTTAAGAGCTGATAT	3	R+1_1	Astronaut 1	R+1	R	24.7895607540909
R+1_1_TCTACTAAGGCCATAGCTTG	0	R+1_1	Astronaut 1	R+1	R	43.3456061093416
R+1_1_TCTACTATGCGCTGCGGAGC	0	R+1_1	Astronaut 1	R+1	R	44.8925952825427
R+1_1_TCTACTTATGGGTAAGGCGT	2	R+1_1	Astronaut 1	R+1	R	34.8937375862857
R+1_1_TGAGACCGCTCTGGAGATAT	4	R+1_1	Astronaut 1	R+1	R	32.4931890972885
R+1_1_TGAGAGCTCTCAACTGCTTG	0	R+1_1	Astronaut 1	R+1	R	41.6038524039043
R+1_1_TGAGATTAGCCTAGTGATAT	5	R+1_1	Astronaut 1	R+1	R	21.1157378642965
R+1_1_TGCGCGCAACCGACCGCGGT	0	R+1_1	Astronaut 1	R+1	R	18.4324454428003
R+1_1_TGCGCTCATCCTACGGCCTT	6	R+1_1	Astronaut 1	R+1	R	33.1810040622429
R+1_1_TGCGCTCGCGGTAGAGTAAT	3	R+1_1	Astronaut 1	R+1	R	33.1926178020052
R+1_1_TGGACTAAGGCTAGTGTCTA	4	R+1_1	Astronaut 1	R+1	R	49.2273900257579
R+1_1_TTAGCACGATGTAATGATAT	0	R+1_1	Astronaut 1	R+1	R	52.0000753830889
R+1_1_TTAGCCGAAGGCGGTGGCGT	1	R+1_1	Astronaut 1	R+1	R	40.5748794188669
R+1_1_TTATGCGGATGACTGGCAAC	0	R+1_1	Astronaut 1	R+1	R	38.5046395600629
R+1_1_TTATGGTATCGCGGTGCAAC	3	R+1_1	Astronaut 1	R+1	R	46.9486912951002
R+1_1_TTATGTACGTGTAGAGCCTT	0	R+1_1	Astronaut 1	R+1	R	39.2965708429217
R+1_1_TTCATGTAATCAGTTGCTGC	2	R+1_1	Astronaut 1	R+1	R	19.9017272544967
R+1_1_TTCATTCAGTCCTAGGCAAC	0	R+1_1	Astronaut 1	R+1	R	40.2800141022601
R+1_1_TTCATTCATCGCTTGGGCGT	0	R+1_1	Astronaut 1	R+1	R	21.5191099721089
R+1_1_TTCGAGTATCCAGAAGTAAT	0	R+1_1	Astronaut 1	R+1	R	44.0809003943804
R+1_1_TTGAAGAGCTCGGCAGGAGC	2	R+1_1	Astronaut 1	R+1	R	39.5796589668005
R+1_2_AACCGAACTCGTATCGATGA	2	R+1_2	Astronaut 2	R+1	R	36.7214918515569
R+1_2_AACTCAACGAGATATGGCGT	3	R+1_2	Astronaut 2	R+1	R	40.2800141620334
R+1_2_AAGACAGGTCCAATCGCAAC	1	R+1_2	Astronaut 2	R+1	R	39.1737056403891
R+1_2_AAGCAACGATCGATTGCTGC	0	R+1_2	Astronaut 2	R+1	R	38.6905724617072
R+1_2_AAGCACGGATCAACTGATGA	0	R+1_2	Astronaut 2	R+1	R	42.0789503001927
R+1_2_AAGGTAGTTGCAGTTGGCGT	1	R+1_2	Astronaut 2	R+1	R	44.9436584806101
R+1_2_AAGGTCGAAGGATGAGATAT	1	R+1_2	Astronaut 2	R+1	R	43.214184948861
R+1_2_AAGGTTCGTAGTAGAGATGA	3	R+1_2	Astronaut 2	R+1	R	42.1140719813664
R+1_2_ACCTAGCAGGGCTCTGATGA	1	R+1_2	Astronaut 2	R+1	R	45.3071114125843
R+1_2_ACTAAAGTTGGCGGTGCAAC	0	R+1_2	Astronaut 2	R+1	R	38.3334735056237
R+1_2_ACTCGAAGACGAACCGCGGT	1	R+1_2	Astronaut 2	R+1	R	31.5404425170423
R+1_2_ACTCGCAGTTGGCAGGGCGT	3	R+1_2	Astronaut 2	R+1	R	36.7214919113302
R+1_2_AGAACTTCATCGGCAGCTTG	2	R+1_2	Astronaut 2	R+1	R	39.0524029427317
R+1_2_AGAGTGAGTCCAGTTGCGGT	0	R+1_2	Astronaut 2	R+1	R	40.6542947073635
R+1_2_AGAGTTCGCGGTATCGGAGC	1	R+1_2	Astronaut 2	R+1	R	45.3071114723576
R+1_2_AGCGGGCGGTCAGAAGATGA	2	R+1_2	Astronaut 2	R+1	R	46.9486913548736
R+1_2_AGGCTAGAGTCCTAGGGCGT	2	R+1_2	Astronaut 2	R+1	R	41.0937550902052
R+1_2_AGGCTTGCTACGATTGATGA	0	R+1_2	Astronaut 2	R+1	R	46.70020280023
R+1_2_ATCCTGGTAACAGTTGATAT	0	R+1_2	Astronaut 2	R+1	R	25.4194478975187
R+1_2_ATCCTGTCTACGACCGCAAC	1	R+1_2	Astronaut 2	R+1	R	46.4825667701023
R+1_2_ATCTGAAGGTGCGAAGATAT	0	R+1_2	Astronaut 2	R+1	R	41.6727719747741
R+1_2_ATCTGATCCTGCAACGATGA	1	R+1_2	Astronaut 2	R+1	R	30.3606190958449
R+1_2_ATCTGATCCTGCAACGTCTA	1	R+1_2	Astronaut 2	R+1	R	46.929709501728
R+1_2_ATGGCCGCAACAGCGGATAT	1	R+1_2	Astronaut 2	R+1	R	41.6038524636776
R+1_2_ATTACACCTACAGTTGCTTG	2	R+1_2	Astronaut 2	R+1	R	35.0836127563784
R+1_2_ATTCAAGAGTCCTAGGATAT	0	R+1_2	Astronaut 2	R+1	R	48.4177416015458
R+1_2_ATTCACGGATGCGGTGATGA	3	R+1_2	Astronaut 2	R+1	R	26.8884673321942
R+1_2_ATTGGAAGGTGTAATGCAAC	1	R+1_2	Astronaut 2	R+1	R	35.460002670399
R+1_2_ATTGGGGAGCATTCAGGCGT	0	R+1_2	Astronaut 2	R+1	R	41.603852523451
R+1_2_CAACTGAGCTCAATCGATAT	0	R+1_2	Astronaut 2	R+1	R	43.5470729206631
R+1_2_CAGAAAGCGGGAGCTGATGA	0	R+1_2	Astronaut 2	R+1	R	44.9391895939773
R+1_2_CAGAAGTCTAGTATCGGCGT	5	R+1_2	Astronaut 2	R+1	R	35.4436870252964
R+1_2_CAGCGGTCTACCATAGATAT	2	R+1_2	Astronaut 2	R+1	R	46.1554063740937
R+1_2_CAGCGTGGACGTATCGCTGC	0	R+1_2	Astronaut 2	R+1	R	39.5838078445428
R+1_2_CCATAGCTCTGGCAGGATGA	0	R+1_2	Astronaut 2	R+1	R	43.3368037772773
R+1_2_CCTCACAGCGCGGCAGCTGC	0	R+1_2	Astronaut 2	R+1	R	42.1100958603007
R+1_2_CCTCATGGACGCTTGGATGA	1	R+1_2	Astronaut 2	R+1	R	46.9486914146469
R+1_2_CGAAGCGACCGAGCTGGCGT	1	R+1_2	Astronaut 2	R+1	R	44.0467782336313
R+1_2_CGATTCAGCGCGCCTGGAGC	2	R+1_2	Astronaut 2	R+1	R	38.4567042315294
R+1_2_CGCAATCTACGCGAAGCTTG	0	R+1_2	Astronaut 2	R+1	R	42.2751349071742
R+1_2_CGCCTGTATCCTGGAGCGGT	0	R+1_2	Astronaut 2	R+1	R	44.0319859760136
R+1_2_CGCTCCCTCACCTCAGATGA	1	R+1_2	Astronaut 2	R+1	R	42.3956355494387
R+1_2_CGCTCGCAGGGATGAGCTGC	4	R+1_2	Astronaut 2	R+1	R	32.4895883702151
R+1_2_CGGATAGGCTCGATTGCGGT	0	R+1_2	Astronaut 2	R+1	R	43.517093829021
R+1_2_CGGATCTCCACCGCTGATGA	1	R+1_2	Astronaut 2	R+1	R	38.5046396198362
R+1_2_CGGCAATGCGGCTCTGCAAC	1	R+1_2	Astronaut 2	R+1	R	46.8705682060612
R+1_2_CGGCATGGACGCGAAGCGGT	3	R+1_2	Astronaut 2	R+1	R	42.3127486924342
R+1_2_CGTCGAGAACGCCTTGCGGT	0	R+1_2	Astronaut 2	R+1	R	50.7363440755796
R+1_2_CGTCGAGGCTCGATTGATAT	4	R+1_2	Astronaut 2	R+1	R	36.731623628025
R+1_2_CGTCGAGGCTGGCGTGTAAT	3	R+1_2	Astronaut 2	R+1	R	37.1546738571279
R+1_2_CTAACAAGCAGGAGCGCTTG	0	R+1_2	Astronaut 2	R+1	R	37.1546739169012
R+1_2_CTGGAGAGCTGTAATGCAAC	2	R+1_2	Astronaut 2	R+1	R	44.0883375494644
R+1_2_CTGGATGCTAGCGGTGCGGT	0	R+1_2	Astronaut 2	R+1	R	35.4458356392243
R+1_2_CTTAATATCTGATATGATAT	1	R+1_2	Astronaut 2	R+1	R	42.2790489245576
R+1_2_GAACCAGGCTGTATCGCTGC	5	R+1_2	Astronaut 2	R+1	R	26.332268016119
R+1_2_GAACCGTCTACTGGAGATAT	1	R+1_2	Astronaut 2	R+1	R	48.3437957534476
R+1_2_GAGCTCGATTCGACCGATAT	0	R+1_2	Astronaut 2	R+1	R	41.1016284743634
R+1_2_GAGCTCGGCAATTGGGCAAC	2	R+1_2	Astronaut 2	R+1	R	39.1737057001624
R+1_2_GAGTCTCGCGGGTCCGCAAC	2	R+1_2	Astronaut 2	R+1	R	34.8666429819006
R+1_2_GATATTTGAACGGATGGCGT	6	R+1_2	Astronaut 2	R+1	R	46.8705682658345
R+1_2_GCAACACCTACGCTCGCAAC	0	R+1_2	Astronaut 2	R+1	R	43.8672400612895
R+1_2_GCAACCAGCGCAGAAGCCTT	0	R+1_2	Astronaut 2	R+1	R	36.2876089935895
R+1_2_GCAGGAGAGTCAATCGGAGC	1	R+1_2	Astronaut 2	R+1	R	44.9391896537507
R+1_2_GCAGGAGAGTGTAATGCAAC	1	R+1_2	Astronaut 2	R+1	R	31.5366088592595
R+1_2_GCAGGCTAGTCGAAGGGCGT	0	R+1_2	Astronaut 2	R+1	R	45.2928652745669
R+1_2_GCAGGGGCGTGAGCTGTCTA	4	R+1_2	Astronaut 2	R+1	R	37.3543037058801
R+1_2_GCCTTCGCCTCGACCGCAAC	1	R+1_2	Astronaut 2	R+1	R	37.1546739766745
R+1_2_GCGAAGCAGGCGAAGGATAT	2	R+1_2	Astronaut 2	R+1	R	44.3376671560231
R+1_2_GCTCTGATGACGCCTGTCTA	0	R+1_2	Astronaut 2	R+1	R	43.2854230703044
R+1_2_GCTCTGTATCGGCGTGATGA	3	R+1_2	Astronaut 2	R+1	R	45.0312465889941
R+1_2_GCTGCTCGCGCGCAAGCTGC	0	R+1_2	Astronaut 2	R+1	R	41.6038525832243
R+1_2_GCTTGGCGAAGAGTCGATAT	1	R+1_2	Astronaut 2	R+1	R	45.2588672022127
R+1_2_GGCAGGAGTCCAGAAGTAAT	0	R+1_2	Astronaut 2	R+1	R	42.2351950120724
R+1_2_GGTCCTGGACCAGAAGATGA	2	R+1_2	Astronaut 2	R+1	R	36.5801560254122
R+1_2_GTAATCGGATCAATCGATGA	0	R+1_2	Astronaut 2	R+1	R	44.939189713524
R+1_2_GTAATGAACCGTAGAGCTTG	2	R+1_2	Astronaut 2	R+1	R	41.9758287559571
R+1_2_GTAGAAACCGGCTGCGCCTT	4	R+1_2	Astronaut 2	R+1	R	39.2958866434697
R+1_2_GTAGAGCTTGGCTTGGCTTG	2	R+1_2	Astronaut 2	R+1	R	44.7964647955708
R+1_2_GTCTATCGTACAGTTGATGA	0	R+1_2	Astronaut 2	R+1	R	44.8712042668082
R+1_2_GTTAGGTCCGATTCAGCAAC	1	R+1_2	Astronaut 2	R+1	R	41.6038526429977
R+1_2_GTTAGGTCTACCTCAGGTCC	0	R+1_2	Astronaut 2	R+1	R	42.5331950840491
R+1_2_GTTAGTCATCGATGAGCTGC	0	R+1_2	Astronaut 2	R+1	R	43.540621758043
R+1_2_TAAGGCTAACCGGATGCAAC	0	R+1_2	Astronaut 2	R+1	R	43.5215524436688
R+1_2_TAAGGCTTAACCTAGGCCTT	0	R+1_2	Astronaut 2	R+1	R	33.8683854820529
R+1_2_TAAGGTGCTACGGATGCAAC	1	R+1_2	Astronaut 2	R+1	R	48.4177416613192
R+1_2_TACGTCCTAGGCTCTGGCGT	2	R+1_2	Astronaut 2	R+1	R	40.0237841763995
R+1_2_TAGAGATTACGGTAAGATGA	0	R+1_2	Astronaut 2	R+1	R	45.3071115321309
R+1_2_TAGGAATCCTGCCTTGATGA	0	R+1_2	Astronaut 2	R+1	R	38.5744020888917
R+1_2_TATCTACTTCCAACTGTAAT	3	R+1_2	Astronaut 2	R+1	R	41.0850167976854
R+1_2_TATGCAGTTGCCATAGATAT	0	R+1_2	Astronaut 2	R+1	R	41.603852702771
R+1_2_TCAGTCGACCATTCAGATAT	7	R+1_2	Astronaut 2	R+1	R	43.4449798694516
R+1_2_TCATCTTAGCATTCAGCAAC	1	R+1_2	Astronaut 2	R+1	R	44.0933187639788
R+1_2_TCGCGCTACGCCTAGGTCTA	3	R+1_2	Astronaut 2	R+1	R	43.5458400737735
R+1_2_TCTACGCTGCCGACCGCCTT	0	R+1_2	Astronaut 2	R+1	R	42.7299065396294
R+1_2_TGAGACAATCCAGTTGGAGC	5	R+1_2	Astronaut 2	R+1	R	45.3071115919043
R+1_2_TGAGACAATCCGCTCGATAT	1	R+1_2	Astronaut 2	R+1	R	44.0135317403862
R+1_2_TGAGAGCAGGCTAACGATGA	0	R+1_2	Astronaut 2	R+1	R	43.5505436207493
R+1_2_TTAGCCAGAAGCGGTGATGA	0	R+1_2	Astronaut 2	R+1	R	46.1991988367245
R+1_2_TTAGCCGCAACGCCTGATAT	0	R+1_2	Astronaut 2	R+1	R	45.5470959508759
R+1_2_TTATGATCTGGGAGCGATGA	1	R+1_2	Astronaut 2	R+1	R	31.5404425768156
R+1_2_TTATGGCTGCGTATCGGCGT	0	R+1_2	Astronaut 2	R+1	R	42.1286007804567
R+1_2_TTATGGTATCCGTCGGGCGT	0	R+1_2	Astronaut 2	R+1	R	39.2959085612644
R+1_2_TTCATTGGACCGATTGTCTA	0	R+1_2	Astronaut 2	R+1	R	41.7996085815226
R+1_2_TTCGAATTCACCGCTGATAT	0	R+1_2	Astronaut 2	R+1	R	34.22030374658
R+1_2_TTGAATGCGCGGAGCGTCTA	4	R+1_2	Astronaut 2	R+1	R	39.0572676405274
R+1_3_AACCGAAGGTCGACCGCCTT	1	R+1_3	Astronaut 3	R+1	R	36.4363181341736
R+1_3_AACCGAAGGTCGACCGTCTA	0	R+1_3	Astronaut 3	R+1	R	36.5801560851855
R+1_3_AACCGACCTACCGCTGCAAC	0	R+1_3	Astronaut 3	R+1	R	48.5572240817148
R+1_3_AACCGACTAACAACTGATAT	1	R+1_3	Astronaut 3	R+1	R	16.4042421556084
R+1_3_AACCGACTAACCATAGTAAT	2	R+1_3	Astronaut 3	R+1	R	21.3744633164243
R+1_3_AACCGACTCGGATGAGGTCC	0	R+1_3	Astronaut 3	R+1	R	21.6974128327851
R+1_3_AACCGAGGCTGCTCTGCGGT	3	R+1_3	Astronaut 3	R+1	R	38.7633947177935
R+1_3_AACCGAGGCTGCTTGGGTCC	0	R+1_3	Astronaut 3	R+1	R	24.7895608138642
R+1_3_AACCGCCATACAACTGATAT	2	R+1_3	Astronaut 3	R+1	R	44.1448724401687
R+1_3_AACCGCGTCGCTGGAGCTGC	3	R+1_3	Astronaut 3	R+1	R	43.2647431590116
R+1_3_AACCGCTGGACGGATGCTTG	1	R+1_3	Astronaut 3	R+1	R	49.4725665323756
R+1_3_AACCGCTTAACGCTCGCGGT	0	R+1_3	Astronaut 3	R+1	R	30.3970548591827
R+1_3_AACCGGATGAGACTGGGAGC	1	R+1_3	Astronaut 3	R+1	R	16.1821465615437
R+1_3_AACCGGCCTTGATATGATAT	3	R+1_3	Astronaut 3	R+1	R	40.067717680199
R+1_3_AACCGGCGGTCGGCAGGTCC	3	R+1_3	Astronaut 3	R+1	R	19.1513462412065
R+1_3_AACCGGCTCTGCAACGCGGT	3	R+1_3	Astronaut 3	R+1	R	38.5046396796096
R+1_3_AACCGGTCCGCGATTGATGA	2	R+1_3	Astronaut 3	R+1	R	7.73306281905715
R+1_3_AACCGTAGGACGACCGCTTG	1	R+1_3	Astronaut 3	R+1	R	44.8896145956816
R+1_3_AACCGTCATCCAGAAGCGGT	0	R+1_3	Astronaut 3	R+1	R	41.1072346519751
R+1_3_AACCGTCGCGCGGCAGATGA	1	R+1_3	Astronaut 3	R+1	R	48.330983571919
R+1_3_AACCGTGAGACGCAAGCCTT	6	R+1_3	Astronaut 3	R+1	R	33.2675505960773
R+1_3_AACGAAACGACGAAGGATAT	1	R+1_3	Astronaut 3	R+1	R	44.7170992641437
R+1_3_AACGAAACGACGCAAGCCTT	0	R+1_3	Astronaut 3	R+1	R	30.397054918956
R+1_3_AACGAAACTCGCTCTGCTTG	1	R+1_3	Astronaut 3	R+1	R	40.7419887723639
R+1_3_AACGAAAGACCAGCGGGAGC	7	R+1_3	Astronaut 3	R+1	R	21.1157379240698
R+1_3_AACGAAAGCACGCAAGCGGT	0	R+1_3	Astronaut 3	R+1	R	33.1926178617786
R+1_3_AACGAACTTCCAACTGATAT	0	R+1_3	Astronaut 3	R+1	R	17.2712957321111
R+1_3_AACGAACTTCGATGAGTAAT	0	R+1_3	Astronaut 3	R+1	R	38.4784487432485
R+1_3_AACGAAGAGTCGAAGGCTTG	3	R+1_3	Astronaut 3	R+1	R	21.6974128925584
R+1_3_AACGAATCCTCGGATGTCTA	4	R+1_3	Astronaut 3	R+1	R	35.8514092653992
R+1_3_AACGAATGGCGCTGCGCTTG	3	R+1_3	Astronaut 3	R+1	R	0.507533758872927
R+1_3_AACGACCTCACTGGAGTAAT	0	R+1_3	Astronaut 3	R+1	R	45.3071116516776
R+1_3_AACGACGCTCGAGCTGATGA	3	R+1_3	Astronaut 3	R+1	R	24.7895608736376
R+1_3_AACGACGGATCAGAAGATAT	0	R+1_3	Astronaut 3	R+1	R	24.7895609334109
R+1_3_AACGACGGCAGGTAAGATAT	1	R+1_3	Astronaut 3	R+1	R	10.1603445439584
R+1_3_AACGAGCGGTCAGAAGATAT	1	R+1_3	Astronaut 3	R+1	R	15.6154110216083
R+1_3_AACGAGGCAGCGGCAGGTCC	2	R+1_3	Astronaut 3	R+1	R	21.3355390304861
R+1_3_AACGAGTCTAGATGAGCGGT	0	R+1_3	Astronaut 3	R+1	R	33.7846604337869
R+1_3_AACGATACGTGGTCCGCGGT	1	R+1_3	Astronaut 3	R+1	R	30.3970549787294
R+1_3_AACGATTCGAGCTGCGCAAC	3	R+1_3	Astronaut 3	R+1	R	61.4709311341422
R+1_3_AACTCAAGCACTAACGGAGC	1	R+1_3	Astronaut 3	R+1	R	33.1926179215519
R+1_3_AACTCAGCGGCTACGGGTCC	7	R+1_3	Astronaut 3	R+1	R	43.5385877297669
R+1_3_AACTCATGGCGCTCTGCGGT	6	R+1_3	Astronaut 3	R+1	R	40.7286595450024
R+1_3_AACTCCAACTCGAAGGATAT	0	R+1_3	Astronaut 3	R+1	R	54.6332747960227
R+1_3_AACTCCCGCTGCTTGGCTTG	3	R+1_3	Astronaut 3	R+1	R	39.5564388351654
R+1_3_AACTCCCTAGCGGATGGCGT	0	R+1_3	Astronaut 3	R+1	R	24.7895609931843
R+1_3_AACTCCGACCCAGCGGCAAC	3	R+1_3	Astronaut 3	R+1	R	49.4725665921489
R+1_3_AACTCCTGGAGCAACGCTGC	0	R+1_3	Astronaut 3	R+1	R	36.1587174560302
R+1_3_AACTCCTGGAGCTGCGGAGC	1	R+1_3	Astronaut 3	R+1	R	21.1157379838432
R+1_3_AACTCCTTAAGCAGGGCTTG	1	R+1_3	Astronaut 3	R+1	R	36.5801561449589
R+1_3_AACTCCTTAAGCGGTGCAAC	3	R+1_3	Astronaut 3	R+1	R	45.8393555176683
R+1_3_AACTCGCGAACGTCGGCGGT	0	R+1_3	Astronaut 3	R+1	R	41.6038527625443
R+1_3_AACTCGGTCCCAGCGGTAAT	2	R+1_3	Astronaut 3	R+1	R	30.3970550385027
R+1_3_AACTCGTATCCCTCAGATAT	0	R+1_3	Astronaut 3	R+1	R	38.8731211899495
R+1_3_AACTCGTTAGCGAAGGCTGC	3	R+1_3	Astronaut 3	R+1	R	18.3925490896319
R+1_3_AACTCTAGAGCAGAAGCTGC	2	R+1_3	Astronaut 3	R+1	R	17.9346365338278
R+1_3_AACTCTATGCCAGTTGCTTG	3	R+1_3	Astronaut 3	R+1	R	61.4709311939155
R+1_3_AACTCTATTGCAATCGTAAT	3	R+1_3	Astronaut 3	R+1	R	38.3749227723004
R+1_3_AACTCTATTGGAGTCGATAT	5	R+1_3	Astronaut 3	R+1	R	44.0135318001596
R+1_3_AAGACACCAGGATGAGCTTG	3	R+1_3	Astronaut 3	R+1	R	39.2973168399406
R+1_3_AAGACACCTAGCAACGTCTA	0	R+1_3	Astronaut 3	R+1	R	59.7722285588224
R+1_3_AAGACCAACTCCTCAGATAT	0	R+1_3	Astronaut 3	R+1	R	16.2101512246889
R+1_3_AAGACCCGCTGGTAAGGCGT	3	R+1_3	Astronaut 3	R+1	R	60.1225383910806
R+1_3_AAGACCGATTGCGAAGATAT	0	R+1_3	Astronaut 3	R+1	R	20.4612464116634
R+1_3_AAGACCGTCGCTACGGATAT	0	R+1_3	Astronaut 3	R+1	R	43.6147966200239
R+1_3_AAGACGACTGGGCAGGGAGC	2	R+1_3	Astronaut 3	R+1	R	16.0820757115197
R+1_3_AAGACGCGGTGAACCGGTCC	3	R+1_3	Astronaut 3	R+1	R	4.02001151092562
R+1_3_AAGACGCTGCGCTGCGCAAC	1	R+1_3	Astronaut 3	R+1	R	41.6038528223177
R+1_3_AAGACGGTAACGACCGGCGT	6	R+1_3	Astronaut 3	R+1	R	52.5258996676377
R+1_3_AAGACTACGTCAACTGCTGC	2	R+1_3	Astronaut 3	R+1	R	19.602599938249
R+1_3_AAGCAAACGACGACCGCTGC	7	R+1_3	Astronaut 3	R+1	R	24.7895610529576
R+1_3_AAGCAAAGCACGCTCGCGGT	0	R+1_3	Astronaut 3	R+1	R	37.708120089048
R+1_3_AAGCAAAGGTCGCAAGATAT	1	R+1_3	Astronaut 3	R+1	R	44.0135318599329
R+1_3_AAGCAACGATGCTTGGATGA	5	R+1_3	Astronaut 3	R+1	R	49.4725666519222
R+1_3_AAGCAAGAGTCAATCGGCGT	0	R+1_3	Astronaut 3	R+1	R	38.5046397393829
R+1_3_AAGCAAGGTCCAGAAGATGA	1	R+1_3	Astronaut 3	R+1	R	43.5385877895402
R+1_3_AAGCAATCCTCCATAGATGA	5	R+1_3	Astronaut 3	R+1	R	49.4725667116956
R+1_3_AAGCAATCTGCCGCTGCTGC	3	R+1_3	Astronaut 3	R+1	R	36.5801562047322
R+1_3_AAGCAATGCGGAGTCGTCTA	0	R+1_3	Astronaut 3	R+1	R	52.525899727411
R+1_3_AAGCAATTCACGCAAGCTTG	0	R+1_3	Astronaut 3	R+1	R	21.6974129523317
R+1_3_AAGCAATTGGGGCAGGCTTG	0	R+1_3	Astronaut 3	R+1	R	33.1926179813252
R+1_3_AAGCACTAGTCAGCGGCTGC	2	R+1_3	Astronaut 3	R+1	R	30.4126993824724
R+1_3_AAGCACTAGTCGTCGGATGA	2	R+1_3	Astronaut 3	R+1	R	31.7382839190404
R+1_3_AAGCACTTAACGCTCGATAT	3	R+1_3	Astronaut 3	R+1	R	44.9267223628306
R+1_3_AAGCAGAACCCCGCTGATAT	2	R+1_3	Astronaut 3	R+1	R	43.6147966797973
R+1_3_AAGCAGAGCTGGAGCGCAAC	1	R+1_3	Astronaut 3	R+1	R	39.5295821193393
R+1_3_AAGCATGAGACAGCGGATAT	1	R+1_3	Astronaut 3	R+1	R	43.2946148874931
R+1_3_AAGCATGGACGGTCCGATAT	6	R+1_3	Astronaut 3	R+1	R	44.144872499942
R+1_3_AAGGTAACGACTGGAGTAAT	1	R+1_3	Astronaut 3	R+1	R	44.9391897732973
R+1_3_AAGGTAAGACCGATTGATAT	1	R+1_3	Astronaut 3	R+1	R	48.6145035051541
R+1_3_AAGGTACTAAGCTGCGTCTA	2	R+1_3	Astronaut 3	R+1	R	0.647474436733582
R+1_3_AAGGTAGTTGGCAGGGGTCC	0	R+1_3	Astronaut 3	R+1	R	49.4725667714689
R+1_3_AAGGTATCCTGTAGAGATAT	0	R+1_3	Astronaut 3	R+1	R	38.5046397991563
R+1_3_AAGGTCAGCGCAGCGGATGA	1	R+1_3	Astronaut 3	R+1	R	44.1448725597153
R+1_3_AAGGTCGAAGCTCCAGCCTT	0	R+1_3	Astronaut 3	R+1	R	49.4725668312422
R+1_3_AAGGTCGTCGGTAATGGTCC	0	R+1_3	Astronaut 3	R+1	R	33.6901586559817
R+1_3_AAGGTCTCCACCTAGGGTCC	1	R+1_3	Astronaut 3	R+1	R	16.3850625794195
R+1_3_AAGGTCTTAAGCTCTGTAAT	1	R+1_3	Astronaut 3	R+1	R	44.9391898330707
R+1_3_AAGGTGGCGTGCAACGATGA	7	R+1_3	Astronaut 3	R+1	R	42.2779805984568
R+1_3_AAGGTGGTAACAGCGGCGGT	3	R+1_3	Astronaut 3	R+1	R	16.082075771293
R+1_3_AAGGTGTCTACAATCGCCTT	2	R+1_3	Astronaut 3	R+1	R	36.5691155408444
R+1_3_AAGGTGTCTAGCGAAGATAT	3	R+1_3	Astronaut 3	R+1	R	38.5046398589296
R+1_3_AAGGTTAGAGATTGGGTCTA	3	R+1_3	Astronaut 3	R+1	R	24.7895611127309
R+1_3_AAGGTTAGGACGCTCGTCTA	0	R+1_3	Astronaut 3	R+1	R	31.2183560107662
R+1_3_AAGGTTCTACCAGCGGCTTG	1	R+1_3	Astronaut 3	R+1	R	21.6974130121051
R+1_3_AAGGTTTATGCGAAGGGCGT	1	R+1_3	Astronaut 3	R+1	R	44.939189892844
R+1_3_ACCAGACTCGGAGCTGCTTG	3	R+1_3	Astronaut 3	R+1	R	43.5959416624701
R+1_3_ACCAGATTACCCTCAGATGA	1	R+1_3	Astronaut 3	R+1	R	16.0820758310663
R+1_3_ACCAGCGTCGGGTCCGGTCC	3	R+1_3	Astronaut 3	R+1	R	43.5244239644568
R+1_3_ACCAGCTACGCGTCGGCGGT	0	R+1_3	Astronaut 3	R+1	R	24.7895611725043
R+1_3_ACCAGCTACGCGTCGGCTGC	0	R+1_3	Astronaut 3	R+1	R	22.4047237559653
R+1_3_ACCAGCTAGTCGCAAGGAGC	0	R+1_3	Astronaut 3	R+1	R	38.5046399187029
R+1_3_ACCAGGAACCCGGCAGATAT	0	R+1_3	Astronaut 3	R+1	R	36.5801562645055
R+1_3_ACCAGGCTGCGCTGCGTCTA	2	R+1_3	Astronaut 3	R+1	R	21.6974130718784
R+1_3_ACCAGGCTTGGATATGCTTG	0	R+1_3	Astronaut 3	R+1	R	44.9900721801954
R+1_3_ACCAGGTATCCAGTTGCGGT	5	R+1_3	Astronaut 3	R+1	R	38.7587477548035
R+1_3_ACCAGTACGTCGACCGATAT	2	R+1_3	Astronaut 3	R+1	R	30.397055098276
R+1_3_ACCAGTACGTCGACCGCAAC	0	R+1_3	Astronaut 3	R+1	R	35.988505141995
R+1_3_ACCAGTTATGCGGATGCTTG	6	R+1_3	Astronaut 3	R+1	R	33.7781517623761
R+1_3_ACCAGTTCGAGGCGTGTCTA	0	R+1_3	Astronaut 3	R+1	R	40.7419888321372
R+1_3_ACCTAAAGCAGTAGAGCAAC	7	R+1_3	Astronaut 3	R+1	R	36.5801563242789
R+1_3_ACCTAACGATCAGAAGGAGC	1	R+1_3	Astronaut 3	R+1	R	31.2308312564735
R+1_3_ACCTAAGAGTCAGCGGCTTG	2	R+1_3	Astronaut 3	R+1	R	24.7895612322776
R+1_3_ACCTAAGGTCCCATAGATAT	3	R+1_3	Astronaut 3	R+1	R	43.3564625058408
R+1_3_ACCTACAATCCAGTTGATAT	0	R+1_3	Astronaut 3	R+1	R	30.3970551580494
R+1_3_ACCTACCGCTCTAACGTAAT	7	R+1_3	Astronaut 3	R+1	R	17.2200288546265
R+1_3_ACCTACCTCACTACGGCTTG	0	R+1_3	Astronaut 3	R+1	R	21.6974131316518
R+1_3_ACCTACCTCACTACGGTAAT	0	R+1_3	Astronaut 3	R+1	R	39.5493055932777
R+1_3_ACCTACGATTGTATCGATAT	3	R+1_3	Astronaut 3	R+1	R	18.5226297509513
R+1_3_ACCTACTCCAGTAATGGTCC	2	R+1_3	Astronaut 3	R+1	R	61.4709312536889
R+1_3_ACCTAGTCTAGCTGCGGCGT	6	R+1_3	Astronaut 3	R+1	R	44.1448726194887
R+1_3_ACGATAACGACGCTCGCAAC	1	R+1_3	Astronaut 3	R+1	R	39.0754051525989
R+1_3_ACGATAAGACGCAGGGATAT	5	R+1_3	Astronaut 3	R+1	R	43.3313152028037
R+1_3_ACGATAAGGTCCGCTGTCTA	0	R+1_3	Astronaut 3	R+1	R	33.1926180410986
R+1_3_ACGATAGGTCGGTCCGCTGC	0	R+1_3	Astronaut 3	R+1	R	16.4633116194184
R+1_3_ACGATAGTTGGTAGAGATGA	1	R+1_3	Astronaut 3	R+1	R	48.4177417210925
R+1_3_ACGATCAGAACAGCGGATAT	2	R+1_3	Astronaut 3	R+1	R	24.789561292051
R+1_3_ACGATCAGTTGTAATGGAGC	1	R+1_3	Astronaut 3	R+1	R	16.3992235087778
R+1_3_ACGATCGTCGGGTAAGGAGC	0	R+1_3	Astronaut 3	R+1	R	53.3229494368637
R+1_3_ACGATCTCCACTGGAGGAGC	5	R+1_3	Astronaut 3	R+1	R	43.6043652119001
R+1_3_ACGATGATATGGAGCGATAT	0	R+1_3	Astronaut 3	R+1	R	44.144872679262
R+1_3_ACGATGCCTTCAATCGCTGC	3	R+1_3	Astronaut 3	R+1	R	22.4047238157386
R+1_3_ACGATGCGAAGCGAAGATGA	5	R+1_3	Astronaut 3	R+1	R	16.0988064890449
R+1_3_ACGATGCGGTCAGCGGTCTA	3	R+1_3	Astronaut 3	R+1	R	49.4725668910156
R+1_3_ACGATGTCTACCATAGGCGT	0	R+1_3	Astronaut 3	R+1	R	33.9298299560614
R+1_3_ACGATTCAGTCGATTGGAGC	3	R+1_3	Astronaut 3	R+1	R	43.5199639580909
R+1_3_ACTAAAAGGTGAGCTGGAGC	3	R+1_3	Astronaut 3	R+1	R	31.9567280446538
R+1_3_ACTAAACCAGGTAGAGCGGT	0	R+1_3	Astronaut 3	R+1	R	61.4709313134622
R+1_3_ACTAAAGGCTCTGGAGATGA	0	R+1_3	Astronaut 3	R+1	R	39.5300138807515
R+1_3_ACTAAAGGTCGGCAGGATGA	5	R+1_3	Astronaut 3	R+1	R	1.30757233635095
R+1_3_ACTAAATGGCCAGCGGGCGT	0	R+1_3	Astronaut 3	R+1	R	18.2447094597763
R+1_3_ACTAACAGCGCCGCTGGAGC	3	R+1_3	Astronaut 3	R+1	R	31.9609465117049
R+1_3_ACTAACGACCCAGCGGCTGC	0	R+1_3	Astronaut 3	R+1	R	30.3970552178227
R+1_3_ACTAAGGCGTGGTAAGTCTA	0	R+1_3	Astronaut 3	R+1	R	21.6974131914251
R+1_3_ACTAATCCGGCGCCTGGAGC	0	R+1_3	Astronaut 3	R+1	R	15.5969389334442
R+1_3_ACTAATGCGCGCTGCGCAAC	0	R+1_3	Astronaut 3	R+1	R	21.6974132511984
R+1_3_ACTAATGGACATTCAGCTGC	0	R+1_3	Astronaut 3	R+1	R	17.2449540035538
R+1_3_ACTCGAAGGTGTATCGCCTT	0	R+1_3	Astronaut 3	R+1	R	34.792496243027
R+1_3_ACTCGAGAGTGACTGGTCTA	0	R+1_3	Astronaut 3	R+1	R	16.0820758908397
R+1_3_ACTCGAGGCTCAGTTGCAAC	2	R+1_3	Astronaut 3	R+1	R	44.5286400172412
R+1_3_ACTCGAGTTGCTACGGCTTG	3	R+1_3	Astronaut 3	R+1	R	41.1014196080141
R+1_3_ACTCGATCCTCGTCGGATGA	3	R+1_3	Astronaut 3	R+1	R	46.095110656836
R+1_3_ACTCGCAATCGAGTCGATAT	0	R+1_3	Astronaut 3	R+1	R	33.1926181008719
R+1_3_ACTCGCGCTCCTTAAGCCTT	0	R+1_3	Astronaut 3	R+1	R	21.1157380436165
R+1_3_ACTCGCTTAAATTGGGGAGC	0	R+1_3	Astronaut 3	R+1	R	32.1044458397653
R+1_3_ACTCGGACTGGAGTCGCAAC	7	R+1_3	Astronaut 3	R+1	R	36.1587175158035
R+1_3_ACTCGGACTGGCTGCGATAT	3	R+1_3	Astronaut 3	R+1	R	46.9486914744202
R+1_3_ACTCGTATCTGCAACGCTTG	0	R+1_3	Astronaut 3	R+1	R	36.5801563840522
R+1_3_ACTCGTATTGGAGTCGCTGC	5	R+1_3	Astronaut 3	R+1	R	21.1157381033899
R+1_3_ACTCGTCGTACCTCAGTCTA	6	R+1_3	Astronaut 3	R+1	R	36.7214919711036
R+1_3_ACTCGTTAGCCCGCTGATAT	2	R+1_3	Astronaut 3	R+1	R	24.7895613518243
R+1_3_ACTTCAACTCCGGATGATGA	1	R+1_3	Astronaut 3	R+1	R	49.1097620596431
R+1_3_ACTTCAACTCCGGATGCGGT	5	R+1_3	Astronaut 3	R+1	R	43.5385878493135
R+1_3_ACTTCACTCGGCAACGGAGC	3	R+1_3	Astronaut 3	R+1	R	43.5385879090869
R+1_3_ACTTCAGCGGGTATCGTAAT	1	R+1_3	Astronaut 3	R+1	R	15.6062516329553
R+1_3_ACTTCAGGCTCTAGTGTAAT	0	R+1_3	Astronaut 3	R+1	R	21.1157381631632
R+1_3_ACTTCAGTTGCGGATGATGA	7	R+1_3	Astronaut 3	R+1	R	24.7895614115976
R+1_3_ACTTCATTACCGCAAGATAT	0	R+1_3	Astronaut 3	R+1	R	42.2246058529978
R+1_3_ACTTCATTGGATTGGGATAT	0	R+1_3	Astronaut 3	R+1	R	44.5286400770145
R+1_3_ACTTCCCGCTGGCAGGATAT	2	R+1_3	Astronaut 3	R+1	R	21.1157382229365
R+1_3_ACTTCCTACGGCCTTGCAAC	3	R+1_3	Astronaut 3	R+1	R	49.4725669507889
R+1_3_ACTTCGAGCTCGGATGCTTG	1	R+1_3	Astronaut 3	R+1	R	33.1926181606453
R+1_3_ACTTCGCTGCGATGAGATGA	1	R+1_3	Astronaut 3	R+1	R	21.6974133109718
R+1_3_ACTTCGTAATGTAATGTAAT	1	R+1_3	Astronaut 3	R+1	R	16.082075950613
R+1_3_ACTTCTAAGGGGAGCGGAGC	0	R+1_3	Astronaut 3	R+1	R	24.789561471371
R+1_3_ACTTCTCATCGCTCTGCTGC	4	R+1_3	Astronaut 3	R+1	R	35.9885052017683
R+1_3_ACTTCTGAGACGTCGGATGA	3	R+1_3	Astronaut 3	R+1	R	24.7895615311443
R+1_3_ACTTCTTAGCCGGCAGCTGC	0	R+1_3	Astronaut 3	R+1	R	24.7895615909176
R+1_3_AGAACAAGGTATTCAGCCTT	6	R+1_3	Astronaut 3	R+1	R	61.4709313732355
R+1_3_AGAACAGAACCGAAGGATAT	0	R+1_3	Astronaut 3	R+1	R	36.7269230535029
R+1_3_AGAACCGTCGGCGAAGGAGC	5	R+1_3	Astronaut 3	R+1	R	35.9885052615417
R+1_3_AGAACGACTGGGCAGGATGA	5	R+1_3	Astronaut 3	R+1	R	44.3436272676483
R+1_3_AGAACGAGCTGGAGCGATAT	3	R+1_3	Astronaut 3	R+1	R	48.5910259485699
R+1_3_AGAACGCTCTGCGAAGTCTA	4	R+1_3	Astronaut 3	R+1	R	30.3970552775961
R+1_3_AGAACGTATCGTATCGCTGC	2	R+1_3	Astronaut 3	R+1	R	44.5286401367879
R+1_3_AGAACTATGCCTAACGGCGT	1	R+1_3	Astronaut 3	R+1	R	24.789561650691
R+1_3_AGAACTCCGGGATATGATAT	1	R+1_3	Astronaut 3	R+1	R	24.7895617104643
R+1_3_AGAACTCTACATTCAGCAAC	1	R+1_3	Astronaut 3	R+1	R	43.6147967395706
R+1_3_AGAACTGCTAGGTAAGCTGC	0	R+1_3	Astronaut 3	R+1	R	17.2206869577803
R+1_3_AGAGTAACGACCTAGGGAGC	1	R+1_3	Astronaut 3	R+1	R	49.4725670105622
R+1_3_AGAGTAACTCGCAACGTAAT	1	R+1_3	Astronaut 3	R+1	R	16.0820760103863
R+1_3_AGAGTACGATCGAAGGCCTT	0	R+1_3	Astronaut 3	R+1	R	24.7895617702377
R+1_3_AGAGTAGGCTGCGGTGATGA	1	R+1_3	Astronaut 3	R+1	R	21.6974133707451
R+1_3_AGAGTAGGCTGTAGAGATGA	2	R+1_3	Astronaut 3	R+1	R	33.8530459701761
R+1_3_AGAGTAGTTGCGGATGATGA	1	R+1_3	Astronaut 3	R+1	R	16.0820760701597
R+1_3_AGAGTCGTCGCTTAAGATGA	2	R+1_3	Astronaut 3	R+1	R	54.5890284713495
R+1_3_AGAGTCTGGAGCAGGGCTGC	3	R+1_3	Astronaut 3	R+1	R	53.362685881135
R+1_3_AGAGTGCTGCGGCGTGCTGC	1	R+1_3	Astronaut 3	R+1	R	39.985299574814
R+1_3_AGAGTGGCGTGATATGCTTG	1	R+1_3	Astronaut 3	R+1	R	38.480946243624
R+1_3_AGAGTTAGAGCGGCAGCAAC	1	R+1_3	Astronaut 3	R+1	R	16.082076129933
R+1_3_AGAGTTCAGTCTAACGCGGT	2	R+1_3	Astronaut 3	R+1	R	44.5286401965612
R+1_3_AGCGGAACTCCGAAGGCGGT	4	R+1_3	Astronaut 3	R+1	R	36.7214920308769
R+1_3_AGCGGCGGATGTAATGTAAT	0	R+1_3	Astronaut 3	R+1	R	24.789561830011
R+1_3_AGCGGGAACCCAGCGGGAGC	1	R+1_3	Astronaut 3	R+1	R	24.7895618897843
R+1_3_AGCGGGAGTCCGACCGCGGT	3	R+1_3	Astronaut 3	R+1	R	48.1722778255843
R+1_3_AGCGGGAGTCCGATTGATAT	7	R+1_3	Astronaut 3	R+1	R	61.4923545664528
R+1_3_AGCGGGCAGGCCTAGGATGA	3	R+1_3	Astronaut 3	R+1	R	61.2099228184936
R+1_3_AGCGGGCTTGGCAGGGCTTG	2	R+1_3	Astronaut 3	R+1	R	33.1926182204186
R+1_3_AGCGGGGTAACCATAGGCGT	6	R+1_3	Astronaut 3	R+1	R	52.9994122308048
R+1_3_AGCGGTAAGGCCGCTGCTTG	1	R+1_3	Astronaut 3	R+1	R	0.50753369909959
R+1_3_AGCGGTATGCCTCCAGGAGC	0	R+1_3	Astronaut 3	R+1	R	36.7214920906503
R+1_3_AGCGGTATTGGTAATGCTTG	0	R+1_3	Astronaut 3	R+1	R	32.1044458995386
R+1_3_AGGCTAAGCAGTAGAGCTGC	1	R+1_3	Astronaut 3	R+1	R	24.7895619495577
R+1_3_AGGCTACCAGCTGGAGTCTA	0	R+1_3	Astronaut 3	R+1	R	35.988505321315
R+1_3_AGGCTACTTCATTCAGTAAT	6	R+1_3	Astronaut 3	R+1	R	38.5046399784763
R+1_3_AGGCTACTTCGGCGTGCCTT	1	R+1_3	Astronaut 3	R+1	R	48.6832899891408
R+1_3_AGGCTATCCTCGCTCGGCGT	0	R+1_3	Astronaut 3	R+1	R	21.6974134305184
R+1_3_AGGCTCCTCACTGGAGATGA	1	R+1_3	Astronaut 3	R+1	R	33.7790585509659
R+1_3_AGGCTCGATTCGATTGGCGT	0	R+1_3	Astronaut 3	R+1	R	43.3485977676998
R+1_3_AGGCTCTAACGGTAAGCAAC	1	R+1_3	Astronaut 3	R+1	R	44.5286402563345
R+1_3_AGGCTCTGGACGCTCGCAAC	1	R+1_3	Astronaut 3	R+1	R	45.2779287148514
R+1_3_AGGCTTAGAGGCAGGGTAAT	3	R+1_3	Astronaut 3	R+1	R	16.6935504211657
R+1_3_AGGCTTATTGGATATGATAT	2	R+1_3	Astronaut 3	R+1	R	43.6444185433905
R+1_3_AGGTCACTAACAGTTGCTTG	1	R+1_3	Astronaut 3	R+1	R	38.5046400382496
R+1_3_AGGTCAGGCTCCTAGGCAAC	0	R+1_3	Astronaut 3	R+1	R	35.9885053810883
R+1_3_AGGTCAGGCTGGAGCGGAGC	0	R+1_3	Astronaut 3	R+1	R	30.4535258355261
R+1_3_AGGTCCAATCCAACTGATAT	3	R+1_3	Astronaut 3	R+1	R	24.789562009331
R+1_3_AGGTCCTGGAATTGGGTCTA	0	R+1_3	Astronaut 3	R+1	R	39.2961269170823
R+1_3_AGGTCCTTAAGTAATGCAAC	0	R+1_3	Astronaut 3	R+1	R	44.1448727390353
R+1_3_AGGTCGAACCCGATTGATAT	0	R+1_3	Astronaut 3	R+1	R	36.5801564438255
R+1_3_AGGTCGACTGCGACCGCGGT	0	R+1_3	Astronaut 3	R+1	R	33.9298300158347
R+1_3_AGGTCGAGCTGATATGCTTG	0	R+1_3	Astronaut 3	R+1	R	36.5801565035989
R+1_3_AGGTCGAGTCCGAAGGGAGC	0	R+1_3	Astronaut 3	R+1	R	53.1474665223587
R+1_3_AGGTCGATGACGATTGGAGC	0	R+1_3	Astronaut 3	R+1	R	45.9098832477003
R+1_3_AGGTCGTCTAGGCAGGATAT	1	R+1_3	Astronaut 3	R+1	R	0.507533639326253
R+1_3_AGGTCGTTAGGCAGGGCTTG	3	R+1_3	Astronaut 3	R+1	R	39.0752367994205
R+1_3_AGGTCTGGACGATGAGGAGC	3	R+1_3	Astronaut 3	R+1	R	44.612094252952
R+1_3_AGGTCTTAGCGTATCGCTTG	0	R+1_3	Astronaut 3	R+1	R	38.5046400980229
R+1_3_AGGTCTTCGAGGCGTGGCGT	0	R+1_3	Astronaut 3	R+1	R	43.5170938887944
R+1_3_AGGTCTTGAACGGATGCTTG	1	R+1_3	Astronaut 3	R+1	R	13.2957845330376
R+1_3_AGGTCTTGAAGAGTCGTAAT	1	R+1_3	Astronaut 3	R+1	R	59.6186072166695
R+1_3_AGTTGACCTAGCTGCGATAT	1	R+1_3	Astronaut 3	R+1	R	54.6917055564765
R+1_3_AGTTGACGATCAGCGGGAGC	0	R+1_3	Astronaut 3	R+1	R	24.7895620691044
R+1_3_AGTTGAGAGTGTATCGGCGT	3	R+1_3	Astronaut 3	R+1	R	44.0451474372626
R+1_3_AGTTGATCCTGTAATGCTGC	3	R+1_3	Astronaut 3	R+1	R	33.9308731414651
R+1_3_AGTTGATCCTGTAATGCTTG	3	R+1_3	Astronaut 3	R+1	R	43.5243000205843
R+1_3_AGTTGATGCGCTTAAGCAAC	0	R+1_3	Astronaut 3	R+1	R	44.1448727988087
R+1_3_AGTTGATTACATTCAGCTGC	0	R+1_3	Astronaut 3	R+1	R	44.144872858582
R+1_3_AGTTGCCGCTGCGAAGTAAT	1	R+1_3	Astronaut 3	R+1	R	24.7895621288777
R+1_3_AGTTGCGGCAGCGGTGGCGT	1	R+1_3	Astronaut 3	R+1	R	18.5226298107246
R+1_3_AGTTGCTACGCAGTTGCTTG	1	R+1_3	Astronaut 3	R+1	R	17.2781615522585
R+1_3_AGTTGGAGTCGAGTCGCTGC	0	R+1_3	Astronaut 3	R+1	R	42.279048984331
R+1_3_AGTTGGCAACGTAATGATGA	1	R+1_3	Astronaut 3	R+1	R	17.2395818304919
R+1_3_AGTTGTAGGAGCGAAGCTTG	3	R+1_3	Astronaut 3	R+1	R	16.4456209242475
R+1_3_AGTTGTAGGAGTAATGCAAC	0	R+1_3	Astronaut 3	R+1	R	50.4840189683155
R+1_3_AGTTGTGCTAGAGCTGCTTG	1	R+1_3	Astronaut 3	R+1	R	36.5801565633722
R+1_3_AGTTGTTAGCGATATGCTGC	2	R+1_3	Astronaut 3	R+1	R	50.5973751821139
R+1_3_AGTTGTTATGCGCAAGCAAC	1	R+1_3	Astronaut 3	R+1	R	46.5628340710914
R+1_3_ATCCTACCAGGAGTCGCTGC	3	R+1_3	Astronaut 3	R+1	R	31.2361113526708
R+1_3_ATCCTACTCGCCTCAGCTGC	0	R+1_3	Astronaut 3	R+1	R	60.4754023684814
R+1_3_ATCCTAGAGTGCTTGGATGA	1	R+1_3	Astronaut 3	R+1	R	55.0751274131739
R+1_3_ATCCTAGTTGCAGTTGTCTA	0	R+1_3	Astronaut 3	R+1	R	42.5210168555835
R+1_3_ATCCTCAGAAGGAGCGATAT	1	R+1_3	Astronaut 3	R+1	R	47.1702435142929
R+1_3_ATCCTCAGTTCCTAGGCTTG	2	R+1_3	Astronaut 3	R+1	R	21.6974134902918
R+1_3_ATCCTCGAAGCGGATGCGGT	0	R+1_3	Astronaut 3	R+1	R	39.0855266804251
R+1_3_ATCCTCTAGTGCGGTGCTTG	2	R+1_3	Astronaut 3	R+1	R	21.6974135500651
R+1_3_ATCCTGCGGTGAGCTGATAT	1	R+1_3	Astronaut 3	R+1	R	16.6730782657494
R+1_3_ATCCTGCTGCGCCTTGATAT	1	R+1_3	Astronaut 3	R+1	R	45.2654509130146
R+1_3_ATCCTTCCGGGATATGGCGT	1	R+1_3	Astronaut 3	R+1	R	44.9502877296309
R+1_3_ATCCTTGCTACGCCTGGAGC	0	R+1_3	Astronaut 3	R+1	R	39.5295821791126
R+1_3_ATCCTTGGACGTATCGCTGC	0	R+1_3	Astronaut 3	R+1	R	33.1926182801919
R+1_3_ATCTGAGGCTCTTAAGCAAC	1	R+1_3	Astronaut 3	R+1	R	49.4525390500238
R+1_3_ATCTGATTACGGCAGGCTGC	2	R+1_3	Astronaut 3	R+1	R	21.6974136098385
R+1_3_ATCTGCAACTCTGGAGGCGT	1	R+1_3	Astronaut 3	R+1	R	33.1926183399653
R+1_3_ATCTGCGTCGGCAGGGCTTG	0	R+1_3	Astronaut 3	R+1	R	43.0961756481766
R+1_3_ATCTGCTAGTCGCTCGCCTT	1	R+1_3	Astronaut 3	R+1	R	15.2676606791907
R+1_3_ATCTGGCAACGTATCGATGA	1	R+1_3	Astronaut 3	R+1	R	38.5046401577963
R+1_3_ATCTGGCGAAGCCTTGCCTT	0	R+1_3	Astronaut 3	R+1	R	36.5801566231455
R+1_3_ATCTGGTATCGTAATGCAAC	1	R+1_3	Astronaut 3	R+1	R	44.8639964314235
R+1_3_ATCTGTTATGCGAAGGCTGC	0	R+1_3	Astronaut 3	R+1	R	21.6974136696118
R+1_3_ATGCGAACGACTGGAGCAAC	3	R+1_3	Astronaut 3	R+1	R	15.6066005307903
R+1_3_ATGCGACCAGCGAAGGCGGT	3	R+1_3	Astronaut 3	R+1	R	24.789562188651
R+1_3_ATGCGATGCGCCTCAGCTTG	3	R+1_3	Astronaut 3	R+1	R	16.0820761897064
R+1_3_ATGCGCAGTTCCTCAGTAAT	3	R+1_3	Astronaut 3	R+1	R	18.9950395160821
R+1_3_ATGCGCGATTGCTTGGATAT	1	R+1_3	Astronaut 3	R+1	R	53.6630687979905
R+1_3_ATGCGCTTAACTCCAGCAAC	1	R+1_3	Astronaut 3	R+1	R	41.8767261307122
R+1_3_ATGCGGGAGCGTAGAGGCGT	1	R+1_3	Astronaut 3	R+1	R	49.4725670703356
R+1_3_ATGCGTCCGGCAATCGATGA	1	R+1_3	Astronaut 3	R+1	R	19.2180272565733
R+1_3_ATGCGTGAGACTAGTGCAAC	3	R+1_3	Astronaut 3	R+1	R	38.4334770306098
R+1_3_ATGGCACCTAGATATGCAAC	1	R+1_3	Astronaut 3	R+1	R	48.5572241414882
R+1_3_ATGGCAGGTCCGACCGCTTG	1	R+1_3	Astronaut 3	R+1	R	38.5046402175696
R+1_3_ATGGCATGGCGGCAGGCGGT	0	R+1_3	Astronaut 3	R+1	R	30.3970553373694
R+1_3_ATGGCCTACGGGCGTGGTCC	1	R+1_3	Astronaut 3	R+1	R	45.0265123194199
R+1_3_ATGGCGCTCTGAGCTGGCGT	0	R+1_3	Astronaut 3	R+1	R	40.0042646308962
R+1_3_ATGGCGGCGTGGTAAGTCTA	0	R+1_3	Astronaut 3	R+1	R	24.7895622484244
R+1_3_ATGGCTAGGAGGAGCGGAGC	0	R+1_3	Astronaut 3	R+1	R	43.5170939485677
R+1_3_ATGGCTCCGGCGAAGGCAAC	1	R+1_3	Astronaut 3	R+1	R	47.2753530097672
R+1_3_ATGGCTTAGCCAGAAGCTGC	0	R+1_3	Astronaut 3	R+1	R	0.507533579552916
R+1_3_ATGGCTTATGGGTCCGATAT	5	R+1_3	Astronaut 3	R+1	R	36.7214921504236
R+1_3_ATTACAACGACCGCTGCTTG	1	R+1_3	Astronaut 3	R+1	R	31.8088086943134
R+1_3_ATTACAAGGTGACTGGATAT	0	R+1_3	Astronaut 3	R+1	R	43.5385879688602
R+1_3_ATTACACCAGGAGCTGTCTA	3	R+1_3	Astronaut 3	R+1	R	33.1926183997386
R+1_3_ATTACACCTACTGGAGTAAT	0	R+1_3	Astronaut 3	R+1	R	33.1926184595119
R+1_3_ATTACACGATGTAGAGATAT	3	R+1_3	Astronaut 3	R+1	R	37.810281805314
R+1_3_ATTACAGAACGGCAGGTAAT	0	R+1_3	Astronaut 3	R+1	R	31.9609465714782
R+1_3_ATTACAGTTGCCATAGCTTG	3	R+1_3	Astronaut 3	R+1	R	33.1823613015241
R+1_3_ATTACATCCTGGCGTGATGA	3	R+1_3	Astronaut 3	R+1	R	59.7355991651631
R+1_3_ATTACCAGCGGTAATGGTCC	4	R+1_3	Astronaut 3	R+1	R	44.3032078661145
R+1_3_ATTACCCGCTGGCGTGTCTA	2	R+1_3	Astronaut 3	R+1	R	36.7214922101969
R+1_3_ATTACCGAAGGGAGCGGTCC	6	R+1_3	Astronaut 3	R+1	R	36.5112059835658
R+1_3_ATTACCTAACGGAGCGATAT	1	R+1_3	Astronaut 3	R+1	R	24.7895623081977
R+1_3_ATTACGCTCTATTGGGTAAT	0	R+1_3	Astronaut 3	R+1	R	21.6974137293851
R+1_3_ATTACTAGAGGCGGTGCTTG	5	R+1_3	Astronaut 3	R+1	R	33.9298300756081
R+1_3_ATTACTATCTCTTAAGCAAC	0	R+1_3	Astronaut 3	R+1	R	31.2036814680829
R+1_3_ATTACTCATCCGCAAGCAAC	1	R+1_3	Astronaut 3	R+1	R	39.296965910678
R+1_3_ATTACTCCGGCCATAGCAAC	2	R+1_3	Astronaut 3	R+1	R	31.540442636589
R+1_3_ATTACTCCGGCCATAGCCTT	0	R+1_3	Astronaut 3	R+1	R	19.1606393510379
R+1_3_ATTCAAAGACCAGTTGGAGC	6	R+1_3	Astronaut 3	R+1	R	43.6222306456956
R+1_3_ATTCAACTTCATTGGGCTTG	0	R+1_3	Astronaut 3	R+1	R	33.1926185192853
R+1_3_ATTCAATCCTCCTAGGTAAT	0	R+1_3	Astronaut 3	R+1	R	48.1722778853576
R+1_3_ATTCAATTACGTAATGCCTT	0	R+1_3	Astronaut 3	R+1	R	15.6072095742134
R+1_3_ATTCAATTGGGACTGGCAAC	3	R+1_3	Astronaut 3	R+1	R	35.9885054408617
R+1_3_ATTCACGATTGCTTGGGTCC	2	R+1_3	Astronaut 3	R+1	R	33.9298301353814
R+1_3_ATTCACGCCTGTAGAGGAGC	1	R+1_3	Astronaut 3	R+1	R	21.6974137891585
R+1_3_ATTCACTAACGGAGCGCCTT	0	R+1_3	Astronaut 3	R+1	R	16.1174151887616
R+1_3_ATTCACTAGTATTGGGCTGC	0	R+1_3	Astronaut 3	R+1	R	22.404723875512
R+1_3_ATTCAGAACCGCGAAGCTGC	3	R+1_3	Astronaut 3	R+1	R	39.5709853409608
R+1_3_ATTCATAGAGCGACCGTCTA	0	R+1_3	Astronaut 3	R+1	R	16.1252004706539
R+1_3_ATTCATCGTAGGCAGGCAAC	3	R+1_3	Astronaut 3	R+1	R	44.5286403161079
R+1_3_ATTGGAGGTCCAGCGGGCGT	0	R+1_3	Astronaut 3	R+1	R	36.5801566829189
R+1_3_ATTGGCAGAAGGCGTGCCTT	0	R+1_3	Astronaut 3	R+1	R	30.6153167352832
R+1_3_ATTGGCAGCGCTTAAGATGA	1	R+1_3	Astronaut 3	R+1	R	44.1448729183554
R+1_3_ATTGGCGAAGGAACCGATAT	0	R+1_3	Astronaut 3	R+1	R	45.027300219663
R+1_3_ATTGGCGCAACGGCAGTCTA	1	R+1_3	Astronaut 3	R+1	R	38.5046402773429
R+1_3_ATTGGGACTGCGGATGCGGT	0	R+1_3	Astronaut 3	R+1	R	46.1554064338671
R+1_3_ATTGGGCGAAGAGCTGCCTT	0	R+1_3	Astronaut 3	R+1	R	46.1967472758466
R+1_3_ATTGGGCTGCCGATTGATAT	0	R+1_3	Astronaut 3	R+1	R	14.8861057469951
R+1_3_ATTGGGGAGCGGCAGGCGGT	1	R+1_3	Astronaut 3	R+1	R	16.0820762494797
R+1_3_ATTGGGGTAACCATAGTAAT	0	R+1_3	Astronaut 3	R+1	R	42.2790490441043
R+1_3_ATTGGGTTAGGCGAAGGCGT	5	R+1_3	Astronaut 3	R+1	R	36.7214922699703
R+1_3_ATTGGTCATCGCGGTGCGGT	0	R+1_3	Astronaut 3	R+1	R	43.5385880286335
R+1_3_ATTGGTCTACCTGGAGGCGT	0	R+1_3	Astronaut 3	R+1	R	31.9609466312516
R+1_3_ATTGGTGAGACTCCAGGCGT	2	R+1_3	Astronaut 3	R+1	R	33.1926185790586
R+1_3_ATTGGTGAGAGAGCTGCTTG	1	R+1_3	Astronaut 3	R+1	R	51.8850705810466
R+1_3_CAACTACCTACGGATGATGA	3	R+1_3	Astronaut 3	R+1	R	38.5046403371163
R+1_3_CAACTACGATCTGGAGTAAT	3	R+1_3	Astronaut 3	R+1	R	42.2790491038776
R+1_3_CAACTACTAACGAAGGGAGC	1	R+1_3	Astronaut 3	R+1	R	49.4725671301089
R+1_3_CAACTACTCGCTAGTGCAAC	1	R+1_3	Astronaut 3	R+1	R	43.1921818375611
R+1_3_CAACTAGGTCCAGTTGCTGC	3	R+1_3	Astronaut 3	R+1	R	31.2153131948748
R+1_3_CAACTAGGTCCAGTTGTAAT	1	R+1_3	Astronaut 3	R+1	R	33.9298301951547
R+1_3_CAACTCAACTGAGCTGGTCC	2	R+1_3	Astronaut 3	R+1	R	16.082076309253
R+1_3_CAACTCAGCGCAACTGGAGC	1	R+1_3	Astronaut 3	R+1	R	41.0916585573716
R+1_3_CAACTCAGCGCAACTGGTCC	3	R+1_3	Astronaut 3	R+1	R	37.3346332451555
R+1_3_CAACTCCTCAGTAGAGCAAC	0	R+1_3	Astronaut 3	R+1	R	30.3970553971427
R+1_3_CAACTCGACCCGTCGGCAAC	1	R+1_3	Astronaut 3	R+1	R	36.5801567426922
R+1_3_CAACTCGCAACGTCGGATGA	3	R+1_3	Astronaut 3	R+1	R	16.1241426664909
R+1_3_CAACTCGCAAGAACCGTAAT	0	R+1_3	Astronaut 3	R+1	R	40.0633177117194
R+1_3_CAACTCGGATGGCGTGCAAC	1	R+1_3	Astronaut 3	R+1	R	21.6974138489318
R+1_3_CAACTGAACCCTCCAGCTTG	1	R+1_3	Astronaut 3	R+1	R	36.5801568024655
R+1_3_CAACTGTAATCTAGTGCGGT	0	R+1_3	Astronaut 3	R+1	R	44.5286403758812
R+1_3_CAACTTCATCGTAGAGCAAC	2	R+1_3	Astronaut 3	R+1	R	17.2656192180455
R+1_3_CAACTTGGACCAGCGGCTTG	0	R+1_3	Astronaut 3	R+1	R	31.8444812510529
R+1_3_CAATCAGAACCCTAGGTCTA	3	R+1_3	Astronaut 3	R+1	R	44.052449860688
R+1_3_CAATCATCCTCAGAAGGCGT	1	R+1_3	Astronaut 3	R+1	R	18.3368007030717
R+1_3_CAATCCAGAAGTAGAGCTGC	0	R+1_3	Astronaut 3	R+1	R	42.0326495136515
R+1_3_CAATCCGATTGGTCCGTAAT	1	R+1_3	Astronaut 3	R+1	R	44.0135319197062
R+1_3_CAATCCGGATCCATAGCTTG	0	R+1_3	Astronaut 3	R+1	R	33.9298302549281
R+1_3_CAATCCGGCAGGCGTGCTGC	3	R+1_3	Astronaut 3	R+1	R	44.8921423502564
R+1_3_CAATCCTACGATTCAGCAAC	6	R+1_3	Astronaut 3	R+1	R	16.0820763690264
R+1_3_CAATCGAACCCCTAGGCCTT	0	R+1_3	Astronaut 3	R+1	R	31.8010915055786
R+1_3_CAATCGAACCCCTAGGGAGC	0	R+1_3	Astronaut 3	R+1	R	33.1926186388319
R+1_3_CAATCGAACCCGGATGGTCC	3	R+1_3	Astronaut 3	R+1	R	30.3970554569161
R+1_3_CAATCGAGCTGCGGTGATGA	1	R+1_3	Astronaut 3	R+1	R	46.4825668298756
R+1_3_CAATCGAGTCCAGAAGTAAT	3	R+1_3	Astronaut 3	R+1	R	17.3170914794739
R+1_3_CAATCGCAGGCGACCGATAT	3	R+1_3	Astronaut 3	R+1	R	53.0735577212783
R+1_3_CAATCGCCTTCGCCTGCCTT	3	R+1_3	Astronaut 3	R+1	R	32.4972623744411
R+1_3_CAATCGCTCTCGCTCGCGGT	0	R+1_3	Astronaut 3	R+1	R	44.5286404356546
R+1_3_CAATCGGAGCCCATAGCAAC	3	R+1_3	Astronaut 3	R+1	R	44.9391899526173
R+1_3_CAATCGGCAGCGCAAGATGA	1	R+1_3	Astronaut 3	R+1	R	45.3071117114509
R+1_3_CAATCGGCAGGTAGAGCTGC	3	R+1_3	Astronaut 3	R+1	R	24.789562367971
R+1_3_CAATCGTATCCAACTGCGGT	0	R+1_3	Astronaut 3	R+1	R	51.064085652172
R+1_3_CAATCGTCCGCGGCAGATGA	0	R+1_3	Astronaut 3	R+1	R	16.1066214950741
R+1_3_CAATCGTCTACGGCAGGCGT	0	R+1_3	Astronaut 3	R+1	R	30.3970555166894
R+1_3_CAATCTACGTCAGCGGATGA	3	R+1_3	Astronaut 3	R+1	R	38.4901501931144
R+1_3_CAATCTATCTGCTCTGCAAC	1	R+1_3	Astronaut 3	R+1	R	33.1926186986053
R+1_3_CAATCTTAGCGCCTTGCTGC	0	R+1_3	Astronaut 3	R+1	R	30.3970555764628
R+1_3_CAGAAACCTACTTAAGCTGC	3	R+1_3	Astronaut 3	R+1	R	33.1926187583786
R+1_3_CAGAAACTAAGCTTGGCCTT	3	R+1_3	Astronaut 3	R+1	R	53.0173111313842
R+1_3_CAGAAAGGTCGAGTCGCCTT	6	R+1_3	Astronaut 3	R+1	R	44.1448729781287
R+1_3_CAGAAATCTGCAACTGATAT	0	R+1_3	Astronaut 3	R+1	R	33.1926188181519
R+1_3_CAGAACCGCTGGCAGGGTCC	0	R+1_3	Astronaut 3	R+1	R	41.6402536991019
R+1_3_CAGAACGTCGCGGATGGCGT	1	R+1_3	Astronaut 3	R+1	R	36.7214923297436
R+1_3_CAGAACTAACCGGCAGTAAT	1	R+1_3	Astronaut 3	R+1	R	43.5385880884069
R+1_3_CAGAACTTAACAGCGGCGGT	5	R+1_3	Astronaut 3	R+1	R	56.9103749088618
R+1_3_CAGAAGAGCTGCAACGCTGC	0	R+1_3	Astronaut 3	R+1	R	24.7895624277444
R+1_3_CAGAAGAGTCCAACTGATGA	1	R+1_3	Astronaut 3	R+1	R	37.7334904184303
R+1_3_CAGAAGGCAGCTAACGCAAC	2	R+1_3	Astronaut 3	R+1	R	44.144873037902
R+1_3_CAGCGAAGACCTAACGTCTA	0	R+1_3	Astronaut 3	R+1	R	21.6974139087052
R+1_3_CAGCGACCTAGCTGCGCTTG	1	R+1_3	Astronaut 3	R+1	R	44.5286404954279
R+1_3_CAGCGAGAACCCGCTGCAAC	2	R+1_3	Astronaut 3	R+1	R	27.7339908464786
R+1_3_CAGCGAGGTCGGTAAGTCTA	2	R+1_3	Astronaut 3	R+1	R	27.7339909062519
R+1_3_CAGCGATCTGGCTTGGCTGC	0	R+1_3	Astronaut 3	R+1	R	44.5286405552012
R+1_3_CAGCGATTGGGAACCGATGA	3	R+1_3	Astronaut 3	R+1	R	42.5034217752032
R+1_3_CAGCGATTGGGAGCTGATGA	1	R+1_3	Astronaut 3	R+1	R	46.9486915341936
R+1_3_CAGCGCGCAAGGAGCGCTTG	3	R+1_3	Astronaut 3	R+1	R	34.7714073700433
R+1_3_CAGCGCGCCTGGCGTGATGA	0	R+1_3	Astronaut 3	R+1	R	45.0581581880674
R+1_3_CAGCGGCAGGGAGCTGATGA	1	R+1_3	Astronaut 3	R+1	R	46.1991988964979
R+1_3_CAGCGGGTAACGGATGCTTG	3	R+1_3	Astronaut 3	R+1	R	43.517094008341
R+1_3_CAGCGTCGTACGGATGATAT	3	R+1_3	Astronaut 3	R+1	R	44.1484702873818
R+1_3_CAGCGTGAGAGATGAGATGA	2	R+1_3	Astronaut 3	R+1	R	57.2926798304843
R+1_3_CAGTTACCAGCTACGGGTCC	0	R+1_3	Astronaut 3	R+1	R	30.3970556362361
R+1_3_CAGTTACCTACTGGAGTAAT	1	R+1_3	Astronaut 3	R+1	R	46.1991989562712
R+1_3_CAGTTAGCGGCAATCGATAT	3	R+1_3	Astronaut 3	R+1	R	38.456071921671
R+1_3_CAGTTAGGCTCGTCGGATGA	0	R+1_3	Astronaut 3	R+1	R	42.1220795964024
R+1_3_CAGTTCAGAACGCAAGATGA	2	R+1_3	Astronaut 3	R+1	R	61.4709314330089
R+1_3_CAGTTCCATAGAGCTGGAGC	5	R+1_3	Astronaut 3	R+1	R	38.3624532993929
R+1_3_CAGTTCCTCACGCCTGATAT	0	R+1_3	Astronaut 3	R+1	R	24.7895624875177
R+1_3_CAGTTCTAACGTAATGATAT	1	R+1_3	Astronaut 3	R+1	R	21.1157382827099
R+1_3_CAGTTCTACGGCAGGGCTGC	0	R+1_3	Astronaut 3	R+1	R	33.9298303147014
R+1_3_CAGTTCTAGTGATATGTCTA	0	R+1_3	Astronaut 3	R+1	R	43.5170940681144
R+1_3_CAGTTGAGTCGGTCCGCTTG	1	R+1_3	Astronaut 3	R+1	R	36.2744011629012
R+1_3_CAGTTGCGAACGCAAGCTTG	0	R+1_3	Astronaut 3	R+1	R	30.3970556960094
R+1_3_CAGTTGCGAACGTCGGCTGC	2	R+1_3	Astronaut 3	R+1	R	16.0820764287997
R+1_3_CAGTTGGAGCCGAAGGTAAT	1	R+1_3	Astronaut 3	R+1	R	42.7156142373779
R+1_3_CAGTTGTCTAGAGTCGATAT	0	R+1_3	Astronaut 3	R+1	R	43.5385881481802
R+1_3_CAGTTTACGTCAATCGCAAC	7	R+1_3	Astronaut 3	R+1	R	54.7010864239519
R+1_3_CAGTTTAGGACAGAAGCTTG	0	R+1_3	Astronaut 3	R+1	R	38.5042509269173
R+1_3_CAGTTTGAGACGCTCGCGGT	2	R+1_3	Astronaut 3	R+1	R	52.5258997871844
R+1_3_CAGTTTGCTAGCGAAGGCGT	0	R+1_3	Astronaut 3	R+1	R	22.4047239352853
R+1_3_CAGTTTTGAACGAAGGATGA	1	R+1_3	Astronaut 3	R+1	R	44.8701738551475
R+1_3_CCATAACGATCGATTGCTGC	0	R+1_3	Astronaut 3	R+1	R	36.4881229540212
R+1_3_CCATAAGCGGGCCTTGCTGC	0	R+1_3	Astronaut 3	R+1	R	36.3547920915186
R+1_3_CCATAAGGCTCCTAGGGAGC	0	R+1_3	Astronaut 3	R+1	R	43.5385882079535
R+1_3_CCATACAACTCTCCAGCAAC	5	R+1_3	Astronaut 3	R+1	R	43.5634395512964
R+1_3_CCATACGAAGCGGATGCGGT	0	R+1_3	Astronaut 3	R+1	R	32.4899344835261
R+1_3_CCATACGATTCAGCGGCTGC	3	R+1_3	Astronaut 3	R+1	R	17.940930543301
R+1_3_CCATACGGCACGACCGTAAT	6	R+1_3	Astronaut 3	R+1	R	41.0938375384278
R+1_3_CCATACTAACCCGCTGGCGT	2	R+1_3	Astronaut 3	R+1	R	38.5046403968896
R+1_3_CCATAGCGAACTCCAGGTCC	0	R+1_3	Astronaut 3	R+1	R	44.1448730976754
R+1_3_CCATAGCGGTCTACGGATGA	1	R+1_3	Astronaut 3	R+1	R	15.6189069118958
R+1_3_CCATAGTTAGGCCTTGCCTT	1	R+1_3	Astronaut 3	R+1	R	59.4096551788884
R+1_3_CCATATCAGTCCATAGGTCC	0	R+1_3	Astronaut 3	R+1	R	30.3970557557828
R+1_3_CCATATCCGGCTACGGCAAC	1	R+1_3	Astronaut 3	R+1	R	49.0050189723095
R+1_3_CCATATCGCGCTAGTGGCGT	1	R+1_3	Astronaut 3	R+1	R	33.1926188779253
R+1_3_CCATATGGACGGCAGGGAGC	3	R+1_3	Astronaut 3	R+1	R	33.6370530114583
R+1_3_CCATATTAGCCCTCAGATGA	1	R+1_3	Astronaut 3	R+1	R	47.4490374883763
R+1_3_CCATATTGAAGTAGAGTAAT	0	R+1_3	Astronaut 3	R+1	R	18.5226298704979
R+1_3_CCGCTAACGAGCAACGATGA	3	R+1_3	Astronaut 3	R+1	R	40.7235050212181
R+1_3_CCGCTACTAAGTAGAGGTCC	0	R+1_3	Astronaut 3	R+1	R	44.5286406149746
R+1_3_CCGCTAGGTCATTCAGCAAC	1	R+1_3	Astronaut 3	R+1	R	43.5244240242301
R+1_3_CCGCTAGTTGCGTCGGCTGC	2	R+1_3	Astronaut 3	R+1	R	15.6073008727549
R+1_3_CCGCTATCCTGAACCGGCGT	3	R+1_3	Astronaut 3	R+1	R	7.77147629154936
R+1_3_CCGCTATCTGGCTTGGATGA	0	R+1_3	Astronaut 3	R+1	R	39.2964742291713
R+1_3_CCGCTATGCGCAGTTGGTCC	0	R+1_3	Astronaut 3	R+1	R	59.6830277422153
R+1_3_CCGCTATTACGCTGCGCAAC	1	R+1_3	Astronaut 3	R+1	R	16.1112710441383
R+1_3_CCGCTATTGGCTAGTGCGGT	0	R+1_3	Astronaut 3	R+1	R	41.603852882091
R+1_3_CCGCTCGGATCGCAAGCTTG	2	R+1_3	Astronaut 3	R+1	R	38.4009021343991
R+1_3_CCGCTCTACGGCAACGTCTA	1	R+1_3	Astronaut 3	R+1	R	42.01437840405
R+1_3_CCGCTGCAGGCAACTGCCTT	2	R+1_3	Astronaut 3	R+1	R	61.4709314927822
R+1_3_CCGCTGTATCGATGAGGTCC	0	R+1_3	Astronaut 3	R+1	R	16.7721185518091
R+1_3_CCGCTGTCCGGAGCTGGTCC	0	R+1_3	Astronaut 3	R+1	R	18.4368705556718
R+1_3_CCGCTTAGGACGCAAGCTTG	5	R+1_3	Astronaut 3	R+1	R	44.1448731574487
R+1_3_CCGCTTATGCCGACCGCAAC	1	R+1_3	Astronaut 3	R+1	R	47.266952538757
R+1_3_CCGCTTCCGGGGCGTGCTTG	3	R+1_3	Astronaut 3	R+1	R	39.2967754919533
R+1_3_CCTAGATCTGCGTCGGGTCC	0	R+1_3	Astronaut 3	R+1	R	36.5801568622389
R+1_3_CCTAGCAGTTCCTCAGTAAT	6	R+1_3	Astronaut 3	R+1	R	39.5534344264352
R+1_3_CCTAGCGCCTGGTAAGGAGC	6	R+1_3	Astronaut 3	R+1	R	31.8444813108262
R+1_3_CCTAGCGGCACAACTGATGA	1	R+1_3	Astronaut 3	R+1	R	33.1926189376986
R+1_3_CCTAGGAACCGTAATGCAAC	1	R+1_3	Astronaut 3	R+1	R	42.0183815045128
R+1_3_CCTAGGAACCGTAATGCTTG	1	R+1_3	Astronaut 3	R+1	R	41.0924131148356
R+1_3_CCTAGGATGACAGCGGATAT	0	R+1_3	Astronaut 3	R+1	R	43.0481155439909
R+1_3_CCTAGGCAACCAATCGGCGT	2	R+1_3	Astronaut 3	R+1	R	44.144873217222
R+1_3_CCTAGGCTTGCAACTGGAGC	1	R+1_3	Astronaut 3	R+1	R	30.3970558155561
R+1_3_CCTAGGTCCGCGAAGGCTTG	1	R+1_3	Astronaut 3	R+1	R	24.7895625472911
R+1_3_CCTAGTATGCGCTCTGTAAT	0	R+1_3	Astronaut 3	R+1	R	43.5244240840035
R+1_3_CCTAGTTAGCCGCAAGGCGT	1	R+1_3	Astronaut 3	R+1	R	44.5286406747479
R+1_3_CCTAGTTGAAGATATGCAAC	0	R+1_3	Astronaut 3	R+1	R	43.6147967993439
R+1_3_CCTCAACGATCAGTTGCCTT	0	R+1_3	Astronaut 3	R+1	R	17.9150076122218
R+1_3_CCTCAACGATCGCCTGGCGT	0	R+1_3	Astronaut 3	R+1	R	48.2889304863319
R+1_3_CCTCAAGGCTCGCTCGCTGC	0	R+1_3	Astronaut 3	R+1	R	39.0953151812167
R+1_3_CCTCAAGTTGGCGGTGGTCC	0	R+1_3	Astronaut 3	R+1	R	37.6175549328017
R+1_3_CCTCAATCCTCAATCGTAAT	3	R+1_3	Astronaut 3	R+1	R	44.9325870154009
R+1_3_CCTCAATCCTGAACCGCTTG	1	R+1_3	Astronaut 3	R+1	R	24.7895626070644
R+1_3_CCTCAATCCTGAACCGTAAT	0	R+1_3	Astronaut 3	R+1	R	33.2715451004388
R+1_3_CCTCACGCTCCCGCTGATAT	1	R+1_3	Astronaut 3	R+1	R	41.6909715490465
R+1_3_CCTCACGGCACTGGAGGAGC	0	R+1_3	Astronaut 3	R+1	R	16.4603981702574
R+1_3_CCTCAGCCTTGCTCTGCTTG	2	R+1_3	Astronaut 3	R+1	R	55.6739563837336
R+1_3_CCTCAGGCGTGGTAAGTCTA	6	R+1_3	Astronaut 3	R+1	R	24.7895626668377
R+1_3_CCTCATACGTGCGAAGCAAC	1	R+1_3	Astronaut 3	R+1	R	52.8840219003991
R+1_3_CCTCATACGTGCGAAGCGGT	3	R+1_3	Astronaut 3	R+1	R	59.0705398085338
R+1_3_CCTCATAGGAATTGGGGTCC	3	R+1_3	Astronaut 3	R+1	R	44.5286407345212
R+1_3_CCTCATTCGACTAGTGTAAT	0	R+1_3	Astronaut 3	R+1	R	57.5194345799864
R+1_3_CGAAGACCAGCCGCTGCTTG	1	R+1_3	Astronaut 3	R+1	R	33.1926189974719
R+1_3_CGAAGACTAACCTAGGGAGC	0	R+1_3	Astronaut 3	R+1	R	21.6471276238932
R+1_3_CGAAGATCCTGGCGTGATGA	1	R+1_3	Astronaut 3	R+1	R	21.2755229643121
R+1_3_CGAAGATCTGCCATAGTAAT	0	R+1_3	Astronaut 3	R+1	R	59.6000519386756
R+1_3_CGAAGCAGAAGCTCTGATAT	0	R+1_3	Astronaut 3	R+1	R	39.0375465821346
R+1_3_CGAAGCGATTGGAGCGCTGC	0	R+1_3	Astronaut 3	R+1	R	18.1709956597946
R+1_3_CGAAGCGCAACAATCGCAAC	1	R+1_3	Astronaut 3	R+1	R	18.4765239190429
R+1_3_CGAAGGCCTTCAACTGGAGC	0	R+1_3	Astronaut 3	R+1	R	34.0390489247311
R+1_3_CGAAGGCTCTCTGGAGCAAC	0	R+1_3	Astronaut 3	R+1	R	24.7895627266111
R+1_3_CGAAGGGTCCCAGTTGCAAC	6	R+1_3	Astronaut 3	R+1	R	36.7214923895169
R+1_3_CGAAGTATTGCTTAAGTAAT	1	R+1_3	Astronaut 3	R+1	R	53.6735408383689
R+1_3_CGAAGTGCGCGCAGGGCAAC	3	R+1_3	Astronaut 3	R+1	R	59.5023970208134
R+1_3_CGACCACTAACGGATGCAAC	0	R+1_3	Astronaut 3	R+1	R	17.2383839782315
R+1_3_CGACCATGGCCTCCAGCAAC	1	R+1_3	Astronaut 3	R+1	R	41.6435376149168
R+1_3_CGACCCCATAGGTAAGATGA	3	R+1_3	Astronaut 3	R+1	R	43.5757078943257
R+1_3_CGACCCCGCTGCTTGGGCGT	1	R+1_3	Astronaut 3	R+1	R	49.4725671898822
R+1_3_CGACCCGAAGCAGAAGGAGC	0	R+1_3	Astronaut 3	R+1	R	30.3976000363748
R+1_3_CGACCGAGCTCGCTCGTAAT	0	R+1_3	Astronaut 3	R+1	R	36.5801569220122
R+1_3_CGACCGATATCAGAAGGAGC	2	R+1_3	Astronaut 3	R+1	R	30.3606191556182
R+1_3_CGACCGATATCCATAGTAAT	2	R+1_3	Astronaut 3	R+1	R	55.7209634099692
R+1_3_CGACCGCAGGGATGAGATGA	1	R+1_3	Astronaut 3	R+1	R	33.1890238827176
R+1_3_CGACCGGCAGCGTCGGATAT	1	R+1_3	Astronaut 3	R+1	R	43.5385882677269
R+1_3_CGACCGGCGTGTAGAGTAAT	3	R+1_3	Astronaut 3	R+1	R	24.7895627863844
R+1_3_CGACCGTAATCCTAGGCAAC	0	R+1_3	Astronaut 3	R+1	R	44.0144888347393
R+1_3_CGACCGTTAGCTAACGCAAC	6	R+1_3	Astronaut 3	R+1	R	42.1312328926208
R+1_3_CGACCGTTAGGCCTTGCTTG	1	R+1_3	Astronaut 3	R+1	R	55.1264399704313
R+1_3_CGACCTAGAGCGCCTGCTTG	0	R+1_3	Astronaut 3	R+1	R	33.1926190572453
R+1_3_CGACCTCTACCCTCAGTCTA	0	R+1_3	Astronaut 3	R+1	R	33.1833909381354
R+1_3_CGACCTCTACCGGATGGCGT	1	R+1_3	Astronaut 3	R+1	R	41.8935602828951
R+1_3_CGACCTCTACCGGATGTAAT	1	R+1_3	Astronaut 3	R+1	R	30.3970558753294
R+1_3_CGACCTTATGCTTAAGCGGT	0	R+1_3	Astronaut 3	R+1	R	31.2261557916042
R+1_3_CGATTACTAACGGATGATAT	2	R+1_3	Astronaut 3	R+1	R	55.0795930176499
R+1_3_CGATTACTAAGAGCTGGCGT	1	R+1_3	Astronaut 3	R+1	R	18.2165917796598
R+1_3_CGATTAGTTGGGTAAGCTTG	1	R+1_3	Astronaut 3	R+1	R	43.5385883275002
R+1_3_CGATTATCCTCCTAGGCAAC	1	R+1_3	Astronaut 3	R+1	R	44.1448732769954
R+1_3_CGATTATCCTCTTAAGGAGC	0	R+1_3	Astronaut 3	R+1	R	37.3307143804278
R+1_3_CGATTATCCTGTAGAGCTGC	0	R+1_3	Astronaut 3	R+1	R	15.2681032344579
R+1_3_CGATTCGACCCAGTTGTCTA	0	R+1_3	Astronaut 3	R+1	R	16.0839760954182
R+1_3_CGATTCGTCGCAACTGCAAC	3	R+1_3	Astronaut 3	R+1	R	37.3516733106515
R+1_3_CGATTGCCTTGGCGTGCTGC	2	R+1_3	Astronaut 3	R+1	R	16.0820764885731
R+1_3_CGATTGGTCCGATGAGATGA	1	R+1_3	Astronaut 3	R+1	R	40.7083967228551
R+1_3_CGATTGTTAGCGAAGGCAAC	1	R+1_3	Astronaut 3	R+1	R	33.1886619802189
R+1_3_CGATTTAGAGCGTCGGCGGT	0	R+1_3	Astronaut 3	R+1	R	33.1926191170186
R+1_3_CGATTTATGCCAGAAGCTGC	0	R+1_3	Astronaut 3	R+1	R	17.3094194576764
R+1_3_CGATTTATGCCAGAAGTCTA	0	R+1_3	Astronaut 3	R+1	R	24.7895628461578
R+1_3_CGATTTCATCCCATAGCTTG	0	R+1_3	Astronaut 3	R+1	R	36.7255525637686
R+1_3_CGATTTCTACCTGGAGGCGT	0	R+1_3	Astronaut 3	R+1	R	31.3417154850182
R+1_3_CGATTTGGACCCATAGATGA	2	R+1_3	Astronaut 3	R+1	R	31.2253756478715
R+1_3_CGCAAAAGACGCGGTGGAGC	2	R+1_3	Astronaut 3	R+1	R	40.5748794786402
R+1_3_CGCAAAGGTCGGTAAGCTGC	1	R+1_3	Astronaut 3	R+1	R	16.4042422153817
R+1_3_CGCAAATGGCGTAGAGTCTA	0	R+1_3	Astronaut 3	R+1	R	24.7895629059311
R+1_3_CGCAACGGATATTCAGGCGT	1	R+1_3	Astronaut 3	R+1	R	43.5244241437768
R+1_3_CGCAACGTCGCTACGGCAAC	3	R+1_3	Astronaut 3	R+1	R	51.362961534564
R+1_3_CGCAACTACGGCTTGGCAAC	2	R+1_3	Astronaut 3	R+1	R	15.2881220169127
R+1_3_CGCAACTGGACGGCAGCAAC	0	R+1_3	Astronaut 3	R+1	R	41.6038529418643
R+1_3_CGCAACTGGAGCTCTGCAAC	3	R+1_3	Astronaut 3	R+1	R	61.4811788152903
R+1_3_CGCAAGACTGGTAATGCTGC	0	R+1_3	Astronaut 3	R+1	R	40.7419888919106
R+1_3_CGCAAGCAACCTACGGCTGC	0	R+1_3	Astronaut 3	R+1	R	54.633274855796
R+1_3_CGCAAGCAACCTACGGCTTG	1	R+1_3	Astronaut 3	R+1	R	42.7429079761864
R+1_3_CGCAAGTCTACTCCAGGCGT	1	R+1_3	Astronaut 3	R+1	R	43.5189328211787
R+1_3_CGCAATACGTCGCCTGCTGC	0	R+1_3	Astronaut 3	R+1	R	31.276996655972
R+1_3_CGCAATATTGCAGCGGTAAT	1	R+1_3	Astronaut 3	R+1	R	16.1320347750534
R+1_3_CGCAATGCTAGGCGTGCCTT	6	R+1_3	Astronaut 3	R+1	R	31.8900515833119
R+1_3_CGCCTAAGGTGCTCTGTAAT	0	R+1_3	Astronaut 3	R+1	R	32.0235911318603
R+1_3_CGCCTAGAACGCGAAGCTGC	6	R+1_3	Astronaut 3	R+1	R	54.8201020141189
R+1_3_CGCCTAGGCTCAATCGCGGT	0	R+1_3	Astronaut 3	R+1	R	35.988505500635
R+1_3_CGCCTAGTTGCGGCAGCAAC	2	R+1_3	Astronaut 3	R+1	R	32.2127433887137
R+1_3_CGCCTATTGGCAGTTGCTTG	3	R+1_3	Astronaut 3	R+1	R	46.1991990160445
R+1_3_CGCCTCAACTCAACTGATGA	1	R+1_3	Astronaut 3	R+1	R	47.7458174683686
R+1_3_CGCCTCGACCCAGAAGATAT	2	R+1_3	Astronaut 3	R+1	R	16.0820765483464
R+1_3_CGCCTCGGCAGAGTCGGAGC	2	R+1_3	Astronaut 3	R+1	R	15.6220906598184
R+1_3_CGCCTCTAGTCAATCGCCTT	0	R+1_3	Astronaut 3	R+1	R	27.7339909660252
R+1_3_CGCCTCTAGTCGCCTGCAAC	1	R+1_3	Astronaut 3	R+1	R	41.0986247884567
R+1_3_CGCCTGCAACCCTAGGATGA	0	R+1_3	Astronaut 3	R+1	R	46.4825668896489
R+1_3_CGCCTGGAGCCCATAGCAAC	1	R+1_3	Astronaut 3	R+1	R	40.0108840020489
R+1_3_CGCCTGGAGCCTGGAGGAGC	0	R+1_3	Astronaut 3	R+1	R	54.8777426057833
R+1_3_CGCCTGGTCCCGGATGATAT	0	R+1_3	Astronaut 3	R+1	R	56.5672846718965
R+1_3_CGCCTGTTAGGGAGCGGCGT	0	R+1_3	Astronaut 3	R+1	R	38.5046404566629
R+1_3_CGCCTTTATGGAGTCGCGGT	3	R+1_3	Astronaut 3	R+1	R	44.1448733367687
R+1_3_CGCTCACTAACTTAAGGAGC	1	R+1_3	Astronaut 3	R+1	R	21.1157383424832
R+1_3_CGCTCACTCGGCGAAGGAGC	2	R+1_3	Astronaut 3	R+1	R	44.5286407942946
R+1_3_CGCTCAGAGTGTAATGGAGC	0	R+1_3	Astronaut 3	R+1	R	33.2399708943883
R+1_3_CGCTCCGTCGCGCAAGCCTT	0	R+1_3	Astronaut 3	R+1	R	33.8085955542428
R+1_3_CGCTCCTAGTGGCGTGATGA	5	R+1_3	Astronaut 3	R+1	R	41.1018681583478
R+1_3_CGCTCCTGGACGCAAGCAAC	6	R+1_3	Astronaut 3	R+1	R	36.7214924492903
R+1_3_CGCTCCTGGAGATATGATGA	1	R+1_3	Astronaut 3	R+1	R	30.3970559351028
R+1_3_CGCTCGATGACTACGGTAAT	0	R+1_3	Astronaut 3	R+1	R	43.6147968591173
R+1_3_CGCTCGCTCTCCGCTGCGGT	0	R+1_3	Astronaut 3	R+1	R	56.2993124548643
R+1_3_CGCTCGCTGCGCGAAGTAAT	0	R+1_3	Astronaut 3	R+1	R	24.7895629657044
R+1_3_CGCTCGTCCGCAATCGATGA	1	R+1_3	Astronaut 3	R+1	R	43.5244242035501
R+1_3_CGCTCGTCCGCAGTTGCAAC	3	R+1_3	Astronaut 3	R+1	R	41.0934906037628
R+1_3_CGCTCGTTAGGATATGATGA	0	R+1_3	Astronaut 3	R+1	R	49.4725672496556
R+1_3_CGCTCTAAGGCCATAGCTTG	3	R+1_3	Astronaut 3	R+1	R	0.507533519779579
R+1_3_CGCTCTATTGGGCGTGGAGC	3	R+1_3	Astronaut 3	R+1	R	35.6439183038106
R+1_3_CGGATAACCGGTATCGTAAT	0	R+1_3	Astronaut 3	R+1	R	39.110987582276
R+1_3_CGGATACCTACGGATGCGGT	0	R+1_3	Astronaut 3	R+1	R	40.0352124889862
R+1_3_CGGATACTCGCTAGTGCTTG	0	R+1_3	Astronaut 3	R+1	R	38.6098851156689
R+1_3_CGGATATCCTGATATGCTTG	1	R+1_3	Astronaut 3	R+1	R	31.5404426963623
R+1_3_CGGATATTACCTGGAGATAT	1	R+1_3	Astronaut 3	R+1	R	53.7166684636888
R+1_3_CGGATCGAAGCCGCTGTAAT	0	R+1_3	Astronaut 3	R+1	R	38.5046405164363
R+1_3_CGGATCTGGACGTCGGCTTG	3	R+1_3	Astronaut 3	R+1	R	37.6663231775809
R+1_3_CGGATGCAGGCAGTTGTCTA	4	R+1_3	Astronaut 3	R+1	R	44.410020017603
R+1_3_CGGATGGTAACCTAGGCTTG	1	R+1_3	Astronaut 3	R+1	R	59.7238231004365
R+1_3_CGGATGTCTAGCGAAGGCGT	2	R+1_3	Astronaut 3	R+1	R	3.08346237728453
R+1_3_CGGATTAGAGCGAAGGGAGC	2	R+1_3	Astronaut 3	R+1	R	35.4440972852703
R+1_3_CGGATTGAGACAGAAGCTGC	0	R+1_3	Astronaut 3	R+1	R	21.6974139684785
R+1_3_CGGCAAACCGCGGCAGCTGC	0	R+1_3	Astronaut 3	R+1	R	16.0820766081197
R+1_3_CGGCAAACGAGTAGAGCAAC	0	R+1_3	Astronaut 3	R+1	R	18.4024675253822
R+1_3_CGGCAACTAACAGTTGCTTG	3	R+1_3	Astronaut 3	R+1	R	59.7376161926979
R+1_3_CGGCAACTAAGTAATGTCTA	1	R+1_3	Astronaut 3	R+1	R	17.2588413170181
R+1_3_CGGCAAGAACCAGTTGATGA	3	R+1_3	Astronaut 3	R+1	R	44.7155685788986
R+1_3_CGGCAAGTTGGATGAGATAT	1	R+1_3	Astronaut 3	R+1	R	55.0062522685007
R+1_3_CGGCAATTACCTTAAGCAAC	1	R+1_3	Astronaut 3	R+1	R	48.4177417808659
R+1_3_CGGCACAGAAGCGGTGGCGT	1	R+1_3	Astronaut 3	R+1	R	33.7139188402606
R+1_3_CGGCACGGATCAGTTGCGGT	1	R+1_3	Astronaut 3	R+1	R	18.9950395758554
R+1_3_CGGCACTAGTGCCTTGATGA	1	R+1_3	Astronaut 3	R+1	R	33.8603823711474
R+1_3_CGGCAGCTCTCCGCTGCAAC	1	R+1_3	Astronaut 3	R+1	R	39.5533083313572
R+1_3_CGGCAGGTCCCCTAGGCTTG	1	R+1_3	Astronaut 3	R+1	R	24.7895630254778
R+1_3_CGGCAGTAGACAACTGATAT	1	R+1_3	Astronaut 3	R+1	R	24.7895630852511
R+1_3_CGGCATATGCCTAACGTCTA	2	R+1_3	Astronaut 3	R+1	R	24.7895631450244
R+1_3_CGTCGAACCGGCTCTGGAGC	0	R+1_3	Astronaut 3	R+1	R	35.4560925115439
R+1_3_CGTCGAAGACCCTCAGCCTT	0	R+1_3	Astronaut 3	R+1	R	21.1157384022566
R+1_3_CGTCGAAGGTGAGTCGCTTG	3	R+1_3	Astronaut 3	R+1	R	35.4440330144105
R+1_3_CGTCGACCTACAATCGATGA	1	R+1_3	Astronaut 3	R+1	R	43.5206545175442
R+1_3_CGTCGACGATCTTAAGCGGT	0	R+1_3	Astronaut 3	R+1	R	38.5046405762096
R+1_3_CGTCGACGATGCGGTGGTCC	3	R+1_3	Astronaut 3	R+1	R	38.5710277435048
R+1_3_CGTCGACTCGCCTAGGCCTT	0	R+1_3	Astronaut 3	R+1	R	36.5801569817855
R+1_3_CGTCGATCCTCGGCAGCTGC	0	R+1_3	Astronaut 3	R+1	R	37.644085045875
R+1_3_CGTCGCCTCAGCTCTGCTTG	0	R+1_3	Astronaut 3	R+1	R	33.7409324729697
R+1_3_CGTCGCGTCGCTACGGCTGC	0	R+1_3	Astronaut 3	R+1	R	21.1157384620299
R+1_3_CGTCGCTGGACGCCTGCTGC	6	R+1_3	Astronaut 3	R+1	R	33.2089114641156
R+1_3_CGTCGGAACCATTGGGGAGC	2	R+1_3	Astronaut 3	R+1	R	21.6625324408874
R+1_3_CGTCGGAGTCCTCCAGCAAC	1	R+1_3	Astronaut 3	R+1	R	49.4725673094289
R+1_3_CGTCGGATATATTGGGTAAT	2	R+1_3	Astronaut 3	R+1	R	17.2693737949007
R+1_3_CGTCGTAAGGGACTGGATGA	0	R+1_3	Astronaut 3	R+1	R	36.370032013479
R+1_3_CGTCGTAGAGCAGAAGATAT	0	R+1_3	Astronaut 3	R+1	R	43.520132605485
R+1_3_CGTCGTAGAGCAGAAGGCGT	7	R+1_3	Astronaut 3	R+1	R	59.0683946688746
R+1_3_CGTCGTATTGGGTCCGTAAT	3	R+1_3	Astronaut 3	R+1	R	17.2602955567585
R+1_3_CGTCGTGCTACGTCGGATAT	0	R+1_3	Astronaut 3	R+1	R	36.7214925090636
R+1_3_CGTCGTGCTACTACGGATAT	0	R+1_3	Astronaut 3	R+1	R	43.5202701895042
R+1_3_CGTCGTTCATCGACCGCCTT	0	R+1_3	Astronaut 3	R+1	R	36.5801570415589
R+1_3_CTAACACCAGCCTCAGCGGT	0	R+1_3	Astronaut 3	R+1	R	42.3282003174279
R+1_3_CTAACACGATGATATGCTGC	3	R+1_3	Astronaut 3	R+1	R	33.9585044153898
R+1_3_CTAACACTCGGAGCTGCAAC	0	R+1_3	Astronaut 3	R+1	R	55.6214888252016
R+1_3_CTAACAGAGTCAATCGATAT	1	R+1_3	Astronaut 3	R+1	R	52.5258998469577
R+1_3_CTAACATTCACTACGGCCTT	2	R+1_3	Astronaut 3	R+1	R	49.4725673692022
R+1_3_CTAACATTGGCTCCAGATAT	1	R+1_3	Astronaut 3	R+1	R	39.0769318058778
R+1_3_CTAACCAGAACTTAAGCAAC	6	R+1_3	Astronaut 3	R+1	R	61.5706686091185
R+1_3_CTAACGATATGCGGTGTCTA	0	R+1_3	Astronaut 3	R+1	R	37.5945509049424
R+1_3_CTAACGCGGTGATGAGCTGC	0	R+1_3	Astronaut 3	R+1	R	53.2952361640322
R+1_3_CTAACGCTGCCCATAGATAT	0	R+1_3	Astronaut 3	R+1	R	52.525899906731
R+1_3_CTAACGTTAGGGCAGGATAT	4	R+1_3	Astronaut 3	R+1	R	44.1696893611519
R+1_3_CTAACTACGTCCGCTGCTTG	1	R+1_3	Astronaut 3	R+1	R	43.9377158361983
R+1_3_CTAACTAGAGCAGTTGCAAC	0	R+1_3	Astronaut 3	R+1	R	31.9609466910249
R+1_3_CTAACTCCGGCAGTTGCTTG	1	R+1_3	Astronaut 3	R+1	R	16.0820766678931
R+1_3_CTAACTCGTACGCCTGTCTA	3	R+1_3	Astronaut 3	R+1	R	36.7214925688369
R+1_3_CTAACTTAGCGGTCCGCGGT	5	R+1_3	Astronaut 3	R+1	R	41.7056507456507
R+1_3_CTACGACGATCAATCGCGGT	2	R+1_3	Astronaut 3	R+1	R	53.0770218406439
R+1_3_CTACGAGCGGGTAATGCTGC	0	R+1_3	Astronaut 3	R+1	R	49.4725674289756
R+1_3_CTACGATCCTCTTAAGTAAT	0	R+1_3	Astronaut 3	R+1	R	44.9578175496293
R+1_3_CTACGCAACTCAGAAGCTGC	3	R+1_3	Astronaut 3	R+1	R	16.0820767276664
R+1_3_CTACGCGGCAATTCAGCTTG	1	R+1_3	Astronaut 3	R+1	R	24.7895632047978
R+1_3_CTACGCGGCAATTCAGTCTA	3	R+1_3	Astronaut 3	R+1	R	31.9609467507982
R+1_3_CTACGCGTCGCGCTCGATAT	0	R+1_3	Astronaut 3	R+1	R	43.5170941278877
R+1_3_CTACGGACTGCTACGGCCTT	0	R+1_3	Astronaut 3	R+1	R	43.3088875231767
R+1_3_CTACGGGTAACCTAGGTAAT	1	R+1_3	Astronaut 3	R+1	R	15.3015827799794
R+1_3_CTACGGGTCCCGTCGGTAAT	0	R+1_3	Astronaut 3	R+1	R	36.5801571013322
R+1_3_CTACGTATCTCTAACGATAT	0	R+1_3	Astronaut 3	R+1	R	54.5222883023213
R+1_3_CTACGTTCATGAACCGATAT	0	R+1_3	Astronaut 3	R+1	R	43.5170941876611
R+1_3_CTACGTTCGACTTAAGCAAC	1	R+1_3	Astronaut 3	R+1	R	31.8807827359321
R+1_3_CTAGTAACTCGCGAAGATAT	1	R+1_3	Astronaut 3	R+1	R	41.0918548662422
R+1_3_CTAGTATCCTGGTAAGATGA	0	R+1_3	Astronaut 3	R+1	R	50.1208289983379
R+1_3_CTAGTATTCACTTAAGCAAC	0	R+1_3	Astronaut 3	R+1	R	36.7214926286103
R+1_3_CTAGTCTGGACGAAGGATAT	7	R+1_3	Astronaut 3	R+1	R	21.6974140282518
R+1_3_CTAGTGCTGCCGCAAGCTGC	7	R+1_3	Astronaut 3	R+1	R	14.7788061655788
R+1_3_CTAGTGCTGCGCGAAGTCTA	0	R+1_3	Astronaut 3	R+1	R	42.3151363034828
R+1_3_CTAGTGTCCGGACTGGCTTG	1	R+1_3	Astronaut 3	R+1	R	51.1586563059243
R+1_3_CTAGTGTTAGCCGCTGGCGT	0	R+1_3	Astronaut 3	R+1	R	44.144873396542
R+1_3_CTAGTTAAGGCTAACGCCTT	3	R+1_3	Astronaut 3	R+1	R	43.5385883872735
R+1_3_CTAGTTAGGAGCCTTGATGA	5	R+1_3	Astronaut 3	R+1	R	40.6864009453061
R+1_3_CTAGTTATCTGGAGCGCTGC	0	R+1_3	Astronaut 3	R+1	R	49.4725674887489
R+1_3_CTAGTTCAGTCAGAAGGCGT	0	R+1_3	Astronaut 3	R+1	R	43.212288877651
R+1_3_CTCCAACTTCGTAGAGTAAT	0	R+1_3	Astronaut 3	R+1	R	36.301418975389
R+1_3_CTCCAAGAACCAATCGATGA	0	R+1_3	Astronaut 3	R+1	R	24.7895632645711
R+1_3_CTCCAAGAGTGAACCGATAT	0	R+1_3	Astronaut 3	R+1	R	33.1926191767919
R+1_3_CTCCAAGTTGCTTAAGTAAT	0	R+1_3	Astronaut 3	R+1	R	55.650496217388
R+1_3_CTCCAAGTTGGCTTGGCCTT	0	R+1_3	Astronaut 3	R+1	R	21.286034762868
R+1_3_CTCCAATGCGATTGGGATGA	1	R+1_3	Astronaut 3	R+1	R	16.4328575863664
R+1_3_CTCCAATTCACGTCGGCAAC	0	R+1_3	Astronaut 3	R+1	R	24.7895633243445
R+1_3_CTCCACAATCCGAAGGATGA	1	R+1_3	Astronaut 3	R+1	R	46.9486915939669
R+1_3_CTCCACCATACGCAAGATGA	6	R+1_3	Astronaut 3	R+1	R	41.6038530016377
R+1_3_CTCCACCATACGCAAGCCTT	0	R+1_3	Astronaut 3	R+1	R	18.4165621535218
R+1_3_CTCCACCATAGCGAAGTCTA	1	R+1_3	Astronaut 3	R+1	R	45.1606816967607
R+1_3_CTCCACCTAGGGCGTGGCGT	5	R+1_3	Astronaut 3	R+1	R	38.5971740240691
R+1_3_CTCCACGACCCGGATGCGGT	0	R+1_3	Astronaut 3	R+1	R	41.690672500854
R+1_3_CTCCACGCCTCCTAGGCAAC	2	R+1_3	Astronaut 3	R+1	R	16.0820767874397
R+1_3_CTCCACGGCAGCGAAGTAAT	1	R+1_3	Astronaut 3	R+1	R	30.3970559948761
R+1_3_CTCCAGGAGCGATGAGCTGC	0	R+1_3	Astronaut 3	R+1	R	55.702893497026
R+1_3_CTCCAGGTAACGCTCGATAT	1	R+1_3	Astronaut 3	R+1	R	44.1448734563154
R+1_3_CTCCAGGTCCCTACGGCGGT	1	R+1_3	Astronaut 3	R+1	R	48.4095197489245
R+1_3_CTCCATATCTCAACTGATAT	2	R+1_3	Astronaut 3	R+1	R	36.5801571611055
R+1_3_CTCCATTCGACTAACGCCTT	0	R+1_3	Astronaut 3	R+1	R	15.6005344098907
R+1_3_CTGGAACCAGGCAGGGATAT	0	R+1_3	Astronaut 3	R+1	R	43.5229627599318
R+1_3_CTGGAACGATCTTAAGCCTT	1	R+1_3	Astronaut 3	R+1	R	45.1606817565341
R+1_3_CTGGAAGAGTGATATGCAAC	1	R+1_3	Astronaut 3	R+1	R	16.0820768472131
R+1_3_CTGGAAGAGTGTAGAGATGA	1	R+1_3	Astronaut 3	R+1	R	21.6974140880252
R+1_3_CTGGAAGCGGCGGATGCGGT	2	R+1_3	Astronaut 3	R+1	R	24.7895633841178
R+1_3_CTGGAAGGCTCGTCGGGTCC	0	R+1_3	Astronaut 3	R+1	R	33.2163084260964
R+1_3_CTGGACCGCTCGAAGGATAT	0	R+1_3	Astronaut 3	R+1	R	21.6974141477985
R+1_3_CTGGACCTCACAATCGATAT	0	R+1_3	Astronaut 3	R+1	R	39.6350650671709
R+1_3_CTGGAGCAACCTGGAGTAAT	1	R+1_3	Astronaut 3	R+1	R	44.9391900123907
R+1_3_CTGGAGCAACGGTAAGGAGC	1	R+1_3	Astronaut 3	R+1	R	44.939190072164
R+1_3_CTGGAGTAGACAGTTGTAAT	1	R+1_3	Astronaut 3	R+1	R	41.0923168797775
R+1_3_CTGGAGTAGAGCGAAGGAGC	6	R+1_3	Astronaut 3	R+1	R	48.6573729628476
R+1_3_CTGGATAGAGCTACGGATGA	0	R+1_3	Astronaut 3	R+1	R	42.083872129297
R+1_3_CTGGATCATCCAGTTGATGA	7	R+1_3	Astronaut 3	R+1	R	47.1409234306924
R+1_3_CTGGATGCGCGCTGCGGCGT	1	R+1_3	Astronaut 3	R+1	R	16.3855308821762
R+1_3_CTGGATTCGAATTGGGTAAT	0	R+1_3	Astronaut 3	R+1	R	38.6719746081337
R+1_3_CTTAAACTCGCCTAGGCTGC	1	R+1_3	Astronaut 3	R+1	R	29.3907448628006
R+1_3_CTTAAAGAACCGCAAGGCGT	0	R+1_3	Astronaut 3	R+1	R	22.4047239950586
R+1_3_CTTAAATTGGGAACCGCTGC	2	R+1_3	Astronaut 3	R+1	R	57.3747248983064
R+1_3_CTTAACAGTTGGTAAGATAT	1	R+1_3	Astronaut 3	R+1	R	41.0929854300918
R+1_3_CTTAACGCCTGAACCGGCGT	6	R+1_3	Astronaut 3	R+1	R	42.6673258370936
R+1_3_CTTAACTCCACAACTGCAAC	0	R+1_3	Astronaut 3	R+1	R	42.0494003953011
R+1_3_CTTAACTTAACGGCAGCTGC	5	R+1_3	Astronaut 3	R+1	R	36.5801572208789
R+1_3_CTTAAGAACCCCGCTGTAAT	5	R+1_3	Astronaut 3	R+1	R	43.7583453444116
R+1_3_CTTAAGCAACCGATTGGAGC	3	R+1_3	Astronaut 3	R+1	R	49.4725675485222
R+1_3_CTTAAGCCTTCAGTTGCCTT	0	R+1_3	Astronaut 3	R+1	R	49.1512614674224
R+1_3_CTTAAGTATCGTAGAGTAAT	3	R+1_3	Astronaut 3	R+1	R	56.0728425357088
R+1_3_CTTAATTAGCCTAGTGGAGC	1	R+1_3	Astronaut 3	R+1	R	19.2242424116995
R+1_3_CTTAATTCGACCTAGGCTGC	0	R+1_3	Astronaut 3	R+1	R	24.7895634438911
R+1_3_GAACCACCTACTAGTGCGGT	0	R+1_3	Astronaut 3	R+1	R	36.1695291996536
R+1_3_GAACCACGATGCAACGATGA	0	R+1_3	Astronaut 3	R+1	R	44.1215266556512
R+1_3_GAACCACTTCCGGCAGATAT	0	R+1_3	Astronaut 3	R+1	R	33.1926192365653
R+1_3_GAACCACTTCCGTCGGATGA	1	R+1_3	Astronaut 3	R+1	R	46.0112278901963
R+1_3_GAACCATCCTGAGCTGCGGT	3	R+1_3	Astronaut 3	R+1	R	40.0659548052901
R+1_3_GAACCATTACCAGTTGCTTG	3	R+1_3	Astronaut 3	R+1	R	21.6974142075718
R+1_3_GAACCATTCAGGTAAGCTGC	0	R+1_3	Astronaut 3	R+1	R	50.736344135353
R+1_3_GAACCCCTCAGTAGAGTCTA	6	R+1_3	Astronaut 3	R+1	R	44.5286408540679
R+1_3_GAACCCGATTATTGGGTAAT	1	R+1_3	Astronaut 3	R+1	R	44.0809378433107
R+1_3_GAACCCGATTGTATCGCCTT	2	R+1_3	Astronaut 3	R+1	R	44.3234584474119
R+1_3_GAACCCGCTCGCGAAGCGGT	0	R+1_3	Astronaut 3	R+1	R	15.6041889200515
R+1_3_GAACCCGGATATTCAGCTGC	0	R+1_3	Astronaut 3	R+1	R	33.9298303744747
R+1_3_GAACCCGTCGCTACGGCAAC	1	R+1_3	Astronaut 3	R+1	R	43.4884059411929
R+1_3_GAACCGAACCCGAAGGCTGC	1	R+1_3	Astronaut 3	R+1	R	48.4177418406392
R+1_3_GAACCGACTGCGGATGCAAC	1	R+1_3	Astronaut 3	R+1	R	46.7257255499106
R+1_3_GAACCGTCTACGCAAGTCTA	0	R+1_3	Astronaut 3	R+1	R	18.5226299302713
R+1_3_GAACCTCGCGCTCCAGCTGC	0	R+1_3	Astronaut 3	R+1	R	44.5286409138412
R+1_3_GAACCTGAGACCTCAGATAT	0	R+1_3	Astronaut 3	R+1	R	38.9219010573463
R+1_3_GAACCTTAGCGAGTCGCCTT	0	R+1_3	Astronaut 3	R+1	R	18.4558969374745
R+1_3_GAACCTTCATGCAGGGCGGT	7	R+1_3	Astronaut 3	R+1	R	31.2031123904387
R+1_3_GAACCTTCGACCTAGGATAT	0	R+1_3	Astronaut 3	R+1	R	27.7339910257986
R+1_3_GACTGAACGAGCTTGGCTGC	0	R+1_3	Astronaut 3	R+1	R	41.603853061411
R+1_3_GACTGAACTCGATATGGTCC	0	R+1_3	Astronaut 3	R+1	R	38.4281000590713
R+1_3_GACTGAAGCACGCAAGCGGT	0	R+1_3	Astronaut 3	R+1	R	21.6974142673452
R+1_3_GACTGACCTAGATATGCTTG	1	R+1_3	Astronaut 3	R+1	R	46.1991990758179
R+1_3_GACTGAGCGGCGCAAGCTGC	0	R+1_3	Astronaut 3	R+1	R	59.4096552386617
R+1_3_GACTGATGCGGGCGTGATAT	2	R+1_3	Astronaut 3	R+1	R	43.5385884470469
R+1_3_GACTGCAACTGGTAAGGCGT	1	R+1_3	Astronaut 3	R+1	R	24.7895635036645
R+1_3_GACTGCCTCACCTAGGGAGC	1	R+1_3	Astronaut 3	R+1	R	16.1454133912218
R+1_3_GACTGCTAGTGCGGTGCAAC	1	R+1_3	Astronaut 3	R+1	R	48.2498013312686
R+1_3_GACTGGCTTGGTATCGGCGT	0	R+1_3	Astronaut 3	R+1	R	31.2237130609341
R+1_3_GACTGGTCTACCTCAGGAGC	1	R+1_3	Astronaut 3	R+1	R	54.9944755789012
R+1_3_GACTGTATCTGGTAAGGAGC	1	R+1_3	Astronaut 3	R+1	R	16.7350717032148
R+1_3_GAGCTAGAACGTATCGGAGC	0	R+1_3	Astronaut 3	R+1	R	35.4436870850697
R+1_3_GAGCTAGGCTCCATAGATAT	0	R+1_3	Astronaut 3	R+1	R	54.6870954680536
R+1_3_GAGCTAGTTGGGAGCGTCTA	2	R+1_3	Astronaut 3	R+1	R	44.0599168314803
R+1_3_GAGCTCAGTTCAATCGCGGT	3	R+1_3	Astronaut 3	R+1	R	51.2510047954243
R+1_3_GAGCTCGTCGGAACCGCTTG	6	R+1_3	Astronaut 3	R+1	R	61.4709315525555
R+1_3_GAGCTCTAACCGGATGCCTT	0	R+1_3	Astronaut 3	R+1	R	24.7895635634378
R+1_3_GAGCTCTAGTGTAGAGCTTG	2	R+1_3	Astronaut 3	R+1	R	38.333473565397
R+1_3_GAGCTCTTAAGTAGAGCAAC	3	R+1_3	Astronaut 3	R+1	R	51.2316140724713
R+1_3_GAGCTGCAGGGCTTGGATAT	3	R+1_3	Astronaut 3	R+1	R	21.6974143271185
R+1_3_GAGCTGCCTTATTGGGGAGC	3	R+1_3	Astronaut 3	R+1	R	41.8384055744553
R+1_3_GAGCTGCGAACTTAAGGCGT	0	R+1_3	Astronaut 3	R+1	R	36.7214926883836
R+1_3_GAGCTGCTCTCGACCGCTTG	2	R+1_3	Astronaut 3	R+1	R	47.8604496012109
R+1_3_GAGCTTACGTCGGCAGCTTG	2	R+1_3	Astronaut 3	R+1	R	30.5098460275572
R+1_3_GAGCTTATGCGTAATGCGGT	0	R+1_3	Astronaut 3	R+1	R	49.4725676082956
R+1_3_GAGCTTCTACGACTGGCTTG	3	R+1_3	Astronaut 3	R+1	R	59.011504579306
R+1_3_GAGCTTTCGACGATTGGTCC	7	R+1_3	Astronaut 3	R+1	R	24.7895636232111
R+1_3_GAGTCAACGAGACTGGGAGC	2	R+1_3	Astronaut 3	R+1	R	33.9298304342481
R+1_3_GAGTCAGTTGCGATTGATAT	0	R+1_3	Astronaut 3	R+1	R	38.5046406359829
R+1_3_GAGTCATCCTGGCAGGCTTG	1	R+1_3	Astronaut 3	R+1	R	46.9486916537402
R+1_3_GAGTCCAATCCGACCGGCGT	0	R+1_3	Astronaut 3	R+1	R	31.2013450929902
R+1_3_GAGTCCCGCTCGACCGCAAC	5	R+1_3	Astronaut 3	R+1	R	34.7619882644325
R+1_3_GAGTCCGCAACGCTCGATAT	7	R+1_3	Astronaut 3	R+1	R	61.4709316123289
R+1_3_GAGTCGTTAGCTGGAGCTTG	7	R+1_3	Astronaut 3	R+1	R	44.0194848728171
R+1_3_GAGTCTAGAGCAACTGGCGT	1	R+1_3	Astronaut 3	R+1	R	54.9524337558232
R+1_3_GAGTCTTAGCGAGCTGATAT	1	R+1_3	Astronaut 3	R+1	R	33.1926192963386
R+1_3_GATATACCTAGGAGCGATGA	1	R+1_3	Astronaut 3	R+1	R	18.9950396356288
R+1_3_GATATACTTCGGCAGGCGGT	1	R+1_3	Astronaut 3	R+1	R	50.4303065013371
R+1_3_GATATAGAACGATGAGTCTA	0	R+1_3	Astronaut 3	R+1	R	49.449860518823
R+1_3_GATATAGAGTCCTCAGCTTG	2	R+1_3	Astronaut 3	R+1	R	18.5226299900446
R+1_3_GATATAGGTCCCTCAGTCTA	0	R+1_3	Astronaut 3	R+1	R	41.6038531211843
R+1_3_GATATATTACGCAGGGCAAC	3	R+1_3	Astronaut 3	R+1	R	33.1832922956503
R+1_3_GATATCAGAACAGAAGCTTG	1	R+1_3	Astronaut 3	R+1	R	18.5226300498179
R+1_3_GATATCCGCTGATATGTCTA	0	R+1_3	Astronaut 3	R+1	R	16.6940594399719
R+1_3_GATATCTAACCCTAGGCAAC	0	R+1_3	Astronaut 3	R+1	R	41.9260439012555
R+1_3_GATATCTACGGGCAGGCTTG	3	R+1_3	Astronaut 3	R+1	R	35.4436871448431
R+1_3_GATATCTCCAGGTCCGTCTA	0	R+1_3	Astronaut 3	R+1	R	36.5801572806522
R+1_3_GATATGTATCCCATAGTAAT	2	R+1_3	Astronaut 3	R+1	R	33.1926193561119
R+1_3_GATATTCCGGCAGTTGCAAC	1	R+1_3	Astronaut 3	R+1	R	52.5294776404082
R+1_3_GATGAACCAGCGATTGTCTA	0	R+1_3	Astronaut 3	R+1	R	24.7895636829845
R+1_3_GATGAATCCTATTGGGCCTT	0	R+1_3	Astronaut 3	R+1	R	18.2500172534783
R+1_3_GATGAGAACCCTGGAGTCTA	0	R+1_3	Astronaut 3	R+1	R	36.5801573404256
R+1_3_GATGAGAGCTGGAGCGCAAC	1	R+1_3	Astronaut 3	R+1	R	44.5286409736146
R+1_3_GATGAGATATATTGGGTAAT	1	R+1_3	Astronaut 3	R+1	R	18.2033056779373
R+1_3_GATGAGCAGGCAGTTGGAGC	1	R+1_3	Astronaut 3	R+1	R	24.8819373920445
R+1_3_GATGAGTCTAATTCAGATAT	1	R+1_3	Astronaut 3	R+1	R	36.7214927481569
R+1_3_GATGATAAGGCAACTGCAAC	1	R+1_3	Astronaut 3	R+1	R	33.6567296255476
R+1_3_GATGATGCGCCTAGTGGAGC	0	R+1_3	Astronaut 3	R+1	R	33.1926194158853
R+1_3_GATGATTCATCTGGAGATGA	3	R+1_3	Astronaut 3	R+1	R	16.0996606818536
R+1_3_GCAACAAGACCCTAGGCTTG	1	R+1_3	Astronaut 3	R+1	R	39.6109565732138
R+1_3_GCAACACTCGCCGCTGCCTT	1	R+1_3	Astronaut 3	R+1	R	15.6064694190109
R+1_3_GCAACAGGCTCTAGTGATAT	6	R+1_3	Astronaut 3	R+1	R	38.5046406957563
R+1_3_GCAACAGGCTGATGAGCGGT	1	R+1_3	Astronaut 3	R+1	R	43.6147969188906
R+1_3_GCAACATCTGGCTCTGATAT	2	R+1_3	Astronaut 3	R+1	R	35.0836128161517
R+1_3_GCAACATCTGGCTTGGATGA	2	R+1_3	Astronaut 3	R+1	R	21.6974143868919
R+1_3_GCAACATTCACGGATGATAT	0	R+1_3	Astronaut 3	R+1	R	53.2161346242516
R+1_3_GCAACCGACCGTAGAGGCGT	0	R+1_3	Astronaut 3	R+1	R	33.9298304940214
R+1_3_GCAACCGCCTGCCTTGATAT	6	R+1_3	Astronaut 3	R+1	R	53.2502812206559
R+1_3_GCAACGACTGCGCTCGTAAT	2	R+1_3	Astronaut 3	R+1	R	25.7492441542572
R+1_3_GCAACGCAACCCATAGATAT	0	R+1_3	Astronaut 3	R+1	R	49.4725676680689
R+1_3_GCAACTATCTCTAACGCTTG	0	R+1_3	Astronaut 3	R+1	R	49.4725677278423
R+1_3_GCAACTTAGCCGCAAGGAGC	3	R+1_3	Astronaut 3	R+1	R	36.4277578387336
R+1_3_GCAGGACCAGCTGGAGCAAC	3	R+1_3	Astronaut 3	R+1	R	56.903825329601
R+1_3_GCAGGATCCTCTAACGCGGT	2	R+1_3	Astronaut 3	R+1	R	35.4669099871808
R+1_3_GCAGGATTACGAGCTGTCTA	0	R+1_3	Astronaut 3	R+1	R	18.5226301095913
R+1_3_GCAGGCTACGGCAGGGCTGC	1	R+1_3	Astronaut 3	R+1	R	47.3074225955315
R+1_3_GCAGGGCGGTGCTGCGCTGC	1	R+1_3	Astronaut 3	R+1	R	21.6974144466652
R+1_3_GCAGGGCTCTCGACCGCTGC	1	R+1_3	Astronaut 3	R+1	R	33.1926194756586
R+1_3_GCAGGGTAGAGATATGATAT	1	R+1_3	Astronaut 3	R+1	R	21.6974145064385
R+1_3_GCAGGTAAGGGTATCGCGGT	2	R+1_3	Astronaut 3	R+1	R	30.3970560546495
R+1_3_GCCTTAAGCAGGCGTGCGGT	1	R+1_3	Astronaut 3	R+1	R	44.1448735160887
R+1_3_GCCTTACTCGCGATTGCGGT	0	R+1_3	Astronaut 3	R+1	R	33.9298305537948
R+1_3_GCCTTAGTTGCCATAGCAAC	1	R+1_3	Astronaut 3	R+1	R	48.4548208708784
R+1_3_GCCTTATTGGGGTCCGGTCC	2	R+1_3	Astronaut 3	R+1	R	0.507533460006242
R+1_3_GCCTTCAACTCCTCAGATGA	3	R+1_3	Astronaut 3	R+1	R	53.1080561920729
R+1_3_GCCTTCGCAACGCTCGTAAT	0	R+1_3	Astronaut 3	R+1	R	31.9609468105716
R+1_3_GCCTTCGCCTGAGTCGCAAC	3	R+1_3	Astronaut 3	R+1	R	44.144873575862
R+1_3_GCCTTCTCCAGTAATGGTCC	1	R+1_3	Astronaut 3	R+1	R	44.5286410333879
R+1_3_GCCTTGGTAACTACGGTCTA	0	R+1_3	Astronaut 3	R+1	R	49.4725677876156
R+1_3_GCCTTGGTCCCCTAGGCAAC	0	R+1_3	Astronaut 3	R+1	R	33.9298306135681
R+1_3_GCCTTGTCCGGCCTTGCGGT	0	R+1_3	Astronaut 3	R+1	R	41.9367631620044
R+1_3_GCCTTTTAGCCAGCGGCTGC	0	R+1_3	Astronaut 3	R+1	R	41.098805567761
R+1_3_GCGAAACGATCAGAAGCCTT	6	R+1_3	Astronaut 3	R+1	R	43.5170942474344
R+1_3_GCGAACAATCGCGAAGCTGC	5	R+1_3	Astronaut 3	R+1	R	43.5385885068202
R+1_3_GCGAACGAAGGGCGTGATGA	1	R+1_3	Astronaut 3	R+1	R	49.0307908324272
R+1_3_GCGAATCGTAGTAATGCTTG	3	R+1_3	Astronaut 3	R+1	R	44.4298366055217
R+1_3_GCGAATGGACGCGGTGTCTA	0	R+1_3	Astronaut 3	R+1	R	21.6974145662119
R+1_3_GCGAATTATGCGATTGGCGT	1	R+1_3	Astronaut 3	R+1	R	44.5286410931612
R+1_3_GCGAATTATGCGATTGTAAT	3	R+1_3	Astronaut 3	R+1	R	38.5046407555296
R+1_3_GCGAATTCATGAACCGATGA	0	R+1_3	Astronaut 3	R+1	R	24.7895637427578
R+1_3_GCGGTACTCGCAGCGGCGGT	0	R+1_3	Astronaut 3	R+1	R	24.7895638025312
R+1_3_GCGGTACTTCCGCTCGGTCC	3	R+1_3	Astronaut 3	R+1	R	37.6100068001136
R+1_3_GCGGTAGAACCGTCGGCTTG	1	R+1_3	Astronaut 3	R+1	R	33.192619535432
R+1_3_GCGGTATCCTCAATCGGTCC	1	R+1_3	Astronaut 3	R+1	R	42.001798867414
R+1_3_GCGGTATCCTGCAACGATGA	1	R+1_3	Astronaut 3	R+1	R	38.5046408153029
R+1_3_GCGGTATGGCCGGATGCTTG	3	R+1_3	Astronaut 3	R+1	R	42.1634836779569
R+1_3_GCGGTCTTAAGGCAGGCTTG	1	R+1_3	Astronaut 3	R+1	R	44.1162172132554
R+1_3_GCGGTGAACCCTCCAGGAGC	0	R+1_3	Astronaut 3	R+1	R	44.4831636369132
R+1_3_GCGGTGGCAGGGTAAGTCTA	0	R+1_3	Astronaut 3	R+1	R	24.7895638623045
R+1_3_GCGGTTACGTCTTAAGATAT	2	R+1_3	Astronaut 3	R+1	R	24.7895639220778
R+1_3_GCGGTTATTGGGCGTGGTCC	2	R+1_3	Astronaut 3	R+1	R	44.5286411529346
R+1_3_GCGGTTCATCCCGCTGCAAC	7	R+1_3	Astronaut 3	R+1	R	21.6974146259852
R+1_3_GCGGTTCTACGCTCTGTAAT	0	R+1_3	Astronaut 3	R+1	R	22.404724054832
R+1_3_GCTCTAACGACTACGGCAAC	0	R+1_3	Astronaut 3	R+1	R	41.6038531809577
R+1_3_GCTCTCCTAGCGATTGTAAT	6	R+1_3	Astronaut 3	R+1	R	40.6956021247684
R+1_3_GCTCTCTACGCGATTGCAAC	1	R+1_3	Astronaut 3	R+1	R	59.173221669468
R+1_3_GCTCTCTTAACGTCGGATGA	3	R+1_3	Astronaut 3	R+1	R	43.5244242633235
R+1_3_GCTCTGATGACGACCGATAT	5	R+1_3	Astronaut 3	R+1	R	50.5869751631239
R+1_3_GCTCTGGTCCCCTCAGTCTA	0	R+1_3	Astronaut 3	R+1	R	24.7895639818512
R+1_3_GCTCTTTGAACAATCGATGA	0	R+1_3	Astronaut 3	R+1	R	52.9222587743681
R+1_3_GCTGCACTAAATTGGGCGGT	1	R+1_3	Astronaut 3	R+1	R	33.9298306733414
R+1_3_GCTGCAGAACCGATTGCTTG	1	R+1_3	Astronaut 3	R+1	R	16.4042422751551
R+1_3_GCTGCAGAGTCGAAGGCTTG	0	R+1_3	Astronaut 3	R+1	R	24.7895640416245
R+1_3_GCTGCCAGAACTGGAGCCTT	0	R+1_3	Astronaut 3	R+1	R	43.5385885665935
R+1_3_GCTGCCGCCTGCTGCGCAAC	1	R+1_3	Astronaut 3	R+1	R	48.3737588179966
R+1_3_GCTGCCGGATCTAACGGTCC	4	R+1_3	Astronaut 3	R+1	R	34.7463160334129
R+1_3_GCTGCCTAACGATATGCTTG	3	R+1_3	Astronaut 3	R+1	R	41.101063608883
R+1_3_GCTGCCTACGGGCAGGATAT	0	R+1_3	Astronaut 3	R+1	R	33.1926195952053
R+1_3_GCTGCCTTAAGCAACGATGA	5	R+1_3	Astronaut 3	R+1	R	43.5244243230968
R+1_3_GCTGCGAACCATTCAGGAGC	0	R+1_3	Astronaut 3	R+1	R	44.5286412127079
R+1_3_GCTGCGCTCTGTAGAGCCTT	0	R+1_3	Astronaut 3	R+1	R	55.6252678831371
R+1_3_GCTGCGGAGCCGGATGTAAT	0	R+1_3	Astronaut 3	R+1	R	43.7160729868548
R+1_3_GCTGCGTAGAGCGAAGCCTT	0	R+1_3	Astronaut 3	R+1	R	43.804459592681
R+1_3_GCTGCTAAGGGAACCGTCTA	0	R+1_3	Astronaut 3	R+1	R	44.5286412724812
R+1_3_GCTGCTTAGCGTAATGGAGC	0	R+1_3	Astronaut 3	R+1	R	33.1967970882877
R+1_3_GCTTGACTAAGGTCCGCAAC	0	R+1_3	Astronaut 3	R+1	R	30.3970561144228
R+1_3_GCTTGAGAACCTGGAGCTTG	1	R+1_3	Astronaut 3	R+1	R	44.1185336560809
R+1_3_GCTTGATGGCGGTCCGATGA	2	R+1_3	Astronaut 3	R+1	R	61.4709316721022
R+1_3_GCTTGCAATCGTAGAGGAGC	1	R+1_3	Astronaut 3	R+1	R	38.5046408750763
R+1_3_GCTTGCCGCTCCATAGGCGT	3	R+1_3	Astronaut 3	R+1	R	43.6147969786639
R+1_3_GCTTGCTCCAGAGCTGATAT	5	R+1_3	Astronaut 3	R+1	R	48.6736374705468
R+1_3_GCTTGCTTAACTCCAGTCTA	0	R+1_3	Astronaut 3	R+1	R	35.9885055604083
R+1_3_GCTTGGATATCGACCGCGGT	0	R+1_3	Astronaut 3	R+1	R	50.7127535345211
R+1_3_GCTTGGGAGCCGGCAGATGA	1	R+1_3	Astronaut 3	R+1	R	43.5385886263669
R+1_3_GCTTGGGTAACCATAGTAAT	0	R+1_3	Astronaut 3	R+1	R	24.7895641013979
R+1_3_GCTTGGGTAAGCTTGGCTGC	1	R+1_3	Astronaut 3	R+1	R	17.9298194252336
R+1_3_GCTTGGTTAGCGCTCGGCGT	0	R+1_3	Astronaut 3	R+1	R	24.7895641611712
R+1_3_GCTTGTACGTCGATTGGAGC	0	R+1_3	Astronaut 3	R+1	R	33.1926196549786
R+1_3_GCTTGTTAGCCCTAGGGAGC	0	R+1_3	Astronaut 3	R+1	R	39.5502630298972
R+1_3_GGAGCAGAGTGCTTGGCCTT	0	R+1_3	Astronaut 3	R+1	R	24.7895642209445
R+1_3_GGAGCATGGCCTGGAGATGA	0	R+1_3	Astronaut 3	R+1	R	36.7214928079303
R+1_3_GGAGCCCATACTTAAGCTTG	1	R+1_3	Astronaut 3	R+1	R	38.5046409348496
R+1_3_GGAGCCCTCAGCTTGGTCTA	4	R+1_3	Astronaut 3	R+1	R	33.192619714752
R+1_3_GGAGCCGCTCGATATGGAGC	2	R+1_3	Astronaut 3	R+1	R	24.7895642807179
R+1_3_GGAGCGATATCCTCAGCTTG	1	R+1_3	Astronaut 3	R+1	R	24.7895643404912
R+1_3_GGAGCGGCGTCGAAGGCTTG	0	R+1_3	Astronaut 3	R+1	R	21.1157385218032
R+1_3_GGAGCGGTCCCTGGAGGAGC	3	R+1_3	Astronaut 3	R+1	R	44.8639964911969
R+1_3_GGAGCGTTAGGCGAAGCAAC	0	R+1_3	Astronaut 3	R+1	R	43.6147970384373
R+1_3_GGAGCTAGGAGTAATGGTCC	0	R+1_3	Astronaut 3	R+1	R	24.7895644002645
R+1_3_GGAGCTATGCGTAATGATAT	0	R+1_3	Astronaut 3	R+1	R	21.1157385815766
R+1_3_GGAGCTATTGCGGCAGATAT	5	R+1_3	Astronaut 3	R+1	R	17.2205292959853
R+1_3_GGAGCTGCGCCCTAGGATAT	0	R+1_3	Astronaut 3	R+1	R	17.9307384286379
R+1_3_GGAGCTTATGCGCTCGCAAC	0	R+1_3	Astronaut 3	R+1	R	43.520559621737
R+1_3_GGCAGAACCGCTAGTGGCGT	0	R+1_3	Astronaut 3	R+1	R	49.4725678473889
R+1_3_GGCAGACCTAGCGGTGTCTA	0	R+1_3	Astronaut 3	R+1	R	33.9122648525069
R+1_3_GGCAGAGGCTCGCAAGGCGT	0	R+1_3	Astronaut 3	R+1	R	17.2199604551555
R+1_3_GGCAGAGTTGCTACGGGTCC	0	R+1_3	Astronaut 3	R+1	R	35.9885056201817
R+1_3_GGCAGCAACTCGGCAGGTCC	1	R+1_3	Astronaut 3	R+1	R	24.7895644600379
R+1_3_GGCAGCAGTTGGAGCGCTTG	1	R+1_3	Astronaut 3	R+1	R	21.6974146857585
R+1_3_GGCAGCTAACCGCCTGGAGC	0	R+1_3	Astronaut 3	R+1	R	38.5046409946229
R+1_3_GGCAGCTGGACCTAGGCAAC	0	R+1_3	Astronaut 3	R+1	R	24.7895645198112
R+1_3_GGCAGCTTAAGTAATGGAGC	0	R+1_3	Astronaut 3	R+1	R	33.1926197745253
R+1_3_GGCAGGAGCTCTACGGATAT	1	R+1_3	Astronaut 3	R+1	R	49.6227905781199
R+1_3_GGCAGGAGCTGCTCTGTAAT	1	R+1_3	Astronaut 3	R+1	R	43.6060919032131
R+1_3_GGCAGGAGTCGGTCCGATAT	0	R+1_3	Astronaut 3	R+1	R	35.988505679955
R+1_3_GGCAGGGCGTCGTCGGCTTG	3	R+1_3	Astronaut 3	R+1	R	36.5185185761372
R+1_3_GGCAGTAGGAGCGGTGCAAC	1	R+1_3	Astronaut 3	R+1	R	24.7895645795846
R+1_3_GGCAGTTCATGCAACGATGA	6	R+1_3	Astronaut 3	R+1	R	43.0295574276403
R+1_3_GGCAGTTGAAGGCGTGATAT	5	R+1_3	Astronaut 3	R+1	R	49.4725679071623
R+1_3_GGCGTAACTCCAATCGGCGT	5	R+1_3	Astronaut 3	R+1	R	43.7685601537648
R+1_3_GGCGTACTCGCTAACGGCGT	0	R+1_3	Astronaut 3	R+1	R	45.4695290776459
R+1_3_GGCGTATCCTCTGGAGCTTG	1	R+1_3	Astronaut 3	R+1	R	21.6340570283841
R+1_3_GGCGTCAGTTGTATCGCTTG	1	R+1_3	Astronaut 3	R+1	R	37.6987031340393
R+1_3_GGCGTCCTCACCTAGGCTTG	1	R+1_3	Astronaut 3	R+1	R	35.8112836466268
R+1_3_GGCGTCGAAGCGCTCGCTTG	0	R+1_3	Astronaut 3	R+1	R	33.1926198342986
R+1_3_GGCGTCGCAACCATAGTAAT	1	R+1_3	Astronaut 3	R+1	R	44.5286413322546
R+1_3_GGCGTCGTCGCCTCAGCAAC	2	R+1_3	Astronaut 3	R+1	R	21.6974147455319
R+1_3_GGCGTCTCCAGCAACGCTTG	7	R+1_3	Astronaut 3	R+1	R	32.1907631088848
R+1_3_GGCGTGATATGATATGCAAC	1	R+1_3	Astronaut 3	R+1	R	48.4177419004125
R+1_3_GGCGTGATGAGCTGCGATGA	0	R+1_3	Astronaut 3	R+1	R	39.6213681779153
R+1_3_GGCGTGCTCTCGCCTGGCGT	0	R+1_3	Astronaut 3	R+1	R	16.0820769069864
R+1_3_GGCGTGCTGCCGCTCGTCTA	1	R+1_3	Astronaut 3	R+1	R	43.5170943072077
R+1_3_GGCGTGGCGTGATATGCGGT	7	R+1_3	Astronaut 3	R+1	R	49.093448934329
R+1_3_GGCGTGGTAAGCTGCGCAAC	1	R+1_3	Astronaut 3	R+1	R	49.4725679669356
R+1_3_GGCGTGTCTACTTAAGATGA	3	R+1_3	Astronaut 3	R+1	R	31.9609468703449
R+1_3_GGCGTTATGCATTGGGCCTT	0	R+1_3	Astronaut 3	R+1	R	39.1243481146562
R+1_3_GGCGTTATTGCGAAGGGCGT	7	R+1_3	Astronaut 3	R+1	R	59.4442278265309
R+1_3_GGCGTTATTGCGGCAGGCGT	3	R+1_3	Astronaut 3	R+1	R	16.4777684161935
R+1_3_GGCGTTTCATGCTGCGCAAC	1	R+1_3	Astronaut 3	R+1	R	37.8178750006853
R+1_3_GGTAAAACCGCTACGGATGA	1	R+1_3	Astronaut 3	R+1	R	33.7048535732726
R+1_3_GGTAAACCTAGAACCGCTGC	0	R+1_3	Astronaut 3	R+1	R	30.4277314484281
R+1_3_GGTAAACTTCCCTCAGCAAC	6	R+1_3	Astronaut 3	R+1	R	0.507533400232905
R+1_3_GGTAAACTTCCGACCGCAAC	0	R+1_3	Astronaut 3	R+1	R	30.3970561741961
R+1_3_GGTAAAGTTGCAGAAGGCGT	1	R+1_3	Astronaut 3	R+1	R	33.192619894072
R+1_3_GGTAAATCCTCGACCGCTTG	5	R+1_3	Astronaut 3	R+1	R	42.279049163651
R+1_3_GGTAACCGCTCGGATGCCTT	0	R+1_3	Astronaut 3	R+1	R	24.7895646393579
R+1_3_GGTAACGCAAGCTGCGGAGC	3	R+1_3	Astronaut 3	R+1	R	44.5286413920279
R+1_3_GGTAACTTAAGGAGCGCAAC	2	R+1_3	Astronaut 3	R+1	R	38.5046410543963
R+1_3_GGTAACTTAAGGAGCGCTTG	1	R+1_3	Astronaut 3	R+1	R	43.5385886861402
R+1_3_GGTAAGCGAACAGTTGCAAC	6	R+1_3	Astronaut 3	R+1	R	43.6147970982106
R+1_3_GGTAATAAGGGGCGTGCTTG	1	R+1_3	Astronaut 3	R+1	R	41.603853240731
R+1_3_GGTAATATTGCGTCGGTAAT	3	R+1_3	Astronaut 3	R+1	R	43.3776256510432
R+1_3_GGTAATCGCGCTACGGGAGC	1	R+1_3	Astronaut 3	R+1	R	49.728252203145
R+1_3_GGTAATCGTAGGAGCGGCGT	0	R+1_3	Astronaut 3	R+1	R	24.7895646991312
R+1_3_GGTAATCTACCTACGGCTTG	3	R+1_3	Astronaut 3	R+1	R	49.4725680267089
R+1_3_GGTAATTCGACAGCGGTAAT	1	R+1_3	Astronaut 3	R+1	R	42.3219228815402
R+1_3_GGTCCAGAACGATATGCTGC	0	R+1_3	Astronaut 3	R+1	R	24.7895647589046
R+1_3_GGTCCAGGCTCTCCAGCTTG	0	R+1_3	Astronaut 3	R+1	R	44.1806481951356
R+1_3_GGTCCAGTTGGAGCTGCGGT	0	R+1_3	Astronaut 3	R+1	R	52.5258999665044
R+1_3_GGTCCCAGTTCTCCAGCAAC	0	R+1_3	Astronaut 3	R+1	R	38.5046411141696
R+1_3_GGTCCGAACCATTGGGTAAT	1	R+1_3	Astronaut 3	R+1	R	37.5871284279995
R+1_3_GGTCCGACTGGGAGCGGCGT	3	R+1_3	Astronaut 3	R+1	R	44.0135319794796
R+1_3_GGTCCGCAGGCGATTGTCTA	0	R+1_3	Astronaut 3	R+1	R	30.3970562339695
R+1_3_GGTCCGGTCCGCCTTGTAAT	3	R+1_3	Astronaut 3	R+1	R	49.4725680864823
R+1_3_GGTCCTCTACCGCAAGATGA	0	R+1_3	Astronaut 3	R+1	R	40.0672068448692
R+1_3_GGTCCTGCTACAGTTGGCGT	0	R+1_3	Astronaut 3	R+1	R	24.7895648186779
R+1_3_GTAATAACTCCAGCGGCGGT	0	R+1_3	Astronaut 3	R+1	R	43.5385887459136
R+1_3_GTAATAAGGTCGCTCGGCGT	1	R+1_3	Astronaut 3	R+1	R	15.6147687169853
R+1_3_GTAATCGAAGGCTTGGCCTT	1	R+1_3	Astronaut 3	R+1	R	43.653352874479
R+1_3_GTAATCGACCCTAGTGGAGC	5	R+1_3	Astronaut 3	R+1	R	43.6670726513264
R+1_3_GTAATGCGAACAGTTGATAT	2	R+1_3	Astronaut 3	R+1	R	61.4709317318755
R+1_3_GTAATGTAATGAGCTGCAAC	1	R+1_3	Astronaut 3	R+1	R	47.1123183580217
R+1_3_GTAATTCGTAGCTGCGCTTG	3	R+1_3	Astronaut 3	R+1	R	16.0820769667598
R+1_3_GTAATTTAGCGCTCTGATAT	0	R+1_3	Astronaut 3	R+1	R	38.504641173943
R+1_3_GTAATTTAGCGTATCGATAT	1	R+1_3	Astronaut 3	R+1	R	16.1425903137217
R+1_3_GTAATTTATGCAGTTGTAAT	2	R+1_3	Astronaut 3	R+1	R	37.6019205123697
R+1_3_GTAATTTCATGTAGAGCGGT	4	R+1_3	Astronaut 3	R+1	R	36.3519532310511
R+1_3_GTAGAAGAGTCGCAAGCCTT	0	R+1_3	Astronaut 3	R+1	R	21.6974148053052
R+1_3_GTAGAAGTTGGTATCGCCTT	1	R+1_3	Astronaut 3	R+1	R	43.5244243828701
R+1_3_GTAGAATCCTGATGAGCGGT	3	R+1_3	Astronaut 3	R+1	R	36.2796645369296
R+1_3_GTAGAATTACCAGTTGTCTA	3	R+1_3	Astronaut 3	R+1	R	30.3970562937428
R+1_3_GTAGACAACTCTTAAGCGGT	0	R+1_3	Astronaut 3	R+1	R	24.7895648784513
R+1_3_GTAGACCATACCTAGGTAAT	1	R+1_3	Astronaut 3	R+1	R	45.2574430501429
R+1_3_GTAGACGAAGGTAGAGCCTT	0	R+1_3	Astronaut 3	R+1	R	48.172277945131
R+1_3_GTAGACGACCCCATAGGTCC	0	R+1_3	Astronaut 3	R+1	R	19.1281754875868
R+1_3_GTAGACTGGAGAGTCGGAGC	1	R+1_3	Astronaut 3	R+1	R	33.9298307331148
R+1_3_GTAGAGCTTGGAGCTGATAT	2	R+1_3	Astronaut 3	R+1	R	40.7419889516839
R+1_3_GTAGAGGCAGCGTCGGTCTA	0	R+1_3	Astronaut 3	R+1	R	35.4514549823731
R+1_3_GTAGATAAGGGGTCCGCAAC	1	R+1_3	Astronaut 3	R+1	R	21.1157386413499
R+1_3_GTAGATCAGTCAACTGCTTG	6	R+1_3	Astronaut 3	R+1	R	45.0032218344482
R+1_3_GTAGATGCGCCAGAAGCTTG	0	R+1_3	Astronaut 3	R+1	R	33.9105348075346
R+1_3_GTAGATTCATCGGATGCCTT	0	R+1_3	Astronaut 3	R+1	R	44.5286414518012
R+1_3_GTAGATTGAACGATTGATAT	0	R+1_3	Astronaut 3	R+1	R	37.7968753475441
R+1_3_GTATCAAGACATTGGGCTGC	0	R+1_3	Astronaut 3	R+1	R	21.6974148650786
R+1_3_GTATCAAGGTCAACTGCGGT	7	R+1_3	Astronaut 3	R+1	R	21.6974149248519
R+1_3_GTATCAGGCTCGCAAGCAAC	3	R+1_3	Astronaut 3	R+1	R	36.5801574001989
R+1_3_GTATCCGAAGCCATAGATAT	0	R+1_3	Astronaut 3	R+1	R	33.6495381625198
R+1_3_GTATCCGCTCCAGAAGCTGC	0	R+1_3	Astronaut 3	R+1	R	21.2191814412032
R+1_3_GTATCCGGCAGATGAGCTGC	5	R+1_3	Astronaut 3	R+1	R	30.6264990501269
R+1_3_GTATCCTACGCCATAGATGA	1	R+1_3	Astronaut 3	R+1	R	50.6160243975432
R+1_3_GTATCGCCTTCGGATGCGGT	0	R+1_3	Astronaut 3	R+1	R	36.5801574599722
R+1_3_GTATCGGCAGCTTAAGCTTG	0	R+1_3	Astronaut 3	R+1	R	16.0820770265331
R+1_3_GTATCGGCGTGCGGTGCTTG	1	R+1_3	Astronaut 3	R+1	R	16.0959453774046
R+1_3_GTATCGGTAACGGATGTCTA	0	R+1_3	Astronaut 3	R+1	R	49.4725681462556
R+1_3_GTATCGTCTAGCAACGTCTA	0	R+1_3	Astronaut 3	R+1	R	16.2752418755462
R+1_3_GTATCGTTAGCTGGAGTAAT	2	R+1_3	Astronaut 3	R+1	R	24.7895649382246
R+1_3_GTATCTATCTCAATCGATAT	1	R+1_3	Astronaut 3	R+1	R	60.4659208879052
R+1_3_GTATCTGAGACCGCTGGCGT	0	R+1_3	Astronaut 3	R+1	R	30.3970563535162
R+1_3_GTATCTGCGCCTAACGCTTG	1	R+1_3	Astronaut 3	R+1	R	33.1926199538453
R+1_3_GTCCGAACCGATTCAGTAAT	0	R+1_3	Astronaut 3	R+1	R	38.5046412337163
R+1_3_GTCCGACTAAGCGGTGATGA	3	R+1_3	Astronaut 3	R+1	R	18.5226301693646
R+1_3_GTCCGCAGTTGATGAGGTCC	1	R+1_3	Astronaut 3	R+1	R	37.7342054590962
R+1_3_GTCCGGAGCTCGATTGGAGC	1	R+1_3	Astronaut 3	R+1	R	59.5962467504125
R+1_3_GTCCGGAGTCCAATCGCGGT	5	R+1_3	Astronaut 3	R+1	R	24.7895649979979
R+1_3_GTCCGGATATCAGTTGCCTT	6	R+1_3	Astronaut 3	R+1	R	44.1448736356354
R+1_3_GTCCGGTAATCTACGGCTGC	0	R+1_3	Astronaut 3	R+1	R	38.5046412934896
R+1_3_GTCCGTACGTCAACTGTCTA	4	R+1_3	Astronaut 3	R+1	R	38.3334736251703
R+1_3_GTCCGTATCTGATATGATGA	0	R+1_3	Astronaut 3	R+1	R	39.2960797110735
R+1_3_GTCCGTATCTGCAACGATGA	1	R+1_3	Astronaut 3	R+1	R	41.0957963652797
R+1_3_GTCCGTTGAACGTCGGGCGT	0	R+1_3	Astronaut 3	R+1	R	39.2970338522464
R+1_3_GTCTAACTAAGATATGGCGT	1	R+1_3	Astronaut 3	R+1	R	50.2495208020738
R+1_3_GTCTAAGGCTGCTTGGTCTA	6	R+1_3	Astronaut 3	R+1	R	49.4725682060289
R+1_3_GTCTAAGGTCGCAGGGCTGC	0	R+1_3	Astronaut 3	R+1	R	21.6974149846252
R+1_3_GTCTACGAAGGTAGAGCCTT	1	R+1_3	Astronaut 3	R+1	R	16.0820770863064
R+1_3_GTCTACGTCGCAGTTGGCGT	6	R+1_3	Astronaut 3	R+1	R	43.5170943669811
R+1_3_GTCTAGCAACGATATGCGGT	0	R+1_3	Astronaut 3	R+1	R	33.1779588265636
R+1_3_GTCTAGCCTTGGAGCGTAAT	6	R+1_3	Astronaut 3	R+1	R	16.3786277981899
R+1_3_GTCTAGCGGTCTAGTGTAAT	3	R+1_3	Astronaut 3	R+1	R	43.5385888056869
R+1_3_GTCTAGGTAAATTGGGTAAT	0	R+1_3	Astronaut 3	R+1	R	45.2908371609341
R+1_3_GTCTAGTAGAGCTCTGCGGT	0	R+1_3	Astronaut 3	R+1	R	39.6362494402158
R+1_3_GTCTAGTCTAGCCTTGCTTG	0	R+1_3	Astronaut 3	R+1	R	44.4065865881645
R+1_3_GTCTATCAGTCGATTGATGA	1	R+1_3	Astronaut 3	R+1	R	16.2546953886423
R+1_3_GTCTATCGCGGGCGTGTAAT	0	R+1_3	Astronaut 3	R+1	R	34.7898801050162
R+1_3_GTCTATCTACGGTAAGATGA	0	R+1_3	Astronaut 3	R+1	R	33.9658702023834
R+1_3_GTCTATCTACGGTCCGCCTT	0	R+1_3	Astronaut 3	R+1	R	34.716626554278
R+1_3_GTCTATGCGCCCATAGTAAT	4	R+1_3	Astronaut 3	R+1	R	24.7895650577713
R+1_3_GTTAGAACTCCTACGGTAAT	1	R+1_3	Astronaut 3	R+1	R	44.0135320392529
R+1_3_GTTAGAAGACGTAGAGGTCC	6	R+1_3	Astronaut 3	R+1	R	37.3307144402011
R+1_3_GTTAGACTTCCGAAGGATAT	2	R+1_3	Astronaut 3	R+1	R	16.1157356969043
R+1_3_GTTAGAGAGTCGAAGGCTTG	1	R+1_3	Astronaut 3	R+1	R	21.1157387011232
R+1_3_GTTAGCCTAGGGTAAGGTCC	2	R+1_3	Astronaut 3	R+1	R	44.1448736954087
R+1_3_GTTAGGATGAGCAACGGAGC	5	R+1_3	Astronaut 3	R+1	R	36.4123569755969
R+1_3_GTTAGGCAACCTAGTGGCGT	3	R+1_3	Astronaut 3	R+1	R	33.9363839563947
R+1_3_GTTAGGCTTGCCATAGCGGT	4	R+1_3	Astronaut 3	R+1	R	43.614797157984
R+1_3_GTTAGGGTAACTAGTGCTGC	3	R+1_3	Astronaut 3	R+1	R	31.8835690859302
R+1_3_GTTAGTAAGGCTAGTGCAAC	1	R+1_3	Astronaut 3	R+1	R	49.4725682658023
R+1_3_GTTAGTACGTGCTCTGGCGT	6	R+1_3	Astronaut 3	R+1	R	36.5801575197456
R+1_3_GTTAGTCGCGATTGGGCTTG	5	R+1_3	Astronaut 3	R+1	R	33.1995999525994
R+1_3_GTTAGTTAGCGCAACGCCTT	0	R+1_3	Astronaut 3	R+1	R	44.144873755182
R+1_3_TAAGGAACCGGGTAAGCAAC	1	R+1_3	Astronaut 3	R+1	R	41.0885649527086
R+1_3_TAAGGAACTCCGGCAGTAAT	0	R+1_3	Astronaut 3	R+1	R	24.7895651175446
R+1_3_TAAGGATCCTGCGGTGCGGT	3	R+1_3	Astronaut 3	R+1	R	52.5259000262777
R+1_3_TAAGGATCCTGCGGTGGTCC	0	R+1_3	Astronaut 3	R+1	R	21.6974150443986
R+1_3_TAAGGATCTGCAGAAGCAAC	1	R+1_3	Astronaut 3	R+1	R	42.3050549723332
R+1_3_TAAGGCGCCTGAGTCGTCTA	0	R+1_3	Astronaut 3	R+1	R	36.7214928677036
R+1_3_TAAGGCGTCGGCGAAGGCGT	3	R+1_3	Astronaut 3	R+1	R	40.7419890114572
R+1_3_TAAGGCTGGACGGATGATAT	0	R+1_3	Astronaut 3	R+1	R	16.4131481754746
R+1_3_TAAGGGAGTCATTGGGCCTT	0	R+1_3	Astronaut 3	R+1	R	60.122538450854
R+1_3_TAAGGGCTCTCAGTTGGAGC	1	R+1_3	Astronaut 3	R+1	R	61.4709317916489
R+1_3_TAAGGGGTCCCAGTTGCGGT	0	R+1_3	Astronaut 3	R+1	R	21.6974151041719
R+1_3_TAAGGTCATCGCGGTGTCTA	0	R+1_3	Astronaut 3	R+1	R	24.7895651773179
R+1_3_TACGTAACGAATTCAGGAGC	0	R+1_3	Astronaut 3	R+1	R	31.2286043175188
R+1_3_TACGTACTAACCTAGGTCTA	0	R+1_3	Astronaut 3	R+1	R	43.5807418385043
R+1_3_TACGTAGGTCGCGAAGCAAC	1	R+1_3	Astronaut 3	R+1	R	51.0476031981286
R+1_3_TACGTCGCAACGACCGGCGT	0	R+1_3	Astronaut 3	R+1	R	49.4725683255756
R+1_3_TACGTCTCCAGAGTCGATGA	2	R+1_3	Astronaut 3	R+1	R	30.3970564132895
R+1_3_TACGTGGTAACTGGAGTCTA	0	R+1_3	Astronaut 3	R+1	R	44.5286415115746
R+1_3_TACGTGTAATGCAGGGCAAC	1	R+1_3	Astronaut 3	R+1	R	53.4079652779028
R+1_3_TACGTGTCCGGAGCTGCCTT	0	R+1_3	Astronaut 3	R+1	R	60.1225385106273
R+1_3_TACGTTAAGGCAGTTGGAGC	1	R+1_3	Astronaut 3	R+1	R	31.2224233703962
R+1_3_TACGTTGCTAGCTGCGCTGC	1	R+1_3	Astronaut 3	R+1	R	21.6974151639453
R+1_3_TAGAGAACTCGCGAAGCTGC	1	R+1_3	Astronaut 3	R+1	R	30.3970564730628
R+1_3_TAGAGAAGGTGGCAGGCTGC	0	R+1_3	Astronaut 3	R+1	R	16.1295574454406
R+1_3_TAGAGACCTACAACTGCGGT	0	R+1_3	Astronaut 3	R+1	R	24.7895652370913
R+1_3_TAGAGACTCGCGAAGGTCTA	3	R+1_3	Astronaut 3	R+1	R	24.7895652968646
R+1_3_TAGAGATCCTGTAGAGATGA	3	R+1_3	Astronaut 3	R+1	R	45.010685356116
R+1_3_TAGAGATGGCGCGAAGCTGC	3	R+1_3	Astronaut 3	R+1	R	35.4630496084064
R+1_3_TAGAGATTACCTACGGTCTA	6	R+1_3	Astronaut 3	R+1	R	17.3103694213437
R+1_3_TAGAGCAGCGCGACCGCAAC	0	R+1_3	Astronaut 3	R+1	R	48.2308700705228
R+1_3_TAGAGCTACGGCAGGGATGA	1	R+1_3	Astronaut 3	R+1	R	16.0820771460798
R+1_3_TAGAGCTCCAGCGAAGATAT	2	R+1_3	Astronaut 3	R+1	R	44.5286415713479
R+1_3_TAGAGCTGGAGAGTCGTAAT	0	R+1_3	Astronaut 3	R+1	R	44.9482109116883
R+1_3_TAGAGCTTAAGCTTGGCTGC	0	R+1_3	Astronaut 3	R+1	R	16.0820772058531
R+1_3_TAGAGGATATGGTCCGCAAC	0	R+1_3	Astronaut 3	R+1	R	16.0820772656265
R+1_3_TAGAGTACGTCAGTTGCGGT	0	R+1_3	Astronaut 3	R+1	R	21.1157387608966
R+1_3_TAGAGTATGCCTCCAGATAT	3	R+1_3	Astronaut 3	R+1	R	0.507533340459569
R+1_3_TAGAGTATGCGAGTCGATAT	3	R+1_3	Astronaut 3	R+1	R	15.6130109159073
R+1_3_TAGAGTCATCGGCAGGATAT	3	R+1_3	Astronaut 3	R+1	R	38.504641353263
R+1_3_TAGGAAACCGGAGCTGATGA	7	R+1_3	Astronaut 3	R+1	R	36.7214929274769
R+1_3_TAGGAAACGACGATTGTAAT	5	R+1_3	Astronaut 3	R+1	R	59.8279196695301
R+1_3_TAGGAACCAGCAGCGGATAT	1	R+1_3	Astronaut 3	R+1	R	45.3071117712243
R+1_3_TAGGAACCAGGGCAGGATAT	0	R+1_3	Astronaut 3	R+1	R	45.2839316941392
R+1_3_TAGGAACGATCAGTTGTAAT	0	R+1_3	Astronaut 3	R+1	R	21.6974152237186
R+1_3_TAGGAATCCTCGCCTGGTCC	0	R+1_3	Astronaut 3	R+1	R	24.789565356638
R+1_3_TAGGAATGCGATTGGGCAAC	1	R+1_3	Astronaut 3	R+1	R	50.6345759436613
R+1_3_TAGGAATTACCGCCTGATGA	1	R+1_3	Astronaut 3	R+1	R	45.3071118309976
R+1_3_TAGGACCTAGCAGAAGGCGT	2	R+1_3	Astronaut 3	R+1	R	43.5385888654602
R+1_3_TAGGACGGCAGACTGGCAAC	0	R+1_3	Astronaut 3	R+1	R	30.3970565328362
R+1_3_TAGGACTGGAGAGTCGCAAC	1	R+1_3	Astronaut 3	R+1	R	43.6520028462642
R+1_3_TAGGACTTAACAACTGCGGT	0	R+1_3	Astronaut 3	R+1	R	44.5286416311212
R+1_3_TAGGACTTAAGATGAGATGA	0	R+1_3	Astronaut 3	R+1	R	43.5170944267544
R+1_3_TAGGAGCAGGCAGTTGATGA	0	R+1_3	Astronaut 3	R+1	R	44.0135320990262
R+1_3_TAGGAGCTGCGAACCGGAGC	0	R+1_3	Astronaut 3	R+1	R	24.7895654164113
R+1_3_TAGGAGCTGCGTAGAGCGGT	3	R+1_3	Astronaut 3	R+1	R	36.5801575795189
R+1_3_TAGGAGTCTAGGCAGGATAT	0	R+1_3	Astronaut 3	R+1	R	37.1136143837501
R+1_3_TAGGATCGTAGGCGTGATGA	1	R+1_3	Astronaut 3	R+1	R	45.23424104567
R+1_3_TAGGATGCTACTAGTGATAT	0	R+1_3	Astronaut 3	R+1	R	41.0838081262835
R+1_3_TAGGATGCTAGTAGAGTAAT	2	R+1_3	Astronaut 3	R+1	R	57.4682391355759
R+1_3_TATCTAACTCGTATCGCCTT	4	R+1_3	Astronaut 3	R+1	R	35.4436872046164
R+1_3_TATCTACCTACGGATGATGA	3	R+1_3	Astronaut 3	R+1	R	42.0494004550745
R+1_3_TATCTACCTAGCGAAGTAAT	0	R+1_3	Astronaut 3	R+1	R	24.7895654761846
R+1_3_TATCTAGAACGACTGGATGA	2	R+1_3	Astronaut 3	R+1	R	36.7214929872503
R+1_3_TATCTAGAGTCAGCGGCCTT	0	R+1_3	Astronaut 3	R+1	R	46.8705683256078
R+1_3_TATCTAGGCTCGACCGCGGT	0	R+1_3	Astronaut 3	R+1	R	24.789565535958
R+1_3_TATCTATCCTCTACGGCTGC	3	R+1_3	Astronaut 3	R+1	R	24.7895655957313
R+1_3_TATCTCTGGAATTGGGCTGC	0	R+1_3	Astronaut 3	R+1	R	30.3970565926095
R+1_3_TATCTGACTGCAACTGGCGT	2	R+1_3	Astronaut 3	R+1	R	57.9043151937335
R+1_3_TATCTGACTGGCCTTGATAT	0	R+1_3	Astronaut 3	R+1	R	37.3335577777301
R+1_3_TATCTTCGTAATTCAGCTTG	1	R+1_3	Astronaut 3	R+1	R	43.6147972177573
R+1_3_TATCTTTATGCAACTGCTTG	1	R+1_3	Astronaut 3	R+1	R	37.8127041202656
R+1_3_TATCTTTGAACTCCAGGCGT	0	R+1_3	Astronaut 3	R+1	R	30.5122718991509
R+1_3_TATGCATCCTCGATTGATGA	3	R+1_3	Astronaut 3	R+1	R	16.0820773253998
R+1_3_TATGCCCGCTCGATTGTCTA	6	R+1_3	Astronaut 3	R+1	R	38.5046414130363
R+1_3_TATGCCCGCTGCAGGGCTGC	6	R+1_3	Astronaut 3	R+1	R	34.8662852042061
R+1_3_TATGCCTACGCTTAAGCTGC	3	R+1_3	Astronaut 3	R+1	R	16.0820773851731
R+1_3_TATGCGAACCGCGAAGATGA	2	R+1_3	Astronaut 3	R+1	R	34.7698716149372
R+1_3_TATGCGATGAGAGTCGCAAC	1	R+1_3	Astronaut 3	R+1	R	24.7895656555046
R+1_3_TATGCGTCCGGGCAGGTCTA	1	R+1_3	Astronaut 3	R+1	R	33.1926200136186
R+1_3_TATGCTTAGCGATGAGGCGT	0	R+1_3	Astronaut 3	R+1	R	44.1448738149554
R+1_3_TATTGAAGGTCAGAAGCAAC	0	R+1_3	Astronaut 3	R+1	R	17.2436950393282
R+1_3_TATTGACGATCAGCGGCCTT	0	R+1_3	Astronaut 3	R+1	R	56.5684002029356
R+1_3_TATTGACTAAGCTGCGCGGT	2	R+1_3	Astronaut 3	R+1	R	18.3449048692199
R+1_3_TATTGAGAACCTAACGCGGT	5	R+1_3	Astronaut 3	R+1	R	34.790861109575
R+1_3_TATTGAGGCTGCCTTGCGGT	0	R+1_3	Astronaut 3	R+1	R	42.0494005148478
R+1_3_TATTGAGTTGGCTCTGCTGC	0	R+1_3	Astronaut 3	R+1	R	15.6135945280678
R+1_3_TATTGATCTGCGGCAGATGA	1	R+1_3	Astronaut 3	R+1	R	21.6974152834919
R+1_3_TATTGATTCACTAACGTAAT	2	R+1_3	Astronaut 3	R+1	R	16.0938213495296
R+1_3_TATTGCCGCTGAGTCGGAGC	2	R+1_3	Astronaut 3	R+1	R	15.6063310314838
R+1_3_TATTGCGAAGCGCAAGATAT	0	R+1_3	Astronaut 3	R+1	R	36.5801576392922
R+1_3_TATTGCGCTCCAGAAGCTGC	0	R+1_3	Astronaut 3	R+1	R	17.231188511231
R+1_3_TATTGGAGCTCGATTGCGGT	0	R+1_3	Astronaut 3	R+1	R	33.192620073392
R+1_3_TATTGGAGCTCTACGGATGA	6	R+1_3	Astronaut 3	R+1	R	49.4725683853489
R+1_3_TATTGGGTAACCTAGGCAAC	7	R+1_3	Astronaut 3	R+1	R	30.4650419690523
R+1_3_TATTGTGGACGAGTCGGAGC	3	R+1_3	Astronaut 3	R+1	R	34.877167860973
R+1_3_TATTGTTAGCCGGCAGCTGC	7	R+1_3	Astronaut 3	R+1	R	53.45002865797
R+1_3_TCAGTACCAGCGGCAGCGGT	0	R+1_3	Astronaut 3	R+1	R	46.4825669494223
R+1_3_TCAGTACCAGCGGCAGGAGC	1	R+1_3	Astronaut 3	R+1	R	36.5801576990656
R+1_3_TCAGTACGATGTAGAGCAAC	1	R+1_3	Astronaut 3	R+1	R	46.4825670091956
R+1_3_TCAGTACTTCCAACTGTAAT	1	R+1_3	Astronaut 3	R+1	R	38.5046414728096
R+1_3_TCAGTACTTCCCGCTGCAAC	2	R+1_3	Astronaut 3	R+1	R	16.0851371336351
R+1_3_TCAGTACTTCGCTTGGATGA	3	R+1_3	Astronaut 3	R+1	R	52.9527781481399
R+1_3_TCAGTAGAGTCAGCGGATAT	1	R+1_3	Astronaut 3	R+1	R	44.8818268988367
R+1_3_TCAGTAGGTCGCTCTGGCGT	0	R+1_3	Astronaut 3	R+1	R	33.1779588863369
R+1_3_TCAGTAGTTGCGATTGTCTA	3	R+1_3	Astronaut 3	R+1	R	16.0820774449465
R+1_3_TCAGTATCCTCTACGGCTTG	2	R+1_3	Astronaut 3	R+1	R	19.4417570445618
R+1_3_TCAGTCAACTCGCAAGCTGC	0	R+1_3	Astronaut 3	R+1	R	44.5286416908946
R+1_3_TCAGTCAACTGTAATGTAAT	0	R+1_3	Astronaut 3	R+1	R	44.5286417506679
R+1_3_TCAGTCTAGTCAACTGATAT	1	R+1_3	Astronaut 3	R+1	R	36.5801577588389
R+1_3_TCAGTGCAACATTGGGATAT	1	R+1_3	Astronaut 3	R+1	R	40.7419890712306
R+1_3_TCAGTGCGAACGCCTGCTGC	0	R+1_3	Astronaut 3	R+1	R	30.2277070042289
R+1_3_TCAGTGGCAGCAGCGGCTTG	0	R+1_3	Astronaut 3	R+1	R	43.0665839553375
R+1_3_TCAGTGGCGTCAGTTGGCGT	0	R+1_3	Astronaut 3	R+1	R	44.0135321587996
R+1_3_TCAGTGTCCGCAATCGCTTG	0	R+1_3	Astronaut 3	R+1	R	59.744733069796
R+1_3_TCAGTGTCCGCTAACGTAAT	1	R+1_3	Astronaut 3	R+1	R	33.1926201331653
R+1_3_TCAGTTAAGGGCAACGATGA	0	R+1_3	Astronaut 3	R+1	R	36.5801578186122
R+1_3_TCAGTTAGAGCCGCTGCAAC	1	R+1_3	Astronaut 3	R+1	R	60.1225385704006
R+1_3_TCAGTTTCGAATTGGGTAAT	1	R+1_3	Astronaut 3	R+1	R	33.1926201929386
R+1_3_TCATCACTAACGAAGGCAAC	2	R+1_3	Astronaut 3	R+1	R	30.4594727407585
R+1_3_TCATCAGAACCGGATGCCTT	2	R+1_3	Astronaut 3	R+1	R	37.3307144999745
R+1_3_TCATCATCCTGATATGATGA	0	R+1_3	Astronaut 3	R+1	R	43.4881263862868
R+1_3_TCATCCAGAACTGGAGATGA	0	R+1_3	Astronaut 3	R+1	R	59.0339458763037
R+1_3_TCATCCGACCGAGCTGTAAT	1	R+1_3	Astronaut 3	R+1	R	47.1123184177951
R+1_3_TCATCCGTCGGTATCGCTTG	3	R+1_3	Astronaut 3	R+1	R	44.5286418104413
R+1_3_TCATCGCGAAGTATCGATAT	1	R+1_3	Astronaut 3	R+1	R	49.4848856201491
R+1_3_TCATCGCGGTCAGCGGCTTG	1	R+1_3	Astronaut 3	R+1	R	38.504641532583
R+1_3_TCATCGTCCGCCTAGGGAGC	2	R+1_3	Astronaut 3	R+1	R	44.5286418702146
R+1_3_TCATCGTCTACGAAGGATAT	0	R+1_3	Astronaut 3	R+1	R	42.1867136926525
R+1_3_TCATCTAAGGCCTCAGATGA	1	R+1_3	Astronaut 3	R+1	R	46.8705683853812
R+1_3_TCATCTGAGACCATAGGTCC	1	R+1_3	Astronaut 3	R+1	R	45.941516129037
R+1_3_TCATCTGGACGCTGCGTCTA	0	R+1_3	Astronaut 3	R+1	R	33.192620252712
R+1_3_TCATCTTCGAGATATGGTCC	0	R+1_3	Astronaut 3	R+1	R	16.0820775047198
R+1_3_TCCGGAAGGTCTAACGCTTG	1	R+1_3	Astronaut 3	R+1	R	33.9298307928881
R+1_3_TCCGGAAGGTCTTAAGGAGC	0	R+1_3	Astronaut 3	R+1	R	18.522630229138
R+1_3_TCCGGACTAAGATATGATAT	3	R+1_3	Astronaut 3	R+1	R	37.3307145597478
R+1_3_TCCGGACTCGGGTAAGGAGC	0	R+1_3	Astronaut 3	R+1	R	37.3521663190086
R+1_3_TCCGGAGCGGGCAACGGTCC	0	R+1_3	Astronaut 3	R+1	R	19.4188804437364
R+1_3_TCCGGATTACCCTAGGCAAC	5	R+1_3	Astronaut 3	R+1	R	44.8881646632297
R+1_3_TCCGGCCTCACTACGGTAAT	2	R+1_3	Astronaut 3	R+1	R	43.5385889252336
R+1_3_TCCGGCTAACGCGGTGATAT	0	R+1_3	Astronaut 3	R+1	R	43.5244244426435
R+1_3_TCCGGCTAGTCCATAGATGA	0	R+1_3	Astronaut 3	R+1	R	46.9486917135136
R+1_3_TCCGGGCTTGGGTCCGTCTA	2	R+1_3	Astronaut 3	R+1	R	43.5385889850069
R+1_3_TCCGGGGTCCCAGTTGTAAT	1	R+1_3	Astronaut 3	R+1	R	16.4153649965105
R+1_3_TCCGGTCAGTCTAGTGCTGC	0	R+1_3	Astronaut 3	R+1	R	40.6245955870421
R+1_3_TCCGGTCGTAGCTGCGCGGT	3	R+1_3	Astronaut 3	R+1	R	16.1996926583022
R+1_3_TCGCGAAGCACAACTGATAT	1	R+1_3	Astronaut 3	R+1	R	17.323185491945
R+1_3_TCGCGACGATGTATCGGAGC	1	R+1_3	Astronaut 3	R+1	R	52.5259000860511
R+1_3_TCGCGAGTTGGGTCCGCTTG	1	R+1_3	Astronaut 3	R+1	R	43.5385890447802
R+1_3_TCGCGATCCTCCTCAGGTCC	1	R+1_3	Astronaut 3	R+1	R	52.5259001458244
R+1_3_TCGCGATGCGGGTCCGCAAC	6	R+1_3	Astronaut 3	R+1	R	48.6801136920132
R+1_3_TCGCGCAATCCTGGAGCAAC	1	R+1_3	Astronaut 3	R+1	R	43.1547183580049
R+1_3_TCGCGCGAAGCCATAGGCGT	1	R+1_3	Astronaut 3	R+1	R	52.1269499944691
R+1_3_TCGCGCGAAGGCAACGCAAC	1	R+1_3	Astronaut 3	R+1	R	48.4548209306518
R+1_3_TCGCGCGGATGAGTCGGCGT	0	R+1_3	Astronaut 3	R+1	R	43.5244245024168
R+1_3_TCGCGCTAGTGGTCCGATAT	0	R+1_3	Astronaut 3	R+1	R	16.1320747815045
R+1_3_TCGCGGCTTGATTGGGCCTT	6	R+1_3	Astronaut 3	R+1	R	49.4725684451223
R+1_3_TCGCGGGCAGCGCCTGGCGT	0	R+1_3	Astronaut 3	R+1	R	43.7200128743508
R+1_3_TCGCGGGCGTGTAATGCCTT	3	R+1_3	Astronaut 3	R+1	R	33.1926203124853
R+1_3_TCGCGTGCTACGAAGGTCTA	1	R+1_3	Astronaut 3	R+1	R	43.5233588322189
R+1_3_TCGCGTGCTACTGGAGTCTA	0	R+1_3	Astronaut 3	R+1	R	33.1926203722586
R+1_3_TCGTAAACCGCGGATGTCTA	0	R+1_3	Astronaut 3	R+1	R	18.4439571525084
R+1_3_TCGTAAGGCTATTGGGCAAC	1	R+1_3	Astronaut 3	R+1	R	38.5046415923563
R+1_3_TCGTACGAAGGCAGGGCGGT	0	R+1_3	Astronaut 3	R+1	R	16.0820775644931
R+1_3_TCGTAGAGTCGGCAGGCTGC	1	R+1_3	Astronaut 3	R+1	R	44.9391901319373
R+1_3_TCGTAGGCAGCGAAGGATGA	3	R+1_3	Astronaut 3	R+1	R	43.5244245621901
R+1_3_TCGTATAGAGCTCCAGTCTA	6	R+1_3	Astronaut 3	R+1	R	56.4917954795689
R+1_3_TCGTATATTGATTGGGCTTG	0	R+1_3	Astronaut 3	R+1	R	17.257419207307
R+1_3_TCGTATGCGCATTGGGATAT	2	R+1_3	Astronaut 3	R+1	R	35.9885057397284
R+1_3_TCTACAACTCGGCGTGCTTG	0	R+1_3	Astronaut 3	R+1	R	15.2684296981784
R+1_3_TCTACACCTAGCGGTGCTTG	0	R+1_3	Astronaut 3	R+1	R	33.192620432032
R+1_3_TCTACAGAACCCTCAGTCTA	0	R+1_3	Astronaut 3	R+1	R	30.3970566523828
R+1_3_TCTACATTCACGGCAGATAT	1	R+1_3	Astronaut 3	R+1	R	24.789565715278
R+1_3_TCTACCCATAGCGGTGGCGT	3	R+1_3	Astronaut 3	R+1	R	36.1587175755769
R+1_3_TCTACCCGCTGGTCCGCGGT	5	R+1_3	Astronaut 3	R+1	R	24.7895657750513
R+1_3_TCTACCGCAAGTAATGCAAC	6	R+1_3	Astronaut 3	R+1	R	56.4585944762331
R+1_3_TCTACCTACGGGAGCGGCGT	0	R+1_3	Astronaut 3	R+1	R	30.3606192153915
R+1_3_TCTACCTCCACAATCGTCTA	3	R+1_3	Astronaut 3	R+1	R	48.5840472085093
R+1_3_TCTACGCGAACGAAGGATAT	0	R+1_3	Astronaut 3	R+1	R	54.9549390890873
R+1_3_TCTACGCGAACGAAGGCGGT	3	R+1_3	Astronaut 3	R+1	R	16.3827111953691
R+1_3_TCTACTAGAGCCGCTGTAAT	1	R+1_3	Astronaut 3	R+1	R	49.4725685048956
R+1_3_TCTACTATGCGCGAAGTCTA	0	R+1_3	Astronaut 3	R+1	R	27.7339910855719
R+1_3_TCTACTCCGGGCAGGGCTTG	1	R+1_3	Astronaut 3	R+1	R	36.5801578783856
R+1_3_TGAGAACTCGCGAAGGATAT	0	R+1_3	Astronaut 3	R+1	R	43.6854344039632
R+1_3_TGAGAACTTCGATATGTCTA	4	R+1_3	Astronaut 3	R+1	R	44.5286419299879
R+1_3_TGAGAAGAACCGACCGCTGC	0	R+1_3	Astronaut 3	R+1	R	43.8329514964428
R+1_3_TGAGAAGCGGGCCTTGCAAC	0	R+1_3	Astronaut 3	R+1	R	36.7558470394512
R+1_3_TGAGAAGGTCCAACTGCTGC	6	R+1_3	Astronaut 3	R+1	R	47.6607946085272
R+1_3_TGAGAATCCTCGTCGGGAGC	1	R+1_3	Astronaut 3	R+1	R	46.4916843438551
R+1_3_TGAGAATGCGGAGCTGTCTA	0	R+1_3	Astronaut 3	R+1	R	49.3599052812048
R+1_3_TGAGACGATTGCGAAGATAT	3	R+1_3	Astronaut 3	R+1	R	36.7214930470236
R+1_3_TGAGAGAACCCTGGAGCAAC	0	R+1_3	Astronaut 3	R+1	R	43.5385891045536
R+1_3_TGAGAGCTGCCAGTTGCTGC	0	R+1_3	Astronaut 3	R+1	R	24.7895658348247
R+1_3_TGAGAGGAGCGGCAGGGCGT	2	R+1_3	Astronaut 3	R+1	R	61.4709318514222
R+1_3_TGAGAGGCAGGCTTGGATAT	0	R+1_3	Astronaut 3	R+1	R	49.4725685646689
R+1_3_TGAGAGTCCGCCTCAGGCGT	0	R+1_3	Astronaut 3	R+1	R	44.9460568787477
R+1_3_TGAGATAAGGGCTGCGCCTT	7	R+1_3	Astronaut 3	R+1	R	24.789565894598
R+1_3_TGAGATAGGAGCCTTGCCTT	0	R+1_3	Astronaut 3	R+1	R	21.1157388206699
R+1_3_TGAGATTATGGCCTTGTAAT	0	R+1_3	Astronaut 3	R+1	R	19.2244780879591
R+1_3_TGAGATTCATGTAGAGCCTT	5	R+1_3	Astronaut 3	R+1	R	38.5046416521296
R+1_3_TGCGCAAGACGCAGGGGCGT	3	R+1_3	Astronaut 3	R+1	R	43.5385891643269
R+1_3_TGCGCACTCGCGAAGGTCTA	0	R+1_3	Astronaut 3	R+1	R	33.1841388841595
R+1_3_TGCGCAGAACCAACTGCTGC	1	R+1_3	Astronaut 3	R+1	R	41.1005944205944
R+1_3_TGCGCAGAACCCATAGCAAC	1	R+1_3	Astronaut 3	R+1	R	51.2847631411186
R+1_3_TGCGCAGGCTCGGCAGCAAC	1	R+1_3	Astronaut 3	R+1	R	36.7214931067969
R+1_3_TGCGCAGTTGCAATCGCTGC	0	R+1_3	Astronaut 3	R+1	R	18.2906711665697
R+1_3_TGCGCATCTGCAGTTGCAAC	1	R+1_3	Astronaut 3	R+1	R	52.5259002055977
R+1_3_TGCGCCGCTCCGGCAGCGGT	5	R+1_3	Astronaut 3	R+1	R	21.6974153432653
R+1_3_TGCGCGTCCGCGGCAGTAAT	1	R+1_3	Astronaut 3	R+1	R	43.9002572607885
R+1_3_TGCGCTAAGGGACTGGTCTA	1	R+1_3	Astronaut 3	R+1	R	36.5801579381589
R+1_3_TGCGCTACGTCCATAGTCTA	0	R+1_3	Astronaut 3	R+1	R	36.8782645814705
R+1_3_TGCGCTATTGCCTCAGCGGT	1	R+1_3	Astronaut 3	R+1	R	43.5244246219635
R+1_3_TGCGCTCAGTCTGGAGATAT	1	R+1_3	Astronaut 3	R+1	R	59.8425855842998
R+1_3_TGCGCTTAGCGAACCGATGA	3	R+1_3	Astronaut 3	R+1	R	49.4725686244423
R+1_3_TGCTAAAGCACGCCTGCAAC	0	R+1_3	Astronaut 3	R+1	R	53.2419981569399
R+1_3_TGCTAAGTTGCAGTTGCTTG	5	R+1_3	Astronaut 3	R+1	R	21.6974154030386
R+1_3_TGCTAAGTTGGATATGCGGT	0	R+1_3	Astronaut 3	R+1	R	31.7854209638744
R+1_3_TGCTACAACTGAGTCGGTCC	1	R+1_3	Astronaut 3	R+1	R	39.0643428521087
R+1_3_TGCTACAGAAGTATCGCGGT	1	R+1_3	Astronaut 3	R+1	R	44.8639965509702
R+1_3_TGCTAGTATCCCTAGGCTTG	5	R+1_3	Astronaut 3	R+1	R	16.7316102258212
R+1_3_TGCTAGTATCGTATCGATGA	1	R+1_3	Astronaut 3	R+1	R	41.6038533005043
R+1_3_TGCTAGTCCGGCAACGCTGC	2	R+1_3	Astronaut 3	R+1	R	36.5801579979322
R+1_3_TGCTATAAGGATTGGGATGA	1	R+1_3	Astronaut 3	R+1	R	49.6116442068194
R+1_3_TGGACAACTCGCGGTGATAT	2	R+1_3	Astronaut 3	R+1	R	38.961513784184
R+1_3_TGGACACTAACCATAGCTGC	0	R+1_3	Astronaut 3	R+1	R	40.7291728432738
R+1_3_TGGACACTAACGCTCGCTGC	3	R+1_3	Astronaut 3	R+1	R	40.7419891310039
R+1_3_TGGACACTTCGGCGTGTAAT	1	R+1_3	Astronaut 3	R+1	R	21.3652025295943
R+1_3_TGGACATGCGGGTAAGATAT	6	R+1_3	Astronaut 3	R+1	R	26.3034437978052
R+1_3_TGGACATTCAGCTTGGCTGC	0	R+1_3	Astronaut 3	R+1	R	30.3970567121562
R+1_3_TGGACATTGGGTATCGCCTT	6	R+1_3	Astronaut 3	R+1	R	36.1852718872546
R+1_3_TGGACCCTAGCCTCAGCAAC	0	R+1_3	Astronaut 3	R+1	R	44.1448738747287
R+1_3_TGGACCTGGAATTCAGATGA	3	R+1_3	Astronaut 3	R+1	R	37.7705349966187
R+1_3_TGGACCTTAACCGCTGCCTT	1	R+1_3	Astronaut 3	R+1	R	24.8561328617114
R+1_3_TGGACGAGCTCCTCAGTAAT	6	R+1_3	Astronaut 3	R+1	R	38.4899675353312
R+1_3_TGGACGCAACCGCAAGCTGC	0	R+1_3	Astronaut 3	R+1	R	36.7214931665703
R+1_3_TGGACTCGCGGAGCTGCAAC	3	R+1_3	Astronaut 3	R+1	R	21.6974154628119
R+1_3_TGGACTGCGCGGTAAGCCTT	2	R+1_3	Astronaut 3	R+1	R	21.6974155225853
R+1_3_TGGACTTCATGCGGTGGAGC	0	R+1_3	Astronaut 3	R+1	R	38.504641711903
R+1_3_TGGACTTGAAGAACCGATAT	0	R+1_3	Astronaut 3	R+1	R	42.7387134528814
R+1_3_TTAGCAACTCCAGAAGCTTG	3	R+1_3	Astronaut 3	R+1	R	49.4725686842156
R+1_3_TTAGCAAGGTCAGAAGCTGC	1	R+1_3	Astronaut 3	R+1	R	43.5385892241002
R+1_3_TTAGCATTACGCAGGGTAAT	0	R+1_3	Astronaut 3	R+1	R	38.5046417716763
R+1_3_TTAGCCCGCTCGATTGCCTT	0	R+1_3	Astronaut 3	R+1	R	34.7465508871501
R+1_3_TTAGCCGTCGCTTAAGATAT	0	R+1_3	Astronaut 3	R+1	R	43.1062510764349
R+1_3_TTAGCGACTGCGAAGGGTCC	0	R+1_3	Astronaut 3	R+1	R	21.6974155823586
R+1_3_TTAGCGTAATGGTCCGCTGC	0	R+1_3	Astronaut 3	R+1	R	38.5046418314496
R+1_3_TTAGCTAAGGCAACTGCTGC	2	R+1_3	Astronaut 3	R+1	R	36.5801580577056
R+1_3_TTAGCTAAGGCAACTGGAGC	0	R+1_3	Astronaut 3	R+1	R	43.8143013561941
R+1_3_TTAGCTAAGGCGCAAGATGA	1	R+1_3	Astronaut 3	R+1	R	30.5189657524657
R+1_3_TTAGCTAGAGGGTCCGCTTG	3	R+1_3	Astronaut 3	R+1	R	37.6836155160389
R+1_3_TTAGCTGCGCGCGAAGCGGT	0	R+1_3	Astronaut 3	R+1	R	16.0965012566318
R+1_3_TTATGAAGCACGCCTGATGA	1	R+1_3	Astronaut 3	R+1	R	36.5801581174789
R+1_3_TTATGACTCGGCGAAGGCGT	1	R+1_3	Astronaut 3	R+1	R	42.1623331840989
R+1_3_TTATGAGCGGCAGAAGATGA	0	R+1_3	Astronaut 3	R+1	R	35.9885057995017
R+1_3_TTATGAGGTCCAGCGGTAAT	1	R+1_3	Astronaut 3	R+1	R	30.3970567719295
R+1_3_TTATGATCTGCGGCAGATGA	1	R+1_3	Astronaut 3	R+1	R	16.0820776242665
R+1_3_TTATGATGGCCTGGAGATAT	6	R+1_3	Astronaut 3	R+1	R	44.5286419897613
R+1_3_TTATGATTACGTATCGGTCC	3	R+1_3	Astronaut 3	R+1	R	30.3970568317029
R+1_3_TTATGCGAAGCTAACGGAGC	0	R+1_3	Astronaut 3	R+1	R	53.4943840998285
R+1_3_TTATGCGCCTCGATTGCGGT	0	R+1_3	Astronaut 3	R+1	R	21.697415642132
R+1_3_TTATGCGCTCCAGAAGCTGC	0	R+1_3	Astronaut 3	R+1	R	18.4076494942618
R+1_3_TTATGCGCTCGATGAGATAT	2	R+1_3	Astronaut 3	R+1	R	37.3374693588578
R+1_3_TTATGCTTAACCATAGGCGT	2	R+1_3	Astronaut 3	R+1	R	18.4218539002598
R+1_3_TTATGGACTGGGTCCGCTGC	0	R+1_3	Astronaut 3	R+1	R	17.2286982712635
R+1_3_TTATGGAGCTCGATTGCGGT	3	R+1_3	Astronaut 3	R+1	R	44.5286420495346
R+1_3_TTATGGGCGTCGCTCGGCGT	6	R+1_3	Astronaut 3	R+1	R	37.7313847363393
R+1_3_TTATGTAAGGCTACGGATGA	0	R+1_3	Astronaut 3	R+1	R	35.988505859275
R+1_3_TTATGTACGTGTAGAGCTGC	0	R+1_3	Astronaut 3	R+1	R	19.5205597598847
R+1_3_TTATGTAGAGCCTCAGCGGT	3	R+1_3	Astronaut 3	R+1	R	16.0820776840398
R+1_3_TTATGTGAGACCATAGGTCC	0	R+1_3	Astronaut 3	R+1	R	27.7339911453453
R+1_3_TTATGTGCGCGAGTCGGTCC	0	R+1_3	Astronaut 3	R+1	R	24.7895659543713
R+1_3_TTATGTGGACGGTAAGATGA	5	R+1_3	Astronaut 3	R+1	R	44.5286421093079
R+1_3_TTATGTGGACGGTAAGTCTA	0	R+1_3	Astronaut 3	R+1	R	44.5286421690813
R+1_3_TTATGTTCGAGGCAGGATGA	2	R+1_3	Astronaut 3	R+1	R	36.5801581772522
R+1_3_TTCATAACGACAGTTGCAAC	3	R+1_3	Astronaut 3	R+1	R	21.5889976876816
R+1_3_TTCATAAGCACTAACGCAAC	3	R+1_3	Astronaut 3	R+1	R	34.8546166415293
R+1_3_TTCATACCTAGCTCTGGAGC	0	R+1_3	Astronaut 3	R+1	R	21.6974157019053
R+1_3_TTCATAGAGTCTAGTGGTCC	0	R+1_3	Astronaut 3	R+1	R	43.5385892838736
R+1_3_TTCATAGGTCGCGGTGATGA	1	R+1_3	Astronaut 3	R+1	R	30.3970568914762
R+1_3_TTCATATTACCAGTTGATGA	0	R+1_3	Astronaut 3	R+1	R	31.5404427561356
R+1_3_TTCATCTAGTGCGAAGCAAC	1	R+1_3	Astronaut 3	R+1	R	42.3900026473861
R+1_3_TTCATCTTAACAATCGTCTA	0	R+1_3	Astronaut 3	R+1	R	50.7363441951263
R+1_3_TTCATCTTAACTCCAGCAAC	3	R+1_3	Astronaut 3	R+1	R	52.5332654728313
R+1_3_TTCATGCCTTATTCAGTCTA	2	R+1_3	Astronaut 3	R+1	R	33.1926204918053
R+1_3_TTCATGTATCGATATGGTCC	2	R+1_3	Astronaut 3	R+1	R	36.5801582370256
R+1_3_TTCATTATCTGCAACGCGGT	0	R+1_3	Astronaut 3	R+1	R	33.1816823480888
R+1_3_TTCATTGAGAGCGAAGCAAC	3	R+1_3	Astronaut 3	R+1	R	18.2428016152895
R+1_3_TTCGAAACTCCCTAGGATAT	3	R+1_3	Astronaut 3	R+1	R	39.9852996345874
R+1_3_TTCGAACCTACTGGAGATGA	3	R+1_3	Astronaut 3	R+1	R	59.0339459360771
R+1_3_TTCGAATGGCCCATAGATGA	1	R+1_3	Astronaut 3	R+1	R	33.1926205515786
R+1_3_TTCGAATTACCGGATGGCGT	3	R+1_3	Astronaut 3	R+1	R	57.4800836506242
R+1_3_TTCGACAGCGCCGCTGTAAT	0	R+1_3	Astronaut 3	R+1	R	33.9298308526614
R+1_3_TTCGACTCCACGATTGCCTT	0	R+1_3	Astronaut 3	R+1	R	30.3970569512495
R+1_3_TTCGACTTAACAGTTGCCTT	1	R+1_3	Astronaut 3	R+1	R	21.1157388804433
R+1_3_TTCGAGACTGGCTCTGCTTG	1	R+1_3	Astronaut 3	R+1	R	49.4725687439889
R+1_3_TTCGATACGTCCTCAGCTGC	0	R+1_3	Astronaut 3	R+1	R	44.144873934502
R+1_3_TTCGATAGAGCGCTCGCTTG	0	R+1_3	Astronaut 3	R+1	R	43.9123560612977
R+1_3_TTCGATCATCGAGCTGCCTT	0	R+1_3	Astronaut 3	R+1	R	24.7895660141447
R+1_3_TTCGATTAGCCCGCTGATAT	0	R+1_3	Astronaut 3	R+1	R	18.5226302889113
R+1_3_TTCGATTGAACGGATGCTTG	3	R+1_3	Astronaut 3	R+1	R	33.8460974977506
R+1_3_TTGAAACCTACTCCAGTAAT	1	R+1_3	Astronaut 3	R+1	R	24.789566073918
R+1_3_TTGAAAGCGGCCATAGCGGT	0	R+1_3	Astronaut 3	R+1	R	44.9391901917107
R+1_3_TTGAAAGGCTGATATGATAT	0	R+1_3	Astronaut 3	R+1	R	50.239424500736
R+1_3_TTGAAATCTGCCATAGATAT	3	R+1_3	Astronaut 3	R+1	R	44.0135322185729
R+1_3_TTGAACAGCGCAGAAGCTTG	1	R+1_3	Astronaut 3	R+1	R	33.9493111237807
R+1_3_TTGAACAGTTCGAAGGATGA	0	R+1_3	Astronaut 3	R+1	R	44.1448739942754
R+1_3_TTGAACCATAGAACCGCGGT	0	R+1_3	Astronaut 3	R+1	R	0.507533280686232
R+1_3_TTGAACCGCTGCTCTGGAGC	2	R+1_3	Astronaut 3	R+1	R	30.3970570110229
R+1_3_TTGAACCGCTGGAGCGGCGT	2	R+1_3	Astronaut 3	R+1	R	17.3421094466791
R+1_3_TTGAACCTCAGGCAGGGCGT	3	R+1_3	Astronaut 3	R+1	R	43.5244246817368
R+1_3_TTGAAGCAGGGCTTGGCTGC	0	R+1_3	Astronaut 3	R+1	R	41.0938431163822
R+1_3_TTGAAGCTCTCTGGAGTCTA	0	R+1_3	Astronaut 3	R+1	R	21.1157389402166
R+1_3_TTGAAGGCAGGATATGATAT	1	R+1_3	Astronaut 3	R+1	R	44.1448740540487
R+1_3_TTGAAGTAATCGGCAGCGGT	2	R+1_3	Astronaut 3	R+1	R	38.504641891223
R+1_3_TTGAAGTAATGTAGAGCTTG	0	R+1_3	Astronaut 3	R+1	R	36.723699884491
R+1_3_TTGAATAGGAGATGAGCTGC	3	R+1_3	Astronaut 3	R+1	R	57.5722255383243
R+1_3_TTGAATGCTAGTATCGTCTA	6	R+1_3	Astronaut 3	R+1	R	39.295653883206
R+14_1_AACCGAGTTGGCTTGGCAGG	4	R+14_1	Astronaut 1	R+14	R	26.3104492059292
R+14_1_AACCGCGCCTCTAGTGTAAT	0	R+14_1	Astronaut 1	R+14	R	26.2220288328889
R+14_1_AACCGTCGCGCTACGGCTCT	3	R+14_1	Astronaut 1	R+14	R	30.2118990069593
R+14_1_AACGACCTCAGAACCGCTCT	4	R+14_1	Astronaut 1	R+14	R	26.7635350631413
R+14_1_AACGACTTAAGTAGAGTAAT	0	R+14_1	Astronaut 1	R+14	R	26.4351771870598
R+14_1_AACGATATTGGGAGCGCAGG	3	R+14_1	Astronaut 1	R+14	R	32.0938132737766
R+14_1_AACTCTATTGGAGTCGTAAT	4	R+14_1	Astronaut 1	R+14	R	27.7339912051186
R+14_1_AAGCACGGATGCAACGCGAA	0	R+14_1	Astronaut 1	R+14	R	30.6084502759057
R+14_1_ACCAGACTTCGATGAGCAGG	0	R+14_1	Astronaut 1	R+14	R	36.1844921485932
R+14_1_ACCAGGAGTCGGTAATAAGG	2	R+14_1	Astronaut 1	R+14	R	27.7386077702787
R+14_1_ACCTATCATCCTGGAGTAAT	2	R+14_1	Astronaut 1	R+14	R	23.4454276745864
R+14_1_ACCTATTCATGACTGTAAGG	2	R+14_1	Astronaut 1	R+14	R	26.9454960847609
R+14_1_ACGATGGTCCGTAGAGTCCG	0	R+14_1	Astronaut 1	R+14	R	29.8541267583254
R+14_1_ACGATTAGGAGCCTTGCTCT	0	R+14_1	Astronaut 1	R+14	R	27.7339912648919
R+14_1_ACGATTGAGACGACCGCAGG	0	R+14_1	Astronaut 1	R+14	R	32.104445959312
R+14_1_ACTAAGTCTAGCCTTGGTCC	0	R+14_1	Astronaut 1	R+14	R	26.2379866759821
R+14_1_ACTCGACTTCCGCCTGCTCT	2	R+14_1	Astronaut 1	R+14	R	32.0611036961278
R+14_1_ACTCGTTCATGATATGTAAT	6	R+14_1	Astronaut 1	R+14	R	34.8847287654838
R+14_1_AGAACACTTCCTGGAGGCAG	0	R+14_1	Astronaut 1	R+14	R	30.177677633659
R+14_1_AGAACCTACGCCTCAGCAGG	0	R+14_1	Astronaut 1	R+14	R	34.7707642880974
R+14_1_AGAGTATGGCGGCGTGTCCG	4	R+14_1	Astronaut 1	R+14	R	28.6781512871403
R+14_1_AGGCTATGCGCTAGTGTAAT	2	R+14_1	Astronaut 1	R+14	R	30.5569274985448
R+14_1_AGGCTGAGCTATTGGGGTAA	5	R+14_1	Astronaut 1	R+14	R	29.6604307099962
R+14_1_AGGTCACCAGCCTCAGCGAA	3	R+14_1	Astronaut 1	R+14	R	27.4930096202822
R+14_1_AGGTCTCCGGCTACGGCGAA	1	R+14_1	Astronaut 1	R+14	R	31.8444813705996
R+14_1_ATCCTGTTAGCTCCAGTAAT	4	R+14_1	Astronaut 1	R+14	R	28.079819621942
R+14_1_ATCCTTTCGACTCCAGGCAG	0	R+14_1	Astronaut 1	R+14	R	28.5578176896982
R+14_1_ATCTGTATCTGGCAGGTAAT	0	R+14_1	Astronaut 1	R+14	R	33.2909671668308
R+14_1_ATGGCGAGTCCAGTTGGTAA	6	R+14_1	Astronaut 1	R+14	R	32.5003109500937
R+14_1_ATGGCGCTTGCTGGAGTAAT	0	R+14_1	Astronaut 1	R+14	R	30.1388037238841
R+14_1_ATTCAGCTTGCCGCTGTAAT	0	R+14_1	Astronaut 1	R+14	R	30.1589159004371
R+14_1_ATTGGAAGGTATTGGGCAGG	2	R+14_1	Astronaut 1	R+14	R	27.7339913246653
R+14_1_ATTGGCTACGCGCTCGTAGA	1	R+14_1	Astronaut 1	R+14	R	34.8285713773066
R+14_1_CAATCAAGACGCGGTTAAGG	2	R+14_1	Astronaut 1	R+14	R	31.2485760792226
R+14_1_CAGAAAACTCCCATAGTAAT	2	R+14_1	Astronaut 1	R+14	R	29.4285909994682
R+14_1_CAGAAATTACGTAGAGTAAT	4	R+14_1	Astronaut 1	R+14	R	31.2777806642863
R+14_1_CAGAAGCTTGCCTAGGCTCT	4	R+14_1	Astronaut 1	R+14	R	30.2118990667327
R+14_1_CAGAATACGTGCTTGTAAGG	0	R+14_1	Astronaut 1	R+14	R	30.1922519354149
R+14_1_CAGTTCGCCTCGACCGCTCT	3	R+14_1	Astronaut 1	R+14	R	24.4158598209884
R+14_1_CCATAACTTCCTCCAGTAAT	5	R+14_1	Astronaut 1	R+14	R	28.3339884348384
R+14_1_CCATAGGAGCCGTCGGCAGG	0	R+14_1	Astronaut 1	R+14	R	32.4950718690048
R+14_1_CCATATACGTGGTCCGCGAA	3	R+14_1	Astronaut 1	R+14	R	30.3970570707962
R+14_1_CCGCTCTGGAGTATCGTAAT	4	R+14_1	Astronaut 1	R+14	R	27.7339913844386
R+14_1_CCTAGAAGACCGAAGTAAGG	3	R+14_1	Astronaut 1	R+14	R	34.8056662956188
R+14_1_CCTAGGTTAGGCTTGGCTCT	4	R+14_1	Astronaut 1	R+14	R	28.3459393007226
R+14_1_CCTAGTTATGGCGGTGTAAT	6	R+14_1	Astronaut 1	R+14	R	27.789472537575
R+14_1_CCTCACCATAGATATGCTCT	0	R+14_1	Astronaut 1	R+14	R	28.5712537446087
R+14_1_CGACCGAACCCTGGAGCTCT	0	R+14_1	Astronaut 1	R+14	R	32.4989842403805
R+14_1_CGATTTGCTACCATAGCTCT	4	R+14_1	Astronaut 1	R+14	R	23.2923888855261
R+14_1_CGCAAACTCGGAACCGTAGA	0	R+14_1	Astronaut 1	R+14	R	36.1587176353502
R+14_1_CGCAAGTTAGCTAACGTAAT	3	R+14_1	Astronaut 1	R+14	R	29.1033211487923
R+14_1_CGCCTGATATCGGATGCAGG	0	R+14_1	Astronaut 1	R+14	R	36.5801582967989
R+14_1_CGGATAACCGCTAACGCGAA	0	R+14_1	Astronaut 1	R+14	R	27.733991444212
R+14_1_CGGATGGAGCCTACGGTAGA	4	R+14_1	Astronaut 1	R+14	R	27.8051349750009
R+14_1_CGGCACTCCACTGGAGGTAA	0	R+14_1	Astronaut 1	R+14	R	25.7492442140306
R+14_1_CTAACATGCGCTACGTAAGG	0	R+14_1	Astronaut 1	R+14	R	24.8534866687828
R+14_1_CTAGTATCTGGCAACGCTCT	0	R+14_1	Astronaut 1	R+14	R	32.5452471520474
R+14_1_CTAGTGAGTCGCAGGGGTAA	4	R+14_1	Astronaut 1	R+14	R	61.4709319111955
R+14_1_CTCCACGGCACAGTTGGCAG	2	R+14_1	Astronaut 1	R+14	R	30.1397836823845
R+14_1_GAACCAGAACGAGTCGTAAT	0	R+14_1	Astronaut 1	R+14	R	22.4047241146053
R+14_1_GAACCATTGGATTCAGTAAT	0	R+14_1	Astronaut 1	R+14	R	30.5460327223189
R+14_1_GACTGATCCTGGAGCGTAAT	0	R+14_1	Astronaut 1	R+14	R	30.1712784137361
R+14_1_GACTGGCGAACTAACGCTCT	4	R+14_1	Astronaut 1	R+14	R	30.211899126506
R+14_1_GAGCTCCTCACTTAAGTAAT	0	R+14_1	Astronaut 1	R+14	R	31.9182246339355
R+14_1_GAGTCGGCGTATTGGTAAGG	0	R+14_1	Astronaut 1	R+14	R	26.1843351136852
R+14_1_GATGATTGAAGTAGATAAGG	2	R+14_1	Astronaut 1	R+14	R	29.156114925989
R+14_1_GCAACACTCGGTAGAGTAAT	2	R+14_1	Astronaut 1	R+14	R	28.1276294663798
R+14_1_GCAACGGTCCGATGAGGCAG	0	R+14_1	Astronaut 1	R+14	R	29.3454647096394
R+14_1_GCAACTCATCCTACGTAAGG	1	R+14_1	Astronaut 1	R+14	R	43.8969644187258
R+14_1_GCAACTGAGACGCTCGTAAT	3	R+14_1	Astronaut 1	R+14	R	25.8970300350102
R+14_1_GCGGTATTACGTAGAGTTAG	0	R+14_1	Astronaut 1	R+14	R	28.6595680830623
R+14_1_GCTCTCCTAGCGGATGGCAG	4	R+14_1	Astronaut 1	R+14	R	30.3011272268394
R+14_1_GCTCTCTGGAGCAGGGCTCT	0	R+14_1	Astronaut 1	R+14	R	28.5578177494715
R+14_1_GCTGCCAGCGGGTCCGCGAA	1	R+14_1	Astronaut 1	R+14	R	30.2118991862793
R+14_1_GCTGCGGCAGCGCCTGTAAT	4	R+14_1	Astronaut 1	R+14	R	33.2815332566249
R+14_1_GCTTGAGTTGGGCAGGGTAA	6	R+14_1	Astronaut 1	R+14	R	25.1022966876092
R+14_1_GCTTGATGCGCGGCAGTCCG	4	R+14_1	Astronaut 1	R+14	R	32.4895884299884
R+14_1_GGAGCAAGACCCATAGTAGA	0	R+14_1	Astronaut 1	R+14	R	27.7379241551601
R+14_1_GGAGCGGAGCCAGCGGTCCG	2	R+14_1	Astronaut 1	R+14	R	30.3606192751649
R+14_1_GGTAAAGTTGCGCAAGTCCG	0	R+14_1	Astronaut 1	R+14	R	37.7043840550418
R+14_1_GGTCCCGGATCGCCTGCTCT	0	R+14_1	Astronaut 1	R+14	R	30.2118992460527
R+14_1_GTAATAAGCACGCAAGCTCT	4	R+14_1	Astronaut 1	R+14	R	34.7517740457025
R+14_1_GTAATCAACTCAACTGCTCT	4	R+14_1	Astronaut 1	R+14	R	27.7339915039853
R+14_1_GTAATGCTGCGTAGAGGTAA	4	R+14_1	Astronaut 1	R+14	R	29.0426428802262
R+14_1_GTAATTAAGGGACTGGTAAT	4	R+14_1	Astronaut 1	R+14	R	35.0836128759251
R+14_1_GTAGACGGCAGAGCTTAAGG	4	R+14_1	Astronaut 1	R+14	R	28.1460929252171
R+14_1_GTATCCTAACCGATTGCAGG	3	R+14_1	Astronaut 1	R+14	R	30.2583116986412
R+14_1_GTATCGACTGCGTCGTAAGG	4	R+14_1	Astronaut 1	R+14	R	32.0297341048311
R+14_1_GTATCTGCGCCAGTTGCAGG	0	R+14_1	Astronaut 1	R+14	R	26.1489688669009
R+14_1_GTCCGACCAGCCTAGTAAGG	4	R+14_1	Astronaut 1	R+14	R	30.5133360685202
R+14_1_GTCTAAAGCAGGTAAGTCCG	0	R+14_1	Astronaut 1	R+14	R	30.2725769572575
R+14_1_GTCTACCATAGCTGCGCTCT	4	R+14_1	Astronaut 1	R+14	R	31.8444814303729
R+14_1_GTCTATAGAGCAGTTGGCAG	0	R+14_1	Astronaut 1	R+14	R	28.5906439407595
R+14_1_GTTAGGCGAAGCCTTGGTAA	2	R+14_1	Astronaut 1	R+14	R	29.0882279200004
R+14_1_GTTAGTCAGTCCATAGGTAA	0	R+14_1	Astronaut 1	R+14	R	35.4454669574579
R+14_1_TACGTCCTAGGAGTCGTAAT	0	R+14_1	Astronaut 1	R+14	R	27.4875652474337
R+14_1_TACGTGTAATGAACCGTATC	0	R+14_1	Astronaut 1	R+14	R	32.5544021888171
R+14_1_TACGTGTATCGATATTAAGG	3	R+14_1	Astronaut 1	R+14	R	27.4743880805504
R+14_1_TACGTTCGCGCAATCGCTCT	4	R+14_1	Astronaut 1	R+14	R	35.0836129356984
R+14_1_TAGAGAGCGGCTGGAGTAAT	2	R+14_1	Astronaut 1	R+14	R	28.3481622937696
R+14_1_TAGGACTGGAGCGAAGCGAA	0	R+14_1	Astronaut 1	R+14	R	30.3009490863312
R+14_1_TAGGAGCAGGCCGCTGCTCT	4	R+14_1	Astronaut 1	R+14	R	28.0604883595406
R+14_1_TAGGATGCGCGAGCTGGTAA	4	R+14_1	Astronaut 1	R+14	R	28.358223754065
R+14_1_TATCTAAGGTCCATATAAGG	0	R+14_1	Astronaut 1	R+14	R	29.0075333815236
R+14_1_TATCTACGATGGCAGGCTCT	3	R+14_1	Astronaut 1	R+14	R	30.211899305826
R+14_1_TATCTGGTCCCAGAAGCAGG	0	R+14_1	Astronaut 1	R+14	R	20.919753834815
R+14_1_TATTGAGCGGCGAAGGCTCT	4	R+14_1	Astronaut 1	R+14	R	28.5578178092448
R+14_1_TATTGAGGCTGATGAGTCCG	4	R+14_1	Astronaut 1	R+14	R	30.2118993655993
R+14_1_TATTGCGCTCGGCGTTAAGG	0	R+14_1	Astronaut 1	R+14	R	32.1044460190853
R+14_1_TCAGTCGAAGCCTAGGTCCG	4	R+14_1	Astronaut 1	R+14	R	29.4425172952796
R+14_1_TCAGTGGAGCCGATTGTAGA	3	R+14_1	Astronaut 1	R+14	R	35.060605863967
R+14_1_TCAGTGGAGCGGTAATAAGG	4	R+14_1	Astronaut 1	R+14	R	29.0416143377854
R+14_1_TCATCCAGCGGATATGTAAT	2	R+14_1	Astronaut 1	R+14	R	29.3851701303266
R+14_1_TCCGGAAGGTCGCAAGCTCT	5	R+14_1	Astronaut 1	R+14	R	35.0836129954717
R+14_1_TCCGGAGTTGCGCAAGTCCG	4	R+14_1	Astronaut 1	R+14	R	32.4994569240238
R+14_1_TCCGGTACGTCCTAGGTAGA	2	R+14_1	Astronaut 1	R+14	R	26.2740575959165
R+14_1_TCCGGTGCGCCAATCGCTCT	3	R+14_1	Astronaut 1	R+14	R	28.5745030614598
R+14_1_TCGCGACCAGCGCAAGTAAT	4	R+14_1	Astronaut 1	R+14	R	27.7339915637586
R+14_1_TCGCGCCATACTAGTGCTCT	0	R+14_1	Astronaut 1	R+14	R	30.0387468350056
R+14_1_TCGTAAGCGGGAGTCGTAAT	0	R+14_1	Astronaut 1	R+14	R	30.2548870608768
R+14_1_TCGTATGCTACTACGTAAGG	0	R+14_1	Astronaut 1	R+14	R	23.7406556629456
R+14_1_TCTACAACGACGGCAGCTCT	0	R+14_1	Astronaut 1	R+14	R	31.8444814901462
R+14_1_TCTACACGATGCGGTGTAAT	0	R+14_1	Astronaut 1	R+14	R	32.2522088559032
R+14_1_TCTACCTAGTGAACCGCTCT	0	R+14_1	Astronaut 1	R+14	R	33.9466861495205
R+14_1_TCTACGTAGAGGCAGGTTAG	0	R+14_1	Astronaut 1	R+14	R	26.668075657413
R+14_1_TGAGAAAGACGATGAGCGAA	2	R+14_1	Astronaut 1	R+14	R	25.7539109047458
R+14_1_TGAGAACGATCTAACGTAAT	4	R+14_1	Astronaut 1	R+14	R	33.8632445668683
R+14_1_TGAGAAGTTGCAGCGGGCAG	2	R+14_1	Astronaut 1	R+14	R	29.9895793042417
R+14_1_TGAGAAGTTGGCAGGGCTCT	4	R+14_1	Astronaut 1	R+14	R	32.4972655489341
R+14_1_TGAGAGCTTGGCCTTGCAGG	4	R+14_1	Astronaut 1	R+14	R	26.281227508065
R+14_1_TGCGCTAGAGCCGCTGTAAT	2	R+14_1	Astronaut 1	R+14	R	28.3473539797857
R+14_1_TGCTAATTCACTAGTGGTAA	0	R+14_1	Astronaut 1	R+14	R	32.1044460788586
R+14_1_TGGACAAGACCCTAGGCAGG	4	R+14_1	Astronaut 1	R+14	R	34.7166266140513
R+14_1_TGGACGATGAATTGGGCGAA	6	R+14_1	Astronaut 1	R+14	R	30.6214094700063
R+14_1_TTAGCCGAAGGCCTTGGTAA	0	R+14_1	Astronaut 1	R+14	R	36.332657915329
R+14_1_TTATGAGAGTGAGCTGTAAT	3	R+14_1	Astronaut 1	R+14	R	25.7492442738039
R+14_1_TTATGCGATTCTGGATAAGG	0	R+14_1	Astronaut 1	R+14	R	32.5026659093944
R+14_1_TTCGAAAGGTCTGGAGCTCT	2	R+14_1	Astronaut 1	R+14	R	27.733991623532
R+14_1_TTCGAGCTGCCGCCTGGTAA	5	R+14_1	Astronaut 1	R+14	R	26.2802230936216
R+14_1_TTGAATTAGCGCTGCGTAAT	2	R+14_1	Astronaut 1	R+14	R	27.7339916833053
R+14_2_AACCGACGATGCTCTGGTAA	2	R+14_2	Astronaut 2	R+14	R	21.8618228534535
R+14_2_AACCGACTTCGCTGCGTAAT	0	R+14_2	Astronaut 2	R+14	R	19.5584477550391
R+14_2_AACCGAGAACATTGGGTAAT	0	R+14_2	Astronaut 2	R+14	R	17.9461146572627
R+14_2_AACCGAGTTGGGCGTGCAGG	2	R+14_2	Astronaut 2	R+14	R	21.8618229132269
R+14_2_AACCGATTGGCGCTCGCTCT	0	R+14_2	Astronaut 2	R+14	R	21.0248864131098
R+14_2_AACCGCTAACCAGTTGTCCG	4	R+14_2	Astronaut 2	R+14	R	24.9537118051036
R+14_2_AACCGCTACGCCATATAAGG	2	R+14_2	Astronaut 2	R+14	R	23.9030727201031
R+14_2_AACCGCTACGCGCCTGCAGG	1	R+14_2	Astronaut 2	R+14	R	26.6839126167616
R+14_2_AACCGGCAACGATATTAAGG	2	R+14_2	Astronaut 2	R+14	R	18.9950396954021
R+14_2_AACCGTCAGTGCTGCGCTCT	0	R+14_2	Astronaut 2	R+14	R	25.7768665977186
R+14_2_AACCGTCGCGGAACCGCAGG	0	R+14_2	Astronaut 2	R+14	R	26.6794960035192
R+14_2_AACCGTCTACGGCGTGCAGG	0	R+14_2	Astronaut 2	R+14	R	19.9005625183365
R+14_2_AACCGTGCTACTAACGTATC	1	R+14_2	Astronaut 2	R+14	R	20.7567496571379
R+14_2_AACCGTTGAAGAACCGTAAT	0	R+14_2	Astronaut 2	R+14	R	24.4096872088014
R+14_2_AACGAACTTCCGCCTGTCCG	0	R+14_2	Astronaut 2	R+14	R	27.7508002072802
R+14_2_AACGAAGTTGCGATTGGCAG	0	R+14_2	Astronaut 2	R+14	R	61.4709319709689
R+14_2_AACGACGAAGGTAGAGTAAT	6	R+14_2	Astronaut 2	R+14	R	25.8145308212729
R+14_2_AACGACGATTGAGCTGTCCG	3	R+14_2	Astronaut 2	R+14	R	25.0140658384381
R+14_2_AACGACGGATCGCCTGGCAG	1	R+14_2	Astronaut 2	R+14	R	26.645950657527
R+14_2_AACGAGAGCTGGCGTGGTAA	0	R+14_2	Astronaut 2	R+14	R	27.7339917430786
R+14_2_AACGAGAGTCGGTCCGGTAA	3	R+14_2	Astronaut 2	R+14	R	30.1961312361784
R+14_2_AACGAGGCAGGAGCTGGCAG	1	R+14_2	Astronaut 2	R+14	R	28.2044566455663
R+14_2_AACGAGGTAACGCCTGTCCG	0	R+14_2	Astronaut 2	R+14	R	32.4895884897618
R+14_2_AACGAGTCTAGCAACGCTCT	4	R+14_2	Astronaut 2	R+14	R	23.3245505143221
R+14_2_AACGATAGAGCTACGTAAGG	2	R+14_2	Astronaut 2	R+14	R	23.299676363678
R+14_2_AACGATCTACGTATCGTCCG	1	R+14_2	Astronaut 2	R+14	R	27.7345347590907
R+14_2_AACGATGCGCGGTAAGTCCG	0	R+14_2	Astronaut 2	R+14	R	27.733991802852
R+14_2_AACGATGGACCGCTCTAAGG	1	R+14_2	Astronaut 2	R+14	R	21.8618229730002
R+14_2_AACGATGGACGTATCGCTCT	6	R+14_2	Astronaut 2	R+14	R	20.0475591185301
R+14_2_AACTCAACCGCGATTGTCCG	0	R+14_2	Astronaut 2	R+14	R	26.8974850397533
R+14_2_AACTCAAGACGATATGGTAA	0	R+14_2	Astronaut 2	R+14	R	19.8882919091664
R+14_2_AACTCACGATGAACCGCTCT	0	R+14_2	Astronaut 2	R+14	R	22.720489807493
R+14_2_AACTCACTAAGCAGGGTAAT	0	R+14_2	Astronaut 2	R+14	R	28.1408994268112
R+14_2_AACTCACTCGCGATTGCAGG	0	R+14_2	Astronaut 2	R+14	R	21.1511649401341
R+14_2_AACTCAGGTCGGTAAGCTCT	2	R+14_2	Astronaut 2	R+14	R	21.8618230327735
R+14_2_AACTCCAATCCCATAGGTCC	0	R+14_2	Astronaut 2	R+14	R	22.1443432526187
R+14_2_AACTCCAGCGGTATCGCTCT	0	R+14_2	Astronaut 2	R+14	R	23.4454277343597
R+14_2_AACTCCAGTTGCTCTGGTAA	2	R+14_2	Astronaut 2	R+14	R	49.4725688037623
R+14_2_AACTCCCGCTGTATCGCAGG	1	R+14_2	Astronaut 2	R+14	R	19.8965282355069
R+14_2_AACTCCCTCACTGGAGTAAT	6	R+14_2	Astronaut 2	R+14	R	28.3661112691095
R+14_2_AACTCCGACCCCTAGGCTCT	3	R+14_2	Astronaut 2	R+14	R	23.8215424408208
R+14_2_AACTCCGATTCGCCTTAAGG	5	R+14_2	Astronaut 2	R+14	R	24.45520449773
R+14_2_AACTCGAGCTGCGAAGTAAT	2	R+14_2	Astronaut 2	R+14	R	23.5132163586804
R+14_2_AACTCGATGAGTATCGTAAT	6	R+14_2	Astronaut 2	R+14	R	22.6253178157162
R+14_2_AACTCGCTGCGGCGTGTAAT	2	R+14_2	Astronaut 2	R+14	R	26.8364943880846
R+14_2_AACTCGGAGCGGCAGGTCCG	0	R+14_2	Astronaut 2	R+14	R	27.7342496790082
R+14_2_AACTCGTTAGGGAGCGCAGG	2	R+14_2	Astronaut 2	R+14	R	19.0160625597018
R+14_2_AACTCTAGAGATTCAGCAGG	0	R+14_2	Astronaut 2	R+14	R	26.324151456521
R+14_2_AACTCTCCGGGAGTCGGTAA	1	R+14_2	Astronaut 2	R+14	R	26.6445911348492
R+14_2_AACTCTGCGCCCGCTGTAAT	2	R+14_2	Astronaut 2	R+14	R	26.3649344675828
R+14_2_AACTCTGGACCGCTCTAAGG	0	R+14_2	Astronaut 2	R+14	R	18.9950397551754
R+14_2_AAGACAAGCACGGATGCTCT	0	R+14_2	Astronaut 2	R+14	R	28.1282011878037
R+14_2_AAGACATCTGCTGGAGTAAT	0	R+14_2	Astronaut 2	R+14	R	27.4720101657586
R+14_2_AAGACGCAACGAACCGCAGG	1	R+14_2	Astronaut 2	R+14	R	30.2118994253727
R+14_2_AAGACGGTCCGTATCTAAGG	1	R+14_2	Astronaut 2	R+14	R	24.5024209063573
R+14_2_AAGACTAAGGCAGTTGTCCG	0	R+14_2	Astronaut 2	R+14	R	32.5423717353129
R+14_2_AAGACTATGCGCTGCGTTAG	1	R+14_2	Astronaut 2	R+14	R	20.7554096178963
R+14_2_AAGCAACTAACGGCATAAGG	0	R+14_2	Astronaut 2	R+14	R	21.8618230925469
R+14_2_AAGCAAGCGGGCAGGTAAGG	1	R+14_2	Astronaut 2	R+14	R	22.7779317137953
R+14_2_AAGCACGCCTCTTAAGCAGG	0	R+14_2	Astronaut 2	R+14	R	30.7147742871897
R+14_2_AAGCACGGATCTTAAGGTCC	0	R+14_2	Astronaut 2	R+14	R	26.5940115075332
R+14_2_AAGCACTTAACAGAAGTAAT	1	R+14_2	Astronaut 2	R+14	R	26.07466568851
R+14_2_AAGCAGACTGCGACCGCAGG	0	R+14_2	Astronaut 2	R+14	R	27.9711989399283
R+14_2_AAGCAGATGAATTGGGTAAT	5	R+14_2	Astronaut 2	R+14	R	22.7947712771472
R+14_2_AAGCAGTTAGGAACCTAAGG	0	R+14_2	Astronaut 2	R+14	R	19.6894350787293
R+14_2_AAGCATATGCCCATAGGTAA	6	R+14_2	Astronaut 2	R+14	R	26.986929592062
R+14_2_AAGCATGGACCGATTGGTCC	0	R+14_2	Astronaut 2	R+14	R	28.6633727605983
R+14_2_AAGCATTCGAGCTCTGCTCT	0	R+14_2	Astronaut 2	R+14	R	25.8918735486037
R+14_2_AAGGTATCCTCAGCGGTAAT	4	R+14_2	Astronaut 2	R+14	R	20.8789368520346
R+14_2_AAGGTATTACGCTTGGCAGG	0	R+14_2	Astronaut 2	R+14	R	18.9950398149488
R+14_2_AAGGTCGATTGTAATGCTCT	4	R+14_2	Astronaut 2	R+14	R	27.8435620617252
R+14_2_AAGGTCGGATCAGTTGGTCC	3	R+14_2	Astronaut 2	R+14	R	32.104446138632
R+14_2_AAGGTCTTAACAGTTGTAAT	5	R+14_2	Astronaut 2	R+14	R	20.5037098868801
R+14_2_AAGGTGAACCGAGCTGGTAA	6	R+14_2	Astronaut 2	R+14	R	21.9839311483705
R+14_2_AAGGTTAGGAGAACCGCTCT	4	R+14_2	Astronaut 2	R+14	R	25.8271138622538
R+14_2_AAGGTTGCTACTACGGGTCC	2	R+14_2	Astronaut 2	R+14	R	20.7554096776696
R+14_2_AAGGTTTGAAGCAGGGTTAG	2	R+14_2	Astronaut 2	R+14	R	19.0518072485236
R+14_2_ACCAGACTAACGCAAGGTAA	6	R+14_2	Astronaut 2	R+14	R	21.6974157616786
R+14_2_ACCAGAGAGTCGCAAGCTCT	6	R+14_2	Astronaut 2	R+14	R	28.0851628454026
R+14_2_ACCAGCAGTTCGCAAGCTCT	0	R+14_2	Astronaut 2	R+14	R	35.0836130552451
R+14_2_ACCAGCCGCTCCTAGGTTAG	2	R+14_2	Astronaut 2	R+14	R	26.0721421912959
R+14_2_ACCAGCCGCTGTAATTAAGG	1	R+14_2	Astronaut 2	R+14	R	23.3695449401696
R+14_2_ACCAGCGCCTGGAGCGTAAT	5	R+14_2	Astronaut 2	R+14	R	19.0811701103493
R+14_2_ACCAGCTAACCGGATGCGAA	1	R+14_2	Astronaut 2	R+14	R	33.1918585390995
R+14_2_ACCAGCTCCACGTCGGGCAG	0	R+14_2	Astronaut 2	R+14	R	19.8554019872617
R+14_2_ACCAGCTGGACGCCTGTAAT	4	R+14_2	Astronaut 2	R+14	R	23.824956532846
R+14_2_ACCAGGATATGATGAGGCAG	1	R+14_2	Astronaut 2	R+14	R	27.4744155195541
R+14_2_ACCAGTAGAGCCTCAGTCCG	3	R+14_2	Astronaut 2	R+14	R	25.7492443335773
R+14_2_ACCAGTCCGGGAGCTGCAGG	0	R+14_2	Astronaut 2	R+14	R	23.9094792785921
R+14_2_ACCAGTTCATCTAACTAAGG	0	R+14_2	Astronaut 2	R+14	R	28.9951194685994
R+14_2_ACCAGTTCGAGGCAGTAAGG	1	R+14_2	Astronaut 2	R+14	R	20.9329715074354
R+14_2_ACCTAACCAGCAGTTGCTCT	4	R+14_2	Astronaut 2	R+14	R	25.3493059287394
R+14_2_ACCTAACTAACTTAATAAGG	0	R+14_2	Astronaut 2	R+14	R	23.4025097450791
R+14_2_ACGATAAGCAGAACCGGTAA	3	R+14_2	Astronaut 2	R+14	R	28.0925309815786
R+14_2_ACGATACTCGCTGGAGCTCT	0	R+14_2	Astronaut 2	R+14	R	24.9332554712829
R+14_2_ACGATACTTCCAGTTGGTAA	4	R+14_2	Astronaut 2	R+14	R	23.3555796160992
R+14_2_ACGATAGGCTCTGGAGGCAG	0	R+14_2	Astronaut 2	R+14	R	24.4096872685747
R+14_2_ACGATCCATAGGTAAGTCCG	5	R+14_2	Astronaut 2	R+14	R	22.0811320746825
R+14_2_ACGATCCTAGGAGCTGCTCT	0	R+14_2	Astronaut 2	R+14	R	27.7339918626253
R+14_2_ACGATCGGATGCAGGGTCCG	1	R+14_2	Astronaut 2	R+14	R	28.6087268361267
R+14_2_ACGATGACTGCGTCGGCTCT	3	R+14_2	Astronaut 2	R+14	R	26.0183459067861
R+14_2_ACGATGCTCTCCTAGGGTCC	0	R+14_2	Astronaut 2	R+14	R	28.579382147731
R+14_2_ACGATGCTGCGATGAGGTAA	6	R+14_2	Astronaut 2	R+14	R	30.211899485146
R+14_2_ACGATGCTTGCGCCTGCTCT	3	R+14_2	Astronaut 2	R+14	R	30.3606193349382
R+14_2_ACGATTACGTGTATCGTAAT	0	R+14_2	Astronaut 2	R+14	R	24.4139987636333
R+14_2_ACGATTGCGCGAGCTGTTAG	0	R+14_2	Astronaut 2	R+14	R	24.409687328348
R+14_2_ACTAAAGTTGGCAGGTAAGG	1	R+14_2	Astronaut 2	R+14	R	27.7510610287047
R+14_2_ACTAACGATTCCATAGCTCT	0	R+14_2	Astronaut 2	R+14	R	23.7722734858388
R+14_2_ACTAACTGGAGAACCGGTAA	6	R+14_2	Astronaut 2	R+14	R	26.687085941754
R+14_2_ACTAAGCGGTGGCAGGTAAT	0	R+14_2	Astronaut 2	R+14	R	22.0038404908908
R+14_2_ACTAATAAGGGGTCCTAAGG	0	R+14_2	Astronaut 2	R+14	R	20.9055493118395
R+14_2_ACTAATACGTCTGGAGCAGG	3	R+14_2	Astronaut 2	R+14	R	27.4715814169853
R+14_2_ACTAATCATCATTGGGTCCG	5	R+14_2	Astronaut 2	R+14	R	22.4047241743787
R+14_2_ACTCGAACTCCTGGAGCTCT	0	R+14_2	Astronaut 2	R+14	R	26.5594569870532
R+14_2_ACTCGACCAGCCTAGGTAAT	0	R+14_2	Astronaut 2	R+14	R	21.8618231523202
R+14_2_ACTCGCAGCGCGTCGGGCAG	0	R+14_2	Astronaut 2	R+14	R	27.7370023204386
R+14_2_ACTCGCGAAGCGACCGGCAG	0	R+14_2	Astronaut 2	R+14	R	33.2880005788983
R+14_2_ACTCGCTACGGGTCCGGCAG	1	R+14_2	Astronaut 2	R+14	R	26.1975933699018
R+14_2_ACTCGGCTGCCAATCTAAGG	3	R+14_2	Astronaut 2	R+14	R	22.7361159832674
R+14_2_ACTCGTGAGACGTCGGCTCT	5	R+14_2	Astronaut 2	R+14	R	22.7361160430407
R+14_2_ACTTCAACCGCAATCGTAAT	0	R+14_2	Astronaut 2	R+14	R	20.0362721631498
R+14_2_ACTTCAGGCTGCAACGCTCT	3	R+14_2	Astronaut 2	R+14	R	21.8618232120936
R+14_2_ACTTCCAATCCGCTCGCTCT	6	R+14_2	Astronaut 2	R+14	R	20.9724065037222
R+14_2_ACTTCCCTAGCGCAATAAGG	1	R+14_2	Astronaut 2	R+14	R	22.0641320206791
R+14_2_ACTTCGGTAACTGGAGGCAG	0	R+14_2	Astronaut 2	R+14	R	27.7339919223987
R+14_2_ACTTCGTATCGTAATTAAGG	0	R+14_2	Astronaut 2	R+14	R	30.3970571305696
R+14_2_ACTTCTAGAGATTGGGGTCC	3	R+14_2	Astronaut 2	R+14	R	28.348225952557
R+14_2_ACTTCTGCTAGCGGTGCTCT	0	R+14_2	Astronaut 2	R+14	R	30.2118995449194
R+14_2_AGAACAAGACCGACCTAAGG	1	R+14_2	Astronaut 2	R+14	R	26.5217758092408
R+14_2_AGAACACCAGGCAGGGTAAT	0	R+14_2	Astronaut 2	R+14	R	19.4585373528099
R+14_2_AGAACCAACTGGAGCGTAAT	4	R+14_2	Astronaut 2	R+14	R	25.3932109974664
R+14_2_AGAACCGCCTGCAACGTCCG	0	R+14_2	Astronaut 2	R+14	R	27.4930096800556
R+14_2_AGAACGCAGGCTTAAGCTCT	6	R+14_2	Astronaut 2	R+14	R	20.5774752686088
R+14_2_AGAACGCGAACGGCAGGTCC	2	R+14_2	Astronaut 2	R+14	R	27.2776355942084
R+14_2_AGAACGTAATCGGATGTAAT	0	R+14_2	Astronaut 2	R+14	R	21.1489570508414
R+14_2_AGAACGTAGAGAGTCGTAAT	0	R+14_2	Astronaut 2	R+14	R	29.6368758725185
R+14_2_AGAACTATTGGCCTTTAAGG	5	R+14_2	Astronaut 2	R+14	R	23.2923889452994
R+14_2_AGAACTCGTAGCTCTGGTCC	0	R+14_2	Astronaut 2	R+14	R	23.8055591510898
R+14_2_AGAGTACTTCCAGCGGCTCT	4	R+14_2	Astronaut 2	R+14	R	27.7473173339786
R+14_2_AGAGTAGAGTCAGAAGCAGG	0	R+14_2	Astronaut 2	R+14	R	20.7855779878225
R+14_2_AGAGTCCTCACTGGATAAGG	2	R+14_2	Astronaut 2	R+14	R	23.8938865820466
R+14_2_AGAGTGAGCTCTAGTGGTAA	0	R+14_2	Astronaut 2	R+14	R	18.9950398747221
R+14_2_AGAGTGCAACCGCTCGCGAA	1	R+14_2	Astronaut 2	R+14	R	23.3324200386766
R+14_2_AGAGTGCGAAGCTCTGTAAT	0	R+14_2	Astronaut 2	R+14	R	23.4030427251783
R+14_2_AGAGTGGAGCGGTCCGCTCT	3	R+14_2	Astronaut 2	R+14	R	26.5625264318084
R+14_2_AGAGTGTAATGTATCGTAAT	6	R+14_2	Astronaut 2	R+14	R	25.419447957292
R+14_2_AGAGTGTTAGGATGAGTAAT	0	R+14_2	Astronaut 2	R+14	R	26.6270425162342
R+14_2_AGAGTTAGGAGCTGCGTAAT	0	R+14_2	Astronaut 2	R+14	R	20.755409737443
R+14_2_AGAGTTGAGAGAGCTGTAAT	0	R+14_2	Astronaut 2	R+14	R	21.8618232718669
R+14_2_AGAGTTGCTAGCTGCGCAGG	0	R+14_2	Astronaut 2	R+14	R	25.9361800603896
R+14_2_AGCGGCGACCCAATCGCGAA	1	R+14_2	Astronaut 2	R+14	R	24.5024209661307
R+14_2_AGCGGCGCAAATTGGGTAAT	5	R+14_2	Astronaut 2	R+14	R	17.936756393649
R+14_2_AGCGGCGCCTGACTGGCTCT	5	R+14_2	Astronaut 2	R+14	R	25.9573570314446
R+14_2_AGCGGGACTGGGTCCGTTAG	2	R+14_2	Astronaut 2	R+14	R	21.8618233316402
R+14_2_AGCGGTTAGCGCTCTGGCAG	0	R+14_2	Astronaut 2	R+14	R	29.0758791710629
R+14_2_AGGCTCAACTGATGAGTAAT	5	R+14_2	Astronaut 2	R+14	R	17.2811777907994
R+14_2_AGGCTCTAGTCTGGAGTAAT	0	R+14_2	Astronaut 2	R+14	R	19.1544692331992
R+14_2_AGGCTCTCCAATTCAGGCAG	1	R+14_2	Astronaut 2	R+14	R	32.1044461984053
R+14_2_AGGCTGGCGTCCATAGTCCG	0	R+14_2	Astronaut 2	R+14	R	25.8202418263277
R+14_2_AGGTCCAGTTCGAAGGGTCC	0	R+14_2	Astronaut 2	R+14	R	26.6477728954302
R+14_2_AGGTCCTGGAGCAACGGTAA	2	R+14_2	Astronaut 2	R+14	R	23.0831979337668
R+14_2_AGGTCGAACCCAGAAGGTCC	0	R+14_2	Astronaut 2	R+14	R	17.9731207099837
R+14_2_AGGTCGAACCCGAAGTAAGG	6	R+14_2	Astronaut 2	R+14	R	23.4233255269587
R+14_2_AGGTCGAGTCGCAGGGCTCT	3	R+14_2	Astronaut 2	R+14	R	20.7554097972163
R+14_2_AGGTCGGCAGCTAGTGTAAT	0	R+14_2	Astronaut 2	R+14	R	21.8922018234392
R+14_2_AGGTCGTCTAGAGTCGTAAT	4	R+14_2	Astronaut 2	R+14	R	23.4454277941331
R+14_2_AGGTCTCAGTGCCTTTAAGG	1	R+14_2	Astronaut 2	R+14	R	23.4307766646052
R+14_2_AGTTGAGAACCGATTGTAAT	0	R+14_2	Astronaut 2	R+14	R	20.507630963823
R+14_2_AGTTGAGTTGCTTAAGGTAA	1	R+14_2	Astronaut 2	R+14	R	20.4612464714368
R+14_2_AGTTGCGTCGCGTCGGCTCT	0	R+14_2	Astronaut 2	R+14	R	32.4915602440974
R+14_2_AGTTGCTTAACGCAAGTAAT	1	R+14_2	Astronaut 2	R+14	R	30.4349466419357
R+14_2_AGTTGGGTCCGAGCTGTAAT	0	R+14_2	Astronaut 2	R+14	R	23.4454278539064
R+14_2_AGTTGTACGTCGGATGCGAA	1	R+14_2	Astronaut 2	R+14	R	28.3378649398571
R+14_2_ATCCTCAGAACAATCGCTCT	0	R+14_2	Astronaut 2	R+14	R	30.5225177926389
R+14_2_ATCCTCTGGAGGTCCGCTCT	4	R+14_2	Astronaut 2	R+14	R	27.5166864599537
R+14_2_ATCCTGAACCCGCTCGTAAT	0	R+14_2	Astronaut 2	R+14	R	21.4093797586024
R+14_2_ATCCTTCAGTCGTCGGTAAT	0	R+14_2	Astronaut 2	R+14	R	23.4263801186264
R+14_2_ATCCTTCGTACAATCGTAAT	0	R+14_2	Astronaut 2	R+14	R	17.2831473526281
R+14_2_ATCTGAGAACGAACCGTAAT	5	R+14_2	Astronaut 2	R+14	R	23.3309043351683
R+14_2_ATCTGCCTAGCGCCTGCAGG	0	R+14_2	Astronaut 2	R+14	R	20.9268604607634
R+14_2_ATCTGCTAACCCTCAGGTAA	3	R+14_2	Astronaut 2	R+14	R	30.7190203154105
R+14_2_ATCTGGAGTCCCTAGTAAGG	0	R+14_2	Astronaut 2	R+14	R	21.9520935668209
R+14_2_ATCTGGTAATGTATCGTAAT	0	R+14_2	Astronaut 2	R+14	R	24.4770328676048
R+14_2_ATCTGTAGGAGGAGCGTAAT	0	R+14_2	Astronaut 2	R+14	R	28.3350627666386
R+14_2_ATGCGAGTTGGAGCTGGTAA	0	R+14_2	Astronaut 2	R+14	R	21.8964335735036
R+14_2_ATGCGCGCTCGAGTCGCTCT	2	R+14_2	Astronaut 2	R+14	R	23.4207026238057
R+14_2_ATGCGGCTGCCGACCTAAGG	1	R+14_2	Astronaut 2	R+14	R	19.5569152998366
R+14_2_ATGCGTCCGGGGTCCGCTCT	4	R+14_2	Astronaut 2	R+14	R	27.7346624985796
R+14_2_ATGGCGGCGTGATGAGGTAA	1	R+14_2	Astronaut 2	R+14	R	20.6159122744279
R+14_2_ATGGCGGCGTGATGAGGTCC	0	R+14_2	Astronaut 2	R+14	R	25.297104602984
R+14_2_ATGGCTAGAGGTAATGCTCT	0	R+14_2	Astronaut 2	R+14	R	25.971064144987
R+14_2_ATGGCTCAGTATTGGGGTAA	0	R+14_2	Astronaut 2	R+14	R	29.8579065792753
R+14_2_ATGGCTGGACATTGGTAAGG	0	R+14_2	Astronaut 2	R+14	R	17.9279048387093
R+14_2_ATTACAACTCGACTGGTAAT	0	R+14_2	Astronaut 2	R+14	R	22.7507623325559
R+14_2_ATTACAAGACGGTAAGTAAT	4	R+14_2	Astronaut 2	R+14	R	28.3536583970857
R+14_2_ATTACACTCGGAACCGTCCG	1	R+14_2	Astronaut 2	R+14	R	28.36768798394
R+14_2_ATTACACTCGGAACCTAAGG	1	R+14_2	Astronaut 2	R+14	R	21.8618233914136
R+14_2_ATTACAGAACGGTAAGCTCT	2	R+14_2	Astronaut 2	R+14	R	23.0673878644034
R+14_2_ATTACAGAGTCCTCAGGCAG	2	R+14_2	Astronaut 2	R+14	R	29.8436858576899
R+14_2_ATTACCCTCAGTAGAGGTAA	3	R+14_2	Astronaut 2	R+14	R	30.3606193947115
R+14_2_ATTACCGAAGATTGGGGTAA	3	R+14_2	Astronaut 2	R+14	R	23.9531223586118
R+14_2_ATTACCGGCAGAGCTGGTCC	0	R+14_2	Astronaut 2	R+14	R	26.6282971815394
R+14_2_ATTACCTAACCCTCAGGTCC	5	R+14_2	Astronaut 2	R+14	R	21.8618234511869
R+14_2_ATTACCTACGCGACCGCAGG	1	R+14_2	Astronaut 2	R+14	R	26.2828724351304
R+14_2_ATTACGCGAACGCCTGTAAT	3	R+14_2	Astronaut 2	R+14	R	25.8306364025822
R+14_2_ATTACGCTTGGATGAGCAGG	3	R+14_2	Astronaut 2	R+14	R	30.2118996046927
R+14_2_ATTACTAGGACCTAGGCAGG	0	R+14_2	Astronaut 2	R+14	R	23.4166994128618
R+14_2_ATTACTTCGACCTAGGCTCT	2	R+14_2	Astronaut 2	R+14	R	17.9084529302596
R+14_2_ATTCAAACCGGTAATGTCCG	0	R+14_2	Astronaut 2	R+14	R	26.6615165004538
R+14_2_ATTCAATTACCGCCTTAAGG	7	R+14_2	Astronaut 2	R+14	R	20.4934968754062
R+14_2_ATTCAATTACGATGAGGCAG	1	R+14_2	Astronaut 2	R+14	R	27.4160901485791
R+14_2_ATTCAATTGGGCTGCGCTCT	4	R+14_2	Astronaut 2	R+14	R	24.4096873881214
R+14_2_ATTCACAGTTGCAACTAAGG	1	R+14_2	Astronaut 2	R+14	R	30.5044597942101
R+14_2_ATTCACGGATGGTAAGCTCT	6	R+14_2	Astronaut 2	R+14	R	27.4930097398289
R+14_2_ATTCAGAACCGCCTTGTAAT	4	R+14_2	Astronaut 2	R+14	R	21.8618235109603
R+14_2_ATTCAGACTGGATGAGTAAT	4	R+14_2	Astronaut 2	R+14	R	28.3384505769083
R+14_2_ATTCAGAGTCGCAACGTAAT	3	R+14_2	Astronaut 2	R+14	R	25.4194480170654
R+14_2_ATTCAGATATCAATCTAAGG	1	R+14_2	Astronaut 2	R+14	R	27.8852775207774
R+14_2_ATTCAGATGAGGCAGGGTCC	6	R+14_2	Astronaut 2	R+14	R	28.1288103041114
R+14_2_ATTCATAGAGGCAACTAAGG	0	R+14_2	Astronaut 2	R+14	R	22.8069783203539
R+14_2_ATTCATATCTCGCCTGTAAT	0	R+14_2	Astronaut 2	R+14	R	23.3811674087546
R+14_2_ATTGGCCTCAGGTAAGCTCT	4	R+14_2	Astronaut 2	R+14	R	22.6011232716271
R+14_2_ATTGGGCTCTCGCTCGCAGG	2	R+14_2	Astronaut 2	R+14	R	21.8618235707336
R+14_2_ATTGGTCATCGCGGTGCTCT	5	R+14_2	Astronaut 2	R+14	R	21.420386187591
R+14_2_ATTGGTGGACCAATCGTAAT	0	R+14_2	Astronaut 2	R+14	R	26.4854646492989
R+14_2_CAACTAAGGTGCAGGTAAGG	0	R+14_2	Astronaut 2	R+14	R	20.8136055582139
R+14_2_CAACTACTAAGTAATGGCAG	0	R+14_2	Astronaut 2	R+14	R	21.697415821452
R+14_2_CAACTCCTAGGTATCGTAAT	5	R+14_2	Astronaut 2	R+14	R	23.0075395565586
R+14_2_CAACTCGCAACAGTTGTAAT	0	R+14_2	Astronaut 2	R+14	R	22.779724330578
R+14_2_CAACTGCGAAGATGAGGCAG	0	R+14_2	Astronaut 2	R+14	R	26.1966234264709
R+14_2_CAACTTGAGACCTAGGTTAG	1	R+14_2	Astronaut 2	R+14	R	23.5132164184537
R+14_2_CAACTTGAGACGGATGTAGA	3	R+14_2	Astronaut 2	R+14	R	24.9967564802381
R+14_2_CAATCAAGACCAACTGCAGG	0	R+14_2	Astronaut 2	R+14	R	18.9950399344954
R+14_2_CAATCATCCTATTCAGGTCC	0	R+14_2	Astronaut 2	R+14	R	24.8780858936837
R+14_2_CAATCATTACATTGGGTAAT	1	R+14_2	Astronaut 2	R+14	R	28.0158384042668
R+14_2_CAATCGAACCGCCTTGGCAG	1	R+14_2	Astronaut 2	R+14	R	32.544716184209
R+14_2_CAATCGATATCAATCGTAAT	0	R+14_2	Astronaut 2	R+14	R	29.518769662345
R+14_2_CAATCTCGCGCAGAAGCAGG	0	R+14_2	Astronaut 2	R+14	R	19.5496457231963
R+14_2_CAATCTCTACGTAGAGCTCT	4	R+14_2	Astronaut 2	R+14	R	30.1773756408454
R+14_2_CAGAAAAGGTGATGAGCTCT	0	R+14_2	Astronaut 2	R+14	R	21.9482183663192
R+14_2_CAGAAAGAACCAACTGTAAT	4	R+14_2	Astronaut 2	R+14	R	26.6076463623807
R+14_2_CAGAACAGAAGCTGCGTAAT	0	R+14_2	Astronaut 2	R+14	R	19.7414245554976
R+14_2_CAGAAGCAGGGTATCGCTCT	0	R+14_2	Astronaut 2	R+14	R	23.499266672136
R+14_2_CAGAAGCTGCGCAGGGTAAT	5	R+14_2	Astronaut 2	R+14	R	21.979462945998
R+14_2_CAGAAGCTTGCCATAGTAAT	0	R+14_2	Astronaut 2	R+14	R	26.5890861431398
R+14_2_CAGAAGGTAAATTGGGTAAT	2	R+14_2	Astronaut 2	R+14	R	27.733991982172
R+14_2_CAGAAGTTAGGCGGTGTAAT	0	R+14_2	Astronaut 2	R+14	R	28.1296825654287
R+14_2_CAGAATGAGACCGCTGGTCC	2	R+14_2	Astronaut 2	R+14	R	28.2044567053396
R+14_2_CAGCGAACTCATTGGGCAGG	0	R+14_2	Astronaut 2	R+14	R	22.7204898672663
R+14_2_CAGCGAAGACGTAATGTAAT	3	R+14_2	Astronaut 2	R+14	R	20.7928232783441
R+14_2_CAGCGACCAGCCATATAAGG	1	R+14_2	Astronaut 2	R+14	R	22.404724234152
R+14_2_CAGCGCCGCTGCCTTGCGAA	1	R+14_2	Astronaut 2	R+14	R	18.9950399942688
R+14_2_CAGCGGATATATTGGGCGAA	2	R+14_2	Astronaut 2	R+14	R	20.8788780214721
R+14_2_CAGCGGGTAACGCCTGTAAT	1	R+14_2	Astronaut 2	R+14	R	27.7339920419453
R+14_2_CAGCGTATTGGACTGGCTCT	6	R+14_2	Astronaut 2	R+14	R	27.4836640330265
R+14_2_CAGTTAACGACCTCAGGTCC	0	R+14_2	Astronaut 2	R+14	R	32.6970204008209
R+14_2_CAGTTAACGAGAGTCGCTCT	0	R+14_2	Astronaut 2	R+14	R	20.4612465312101
R+14_2_CAGTTAACTCCCATAGTCCG	0	R+14_2	Astronaut 2	R+14	R	49.0934489941023
R+14_2_CAGTTACTCGGCAACGTATC	5	R+14_2	Astronaut 2	R+14	R	17.9117690870837
R+14_2_CAGTTATCCTGGAGCGCTCT	0	R+14_2	Astronaut 2	R+14	R	21.0215815899221
R+14_2_CAGTTCAGAAGAACCGCAGG	4	R+14_2	Astronaut 2	R+14	R	24.4160094994442
R+14_2_CAGTTCGGCACTTAATAAGG	0	R+14_2	Astronaut 2	R+14	R	20.1795060128333
R+14_2_CAGTTCGGCAGTATCGGTCC	0	R+14_2	Astronaut 2	R+14	R	18.9950400540421
R+14_2_CAGTTCTCCACCTAGGTAAT	5	R+14_2	Astronaut 2	R+14	R	25.2704212343486
R+14_2_CAGTTGATATCGATTGTAAT	0	R+14_2	Astronaut 2	R+14	R	23.4723837660169
R+14_2_CAGTTGCTGCCCTAGGCAGG	0	R+14_2	Astronaut 2	R+14	R	22.7361161028141
R+14_2_CAGTTGGCAGCCTCAGTAAT	5	R+14_2	Astronaut 2	R+14	R	28.204456765113
R+14_2_CAGTTGTTAGCTAGTGTAAT	7	R+14_2	Astronaut 2	R+14	R	19.1893102511028
R+14_2_CAGTTTAGGACGCAAGCAGG	3	R+14_2	Astronaut 2	R+14	R	18.9950401138155
R+14_2_CAGTTTTAGCCCGCTGGTCC	0	R+14_2	Astronaut 2	R+14	R	25.8297419987649
R+14_2_CAGTTTTGAACAGAAGTAAT	2	R+14_2	Astronaut 2	R+14	R	19.1726617245395
R+14_2_CAGTTTTGAAGCTTGGCGAA	1	R+14_2	Astronaut 2	R+14	R	35.0836131150184
R+14_2_CAGTTTTGAAGCTTGGGTAA	0	R+14_2	Astronaut 2	R+14	R	25.4194480768387
R+14_2_CCATAAACCGGATGAGTCCG	6	R+14_2	Astronaut 2	R+14	R	27.4839227035847
R+14_2_CCATAAAGCACGACCGTAAT	0	R+14_2	Astronaut 2	R+14	R	29.538395996477
R+14_2_CCATAATTGGGTAGAGTAAT	3	R+14_2	Astronaut 2	R+14	R	25.4194481366121
R+14_2_CCATACAGTTGGAGCGCAGG	2	R+14_2	Astronaut 2	R+14	R	23.4454279136797
R+14_2_CCATATAGAGATTCATAAGG	1	R+14_2	Astronaut 2	R+14	R	21.9507484854243
R+14_2_CCATATAGAGGCTGCGTAAT	2	R+14_2	Astronaut 2	R+14	R	23.4454279734531
R+14_2_CCATATATTGGCTTGGGTAA	0	R+14_2	Astronaut 2	R+14	R	23.2977990322088
R+14_2_CCATATCATCGTATCTAAGG	0	R+14_2	Astronaut 2	R+14	R	21.2123394933222
R+14_2_CCATATTCGACTGGAGCAGG	5	R+14_2	Astronaut 2	R+14	R	25.8474123492443
R+14_2_CCATATTGAACGCAAGGTAA	2	R+14_2	Astronaut 2	R+14	R	28.2044568248863
R+14_2_CCGCTAACCGATTCAGCTCT	4	R+14_2	Astronaut 2	R+14	R	30.3606194544849
R+14_2_CCGCTAACCGGCTGCGGCAG	6	R+14_2	Astronaut 2	R+14	R	27.7339921017187
R+14_2_CCGCTAGGTCGGTCCGTAAT	0	R+14_2	Astronaut 2	R+14	R	25.9185682905398
R+14_2_CCGCTATCCTGTATCGCTCT	0	R+14_2	Astronaut 2	R+14	R	17.8943239527737
R+14_2_CCGCTCAGTTGGCAGGGTAA	0	R+14_2	Astronaut 2	R+14	R	32.7294905001516
R+14_2_CCGCTGGAGCGAACCGCAGG	1	R+14_2	Astronaut 2	R+14	R	23.4336061745638
R+14_2_CCGCTGGAGCGAACCGCTCT	0	R+14_2	Astronaut 2	R+14	R	21.8618236305069
R+14_2_CCGCTTTAGCGTAGAGCTCT	0	R+14_2	Astronaut 2	R+14	R	24.7895661336914
R+14_2_CCTAGAACTCCTAGTGCAGG	0	R+14_2	Astronaut 2	R+14	R	32.5512631811698
R+14_2_CCTAGCTACGGAACCGTAAT	0	R+14_2	Astronaut 2	R+14	R	23.4454280332264
R+14_2_CCTAGCTACGGCTGCGTAAT	0	R+14_2	Astronaut 2	R+14	R	26.3110985494576
R+14_2_CCTAGCTAGTGCTGCGTAAT	0	R+14_2	Astronaut 2	R+14	R	18.9950401735888
R+14_2_CCTAGGCAACGCTCTTAAGG	6	R+14_2	Astronaut 2	R+14	R	26.8343060234738
R+14_2_CCTAGTTAGCCTGGAGTCCG	0	R+14_2	Astronaut 2	R+14	R	25.2640954269594
R+14_2_CCTAGTTCATGCTGCGTAAT	0	R+14_2	Astronaut 2	R+14	R	19.0337219194231
R+14_2_CCTAGTTCGACAGAAGCTCT	0	R+14_2	Astronaut 2	R+14	R	29.5834887267846
R+14_2_CCTCAAACTCCTAACGTAAT	0	R+14_2	Astronaut 2	R+14	R	28.0879818636103
R+14_2_CCTCAGCAGGCTAACGCAGG	1	R+14_2	Astronaut 2	R+14	R	21.958257862365
R+14_2_CCTCAGTATCGACTGGCTCT	4	R+14_2	Astronaut 2	R+14	R	26.1698290638543
R+14_2_CCTCATAAGGGGTCCGTAAT	0	R+14_2	Astronaut 2	R+14	R	22.7361161625874
R+14_2_CCTCATCAGTCTGGAGCGAA	0	R+14_2	Astronaut 2	R+14	R	28.2044568846596
R+14_2_CCTCATCGCGGTATCGCTCT	0	R+14_2	Astronaut 2	R+14	R	31.9724139764368
R+14_2_CGAAGATCCTCTAACTAAGG	0	R+14_2	Astronaut 2	R+14	R	22.9932943679697
R+14_2_CGAAGCGGATGTATCGTAAT	0	R+14_2	Astronaut 2	R+14	R	27.4755686255482
R+14_2_CGAAGCTTAAGATATGTAAT	1	R+14_2	Astronaut 2	R+14	R	20.8037039366869
R+14_2_CGAAGGTCCGCTGGAGTAAT	0	R+14_2	Astronaut 2	R+14	R	22.718411000994
R+14_2_CGAAGTATTGGAGTCGCTCT	0	R+14_2	Astronaut 2	R+14	R	24.0496165941406
R+14_2_CGAAGTCTACCCTAGGGTAA	2	R+14_2	Astronaut 2	R+14	R	20.933193267378
R+14_2_CGAAGTGGACCGACCTAAGG	0	R+14_2	Astronaut 2	R+14	R	28.3721264844056
R+14_2_CGACCAACCGCGTCGGGTCC	0	R+14_2	Astronaut 2	R+14	R	25.7492443933506
R+14_2_CGACCAAGACGGTAAGTAAT	0	R+14_2	Astronaut 2	R+14	R	22.0051060866646
R+14_2_CGACCCAGTTATTGGGCTCT	0	R+14_2	Astronaut 2	R+14	R	25.1322196359224
R+14_2_CGACCCAGTTCTCCAGTAAT	0	R+14_2	Astronaut 2	R+14	R	28.5578178690182
R+14_2_CGACCGCAACCTGGAGCTCT	0	R+14_2	Astronaut 2	R+14	R	27.733992161492
R+14_2_CGACCTACGTGCGGTGTTAG	0	R+14_2	Astronaut 2	R+14	R	27.7339922212654
R+14_2_CGACCTGCTAGATATGCGAA	2	R+14_2	Astronaut 2	R+14	R	22.9259971119529
R+14_2_CGACCTGGACGCAGGGCAGG	1	R+14_2	Astronaut 2	R+14	R	20.1533139572547
R+14_2_CGACCTTCATCTAACGGCAG	1	R+14_2	Astronaut 2	R+14	R	29.1028235844325
R+14_2_CGATTAACCGGATGATAAGG	1	R+14_2	Astronaut 2	R+14	R	21.9736497562361
R+14_2_CGATTATTGGGAACCTAAGG	0	R+14_2	Astronaut 2	R+14	R	26.0124486886627
R+14_2_CGATTGCGGTCTCCAGCAGG	0	R+14_2	Astronaut 2	R+14	R	27.4930097996023
R+14_2_CGATTGTAGAGCAGGGTAAT	0	R+14_2	Astronaut 2	R+14	R	29.1402241213102
R+14_2_CGATTTCGTAATTGGGCTCT	7	R+14_2	Astronaut 2	R+14	R	21.8618236902803
R+14_2_CGATTTTCGACCTAGGCTCT	4	R+14_2	Astronaut 2	R+14	R	23.4508491451435
R+14_2_CGCAAACCAGGAGTCGGCAG	2	R+14_2	Astronaut 2	R+14	R	26.2296624092372
R+14_2_CGCAAACTTCGGAGCGCTCT	3	R+14_2	Astronaut 2	R+14	R	18.9950402333621
R+14_2_CGCAACGCCTCTACGGCTCT	4	R+14_2	Astronaut 2	R+14	R	26.6389684877538
R+14_2_CGCAACGCTCCCATAGTAGA	1	R+14_2	Astronaut 2	R+14	R	26.2784890575844
R+14_2_CGCAATGGACCGATTGTAAT	0	R+14_2	Astronaut 2	R+14	R	23.3059970647543
R+14_2_CGCCTATCTGGACTGTAAGG	1	R+14_2	Astronaut 2	R+14	R	26.2465032477327
R+14_2_CGCCTATGCGCCTAGGCAGG	1	R+14_2	Astronaut 2	R+14	R	18.9950402931355
R+14_2_CGCCTATTCACTCCAGCTCT	0	R+14_2	Astronaut 2	R+14	R	32.4895885495351
R+14_2_CGCCTCAGAACCTCAGTAAT	4	R+14_2	Astronaut 2	R+14	R	26.5082910641657
R+14_2_CGCCTCCATAGCCTTGCTCT	0	R+14_2	Astronaut 2	R+14	R	28.3443290632136
R+14_2_CGCCTCCGCTGTAGAGTAAT	2	R+14_2	Astronaut 2	R+14	R	21.8618237500536
R+14_2_CGCCTCTAGTGAACCGTAAT	0	R+14_2	Astronaut 2	R+14	R	30.1825121596472
R+14_2_CGCCTCTAGTGCTGCGTAAT	0	R+14_2	Astronaut 2	R+14	R	27.516686519727
R+14_2_CGCCTGCCTTGGTAAGCTCT	2	R+14_2	Astronaut 2	R+14	R	23.4267422182129
R+14_2_CGCCTGCGAACTCCAGCTCT	0	R+14_2	Astronaut 2	R+14	R	24.4201605765534
R+14_2_CGCCTGCTCTCGAAGGTTAG	0	R+14_2	Astronaut 2	R+14	R	20.7554098569897
R+14_2_CGCCTGCTGCCAGAAGCGAA	1	R+14_2	Astronaut 2	R+14	R	27.4846787010487
R+14_2_CGCCTGGAGCCTAACGGCAG	2	R+14_2	Astronaut 2	R+14	R	19.9814644145644
R+14_2_CGCCTGGCAGCGCCTGTAAT	5	R+14_2	Astronaut 2	R+14	R	22.7204899270396
R+14_2_CGCTCAACGACAGCGGTAAT	2	R+14_2	Astronaut 2	R+14	R	21.8870077180308
R+14_2_CGCTCAGAGTCAGCGGTAAT	2	R+14_2	Astronaut 2	R+14	R	19.0366505523665
R+14_2_CGCTCAGCGGGTAATGTAAT	4	R+14_2	Astronaut 2	R+14	R	27.7339922810387
R+14_2_CGCTCCAACTCCATAGCTCT	0	R+14_2	Astronaut 2	R+14	R	23.024868542865
R+14_2_CGCTCCAGAAGGCGTTAAGG	0	R+14_2	Astronaut 2	R+14	R	23.5132164782271
R+14_2_CGCTCCAGCGGCTCTGGTCC	0	R+14_2	Astronaut 2	R+14	R	18.9950403529088
R+14_2_CGCTCCGATTCGCTCGTAAT	0	R+14_2	Astronaut 2	R+14	R	19.2412525634075
R+14_2_CGCTCGCAACCAACTGCTCT	4	R+14_2	Astronaut 2	R+14	R	26.5907742350917
R+14_2_CGCTCGCGAAATTCAGTAAT	0	R+14_2	Astronaut 2	R+14	R	21.8618238098269
R+14_2_CGCTCTAGAGCTACGGGTAA	3	R+14_2	Astronaut 2	R+14	R	61.4709320307422
R+14_2_CGCTCTGGACGGTAAGGCAG	2	R+14_2	Astronaut 2	R+14	R	26.7172407496539
R+14_2_CGCTCTTGAACGAAGGTCCG	3	R+14_2	Astronaut 2	R+14	R	19.8975315555741
R+14_2_CGGATAAGCAGTAGAGCTCT	7	R+14_2	Astronaut 2	R+14	R	20.9500444766298
R+14_2_CGGATATTCAGGTCCGCTCT	4	R+14_2	Astronaut 2	R+14	R	29.9575476242528
R+14_2_CGGATCGCTCGGAGCGTAAT	2	R+14_2	Astronaut 2	R+14	R	21.8618238696003
R+14_2_CGGATGCAACCTCCAGTCCG	0	R+14_2	Astronaut 2	R+14	R	23.5132165380004
R+14_2_CGGATGCAGGGCTTGGCTCT	4	R+14_2	Astronaut 2	R+14	R	26.3176636827873
R+14_2_CGGATGTAGACGTCGGTCCG	0	R+14_2	Astronaut 2	R+14	R	30.211899664466
R+14_2_CGGATTTCATGCGGTGTAAT	0	R+14_2	Astronaut 2	R+14	R	22.51164412308
R+14_2_CGGCAAAGACGCAGGGCAGG	1	R+14_2	Astronaut 2	R+14	R	32.6579266211197
R+14_2_CGGCAAAGGTGTAATGCTCT	3	R+14_2	Astronaut 2	R+14	R	17.3062121156227
R+14_2_CGGCAACTCGGACTGGGCAG	1	R+14_2	Astronaut 2	R+14	R	27.4930098593756
R+14_2_CGGCAACTTCCAACTGGCAG	0	R+14_2	Astronaut 2	R+14	R	25.7492444531239
R+14_2_CGGCAAGGTCGAACCGTAAT	5	R+14_2	Astronaut 2	R+14	R	24.0110365102745
R+14_2_CGGCAATTGGCGCCTGTAAT	0	R+14_2	Astronaut 2	R+14	R	25.0672118017078
R+14_2_CGGCACAATCGGTCCGCGAA	1	R+14_2	Astronaut 2	R+14	R	28.5653126206192
R+14_2_CGGCACGGCAGGAGCGTAAT	6	R+14_2	Astronaut 2	R+14	R	23.5132165977738
R+14_2_CGGCAGAGCTCCGCTTAAGG	2	R+14_2	Astronaut 2	R+14	R	19.1517589578301
R+14_2_CGGCAGAGCTCTTAAGCAGG	1	R+14_2	Astronaut 2	R+14	R	25.3449454699715
R+14_2_CGGCAGTTAGCGACCGGTCC	0	R+14_2	Astronaut 2	R+14	R	27.7383909958401
R+14_2_CGGCATACGTGCTTGGCTCT	4	R+14_2	Astronaut 2	R+14	R	25.0970354640578
R+14_2_CGGCATCATCCCATAGTAAT	0	R+14_2	Astronaut 2	R+14	R	20.8986180380288
R+14_2_CGTCGAAGACCTAGTGCTCT	4	R+14_2	Astronaut 2	R+14	R	20.755409916763
R+14_2_CGTCGGCAACATTGGGCTCT	2	R+14_2	Astronaut 2	R+14	R	26.5352220082198
R+14_2_CGTCGGCAGGCTCCAGCTCT	5	R+14_2	Astronaut 2	R+14	R	32.499436953778
R+14_2_CGTCGTACGTCGCCTGTCCG	0	R+14_2	Astronaut 2	R+14	R	28.3645560361738
R+14_2_CGTCGTGGACGCAACGCAGG	0	R+14_2	Astronaut 2	R+14	R	25.0648647471012
R+14_2_CTAACAAGGTCCTAGTAAGG	2	R+14_2	Astronaut 2	R+14	R	20.6732266183261
R+14_2_CTAACAAGGTCTTAATAAGG	0	R+14_2	Astronaut 2	R+14	R	23.390348220774
R+14_2_CTAACACGATCCTAGGGTAA	0	R+14_2	Astronaut 2	R+14	R	34.7671079141218
R+14_2_CTAACGATGACGTCGGCTCT	4	R+14_2	Astronaut 2	R+14	R	32.5632914536664
R+14_2_CTAACGCTTGCGTCGGGTAA	0	R+14_2	Astronaut 2	R+14	R	26.5146971854001
R+14_2_CTAACGGTAAGGCGTGTAAT	0	R+14_2	Astronaut 2	R+14	R	19.5159706373772
R+14_2_CTAACTCAGTGCTGCGTAAT	4	R+14_2	Astronaut 2	R+14	R	27.3276523839493
R+14_2_CTAACTGGACCGATTGTAAT	0	R+14_2	Astronaut 2	R+14	R	22.6697176321221
R+14_2_CTAACTGGACCGATTTAAGG	1	R+14_2	Astronaut 2	R+14	R	22.5518518295007
R+14_2_CTACGAGGTCCAACTGCTCT	3	R+14_2	Astronaut 2	R+14	R	26.1686118138258
R+14_2_CTACGCAACTCCGCTGCTCT	5	R+14_2	Astronaut 2	R+14	R	26.9772227544544
R+14_2_CTACGGATGAGTAATGTAAT	0	R+14_2	Astronaut 2	R+14	R	25.4194481963854
R+14_2_CTACGGCGAAGGTAAGCTCT	4	R+14_2	Astronaut 2	R+14	R	24.7895661934647
R+14_2_CTACGGGAGCGGCGTTAAGG	0	R+14_2	Astronaut 2	R+14	R	24.4143745616508
R+14_2_CTACGTCTACCGTCGGCAGG	1	R+14_2	Astronaut 2	R+14	R	23.0270993290165
R+14_2_CTAGTAACTCGGTAAGTCCG	0	R+14_2	Astronaut 2	R+14	R	22.061672658665
R+14_2_CTAGTACTAACTAGTGTCCG	3	R+14_2	Astronaut 2	R+14	R	22.6653000554617
R+14_2_CTAGTAGAGTGCAGGGTAAT	0	R+14_2	Astronaut 2	R+14	R	6.45628223408267
R+14_2_CTAGTAGGCTCTAGTGCTCT	0	R+14_2	Astronaut 2	R+14	R	26.4032654492625
R+14_2_CTAGTCGCCTGTATCGTAAT	0	R+14_2	Astronaut 2	R+14	R	27.733992340812
R+14_2_CTAGTCTACGCGGATGTAAT	0	R+14_2	Astronaut 2	R+14	R	19.0781692339513
R+14_2_CTAGTTACGTGCAACGTAAT	0	R+14_2	Astronaut 2	R+14	R	23.3575148245457
R+14_2_CTAGTTAGGAGCGGTGTCCG	4	R+14_2	Astronaut 2	R+14	R	23.4454280929998
R+14_2_CTAGTTCTACATTCAGTCCG	0	R+14_2	Astronaut 2	R+14	R	33.2384181053009
R+14_2_CTAGTTGCTAGCTCTGGTAA	3	R+14_2	Astronaut 2	R+14	R	21.4818472980097
R+14_2_CTCCAAAGCAGCTGCGCGAA	3	R+14_2	Astronaut 2	R+14	R	24.4096874478947
R+14_2_CTCCAACTTCGCGAAGGTAA	0	R+14_2	Astronaut 2	R+14	R	21.4074147756013
R+14_2_CTCCAAGAACGCTCTGTAAT	1	R+14_2	Astronaut 2	R+14	R	26.3907950308853
R+14_2_CTCCAAGGTCGATATGGTAA	0	R+14_2	Astronaut 2	R+14	R	32.1637956819003
R+14_2_CTCCACGGCACTAACGGTCC	2	R+14_2	Astronaut 2	R+14	R	25.9932189617477
R+14_2_CTCCACTACGGAACCGCTCT	0	R+14_2	Astronaut 2	R+14	R	21.6974158812253
R+14_2_CTCCACTACGGAACCTAAGG	0	R+14_2	Astronaut 2	R+14	R	27.8956963669852
R+14_2_CTCCACTGGAGTATCGGCAG	0	R+14_2	Astronaut 2	R+14	R	26.2559778157366
R+14_2_CTCCATGCTAGTAGAGGTAA	2	R+14_2	Astronaut 2	R+14	R	21.8618239293736
R+14_2_CTGGAAAGACCGGCAGGTCC	1	R+14_2	Astronaut 2	R+14	R	23.8865952252576
R+14_2_CTGGACAGCGCTAGTGGTCC	0	R+14_2	Astronaut 2	R+14	R	32.4962278808482
R+14_2_CTGGACTGGAGATGAGGTAA	0	R+14_2	Astronaut 2	R+14	R	24.4096875076681
R+14_2_CTGGACTTAACTACGGCTCT	0	R+14_2	Astronaut 2	R+14	R	26.6064373329786
R+14_2_CTGGATCGCGCAGCGGTAGA	0	R+14_2	Astronaut 2	R+14	R	28.0858060218633
R+14_2_CTTAAAGAACCTGGATAAGG	0	R+14_2	Astronaut 2	R+14	R	28.375122660254
R+14_2_CTTAAAGGTCGGTCCGTAAT	3	R+14_2	Astronaut 2	R+14	R	24.8632021712965
R+14_2_CTTAAATCTGCGAAGTAAGG	0	R+14_2	Astronaut 2	R+14	R	26.4895296784867
R+14_2_CTTAAATTGGCTAACGCTCT	0	R+14_2	Astronaut 2	R+14	R	23.4171676659379
R+14_2_CTTAACAGAACGCCTGCAGG	3	R+14_2	Astronaut 2	R+14	R	23.8467791293596
R+14_2_CTTAACCGCTCAGTTGTCCG	3	R+14_2	Astronaut 2	R+14	R	30.2118997242394
R+14_2_CTTAACTACGCTAGTGTAAT	0	R+14_2	Astronaut 2	R+14	R	20.8366306591447
R+14_2_CTTAAGCAACGGCGTGCAGG	1	R+14_2	Astronaut 2	R+14	R	28.3217455020379
R+14_2_CTTAAGTAGACAGCGGTAAT	0	R+14_2	Astronaut 2	R+14	R	24.9227624905943
R+14_2_GAACCAACCGGTATCGCGAA	1	R+14_2	Astronaut 2	R+14	R	30.3606195142582
R+14_2_GAACCAGGCTCTCCAGTCCG	0	R+14_2	Astronaut 2	R+14	R	29.0291811431404
R+14_2_GAACCATTGGGGCAGTAAGG	3	R+14_2	Astronaut 2	R+14	R	23.5132166575471
R+14_2_GAACCCCTAGGTATCGTAGA	0	R+14_2	Astronaut 2	R+14	R	21.861823989147
R+14_2_GAACCCGCCTGATATGTAAT	0	R+14_2	Astronaut 2	R+14	R	18.9950404126822
R+14_2_GAACCCGTCGGCGAAGTAAT	4	R+14_2	Astronaut 2	R+14	R	27.74039267203
R+14_2_GAACCGAGTCCGACCGTCCG	0	R+14_2	Astronaut 2	R+14	R	20.7554099765363
R+14_2_GAACCGAGTCGCTGCGTAAT	0	R+14_2	Astronaut 2	R+14	R	32.4895886093084
R+14_2_GAACCGCTTGCGCTCGCAGG	2	R+14_2	Astronaut 2	R+14	R	19.4886150788865
R+14_2_GAACCGCTTGCGCTCGCTCT	0	R+14_2	Astronaut 2	R+14	R	25.1619291468149
R+14_2_GAACCTAGGACGACCGGTCC	0	R+14_2	Astronaut 2	R+14	R	30.2104109510935
R+14_2_GAACCTTCATGAGTCGTAAT	0	R+14_2	Astronaut 2	R+14	R	23.5063120919201
R+14_2_GACTGAGAGTCGACCGGCAG	5	R+14_2	Astronaut 2	R+14	R	26.4677780165225
R+14_2_GACTGATGCGCGACCGGCAG	1	R+14_2	Astronaut 2	R+14	R	31.7379567835438
R+14_2_GACTGATTGGCGCAAGGTCC	0	R+14_2	Astronaut 2	R+14	R	25.4194482561587
R+14_2_GACTGCGATTGTATCGGTAA	0	R+14_2	Astronaut 2	R+14	R	22.7463021393558
R+14_2_GACTGCGCCTGAACCGCGAA	0	R+14_2	Astronaut 2	R+14	R	22.9745264473157
R+14_2_GACTGTATGCGGTAAGCAGG	0	R+14_2	Astronaut 2	R+14	R	20.7742343780455
R+14_2_GACTGTGAGACGTCGGTAAT	3	R+14_2	Astronaut 2	R+14	R	21.6974159409987
R+14_2_GAGCTAGGCTCGCAAGTAAT	0	R+14_2	Astronaut 2	R+14	R	20.8107431893125
R+14_2_GAGCTAGTTGGCAACGGCAG	0	R+14_2	Astronaut 2	R+14	R	22.0951993420166
R+14_2_GAGCTATTCACTACGGTCCG	0	R+14_2	Astronaut 2	R+14	R	29.0308112594419
R+14_2_GAGCTATTCAGATGAGCGAA	1	R+14_2	Astronaut 2	R+14	R	28.3652586519498
R+14_2_GAGCTCCTAGCGAAGGCTCT	4	R+14_2	Astronaut 2	R+14	R	17.8938693803437
R+14_2_GAGCTGATGACAGTTGCTCT	4	R+14_2	Astronaut 2	R+14	R	27.7339924005854
R+14_2_GAGCTGCGGTGGTCCGCTCT	0	R+14_2	Astronaut 2	R+14	R	23.4454281527731
R+14_2_GAGTCGCTGCGTATCGTAAT	0	R+14_2	Astronaut 2	R+14	R	28.330245405827
R+14_2_GATATACTCGGTATCGCAGG	1	R+14_2	Astronaut 2	R+14	R	35.7089327999154
R+14_2_GATATCTCCACGCCTGTAAT	0	R+14_2	Astronaut 2	R+14	R	27.3773496713285
R+14_2_GATATGGCGTGAGCTGCTCT	0	R+14_2	Astronaut 2	R+14	R	22.4047242939253
R+14_2_GATATGTAGACAATCGCTCT	0	R+14_2	Astronaut 2	R+14	R	20.7554100363097
R+14_2_GATGAGCAACCAGTTGTAAT	1	R+14_2	Astronaut 2	R+14	R	31.8406881582129
R+14_2_GATGAGTATCCTGGAGCTCT	2	R+14_2	Astronaut 2	R+14	R	21.8618240489203
R+14_2_GATGATAGGACTGGAGCGAA	3	R+14_2	Astronaut 2	R+14	R	28.3537529263432
R+14_2_GATGATGCTAGATGAGCAGG	1	R+14_2	Astronaut 2	R+14	R	23.3733788685628
R+14_2_GCAACCTTAACTGGAGGTAA	0	R+14_2	Astronaut 2	R+14	R	49.0934490538757
R+14_2_GCAGGAAGCAGCTGCGGCAG	1	R+14_2	Astronaut 2	R+14	R	29.0939456333101
R+14_2_GCAGGACCAGGCCTTGCTCT	0	R+14_2	Astronaut 2	R+14	R	22.5034238128142
R+14_2_GCAGGACCAGGCCTTTAAGG	1	R+14_2	Astronaut 2	R+14	R	23.7904147648448
R+14_2_GCAGGATTCAGTAGAGGTAA	0	R+14_2	Astronaut 2	R+14	R	28.1292291381995
R+14_2_GCAGGCCGCTGTAATGTAAT	0	R+14_2	Astronaut 2	R+14	R	27.7339924603587
R+14_2_GCAGGCGAAGGGAGCGCTCT	0	R+14_2	Astronaut 2	R+14	R	25.7492445128973
R+14_2_GCAGGCGGCACGACCGCAGG	0	R+14_2	Astronaut 2	R+14	R	27.4306311759925
R+14_2_GCAGGGAGCTCGGCAGGTCC	1	R+14_2	Astronaut 2	R+14	R	24.502421025904
R+14_2_GCAGGTGCGCGCTTGGTAAT	0	R+14_2	Astronaut 2	R+14	R	18.4449868302745
R+14_2_GCAGGTTCATCGCAAGTAAT	0	R+14_2	Astronaut 2	R+14	R	25.7492445726706
R+14_2_GCAGGTTCGAGCAGGGCGAA	1	R+14_2	Astronaut 2	R+14	R	27.733992520132
R+14_2_GCCTTCGCTCGCAGGGGCAG	0	R+14_2	Astronaut 2	R+14	R	32.7402716259249
R+14_2_GCCTTTCGTACAATCGGTAA	0	R+14_2	Astronaut 2	R+14	R	22.0891891325154
R+14_2_GCCTTTGAGACGCCTGTAAT	0	R+14_2	Astronaut 2	R+14	R	30.3606195740316
R+14_2_GCGAAAACCGCCATATAAGG	1	R+14_2	Astronaut 2	R+14	R	28.5988738837433
R+14_2_GCGAAACCTAGGCAGGGCAG	0	R+14_2	Astronaut 2	R+14	R	26.3041787800604
R+14_2_GCGAACCTAGCCATAGTAAT	0	R+14_2	Astronaut 2	R+14	R	23.3684097016792
R+14_2_GCGAAGAGTCCGCCTGGTCC	6	R+14_2	Astronaut 2	R+14	R	26.6110892040174
R+14_2_GCGAAGCAACCCATAGTAAT	3	R+14_2	Astronaut 2	R+14	R	23.7597438333127
R+14_2_GCGAAGGTCCGCGAATAAGG	1	R+14_2	Astronaut 2	R+14	R	27.381759846213
R+14_2_GCGAAGTTAGCTACGTAAGG	0	R+14_2	Astronaut 2	R+14	R	18.9950404724555
R+14_2_GCGAATATGCCGAAGGTAAT	0	R+14_2	Astronaut 2	R+14	R	28.0015827108778
R+14_2_GCGAATCTACGGTCCTAAGG	1	R+14_2	Astronaut 2	R+14	R	26.6170854935356
R+14_2_GCGAATCTACGTAGAGTAAT	5	R+14_2	Astronaut 2	R+14	R	26.6370266274223
R+14_2_GCGAATTCATCTAACGTCCG	0	R+14_2	Astronaut 2	R+14	R	22.7361162223607
R+14_2_GCGGTAGTTGCTCCAGCAGG	2	R+14_2	Astronaut 2	R+14	R	21.918317953347
R+14_2_GCGGTCGATTGATGAGCAGG	0	R+14_2	Astronaut 2	R+14	R	19.1842718839044
R+14_2_GCGGTGCCTTCGCCTGCTCT	5	R+14_2	Astronaut 2	R+14	R	20.1947512914347
R+14_2_GCGGTTGCGCCAGTTGCTCT	2	R+14_2	Astronaut 2	R+14	R	25.4194483159321
R+14_2_GCTCTAGAGTGGCGTGCTCT	2	R+14_2	Astronaut 2	R+14	R	26.0554376330794
R+14_2_GCTCTGAACCCCTAGTAAGG	1	R+14_2	Astronaut 2	R+14	R	23.4454282125464
R+14_2_GCTCTGACTGCTAGTGGTAA	0	R+14_2	Astronaut 2	R+14	R	24.789566253238
R+14_2_GCTGCACTAAGGTCCGCTCT	0	R+14_2	Astronaut 2	R+14	R	30.1527966397847
R+14_2_GCTGCAGTTGGCAGGGCAGG	0	R+14_2	Astronaut 2	R+14	R	25.9365213725301
R+14_2_GCTGCATCTGATTGGGCAGG	1	R+14_2	Astronaut 2	R+14	R	29.4153933017168
R+14_2_GCTGCCCATACGGATGTCCG	0	R+14_2	Astronaut 2	R+14	R	32.4895886690818
R+14_2_GCTGCCGTCGGCTTGGCGAA	2	R+14_2	Astronaut 2	R+14	R	25.8211523250385
R+14_2_GCTGCGCCTTGCTGCGTAAT	0	R+14_2	Astronaut 2	R+14	R	36.1640328295312
R+14_2_GCTGCGCTTGCTACGGGCAG	1	R+14_2	Astronaut 2	R+14	R	25.4194483757054
R+14_2_GCTGCGGCGTGTAATGGCAG	3	R+14_2	Astronaut 2	R+14	R	32.4961513294705
R+14_2_GCTGCGTAATGATGAGTAAT	0	R+14_2	Astronaut 2	R+14	R	26.66049670543
R+14_2_GCTGCTCAGTGCGAAGGTAA	0	R+14_2	Astronaut 2	R+14	R	31.540442815909
R+14_2_GCTGCTCTACCGCCTTAAGG	0	R+14_2	Astronaut 2	R+14	R	26.2887527596645
R+14_2_GCTTGAGTTGGTAGAGTAAT	0	R+14_2	Astronaut 2	R+14	R	28.3605032568822
R+14_2_GCTTGATTGGCCGCTGTATC	1	R+14_2	Astronaut 2	R+14	R	27.7339925799054
R+14_2_GCTTGATTGGCGGATTAAGG	3	R+14_2	Astronaut 2	R+14	R	25.299963502284
R+14_2_GCTTGGGCGTGAGTCGTAAT	5	R+14_2	Astronaut 2	R+14	R	23.4472585267508
R+14_2_GCTTGGTATCCGCCTGCTCT	6	R+14_2	Astronaut 2	R+14	R	32.748623714941
R+14_2_GGAGCCGATTCCGCTGCTCT	0	R+14_2	Astronaut 2	R+14	R	18.9950405322288
R+14_2_GGAGCGAACCGATATGGCAG	2	R+14_2	Astronaut 2	R+14	R	23.4454282723198
R+14_2_GGAGCGAACCGCCTTGTAAT	2	R+14_2	Astronaut 2	R+14	R	25.4194484354787
R+14_2_GGAGCGACTGGCAGGGCTCT	2	R+14_2	Astronaut 2	R+14	R	26.9402625811186
R+14_2_GGAGCGATATCCATAGTCCG	1	R+14_2	Astronaut 2	R+14	R	30.1240872680127
R+14_2_GGAGCGGTAAGAGTCGTAAT	4	R+14_2	Astronaut 2	R+14	R	27.2827277812877
R+14_2_GGAGCGTATCGTAATGTAAT	7	R+14_2	Astronaut 2	R+14	R	20.4850130238029
R+14_2_GGAGCGTCCGCGCAATAAGG	1	R+14_2	Astronaut 2	R+14	R	28.6255989908307
R+14_2_GGAGCTATTGCTAGTGTTAG	0	R+14_2	Astronaut 2	R+14	R	28.1287112115834
R+14_2_GGAGCTTAGCGGAGCGGTCC	0	R+14_2	Astronaut 2	R+14	R	26.9426123805762
R+14_2_GGAGCTTGAACAGTTGCAGG	0	R+14_2	Astronaut 2	R+14	R	22.720489986813
R+14_2_GGCAGAAGGTGCTCTGTAAT	0	R+14_2	Astronaut 2	R+14	R	23.912905509121
R+14_2_GGCAGACGATGGCAGGCAGG	0	R+14_2	Astronaut 2	R+14	R	22.7204900465863
R+14_2_GGCAGACTCGCCGCTGCTCT	0	R+14_2	Astronaut 2	R+14	R	36.7214932263436
R+14_2_GGCAGAGAGTCGCCTGCTCT	4	R+14_2	Astronaut 2	R+14	R	21.3384823365633
R+14_2_GGCAGATGCGCGATTGTAGA	1	R+14_2	Astronaut 2	R+14	R	21.8618241086936
R+14_2_GGCAGATGCGGGCAGGTCCG	3	R+14_2	Astronaut 2	R+14	R	28.367295031222
R+14_2_GGCAGATGGCGAGTCGCAGG	2	R+14_2	Astronaut 2	R+14	R	23.9663873393268
R+14_2_GGCAGCCATACGCCTGGTAA	0	R+14_2	Astronaut 2	R+14	R	27.4266667120549
R+14_2_GGCAGCGATTGACTGGCGAA	1	R+14_2	Astronaut 2	R+14	R	26.3709544621982
R+14_2_GGCAGGACTGCCTAGGCGAA	3	R+14_2	Astronaut 2	R+14	R	27.7339926396787
R+14_2_GGCAGGCTTGCGGATGCTCT	5	R+14_2	Astronaut 2	R+14	R	27.5166865795004
R+14_2_GGCAGGTATCCGCAAGCTCT	0	R+14_2	Astronaut 2	R+14	R	29.4400609745468
R+14_2_GGCAGGTATCGCGAATAAGG	2	R+14_2	Astronaut 2	R+14	R	21.861824168467
R+14_2_GGCAGGTCTACGGCAGTTAG	0	R+14_2	Astronaut 2	R+14	R	35.0836131747917
R+14_2_GGCAGTAGAGCTCCAGGTAA	2	R+14_2	Astronaut 2	R+14	R	20.609356207614
R+14_2_GGCAGTGAGAGTAATGGTCC	1	R+14_2	Astronaut 2	R+14	R	28.1242398244337
R+14_2_GGCAGTGGACCAATCGCGAA	1	R+14_2	Astronaut 2	R+14	R	32.1044462581786
R+14_2_GGCGTAAGGTGTAGAGTAAT	4	R+14_2	Astronaut 2	R+14	R	32.4895887288551
R+14_2_GGCGTACTCGCTTAATAAGG	0	R+14_2	Astronaut 2	R+14	R	19.9995008869191
R+14_2_GGCGTATGCGCTAACGGTCC	2	R+14_2	Astronaut 2	R+14	R	18.9950405920022
R+14_2_GGCGTGCGGTGGTAAGCAGG	0	R+14_2	Astronaut 2	R+14	R	25.1624396138988
R+14_2_GGTAAAACTCCAGCGGTCCG	1	R+14_2	Astronaut 2	R+14	R	26.8417196456012
R+14_2_GGTAACGACCGAGTCGCTCT	0	R+14_2	Astronaut 2	R+14	R	23.5132167173204
R+14_2_GGTAAGCTCTGCTCTGTAAT	1	R+14_2	Astronaut 2	R+14	R	21.0604676274554
R+14_2_GGTAATGCGCATTGGGCAGG	0	R+14_2	Astronaut 2	R+14	R	20.9939220550945
R+14_2_GGTCCAAGCAGTATCGCAGG	0	R+14_2	Astronaut 2	R+14	R	61.4709320905155
R+14_2_GGTCCACCAGCCTCAGCAGG	0	R+14_2	Astronaut 2	R+14	R	26.8881698955654
R+14_2_GGTCCACTTCGGTCCGCAGG	0	R+14_2	Astronaut 2	R+14	R	26.5104634038571
R+14_2_GGTCCAGTTGATTCAGCTCT	0	R+14_2	Astronaut 2	R+14	R	19.5151249387238
R+14_2_GGTCCCGGATCTCCAGCTCT	3	R+14_2	Astronaut 2	R+14	R	22.5911016245048
R+14_2_GGTCCGAGCTCTACGGTAAT	0	R+14_2	Astronaut 2	R+14	R	21.8618242282403
R+14_2_GGTCCGTAGAGCTGCGTAAT	5	R+14_2	Astronaut 2	R+14	R	61.4709321502889
R+14_2_GGTCCTGCGCGTATCGTAAT	0	R+14_2	Astronaut 2	R+14	R	25.3314656732216
R+14_2_GTAATAAGACGCGGTTAAGG	1	R+14_2	Astronaut 2	R+14	R	20.873977785702
R+14_2_GTAATAAGCAGAGCTGTAAT	0	R+14_2	Astronaut 2	R+14	R	25.4194484952521
R+14_2_GTAATATGGCGAGCTGTAAT	0	R+14_2	Astronaut 2	R+14	R	26.5848636381363
R+14_2_GTAATCTGGAGGCAGGTAAT	0	R+14_2	Astronaut 2	R+14	R	18.2115350361016
R+14_2_GTAATGAGCTGGTAAGGTCC	0	R+14_2	Astronaut 2	R+14	R	17.9125296472255
R+14_2_GTAATGCAGGGATATGGCAG	7	R+14_2	Astronaut 2	R+14	R	20.6541933679994
R+14_2_GTAATGCGGTGCTGCGTAAT	0	R+14_2	Astronaut 2	R+14	R	28.1071845921421
R+14_2_GTAATGCTGCGAACCGGCAG	1	R+14_2	Astronaut 2	R+14	R	28.6187886497026
R+14_2_GTAATGTCCGCAGTTGCGAA	6	R+14_2	Astronaut 2	R+14	R	31.3498838160243
R+14_2_GTAATTCAGTCGAAGGTCCG	2	R+14_2	Astronaut 2	R+14	R	25.0942571619918
R+14_2_GTAATTCTACCGGATGTCCG	1	R+14_2	Astronaut 2	R+14	R	23.8715749447909
R+14_2_GTAGAACTTCGCTGCGCAGG	6	R+14_2	Astronaut 2	R+14	R	25.8920604243627
R+14_2_GTAGACCTCACAACTGTAAT	5	R+14_2	Astronaut 2	R+14	R	27.4859422634373
R+14_2_GTAGAGACTGCGCCTTAAGG	0	R+14_2	Astronaut 2	R+14	R	22.4047243536987
R+14_2_GTAGATAAGGCGGATGCTCT	6	R+14_2	Astronaut 2	R+14	R	20.5386382730195
R+14_2_GTAGATCGCGATTGGGGTCC	0	R+14_2	Astronaut 2	R+14	R	28.6312404139461
R+14_2_GTATCACTTCCCTAGTAAGG	1	R+14_2	Astronaut 2	R+14	R	20.1773724505059
R+14_2_GTATCACTTCGCCTTGTAAT	0	R+14_2	Astronaut 2	R+14	R	21.8618242880137
R+14_2_GTATCCAATCGGCGTGGTCC	0	R+14_2	Astronaut 2	R+14	R	20.997843810194
R+14_2_GTATCCAGCGGTAGAGGTAA	3	R+14_2	Astronaut 2	R+14	R	28.6867040132356
R+14_2_GTATCCGCAAGCAGGGCTCT	0	R+14_2	Astronaut 2	R+14	R	26.9407649378133
R+14_2_GTATCCTAACCTAACGGTAA	2	R+14_2	Astronaut 2	R+14	R	27.3947513225822
R+14_2_GTATCGCTGCCCGCTGTAGA	0	R+14_2	Astronaut 2	R+14	R	23.4950474971968
R+14_2_GTATCGGAGCCTACGGTAAT	2	R+14_2	Astronaut 2	R+14	R	26.0376523554234
R+14_2_GTATCGTCTAATTGGGCTCT	0	R+14_2	Astronaut 2	R+14	R	27.4723183540345
R+14_2_GTATCTACGTGCAGGGGTAA	0	R+14_2	Astronaut 2	R+14	R	21.3146968350616
R+14_2_GTATCTTCATGTATCGGCAG	0	R+14_2	Astronaut 2	R+14	R	26.6406235000412
R+14_2_GTCCGAACTCCTACGGTAAT	6	R+14_2	Astronaut 2	R+14	R	26.2216303537674
R+14_2_GTCCGAAGCACCTAGGTAAT	5	R+14_2	Astronaut 2	R+14	R	24.5024210856774
R+14_2_GTCCGACTCGGACTGGCAGG	3	R+14_2	Astronaut 2	R+14	R	21.861824347787
R+14_2_GTCCGCGCAACAGTTGCTCT	2	R+14_2	Astronaut 2	R+14	R	20.8228702344622
R+14_2_GTCCGCGGCAGCAACTAAGG	0	R+14_2	Astronaut 2	R+14	R	23.5132167770938
R+14_2_GTCCGTACGTGATATGTAAT	6	R+14_2	Astronaut 2	R+14	R	20.9609449780824
R+14_2_GTCCGTACGTGATATTAAGG	6	R+14_2	Astronaut 2	R+14	R	23.4454283320931
R+14_2_GTCCGTCCGGGATATGGTCC	3	R+14_2	Astronaut 2	R+14	R	19.6048871136352
R+14_2_GTCCGTTCGACGGCAGCTCT	0	R+14_2	Astronaut 2	R+14	R	20.762144366788
R+14_2_GTCTAATCCTGTATCGCGAA	1	R+14_2	Astronaut 2	R+14	R	30.3606196338049
R+14_2_GTCTACGGCAGCTCTGTAAT	5	R+14_2	Astronaut 2	R+14	R	24.8028087473407
R+14_2_GTCTAGACTGGGTAAGGCAG	0	R+14_2	Astronaut 2	R+14	R	20.7601607605719
R+14_2_GTCTAGAGTCGTATCGCTCT	0	R+14_2	Astronaut 2	R+14	R	18.9950406517755
R+14_2_GTCTAGCAGGCCTAGGGTAA	7	R+14_2	Astronaut 2	R+14	R	28.6335988296578
R+14_2_GTCTAGCTGCCCTCATAAGG	2	R+14_2	Astronaut 2	R+14	R	26.5672494454212
R+14_2_GTCTAGGCAGCCTCAGTAGA	1	R+14_2	Astronaut 2	R+14	R	25.277185801089
R+14_2_GTCTATACGTCAGTTGTAGA	5	R+14_2	Astronaut 2	R+14	R	26.2337094878223
R+14_2_GTTAGAAGCACGAAGTAAGG	0	R+14_2	Astronaut 2	R+14	R	49.1683402275785
R+14_2_GTTAGAAGCACTTAATAAGG	0	R+14_2	Astronaut 2	R+14	R	23.5073765569278
R+14_2_GTTAGAGTTGGCCTTTAAGG	1	R+14_2	Astronaut 2	R+14	R	32.104446317952
R+14_2_GTTAGCAGCGCGCTCGCTCT	0	R+14_2	Astronaut 2	R+14	R	30.3606196935782
R+14_2_GTTAGCCATAGCCTTGCTCT	0	R+14_2	Astronaut 2	R+14	R	26.4126529079709
R+14_2_GTTAGCGAAGCTAACTAAGG	6	R+14_2	Astronaut 2	R+14	R	23.7406557227189
R+14_2_GTTAGCGAAGGTAGAGCGAA	1	R+14_2	Astronaut 2	R+14	R	27.5166866392737
R+14_2_GTTAGCGATTGAACCGGCAG	0	R+14_2	Astronaut 2	R+14	R	25.1630113290218
R+14_2_GTTAGCGCCTGGTCCGCAGG	0	R+14_2	Astronaut 2	R+14	R	28.0992499871506
R+14_2_GTTAGCGGATCTACGGTAAT	0	R+14_2	Astronaut 2	R+14	R	17.951170516522
R+14_2_GTTAGCGGCACTCCAGTAAT	4	R+14_2	Astronaut 2	R+14	R	26.0896934733992
R+14_2_GTTAGCGGCAGCTGCGTAAT	6	R+14_2	Astronaut 2	R+14	R	22.7558345010552
R+14_2_GTTAGGCCTTGCTTGGGCAG	0	R+14_2	Astronaut 2	R+14	R	26.6289317324518
R+14_2_GTTAGTAAGGCGATTGGCAG	3	R+14_2	Astronaut 2	R+14	R	28.204456944433
R+14_2_GTTAGTAGAGGCAACGGTCC	3	R+14_2	Astronaut 2	R+14	R	26.9741166339657
R+14_2_GTTAGTAGGAATTCAGGTCC	3	R+14_2	Astronaut 2	R+14	R	21.8952412460878
R+14_2_GTTAGTCATCCGCAAGTAAT	0	R+14_2	Astronaut 2	R+14	R	24.4698447489752
R+14_2_GTTAGTCATCGAGTCGTAAT	0	R+14_2	Astronaut 2	R+14	R	27.745399319935
R+14_2_GTTAGTTCATGCAACGCTCT	0	R+14_2	Astronaut 2	R+14	R	23.8618335294289
R+14_2_TAAGGATCCTGTATCGGCAG	1	R+14_2	Astronaut 2	R+14	R	21.8618244075603
R+14_2_TAAGGCAACTGAGCTGGCAG	6	R+14_2	Astronaut 2	R+14	R	19.9271425016479
R+14_2_TAAGGCAGAACGCCTGGCAG	0	R+14_2	Astronaut 2	R+14	R	18.9950407115488
R+14_2_TAAGGCTTAACGCCTGCTCT	4	R+14_2	Astronaut 2	R+14	R	21.949338920322
R+14_2_TAAGGGGCGTCGATTGTAAT	0	R+14_2	Astronaut 2	R+14	R	24.4096875674414
R+14_2_TAAGGGGCGTCGCCTGTTAG	2	R+14_2	Astronaut 2	R+14	R	26.0862085187781
R+14_2_TAAGGGTTAGCGAAGGCGAA	0	R+14_2	Astronaut 2	R+14	R	27.7339926994521
R+14_2_TAAGGTATGCGCTGCGTAAT	0	R+14_2	Astronaut 2	R+14	R	28.2044570042063
R+14_2_TAAGGTGGACGAGTCGCTCT	0	R+14_2	Astronaut 2	R+14	R	22.7361162821341
R+14_2_TACGTAACCGGGCAGTAAGG	6	R+14_2	Astronaut 2	R+14	R	23.0521856524956
R+14_2_TACGTAGGCTGAGTCGCAGG	2	R+14_2	Astronaut 2	R+14	R	26.6565931153262
R+14_2_TACGTAGGTCGCCTTGTAAT	4	R+14_2	Astronaut 2	R+14	R	30.2118997840127
R+14_2_TACGTATCTGGAACCGGCAG	2	R+14_2	Astronaut 2	R+14	R	27.3230782974713
R+14_2_TACGTATTACCAGTTGCTCT	0	R+14_2	Astronaut 2	R+14	R	23.4603848953069
R+14_2_TACGTATTACCAGTTGTAAT	1	R+14_2	Astronaut 2	R+14	R	20.5718317231663
R+14_2_TACGTGACTGCGTCGGCTCT	2	R+14_2	Astronaut 2	R+14	R	26.2668753396179
R+14_2_TACGTGCGGTCAGCGTAAGG	7	R+14_2	Astronaut 2	R+14	R	22.7361163419074
R+14_2_TACGTGGCAGCCATAGCTCT	0	R+14_2	Astronaut 2	R+14	R	24.7895663130114
R+14_2_TACGTGTATCCTGGAGGTAA	6	R+14_2	Astronaut 2	R+14	R	31.5404428756823
R+14_2_TACGTTAGAGCGACCGTAAT	1	R+14_2	Astronaut 2	R+14	R	31.9150869095593
R+14_2_TACGTTATGCCGCAAGTAAT	0	R+14_2	Astronaut 2	R+14	R	30.2014610443361
R+14_2_TACGTTATTGCGATTGGCAG	0	R+14_2	Astronaut 2	R+14	R	27.7440512722695
R+14_2_TAGAGCGACCGCAACGTAAT	2	R+14_2	Astronaut 2	R+14	R	17.8742423654372
R+14_2_TAGAGGAGCTGCCTTGTAAT	0	R+14_2	Astronaut 2	R+14	R	21.697416000772
R+14_2_TAGAGGCTTGGCTGCGTATC	1	R+14_2	Astronaut 2	R+14	R	29.1504612692887
R+14_2_TAGAGTCATCGAACCGTCCG	0	R+14_2	Astronaut 2	R+14	R	35.4436872643897
R+14_2_TAGAGTCCGGGGCAGGTAAT	0	R+14_2	Astronaut 2	R+14	R	25.3556240847535
R+14_2_TAGAGTGCTACGTCGGCTCT	0	R+14_2	Astronaut 2	R+14	R	29.9806232621448
R+14_2_TAGGAATTACCGAAGGTCCG	2	R+14_2	Astronaut 2	R+14	R	19.8399941992332
R+14_2_TAGGACAACTGCAACGTAAT	0	R+14_2	Astronaut 2	R+14	R	23.5132168368671
R+14_2_TAGGACGCCTCTAACGCGAA	1	R+14_2	Astronaut 2	R+14	R	34.9748048294735
R+14_2_TAGGACGCCTGATATGTAAT	3	R+14_2	Astronaut 2	R+14	R	23.7406557824922
R+14_2_TAGGACTAACCAATCGCTCT	4	R+14_2	Astronaut 2	R+14	R	25.1066260900158
R+14_2_TAGGACTTAACCTCAGCTCT	0	R+14_2	Astronaut 2	R+14	R	20.755410096083
R+14_2_TAGGAGGCGTCGGCAGTAAT	5	R+14_2	Astronaut 2	R+14	R	20.9253451970319
R+14_2_TAGGATAGAGCTAACGCTCT	0	R+14_2	Astronaut 2	R+14	R	34.7166266738247
R+14_2_TAGGATTCGAGATATTAAGG	5	R+14_2	Astronaut 2	R+14	R	21.8618244673337
R+14_2_TATCTAGGTCCGGCAGTAAT	0	R+14_2	Astronaut 2	R+14	R	32.7169534856469
R+14_2_TATCTATCCTGGTCCGTAAT	6	R+14_2	Astronaut 2	R+14	R	27.3828352139757
R+14_2_TATCTCGATTCCGCTGCAGG	0	R+14_2	Astronaut 2	R+14	R	23.9475928342414
R+14_2_TATCTCGATTCCTAGGCGAA	0	R+14_2	Astronaut 2	R+14	R	30.6309788245838
R+14_2_TATCTGACTGGAACCGCGAA	1	R+14_2	Astronaut 2	R+14	R	22.0946966810815
R+14_2_TATCTGCAACGGCGTGCTCT	0	R+14_2	Astronaut 2	R+14	R	21.861824527107
R+14_2_TATCTGGAGCGCGGTTAAGG	0	R+14_2	Astronaut 2	R+14	R	28.1263761281224
R+14_2_TATCTTATGCGTATCGTCCG	0	R+14_2	Astronaut 2	R+14	R	24.7895663727847
R+14_2_TATGCACCAGGATGAGTAAT	0	R+14_2	Astronaut 2	R+14	R	26.6294043868309
R+14_2_TATGCCCATAGTAATGCGAA	2	R+14_2	Astronaut 2	R+14	R	24.4301982008226
R+14_2_TATGCCCGCTGCTGCGGCAG	1	R+14_2	Astronaut 2	R+14	R	23.3398873890882
R+14_2_TATGCCGCAACGGATGCTCT	0	R+14_2	Astronaut 2	R+14	R	27.4765793831904
R+14_2_TATGCCTACGCAATCGTAAT	0	R+14_2	Astronaut 2	R+14	R	22.1538464640487
R+14_2_TATGCGGAGCGGTAAGTAAT	0	R+14_2	Astronaut 2	R+14	R	15.6945831025226
R+14_2_TATGCTGGACCAACTGCTCT	4	R+14_2	Astronaut 2	R+14	R	26.5802638069146
R+14_2_TATGCTTCATGCCTTGCGAA	3	R+14_2	Astronaut 2	R+14	R	25.947494373074
R+14_2_TATTGAAGACGCGAAGGTAA	0	R+14_2	Astronaut 2	R+14	R	26.6160504951914
R+14_2_TATTGAGAGTGAGTCGTAAT	2	R+14_2	Astronaut 2	R+14	R	21.8618245868803
R+14_2_TATTGAGGCTCGACCGCTCT	5	R+14_2	Astronaut 2	R+14	R	27.7749598776379
R+14_2_TATTGAGGTCCAACTGTAAT	3	R+14_2	Astronaut 2	R+14	R	27.4711170882707
R+14_2_TATTGATGGCATTGGGTCCG	0	R+14_2	Astronaut 2	R+14	R	23.4454283918664
R+14_2_TATTGCAACTCAACTGTAAT	5	R+14_2	Astronaut 2	R+14	R	26.7344182178648
R+14_2_TATTGCAACTCCATATAAGG	0	R+14_2	Astronaut 2	R+14	R	23.5132168966404
R+14_2_TATTGCAACTGGTCCTAAGG	1	R+14_2	Astronaut 2	R+14	R	49.093449113649
R+14_2_TATTGCAGTTGCGAAGCTCT	1	R+14_2	Astronaut 2	R+14	R	21.0169199376024
R+14_2_TCAGTAAGGTGCAACGTAAT	5	R+14_2	Astronaut 2	R+14	R	18.3393747521354
R+14_2_TCAGTATGCGGGCAGGTAAT	2	R+14_2	Astronaut 2	R+14	R	28.1456824109414
R+14_2_TCAGTATTACGCTGCGCTCT	3	R+14_2	Astronaut 2	R+14	R	34.716626733598
R+14_2_TCAGTCAGAAGAACCGGTCC	6	R+14_2	Astronaut 2	R+14	R	21.0221976606706
R+14_2_TCAGTCAGCGCGCTCGCTCT	5	R+14_2	Astronaut 2	R+14	R	20.9761964793653
R+14_2_TCAGTCCTCACGATTGCTCT	4	R+14_2	Astronaut 2	R+14	R	27.4930099191489
R+14_2_TCAGTCGATTCCATAGCTCT	5	R+14_2	Astronaut 2	R+14	R	30.5899764539009
R+14_2_TCAGTCGCTCCGCCTGCTCT	3	R+14_2	Astronaut 2	R+14	R	18.9950407713222
R+14_2_TCAGTTTCGAGCAACGCAGG	0	R+14_2	Astronaut 2	R+14	R	23.9647773120498
R+14_2_TCATCACCAGGATATGTTAG	0	R+14_2	Astronaut 2	R+14	R	19.8723594682947
R+14_2_TCATCCAATCGCGAAGGCAG	2	R+14_2	Astronaut 2	R+14	R	31.5404429354557
R+14_2_TCATCCGACCGCGGTGCTCT	0	R+14_2	Astronaut 2	R+14	R	23.9164087793128
R+14_2_TCATCCTAACGGCAGGCTCT	2	R+14_2	Astronaut 2	R+14	R	32.5051943166226
R+14_2_TCATCGCCTTCCGCTGCAGG	3	R+14_2	Astronaut 2	R+14	R	25.4194485550254
R+14_2_TCATCGCTTGATTGGGTAAT	0	R+14_2	Astronaut 2	R+14	R	28.3638026497793
R+14_2_TCATCGTTAGGCCTTGCAGG	0	R+14_2	Astronaut 2	R+14	R	25.1367892213579
R+14_2_TCATCTCGTAGGCAGGTAAT	2	R+14_2	Astronaut 2	R+14	R	19.9185147841315
R+14_2_TCCGGACGATATTGGGTAAT	4	R+14_2	Astronaut 2	R+14	R	23.4773952754746
R+14_2_TCCGGACTCGGATGATAAGG	1	R+14_2	Astronaut 2	R+14	R	25.4194486147988
R+14_2_TCCGGCGCAACAGTTGTAAT	3	R+14_2	Astronaut 2	R+14	R	19.0228668815363
R+14_2_TCCGGGGCGTCGGCAGCTCT	4	R+14_2	Astronaut 2	R+14	R	26.5233233371999
R+14_2_TCCGGTAGAGCGCCTGTAGA	0	R+14_2	Astronaut 2	R+14	R	22.404724413472
R+14_2_TCGCGGAGCTCTACGGTCCG	0	R+14_2	Astronaut 2	R+14	R	27.7339927592254
R+14_2_TCGCGGCAACCTCCATAAGG	2	R+14_2	Astronaut 2	R+14	R	24.4386130868337
R+14_2_TCGCGGGAGCCGTCGGTAAT	4	R+14_2	Astronaut 2	R+14	R	23.4454284516398
R+14_2_TCGCGTTCATCTCCAGCAGG	0	R+14_2	Astronaut 2	R+14	R	50.6302943899465
R+14_2_TCGCGTTCGACTAACGGCAG	1	R+14_2	Astronaut 2	R+14	R	22.0683009241115
R+14_2_TCGTAACTCGCGAAGGTAAT	2	R+14_2	Astronaut 2	R+14	R	18.9950408310955
R+14_2_TCGTACAGTTGTAATGCGAA	1	R+14_2	Astronaut 2	R+14	R	23.4201513301042
R+14_2_TCGTAGAGCTGGTCCGCTCT	0	R+14_2	Astronaut 2	R+14	R	26.1944792425233
R+14_2_TCGTATAGAGCTCCAGTCCG	0	R+14_2	Astronaut 2	R+14	R	29.9112211081096
R+14_2_TCTACAAGACGTAGAGGCAG	1	R+14_2	Astronaut 2	R+14	R	25.1293035309815
R+14_2_TCTACAGCGGGCGGTGCGAA	0	R+14_2	Astronaut 2	R+14	R	26.1766567491002
R+14_2_TCTACAGTTGGCGGTGGTAA	3	R+14_2	Astronaut 2	R+14	R	29.1035107057439
R+14_2_TCTACATCCTATTGGTAAGG	0	R+14_2	Astronaut 2	R+14	R	20.5012340675643
R+14_2_TCTACATTGGGATATGCTCT	5	R+14_2	Astronaut 2	R+14	R	49.0934491734223
R+14_2_TCTACCCGCTCTTAAGCGAA	1	R+14_2	Astronaut 2	R+14	R	22.4047244732453
R+14_2_TCTACCTAACCCTAGGGCAG	1	R+14_2	Astronaut 2	R+14	R	25.3851871664413
R+14_2_TCTACCTACGCAGAAGGTCC	0	R+14_2	Astronaut 2	R+14	R	20.9940916852113
R+14_2_TCTACGAGTCATTCAGTAAT	5	R+14_2	Astronaut 2	R+14	R	32.4895887886285
R+14_2_TCTACGCGAAGAACCGGTAA	0	R+14_2	Astronaut 2	R+14	R	25.2979836508156
R+14_2_TCTACGGCAGCAGCGGTAAT	2	R+14_2	Astronaut 2	R+14	R	24.4899683664527
R+14_2_TCTACGTAGACTACGGCTCT	0	R+14_2	Astronaut 2	R+14	R	22.7361164016808
R+14_2_TCTACGTATCCGAAGGGTCC	3	R+14_2	Astronaut 2	R+14	R	27.4741331511837
R+14_2_TCTACTATTGGGTCCGTCCG	0	R+14_2	Astronaut 2	R+14	R	25.7492446324439
R+14_2_TCTACTCATCGGTAAGCGAA	1	R+14_2	Astronaut 2	R+14	R	19.7841051916431
R+14_2_TCTACTCCGGGAACCGTAAT	0	R+14_2	Astronaut 2	R+14	R	28.3224892624424
R+14_2_TCTACTCGTACAGTTTAAGG	2	R+14_2	Astronaut 2	R+14	R	21.9011866388873
R+14_2_TCTACTCTACCTCCATAAGG	1	R+14_2	Astronaut 2	R+14	R	26.6253069677893
R+14_2_TCTACTGGACCTAACTAAGG	0	R+14_2	Astronaut 2	R+14	R	19.907314909123
R+14_2_TGAGAAACCGGCTCTGTAAT	0	R+14_2	Astronaut 2	R+14	R	17.8834246088828
R+14_2_TGAGAACCAGCGCCTGGTAA	0	R+14_2	Astronaut 2	R+14	R	35.4436873241631
R+14_2_TGAGAACCAGGACTGGCTCT	6	R+14_2	Astronaut 2	R+14	R	20.927225598937
R+14_2_TGAGAACCAGGGCAGGGCAG	0	R+14_2	Astronaut 2	R+14	R	30.211899843786
R+14_2_TGAGAAGCGGCAGAAGTAAT	0	R+14_2	Astronaut 2	R+14	R	20.7554101558563
R+14_2_TGAGAAGTTGGGAGCTAAGG	3	R+14_2	Astronaut 2	R+14	R	19.1707396487126
R+14_2_TGAGACCATACAACTGGTCC	2	R+14_2	Astronaut 2	R+14	R	25.4106433122054
R+14_2_TGAGACGGATCAACTGCAGG	4	R+14_2	Astronaut 2	R+14	R	26.1704836404129
R+14_2_TGAGACGGCACGTCGGTCCG	0	R+14_2	Astronaut 2	R+14	R	25.2007816906423
R+14_2_TGAGACGTCGCGGATGTAAT	2	R+14_2	Astronaut 2	R+14	R	18.0913391608374
R+14_2_TGAGACTGGAGAACCGTAAT	2	R+14_2	Astronaut 2	R+14	R	21.3234079950359
R+14_2_TGAGAGTAGAGCTTGTAAGG	5	R+14_2	Astronaut 2	R+14	R	18.9950408908689
R+14_2_TGAGATCCGGCGCTCGTAAT	0	R+14_2	Astronaut 2	R+14	R	18.5226303486846
R+14_2_TGCGCATCTGGAACCGTTAG	1	R+14_2	Astronaut 2	R+14	R	30.3606197533516
R+14_2_TGCGCGAGTCCAGAAGGTAA	0	R+14_2	Astronaut 2	R+14	R	26.1173742143421
R+14_2_TGCGCGAGTCGCAGGGGTAA	2	R+14_2	Astronaut 2	R+14	R	22.6381866145118
R+14_2_TGCGCGAGTCGCTCTGTAAT	0	R+14_2	Astronaut 2	R+14	R	28.124086151949
R+14_2_TGCGCGATGACAATCGCTCT	4	R+14_2	Astronaut 2	R+14	R	25.9564479075056
R+14_2_TGCGCGCTTGGGTAAGTAAT	0	R+14_2	Astronaut 2	R+14	R	19.8191305537184
R+14_2_TGCGCGTCCGCGACCGCAGG	3	R+14_2	Astronaut 2	R+14	R	19.4866164003168
R+14_2_TGCGCTTAGCCCATAGGTAA	0	R+14_2	Astronaut 2	R+14	R	28.6710169196312
R+14_2_TGCGCTTGAAGCTTGGTAAT	4	R+14_2	Astronaut 2	R+14	R	23.9308317499416
R+14_2_TGCTAAAGACCGCTCGTAAT	0	R+14_2	Astronaut 2	R+14	R	26.2330407209909
R+14_2_TGCTACGCCTCTCCAGTAAT	7	R+14_2	Astronaut 2	R+14	R	28.0107100513379
R+14_2_TGCTACTACGCTCCAGCTCT	0	R+14_2	Astronaut 2	R+14	R	23.4312829872649
R+14_2_TGCTAGTAGAGTAATGTAAT	0	R+14_2	Astronaut 2	R+14	R	25.3551322645891
R+14_2_TGCTAGTATCCTCCAGGTAA	0	R+14_2	Astronaut 2	R+14	R	31.540442995229
R+14_2_TGCTAGTTAGGATGAGCTCT	5	R+14_2	Astronaut 2	R+14	R	18.9950409506422
R+14_2_TGCTATCTACCGTCGGCTCT	0	R+14_2	Astronaut 2	R+14	R	30.5714261583186
R+14_2_TGCTATGCGCGCAACGGTCC	6	R+14_2	Astronaut 2	R+14	R	26.2392585023345
R+14_2_TGGACAACCGGTATCGCTCT	4	R+14_2	Astronaut 2	R+14	R	26.5607504725371
R+14_2_TGGACCGGATGCAGGGTAAT	4	R+14_2	Astronaut 2	R+14	R	29.6928354040126
R+14_2_TGGACGAGTCGATGAGTCCG	0	R+14_2	Astronaut 2	R+14	R	25.4194486745721
R+14_2_TGGACGCCTTGATGAGCGAA	1	R+14_2	Astronaut 2	R+14	R	29.5140971192581
R+14_2_TGGACGCTTGGGCAGGTAAT	2	R+14_2	Astronaut 2	R+14	R	26.0061825717785
R+14_2_TGGACGTCCGCTTAAGGTAA	0	R+14_2	Astronaut 2	R+14	R	21.87264979063
R+14_2_TGGACTGAGAGACTGGCTCT	4	R+14_2	Astronaut 2	R+14	R	20.0523469742149
R+14_2_TGGACTGAGAGATGAGCTCT	0	R+14_2	Astronaut 2	R+14	R	27.7339928189987
R+14_2_TTAGCATTGGGAACCGTAAT	3	R+14_2	Astronaut 2	R+14	R	30.3606198131249
R+14_2_TTAGCGAACCGAGCTGCTCT	0	R+14_2	Astronaut 2	R+14	R	22.4605580399296
R+14_2_TTATGAACTCCTACGGGTCC	0	R+14_2	Astronaut 2	R+14	R	26.427304598396
R+14_2_TTATGCGCCTCAGCGGGCAG	1	R+14_2	Astronaut 2	R+14	R	20.205783209176
R+14_2_TTATGCTGGACGACCGCTCT	0	R+14_2	Astronaut 2	R+14	R	20.1090824712009
R+14_2_TTATGGAACCCGCTCGCGAA	7	R+14_2	Astronaut 2	R+14	R	28.1263430243366
R+14_2_TTATGGAACCCGGATTAAGG	0	R+14_2	Astronaut 2	R+14	R	21.0526322153742
R+14_2_TTATGGAGCTCTGGATAAGG	2	R+14_2	Astronaut 2	R+14	R	21.8618246466537
R+14_2_TTATGGTAATGCAACGCTCT	0	R+14_2	Astronaut 2	R+14	R	27.7339928787721
R+14_2_TTATGTCTACATTGGGTAAT	0	R+14_2	Astronaut 2	R+14	R	32.4926710615948
R+14_2_TTATGTGCGCGATATGCAGG	0	R+14_2	Astronaut 2	R+14	R	25.7492446922173
R+14_2_TTCATAACTCGCAGGGCTCT	4	R+14_2	Astronaut 2	R+14	R	24.5024211454507
R+14_2_TTCATACTCGCGAAGGTCCG	1	R+14_2	Astronaut 2	R+14	R	18.9950410104155
R+14_2_TTCATAGAGTGAACCGCTCT	0	R+14_2	Astronaut 2	R+14	R	25.8940830839086
R+14_2_TTCATATGCGCGTCGGCTCT	0	R+14_2	Astronaut 2	R+14	R	24.4181285578675
R+14_2_TTCATGAGTCCTAGTGTAAT	2	R+14_2	Astronaut 2	R+14	R	22.7361164614541
R+14_2_TTCATTCAGTCGACCGTAAT	2	R+14_2	Astronaut 2	R+14	R	23.9772180297232
R+14_2_TTCGAAACGAGATGAGCTCT	5	R+14_2	Astronaut 2	R+14	R	26.4246704915841
R+14_2_TTCGAACTCGGATATGTTAG	0	R+14_2	Astronaut 2	R+14	R	18.4617496411141
R+14_2_TTCGAATCCTGCAGGGTAAT	0	R+14_2	Astronaut 2	R+14	R	28.12831906701
R+14_2_TTCGACAATCGCGGTGCTCT	2	R+14_2	Astronaut 2	R+14	R	26.5952754543748
R+14_2_TTCGACTTAACAGTTGTAAT	0	R+14_2	Astronaut 2	R+14	R	29.350198371051
R+14_2_TTCGAGATATCGCCTGTAAT	5	R+14_2	Astronaut 2	R+14	R	32.1044463777253
R+14_2_TTCGAGCAACGCTTGGTAAT	0	R+14_2	Astronaut 2	R+14	R	29.8674017316924
R+14_2_TTCGAGGAGCGCAGGGCTCT	4	R+14_2	Astronaut 2	R+14	R	21.9974636254505
R+14_2_TTCGAGTCTAGCGGTGGTAA	1	R+14_2	Astronaut 2	R+14	R	23.5132169564138
R+14_2_TTCGATTCATGGCGTGGTCC	0	R+14_2	Astronaut 2	R+14	R	26.6308601787959
R+14_2_TTGAAATGGCGGTAAGTAAT	0	R+14_2	Astronaut 2	R+14	R	25.9633215287905
R+14_2_TTGAAGCAGGGCGGTGTAAT	0	R+14_2	Astronaut 2	R+14	R	21.861824706427
R+14_2_TTGAAGTCCGCTCCAGCTCT	0	R+14_2	Astronaut 2	R+14	R	20.8107983746018
R+14_2_TTGAATAGAGGCGAAGGTAA	0	R+14_2	Astronaut 2	R+14	R	23.7478443306313
R+14_2_TTGAATAGGACCTCATAAGG	0	R+14_2	Astronaut 2	R+14	R	21.9369926173367
R+14_2_TTGAATGCGCGACTGGCTCT	0	R+14_2	Astronaut 2	R+14	R	30.3606198728983
R+14_3_AACCGGGAGCCAGAAGTAAT	4	R+14_3	Astronaut 3	R+14	R	27.4522715305538
R+14_3_AACGAAACCGCAGTTGTTAG	1	R+14_3	Astronaut 3	R+14	R	32.4895888484018
R+14_3_AACGAGCGGTCGCCTGCTCT	0	R+14_3	Astronaut 3	R+14	R	30.2118999035594
R+14_3_AACGAGCTCTGCGGTGCTCT	5	R+14_3	Astronaut 3	R+14	R	32.501643349256
R+14_3_AACGAGGCGTGAGCTGTAGA	1	R+14_3	Astronaut 3	R+14	R	33.9298309124348
R+14_3_AACGATAGAGCTTAAGTAGA	1	R+14_3	Astronaut 3	R+14	R	27.7339929385454
R+14_3_AACGATGAGACCTCAGCTCT	0	R+14_3	Astronaut 3	R+14	R	27.7489544493659
R+14_3_AACTCACTTCATTGGGGTAA	5	R+14_3	Astronaut 3	R+14	R	34.8510334855797
R+14_3_AACTCACTTCGCGAAGTCCG	0	R+14_3	Astronaut 3	R+14	R	31.2777807240596
R+14_3_AACTCCCTAGGCAACTAAGG	1	R+14_3	Astronaut 3	R+14	R	24.4590607896247
R+14_3_AACTCTATTGGGCGTGCTCT	0	R+14_3	Astronaut 3	R+14	R	33.9306903210981
R+14_3_AACTCTGAGAGCTGCGTCCG	1	R+14_3	Astronaut 3	R+14	R	36.7227476062167
R+14_3_AAGACATTACCTAACGTAGA	0	R+14_3	Astronaut 3	R+14	R	41.6209463942006
R+14_3_AAGACTTAGCGTAATGCGAA	1	R+14_3	Astronaut 3	R+14	R	35.7623928637933
R+14_3_AAGCACTAACGCAGGGTATC	1	R+14_3	Astronaut 3	R+14	R	43.5385893436469
R+14_3_AAGCATATTGGAACCGGCAG	1	R+14_3	Astronaut 3	R+14	R	31.8454135529203
R+14_3_AAGCATCATCCCATAGTTAG	0	R+14_3	Astronaut 3	R+14	R	36.5801583565722
R+14_3_AAGGTACTAACCGCTGTCCG	2	R+14_3	Astronaut 3	R+14	R	32.4895889081751
R+14_3_AAGGTCTTAACGCAAGCAGG	1	R+14_3	Astronaut 3	R+14	R	35.4436873839364
R+14_3_AAGGTTTATGCTAGTGGTAA	2	R+14_3	Astronaut 3	R+14	R	26.3903833476529
R+14_3_ACCAGAGCGGGAGCTGGTAA	0	R+14_3	Astronaut 3	R+14	R	33.9432213577101
R+14_3_ACCAGTCATCCTAGTGTCCG	0	R+14_3	Astronaut 3	R+14	R	41.0855872907299
R+14_3_ACCTAACTCGGGTAAGGCAG	1	R+14_3	Astronaut 3	R+14	R	36.5801584163456
R+14_3_ACGATATTGGCTAGTGCGAA	1	R+14_3	Astronaut 3	R+14	R	38.4427201278346
R+14_3_ACGATCGGCACGGATGCGAA	0	R+14_3	Astronaut 3	R+14	R	28.6076245400542
R+14_3_ACGATGAACCGGCGTGTAAT	1	R+14_3	Astronaut 3	R+14	R	30.6912513974421
R+14_3_ACTCGAAGGTGAGTCGTCCG	0	R+14_3	Astronaut 3	R+14	R	35.9730613220723
R+14_3_ACTCGACCAGCTAACGCTCT	0	R+14_3	Astronaut 3	R+14	R	31.9149408478666
R+14_3_ACTTCACCAGCTACGGGTCC	1	R+14_3	Astronaut 3	R+14	R	34.8025680877791
R+14_3_ACTTCACTCGCTAACTAAGG	1	R+14_3	Astronaut 3	R+14	R	36.199776620888
R+14_3_ACTTCATTGGCTGGAGCTCT	2	R+14_3	Astronaut 3	R+14	R	26.644085310317
R+14_3_ACTTCGAACCATTGGGTAAT	5	R+14_3	Astronaut 3	R+14	R	27.7432480120391
R+14_3_ACTTCTTAGCGATATGCTCT	0	R+14_3	Astronaut 3	R+14	R	30.5404876889917
R+14_3_AGAGTATTACGAGTCGGTAA	0	R+14_3	Astronaut 3	R+14	R	30.2118999633327
R+14_3_AGAGTGGTAAATTCAGCTCT	1	R+14_3	Astronaut 3	R+14	R	35.4436874437097
R+14_3_AGAGTGTCCGCGAAGGTAGA	0	R+14_3	Astronaut 3	R+14	R	31.2137956868838
R+14_3_AGCGGAGGCTGACTGGCTCT	0	R+14_3	Astronaut 3	R+14	R	30.6994771593517
R+14_3_AGCGGAGTTGCAGCGGGCAG	0	R+14_3	Astronaut 3	R+14	R	27.7339929983188
R+14_3_AGCGGCTACGCAGTTGCTCT	0	R+14_3	Astronaut 3	R+14	R	33.2926488051723
R+14_3_AGCGGTAGAGCTTAAGGTAA	0	R+14_3	Astronaut 3	R+14	R	30.1857623705967
R+14_3_AGCGGTGCTAGCTTGGCTCT	0	R+14_3	Astronaut 3	R+14	R	29.8635516466868
R+14_3_AGGTCGACTGCGTCGGGCAG	0	R+14_3	Astronaut 3	R+14	R	28.077817923347
R+14_3_AGTTGACCAGCTAGTGTTAG	3	R+14_3	Astronaut 3	R+14	R	38.3334736849437
R+14_3_AGTTGGCTGCGCAGGGCTCT	5	R+14_3	Astronaut 3	R+14	R	27.7339930580921
R+14_3_ATCCTCGCTCCTAGTGCTCT	0	R+14_3	Astronaut 3	R+14	R	29.8838314239464
R+14_3_ATCCTTACGTCTACGGTAAT	6	R+14_3	Astronaut 3	R+14	R	27.7339931178654
R+14_3_ATCTGAGGCTCGGCAGTAAT	0	R+14_3	Astronaut 3	R+14	R	30.6342389948354
R+14_3_ATGCGCGACCCTTAAGCAGG	0	R+14_3	Astronaut 3	R+14	R	28.3469839899468
R+14_3_ATGGCGTTAGCTCCAGTCCG	4	R+14_3	Astronaut 3	R+14	R	33.9678538844666
R+14_3_ATTCAAGAACCTAGTGCTCT	4	R+14_3	Astronaut 3	R+14	R	29.4600206047582
R+14_3_ATTCACTAACCCTAGGGTAA	1	R+14_3	Astronaut 3	R+14	R	40.0453920533867
R+14_3_ATTGGCTCCACCTAGGTCCG	0	R+14_3	Astronaut 3	R+14	R	34.7166267933713
R+14_3_ATTGGGATGAGTATCGGTAA	0	R+14_3	Astronaut 3	R+14	R	25.2081408418375
R+14_3_CAATCGCAACCCGCTGGTAA	3	R+14_3	Astronaut 3	R+14	R	33.192620611352
R+14_3_CAGAAAGTTGGAGCTGTTAG	1	R+14_3	Astronaut 3	R+14	R	26.3585844922555
R+14_3_CAGAAGGAGCGTAATGCGAA	0	R+14_3	Astronaut 3	R+14	R	26.5520881501533
R+14_3_CAGTTAGGCTGCTGCGGTAA	0	R+14_3	Astronaut 3	R+14	R	37.3362651788831
R+14_3_CAGTTTTATGCGCCTGTCCG	1	R+14_3	Astronaut 3	R+14	R	36.7315319708983
R+14_3_CCATAAACTCATTGGTAAGG	0	R+14_3	Astronaut 3	R+14	R	29.0930470393784
R+14_3_CGAAGGTAATGTAGAGCTCT	0	R+14_3	Astronaut 3	R+14	R	30.3970571903429
R+14_3_CGACCCGATTGGTCCGTTAG	0	R+14_3	Astronaut 3	R+14	R	35.7776584733846
R+14_3_CGACCGCCTTGGAGCGCTCT	0	R+14_3	Astronaut 3	R+14	R	33.293884136404
R+14_3_CGATTAAGGTCAACTGGCAG	0	R+14_3	Astronaut 3	R+14	R	26.2439067505041
R+14_3_CGATTGGCGTGTATCGGCAG	1	R+14_3	Astronaut 3	R+14	R	30.4099887473297
R+14_3_CGATTGTCTACAATCTAAGG	0	R+14_3	Astronaut 3	R+14	R	36.5801584761189
R+14_3_CGCCTGAGTCGCAACGGTAA	0	R+14_3	Astronaut 3	R+14	R	36.5801585358922
R+14_3_CGCTCATCCTCGTCGGTCCG	0	R+14_3	Astronaut 3	R+14	R	32.6893360387783
R+14_3_CGCTCCAATCGACTGGGTAA	1	R+14_3	Astronaut 3	R+14	R	43.5385894034202
R+14_3_CGCTCCTAACCGATTGTAAT	0	R+14_3	Astronaut 3	R+14	R	24.789566432558
R+14_3_CGCTCTCGCGGCGAAGTATC	2	R+14_3	Astronaut 3	R+14	R	28.6490376862772
R+14_3_CGGATCGATTGATATGTTAG	0	R+14_3	Astronaut 3	R+14	R	38.4929777366909
R+14_3_CGGATGTCCGGAGCTTAAGG	0	R+14_3	Astronaut 3	R+14	R	26.4506362448436
R+14_3_CGGCAGCAGGCTGGAGTAAT	2	R+14_3	Astronaut 3	R+14	R	26.5712203723262
R+14_3_CGTCGGCTTGCGGCAGTTAG	0	R+14_3	Astronaut 3	R+14	R	27.7339931776388
R+14_3_CTACGCGCAACGCAAGCTCT	0	R+14_3	Astronaut 3	R+14	R	34.8033143446792
R+14_3_CTACGCGGCACGCCTGTAAT	0	R+14_3	Astronaut 3	R+14	R	27.7339932374121
R+14_3_CTACGGTATCGCTCTGTATC	1	R+14_3	Astronaut 3	R+14	R	41.0938990208848
R+14_3_CTAGTATCCTGATATGTAAT	0	R+14_3	Astronaut 3	R+14	R	28.1002983974803
R+14_3_CTAGTGCAGGGTATCGCTCT	0	R+14_3	Astronaut 3	R+14	R	43.5385894631936
R+14_3_CTCCAATGCGGGCAGGTAGA	1	R+14_3	Astronaut 3	R+14	R	41.6038533602777
R+14_3_CTCCACTCCACAGCGGTTAG	0	R+14_3	Astronaut 3	R+14	R	38.9501970234577
R+14_3_CTCCATAGAGCGGCAGTAAT	4	R+14_3	Astronaut 3	R+14	R	32.7000930383995
R+14_3_CTGGAAACCGGCTCTGCTCT	4	R+14_3	Astronaut 3	R+14	R	32.2594404850011
R+14_3_CTGGACGGCACTGGAGGCAG	0	R+14_3	Astronaut 3	R+14	R	33.9625871255394
R+14_3_GACTGCAGTTGAGCTGCTCT	4	R+14_3	Astronaut 3	R+14	R	24.7895664923314
R+14_3_GACTGTAGGACAGTTGGTAA	0	R+14_3	Astronaut 3	R+14	R	31.8444815499196
R+14_3_GACTGTGAGAGGCGTTAAGG	0	R+14_3	Astronaut 3	R+14	R	30.2140570319703
R+14_3_GACTGTTCATGAGTCGGCAG	0	R+14_3	Astronaut 3	R+14	R	24.9748280212139
R+14_3_GAGCTATTGGGTAATTAAGG	0	R+14_3	Astronaut 3	R+14	R	37.3307146195211
R+14_3_GAGCTCAGCGCCGCTGTCCG	1	R+14_3	Astronaut 3	R+14	R	40.2800142218067
R+14_3_GATGATGGACCTTAAGTCCG	0	R+14_3	Astronaut 3	R+14	R	32.1044464374986
R+14_3_GCAGGCGCTCCCTAGGGCAG	1	R+14_3	Astronaut 3	R+14	R	36.2985627296073
R+14_3_GCCTTCCTCACGGCAGTTAG	0	R+14_3	Astronaut 3	R+14	R	28.0129620277083
R+14_3_GCGGTCTCCAGCAGGGTAAT	5	R+14_3	Astronaut 3	R+14	R	32.761971886688
R+14_3_GCGGTGTATCGCGAAGGTAA	3	R+14_3	Astronaut 3	R+14	R	42.0494005746211
R+14_3_GCTCTGGAGCGCTGCGCTCT	4	R+14_3	Astronaut 3	R+14	R	36.4033652210151
R+14_3_GCTGCCAATCGCTCTTAAGG	2	R+14_3	Astronaut 3	R+14	R	27.7339932971854
R+14_3_GCTGCGCTCTGATGAGCAGG	0	R+14_3	Astronaut 3	R+14	R	35.9885059190484
R+14_3_GCTTGGGCAGCTGGAGTTAG	1	R+14_3	Astronaut 3	R+14	R	37.1422420005451
R+14_3_GGCAGATGGCGGTCCGTTAG	0	R+14_3	Astronaut 3	R+14	R	30.7341240040512
R+14_3_GGCAGTAGGAGGTAAGTAGA	1	R+14_3	Astronaut 3	R+14	R	27.7447148350342
R+14_3_GGTCCACTTCGCTGCGTAGA	3	R+14_3	Astronaut 3	R+14	R	33.8350549181187
R+14_3_GGTCCCCGCTCGGATGCTCT	4	R+14_3	Astronaut 3	R+14	R	24.4096876272147
R+14_3_GTAGAGCGGTCCTAGGTCCG	4	R+14_3	Astronaut 3	R+14	R	31.9209787880091
R+14_3_GTATCCAACTGTAATGGTAA	0	R+14_3	Astronaut 3	R+14	R	34.750407324694
R+14_3_GTCCGACTCGCTAACTAAGG	1	R+14_3	Astronaut 3	R+14	R	36.4584361035721
R+14_3_GTCCGCGGATGACTGGTCCG	2	R+14_3	Astronaut 3	R+14	R	32.5939202520527
R+14_3_GTCCGTACGTATTGGTAAGG	0	R+14_3	Astronaut 3	R+14	R	33.649843560449
R+14_3_GTTAGACTTCGTATCGCTCT	3	R+14_3	Astronaut 3	R+14	R	34.790763522506
R+14_3_GTTAGATGCGCGTCGGGCAG	0	R+14_3	Astronaut 3	R+14	R	36.5801585956656
R+14_3_GTTAGCTAGTGCTTGGGTCC	1	R+14_3	Astronaut 3	R+14	R	30.4697432252412
R+14_3_TAAGGACTTCGGCGTGGCAG	0	R+14_3	Astronaut 3	R+14	R	27.7497484919339
R+14_3_TAAGGTATTGGTATCGCTCT	4	R+14_3	Astronaut 3	R+14	R	27.7444492484642
R+14_3_TACGTACTAAGATATTAAGG	0	R+14_3	Astronaut 3	R+14	R	30.091420947203
R+14_3_TACGTAGAACGGTCCGTAAT	4	R+14_3	Astronaut 3	R+14	R	36.4715143402333
R+14_3_TAGAGTAGGACGTCGTAAGG	0	R+14_3	Astronaut 3	R+14	R	35.6534316895866
R+14_3_TATCTCGAAGGCAACGGCAG	3	R+14_3	Astronaut 3	R+14	R	26.8458799182683
R+14_3_TATCTGCAGGGGCAGGTAAT	4	R+14_3	Astronaut 3	R+14	R	26.6435805784067
R+14_3_TATCTGCTTGCAATCGGCAG	1	R+14_3	Astronaut 3	R+14	R	61.4709322100622
R+14_3_TATGCATGCGGGTCCGCGAA	0	R+14_3	Astronaut 3	R+14	R	27.7495776671651
R+14_3_TATTGGAACCATTGGGCTCT	4	R+14_3	Astronaut 3	R+14	R	30.1411466497778
R+14_3_TATTGGCTCTCGAAGGGTAA	5	R+14_3	Astronaut 3	R+14	R	24.7895665521047
R+14_3_TCAGTAAGGTGCTCTTAAGG	1	R+14_3	Astronaut 3	R+14	R	28.3758921319685
R+14_3_TCAGTGATATCGCTCGTAAT	5	R+14_3	Astronaut 3	R+14	R	35.0836132345651
R+14_3_TCATCAAGGTCAGTTGTAGA	0	R+14_3	Astronaut 3	R+14	R	28.6403621320454
R+14_3_TCATCCCTCACGTCGTAAGG	5	R+14_3	Astronaut 3	R+14	R	30.7843294385265
R+14_3_TCCGGACTCGCTAACTAAGG	0	R+14_3	Astronaut 3	R+14	R	33.945551688267
R+14_3_TCCGGCTGGACGATTGGCAG	1	R+14_3	Astronaut 3	R+14	R	34.9402588639719
R+14_3_TCCGGTATCTATTCAGGTAA	0	R+14_3	Astronaut 3	R+14	R	26.4427103201531
R+14_3_TCGTAAAGGTCGACCGTTAG	6	R+14_3	Astronaut 3	R+14	R	32.104446497272
R+14_3_TCGTATTCATCAGAATAAGG	0	R+14_3	Astronaut 3	R+14	R	29.066805478011
R+14_3_TCTACAGGCTCAGTTGCTCT	1	R+14_3	Astronaut 3	R+14	R	40.2800142815801
R+14_3_TGAGAATCCTGTATCGTATC	1	R+14_3	Astronaut 3	R+14	R	31.9765006535365
R+14_3_TGAGATTAGCATTCAGGCAG	3	R+14_3	Astronaut 3	R+14	R	38.7545061027793
R+14_3_TGCGCTCAGTCGTCGGTAAT	3	R+14_3	Astronaut 3	R+14	R	30.2119000231061
R+14_3_TGCTAAAGACGCAACTAAGG	1	R+14_3	Astronaut 3	R+14	R	31.8103581614126
R+14_3_TGCTAACTCGGCAACGCTCT	4	R+14_3	Astronaut 3	R+14	R	28.5719939639912
R+14_3_TGCTACTAACCCTAGGGTAA	3	R+14_3	Astronaut 3	R+14	R	32.4895889679485
R+14_3_TGCTACTAACGCAGGGGTAA	0	R+14_3	Astronaut 3	R+14	R	27.7409518064708
R+14_3_TGCTATAAGGGTATCGCTCT	0	R+14_3	Astronaut 3	R+14	R	32.4997990557388
R+14_3_TGGACATCTGGATGAGCTCT	1	R+14_3	Astronaut 3	R+14	R	45.3071118907709
R+14_3_TTAGCCGATTCCGCTGTAAT	2	R+14_3	Astronaut 3	R+14	R	27.7339933569588
R+14_3_TTAGCGGCAGCTAACGTATC	1	R+14_3	Astronaut 3	R+14	R	32.4896961966438
R+14_3_TTATGCGCCTGCAACGTCCG	3	R+14_3	Astronaut 3	R+14	R	30.6362279252738
R+14_3_TTATGGCAGGCTACGGCTCT	0	R+14_3	Astronaut 3	R+14	R	34.9691239092033
R+14_3_TTCATCTAGTCTAACGGTAA	3	R+14_3	Astronaut 3	R+14	R	29.9656724797224
R+14_3_TTCATGAGTCCTACGGTAAT	6	R+14_3	Astronaut 3	R+14	R	32.1044465570453
R+14_3_TTGAAACTCGCTAACTAAGG	1	R+14_3	Astronaut 3	R+14	R	31.8444816096929
R+14_3_TTGAACGCTCCAACTGTAAT	2	R+14_3	Astronaut 3	R+14	R	54.5222883620946
R+7_1_AACCGAAGACGCTGCGGCAG	0	R+7_1	Astronaut 1	R+7	R	41.6980871117457
R+7_1_AACCGAGGTCCGCAAGTAAT	1	R+7_1	Astronaut 1	R+7	R	44.7459610577912
R+7_1_AACCGCGATTGGTAAGTAAT	0	R+7_1	Astronaut 1	R+7	R	40.600230136696
R+7_1_AACCGGCAACATTGGGGTAA	4	R+7_1	Astronaut 1	R+7	R	34.8453883695802
R+7_1_AACCGGCTTGCCTCAGCTCT	2	R+7_1	Astronaut 1	R+7	R	52.5259002653711
R+7_1_AACCGTTGAACGCTCGGTAA	4	R+7_1	Astronaut 1	R+7	R	40.7419891907773
R+7_1_AACGAAACGAGCGGTGGTCC	0	R+7_1	Astronaut 1	R+7	R	44.9451512757873
R+7_1_AACGAAAGCACGATTGTCCG	0	R+7_1	Astronaut 1	R+7	R	33.1926206711253
R+7_1_AACGAAAGCAGAACCGTCCG	4	R+7_1	Astronaut 1	R+7	R	39.1737057599358
R+7_1_AACGAAAGCAGATATGGTAA	2	R+7_1	Astronaut 1	R+7	R	30.0949022153743
R+7_1_AACGAACCTACTAACGTAAT	0	R+7_1	Astronaut 1	R+7	R	44.9305326234925
R+7_1_AACGAAGAACGAACCGCAGG	0	R+7_1	Astronaut 1	R+7	R	41.603853420051
R+7_1_AACGAATGGCGGCGTGTAAT	3	R+7_1	Astronaut 1	R+7	R	39.2959365938753
R+7_1_AACGACCTAGATTGGGGCAG	0	R+7_1	Astronaut 1	R+7	R	41.0922946167135
R+7_1_AACGACGACCGTAATGGTAA	4	R+7_1	Astronaut 1	R+7	R	39.0878430937473
R+7_1_AACGAGTAATGCTGCGGTCC	5	R+7_1	Astronaut 1	R+7	R	39.2974376074622
R+7_1_AACGATAGAGGACTGGCTCT	4	R+7_1	Astronaut 1	R+7	R	36.439132730869
R+7_1_AACGATCAGTGCTGCTAAGG	0	R+7_1	Astronaut 1	R+7	R	30.3970572501162
R+7_1_AACGATGAGACAGTTTAAGG	2	R+7_1	Astronaut 1	R+7	R	32.1024989701456
R+7_1_AACTCACTCGGCTTGGCTCT	4	R+7_1	Astronaut 1	R+7	R	35.5380602371849
R+7_1_AACTCATCTGGTAGAGGCAG	4	R+7_1	Astronaut 1	R+7	R	39.6275201082142
R+7_1_AACTCTATGCCGCAAGCTCT	0	R+7_1	Astronaut 1	R+7	R	38.5046419509963
R+7_1_AACTCTATGCCGGATGGTCC	3	R+7_1	Astronaut 1	R+7	R	41.0859855503171
R+7_1_AACTCTCATCCTAACGGCAG	4	R+7_1	Astronaut 1	R+7	R	39.6149684658764
R+7_1_AACTCTGAGACAATCGTAAT	4	R+7_1	Astronaut 1	R+7	R	46.1554064936404
R+7_1_AAGACCAACTCAATCGGTCC	0	R+7_1	Astronaut 1	R+7	R	45.3071119505443
R+7_1_AAGACGCAGGCTAACGTAAT	4	R+7_1	Astronaut 1	R+7	R	48.2178211771753
R+7_1_AAGACGCCTTGCCTTGTAAT	3	R+7_1	Astronaut 1	R+7	R	50.3138480003721
R+7_1_AAGCAAAGCAGGTAAGCTCT	6	R+7_1	Astronaut 1	R+7	R	41.6038534798243
R+7_1_AAGCAACGATGCAACGGTCC	2	R+7_1	Astronaut 1	R+7	R	37.6160511247763
R+7_1_AAGCACTACGGGTAAGCTCT	4	R+7_1	Astronaut 1	R+7	R	39.9870962074076
R+7_1_AAGCAGCTCTCAATCGGTCC	0	R+7_1	Astronaut 1	R+7	R	41.0877258963637
R+7_1_AAGCAGGTAACGCAAGGTCC	4	R+7_1	Astronaut 1	R+7	R	35.4666359699244
R+7_1_AAGCAGGTAAGAGCTGGTAA	6	R+7_1	Astronaut 1	R+7	R	38.4806110810139
R+7_1_AAGCAGTTAGCTAACGCTCT	3	R+7_1	Astronaut 1	R+7	R	44.7854424245255
R+7_1_AAGCATAGGAGAACCGGCAG	1	R+7_1	Astronaut 1	R+7	R	51.047603257902
R+7_1_AAGCATTAGCATTGGGGTAA	4	R+7_1	Astronaut 1	R+7	R	49.4725688635356
R+7_1_AAGGTGAGCTGGTCCGGTAA	4	R+7_1	Astronaut 1	R+7	R	37.5929997031353
R+7_1_AAGGTGTCCGGCTTGGTAAT	1	R+7_1	Astronaut 1	R+7	R	42.1708574212257
R+7_1_ACCAGAGAACATTCAGCTCT	3	R+7_1	Astronaut 1	R+7	R	44.9151212372665
R+7_1_ACCAGCAACTGCTGCGGTCC	5	R+7_1	Astronaut 1	R+7	R	37.7259720793007
R+7_1_ACCAGCGATTGAGCTGTAAT	0	R+7_1	Astronaut 1	R+7	R	41.088562397411
R+7_1_ACCAGGCGAACCATAGTCCG	2	R+7_1	Astronaut 1	R+7	R	35.9885059788217
R+7_1_ACCAGTCGCGCAGTTGGTAA	2	R+7_1	Astronaut 1	R+7	R	40.0577943392821
R+7_1_ACCAGTTCATGATGAGCAGG	5	R+7_1	Astronaut 1	R+7	R	36.9416431385348
R+7_1_ACCTAACTTCCGCAAGCAGG	7	R+7_1	Astronaut 1	R+7	R	36.9366051984208
R+7_1_ACCTACAGTTCTGGAGGTAA	4	R+7_1	Astronaut 1	R+7	R	54.7439013441997
R+7_1_ACCTACTGGAGCGAAGTAAT	6	R+7_1	Astronaut 1	R+7	R	36.2504893573923
R+7_1_ACCTAGCAACCCTAGGCAGG	0	R+7_1	Astronaut 1	R+7	R	38.5046420107696
R+7_1_ACGATACTCGGCTTGTAAGG	3	R+7_1	Astronaut 1	R+7	R	34.2122856566532
R+7_1_ACGATCGATTGCGAAGTCCG	4	R+7_1	Astronaut 1	R+7	R	38.504642070543
R+7_1_ACGATCTAACCGCTCGTAGA	4	R+7_1	Astronaut 1	R+7	R	36.7244044428038
R+7_1_ACGATGCTCTCTAACGCTCT	3	R+7_1	Astronaut 1	R+7	R	49.4725689233089
R+7_1_ACGATGTAGAGTAGAGTAAT	0	R+7_1	Astronaut 1	R+7	R	54.8177516860854
R+7_1_ACTAAATCCTGCAGGGCTCT	0	R+7_1	Astronaut 1	R+7	R	48.3338022602029
R+7_1_ACTAAATCCTGCAGGGTAAT	4	R+7_1	Astronaut 1	R+7	R	45.2590640472707
R+7_1_ACTAAGATATCGATTGGCAG	2	R+7_1	Astronaut 1	R+7	R	35.4589902551448
R+7_1_ACTCGATCCTGACTGGGCAG	2	R+7_1	Astronaut 1	R+7	R	36.3755863526528
R+7_1_ACTCGGACTGGCAGGGGTAA	4	R+7_1	Astronaut 1	R+7	R	31.9465525460679
R+7_1_ACTCGGGTCCCCTCAGTCCG	4	R+7_1	Astronaut 1	R+7	R	44.144874113822
R+7_1_ACTTCACCAGCGGCAGTATC	0	R+7_1	Astronaut 1	R+7	R	38.5046421303163
R+7_1_ACTTCATCCTGGTCCGGTAA	4	R+7_1	Astronaut 1	R+7	R	44.9861694772893
R+7_1_ACTTCATTCACAGAAGCGAA	0	R+7_1	Astronaut 1	R+7	R	38.7847812046996
R+7_1_ACTTCCGTCGCTTAAGTAGA	6	R+7_1	Astronaut 1	R+7	R	36.7214932861169
R+7_1_ACTTCTTCGACCTAGGTAAT	4	R+7_1	Astronaut 1	R+7	R	43.8297374608011
R+7_1_AGAACATCTGCTAGTGGCAG	0	R+7_1	Astronaut 1	R+7	R	38.5046421900896
R+7_1_AGAACGTAGAATTGGGCAGG	4	R+7_1	Astronaut 1	R+7	R	38.4327577010056
R+7_1_AGAGTCCGCTGGTAAGGTCC	4	R+7_1	Astronaut 1	R+7	R	38.4571284222575
R+7_1_AGAGTGAGCTGCAGGTAAGG	4	R+7_1	Astronaut 1	R+7	R	39.2968190252918
R+7_1_AGAGTGCAACGAGTCGGCAG	3	R+7_1	Astronaut 1	R+7	R	49.4725689830823
R+7_1_AGAGTTATGCCTAGTGGTCC	4	R+7_1	Astronaut 1	R+7	R	41.0870007025957
R+7_1_AGAGTTGGACGCCTTGGTAA	0	R+7_1	Astronaut 1	R+7	R	38.5295529094042
R+7_1_AGCGGATCCTGGAGCGTAAT	0	R+7_1	Astronaut 1	R+7	R	44.9479789289819
R+7_1_AGCGGTTCATGATGAGGTCC	0	R+7_1	Astronaut 1	R+7	R	54.652244282818
R+7_1_AGGCTCGGATCAGTTGTAAT	4	R+7_1	Astronaut 1	R+7	R	36.7214933458903
R+7_1_AGGCTCGGCACGCTCGGTAA	6	R+7_1	Astronaut 1	R+7	R	35.7575224874537
R+7_1_AGGTCAACCGCAGAAGTTAG	0	R+7_1	Astronaut 1	R+7	R	42.2264155570252
R+7_1_AGGTCCAGAACCTAGGTCCG	4	R+7_1	Astronaut 1	R+7	R	35.4436875034831
R+7_1_AGGTCCAGAAGTAATGTCCG	4	R+7_1	Astronaut 1	R+7	R	18.9950410701889
R+7_1_AGGTCCGGCACGCTCGGTCC	4	R+7_1	Astronaut 1	R+7	R	40.6181437910095
R+7_1_AGGTCGGCGTCGCCTGCAGG	2	R+7_1	Astronaut 1	R+7	R	35.6910983275511
R+7_1_AGGTCTTAGCCTTAAGTCCG	3	R+7_1	Astronaut 1	R+7	R	33.9771561331555
R+7_1_AGGTCTTATGGAACCGCTCT	4	R+7_1	Astronaut 1	R+7	R	30.6290970234974
R+7_1_AGTTGGGTCCGTATCTAAGG	0	R+7_1	Astronaut 1	R+7	R	52.1115790275279
R+7_1_AGTTGTATTGCCTAGGGTCC	0	R+7_1	Astronaut 1	R+7	R	40.2800143413534
R+7_1_ATCCTACGATCAACTGTAAT	2	R+7_1	Astronaut 1	R+7	R	44.939190251484
R+7_1_ATCCTACTTCCGAAGGCTCT	4	R+7_1	Astronaut 1	R+7	R	39.1737058197091
R+7_1_ATCTGGAGTCCTGGAGGTCC	0	R+7_1	Astronaut 1	R+7	R	40.7064949996985
R+7_1_ATGCGACCTACCTAGGTAAT	4	R+7_1	Astronaut 1	R+7	R	39.0957873190416
R+7_1_ATGCGGCAGGCTTAAGCTCT	0	R+7_1	Astronaut 1	R+7	R	41.6761656160838
R+7_1_ATGCGGCGGTGCCTTGGTCC	0	R+7_1	Astronaut 1	R+7	R	38.504642249863
R+7_1_ATGGCTGCGCGCCTTGGTAA	0	R+7_1	Astronaut 1	R+7	R	53.6639580914419
R+7_1_ATTACGGTCCCTGGAGGTCC	0	R+7_1	Astronaut 1	R+7	R	36.5801586554389
R+7_1_ATTCACTACGGACTGTAAGG	2	R+7_1	Astronaut 1	R+7	R	34.7166268531447
R+7_1_ATTGGAGGTCGCGGTGCTCT	4	R+7_1	Astronaut 1	R+7	R	43.5179169588202
R+7_1_ATTGGATTACCTAGTGCTCT	4	R+7_1	Astronaut 1	R+7	R	35.0836132943384
R+7_1_ATTGGCGGCAGAGTCGGTCC	4	R+7_1	Astronaut 1	R+7	R	38.3902354502968
R+7_1_CAACTACGATGTATCGCTCT	4	R+7_1	Astronaut 1	R+7	R	39.0271651706176
R+7_1_CAACTATCCTCGATTGCGAA	4	R+7_1	Astronaut 1	R+7	R	47.6524165958922
R+7_1_CAACTGGTAAGAGCTGCTCT	4	R+7_1	Astronaut 1	R+7	R	42.2889834193065
R+7_1_CAATCGCTTGGGAGCGGCAG	0	R+7_1	Astronaut 1	R+7	R	49.4725690428556
R+7_1_CAATCTGCTAGTAGAGGTAA	4	R+7_1	Astronaut 1	R+7	R	37.6851088311527
R+7_1_CAGAAGATGACTAACGTAAT	4	R+7_1	Astronaut 1	R+7	R	48.4177419601859
R+7_1_CAGCGAGAACGAACCGTAAT	0	R+7_1	Astronaut 1	R+7	R	54.8754364359586
R+7_1_CAGCGCGCTCGTAATGCTCT	2	R+7_1	Astronaut 1	R+7	R	49.1777232208649
R+7_1_CAGTTAACGACTTAAGGTCC	6	R+7_1	Astronaut 1	R+7	R	42.0494006343945
R+7_1_CAGTTATCTGGACTGGTATC	4	R+7_1	Astronaut 1	R+7	R	40.0297827986945
R+7_1_CAGTTCCTAGCGGCAGTCCG	4	R+7_1	Astronaut 1	R+7	R	36.722170765089
R+7_1_CAGTTGCAACCAGTTTAAGG	4	R+7_1	Astronaut 1	R+7	R	39.1737058794824
R+7_1_CAGTTGCTTGGCAACGTAAT	4	R+7_1	Astronaut 1	R+7	R	44.1448741735954
R+7_1_CCATACCTAGGAGTCGCAGG	4	R+7_1	Astronaut 1	R+7	R	30.1322341105111
R+7_1_CCATACGACCGAGTCGTAAT	4	R+7_1	Astronaut 1	R+7	R	41.9095275143619
R+7_1_CCGCTAACCGCTACGGGTCC	0	R+7_1	Astronaut 1	R+7	R	54.894098067771
R+7_1_CCGCTCAATCGAACCGGTCC	3	R+7_1	Astronaut 1	R+7	R	39.6495536397632
R+7_1_CCGCTCCTAGGGAGCGTAAT	0	R+7_1	Astronaut 1	R+7	R	41.0838081860568
R+7_1_CCGCTCTAACGCAACGCTCT	4	R+7_1	Astronaut 1	R+7	R	33.1858383804432
R+7_1_CCGCTTTATGGAGCTGGTCC	4	R+7_1	Astronaut 1	R+7	R	38.333473744717
R+7_1_CCTAGACCAGCCTCAGGTCC	0	R+7_1	Astronaut 1	R+7	R	37.6715636229371
R+7_1_CCTAGCAGTTGCGGTGTCCG	4	R+7_1	Astronaut 1	R+7	R	36.7214934056636
R+7_1_CCTAGCGCCTGATGAGCTCT	4	R+7_1	Astronaut 1	R+7	R	41.1022007309374
R+7_1_CCTAGTGCGCGAGTCGTAAT	4	R+7_1	Astronaut 1	R+7	R	44.8849825237674
R+7_1_CCTCACCGCTGCAACGGTAA	4	R+7_1	Astronaut 1	R+7	R	36.721493465437
R+7_1_CCTCACGGATCAATCGTTAG	4	R+7_1	Astronaut 1	R+7	R	39.1737059392558
R+7_1_CCTCAGATATCGGCAGCGAA	0	R+7_1	Astronaut 1	R+7	R	52.5323721353255
R+7_1_CCTCAGATATGAGTCGGTAA	2	R+7_1	Astronaut 1	R+7	R	45.2614281853008
R+7_1_CCTCAGTCCGGCGGTGCTCT	4	R+7_1	Astronaut 1	R+7	R	49.7021009845266
R+7_1_CGAAGATCCTCGTCGGGTAA	4	R+7_1	Astronaut 1	R+7	R	36.1887468537941
R+7_1_CGACCAGGTCCGGATGCAGG	0	R+7_1	Astronaut 1	R+7	R	40.6276056308841
R+7_1_CGACCTAGAGGTATCGTAAT	0	R+7_1	Astronaut 1	R+7	R	39.1737059990291
R+7_1_CGACCTCAGTATTCAGGTCC	2	R+7_1	Astronaut 1	R+7	R	40.7419892505506
R+7_1_CGATTATGCGCGCAAGTCCG	4	R+7_1	Astronaut 1	R+7	R	38.5731388356716
R+7_1_CGATTCAATCCTGGAGTTAG	4	R+7_1	Astronaut 1	R+7	R	37.6700040891027
R+7_1_CGATTCGCAACAGCGGGTCC	0	R+7_1	Astronaut 1	R+7	R	46.7624055362079
R+7_1_CGATTGCGGTGCAACGTCCG	4	R+7_1	Astronaut 1	R+7	R	35.9554572548431
R+7_1_CGATTTGAGAGCGGTGTAAT	4	R+7_1	Astronaut 1	R+7	R	40.7419893103239
R+7_1_CGCAAAAGGTGGCAGGCAGG	4	R+7_1	Astronaut 1	R+7	R	35.988506038595
R+7_1_CGCAACAGAAGGCGTGCGAA	4	R+7_1	Astronaut 1	R+7	R	36.7295080998699
R+7_1_CGCAACGACCCGCCTGTAAT	0	R+7_1	Astronaut 1	R+7	R	31.8534314805738
R+7_1_CGCAACTAGTCGGATGGCAG	3	R+7_1	Astronaut 1	R+7	R	35.5270086359568
R+7_1_CGCAAGAGCTGGCAGGGCAG	0	R+7_1	Astronaut 1	R+7	R	40.6035593769476
R+7_1_CGCAAGCTCTCAATCGCTCT	3	R+7_1	Astronaut 1	R+7	R	31.266329531391
R+7_1_CGCAAGCTTGCTGGAGCGAA	0	R+7_1	Astronaut 1	R+7	R	33.8702244022159
R+7_1_CGCAATCCGGCCTCAGCTCT	3	R+7_1	Astronaut 1	R+7	R	43.5221704541578
R+7_1_CGCAATCGCGGAGCTGGCAG	2	R+7_1	Astronaut 1	R+7	R	31.8444816694663
R+7_1_CGCAATTATGCGACCGCTCT	4	R+7_1	Astronaut 1	R+7	R	40.2853494317343
R+7_1_CGCCTAAGACGCTGCGCTCT	4	R+7_1	Astronaut 1	R+7	R	38.4127313951165
R+7_1_CGCCTACTAACAGCGGTTAG	2	R+7_1	Astronaut 1	R+7	R	36.7271371828223
R+7_1_CGCCTATTCACAACTGCTCT	4	R+7_1	Astronaut 1	R+7	R	44.0135322783462
R+7_1_CGCCTCGCTCCGAAGGGTCC	2	R+7_1	Astronaut 1	R+7	R	36.3479754566626
R+7_1_CGCCTTCTACGCAACGTAAT	4	R+7_1	Astronaut 1	R+7	R	35.4436875632564
R+7_1_CGCTCATCCTGCTCTGGCAG	6	R+7_1	Astronaut 1	R+7	R	40.0787433268554
R+7_1_CGCTCCGCCTCGCAAGCTCT	4	R+7_1	Astronaut 1	R+7	R	36.950331350271
R+7_1_CGCTCCGTCGCTCCAGCGAA	0	R+7_1	Astronaut 1	R+7	R	40.5894638122449
R+7_1_CGCTCGCCTTCAACTGTCCG	4	R+7_1	Astronaut 1	R+7	R	33.8078428748149
R+7_1_CGCTCTAAGGGAGTCGGTCC	3	R+7_1	Astronaut 1	R+7	R	41.0905281605808
R+7_1_CGCTCTCGCGGCTTGGTAAT	0	R+7_1	Astronaut 1	R+7	R	18.9950411299622
R+7_1_CGGATAAGGTGTAATGCAGG	4	R+7_1	Astronaut 1	R+7	R	33.6269834353624
R+7_1_CGGATCAGCGCGCTCGCTCT	4	R+7_1	Astronaut 1	R+7	R	39.0716346531093
R+7_1_CGGATGTCTAGAGTCGGTCC	5	R+7_1	Astronaut 1	R+7	R	37.6345386666436
R+7_1_CGGCATAGAGGAGCTGGCAG	7	R+7_1	Astronaut 1	R+7	R	41.9127247615353
R+7_1_CGTCGTCGCGCCATAGTAAT	5	R+7_1	Astronaut 1	R+7	R	44.8638671791014
R+7_1_CTAACTCCGGGAGCTGCTCT	2	R+7_1	Astronaut 1	R+7	R	42.2790492234243
R+7_1_CTACGAGAGTGAACCGGTAA	4	R+7_1	Astronaut 1	R+7	R	51.0476033176753
R+7_1_CTACGGGCGTCCATAGCAGG	4	R+7_1	Astronaut 1	R+7	R	38.898333111344
R+7_1_CTAGTCAGAACGCCTGGTCC	6	R+7_1	Astronaut 1	R+7	R	38.5046423096363
R+7_1_CTAGTCTAGTCAACTGCTCT	4	R+7_1	Astronaut 1	R+7	R	39.5674867787529
R+7_1_CTAGTCTGGACAACTGCAGG	0	R+7_1	Astronaut 1	R+7	R	33.9298309722081
R+7_1_CTAGTCTGGACGTCGGCAGG	2	R+7_1	Astronaut 1	R+7	R	40.0787433866287
R+7_1_CTAGTGGAGCCTCCAGCAGG	2	R+7_1	Astronaut 1	R+7	R	35.0836133541117
R+7_1_CTCCACGGATCAGCGTAAGG	0	R+7_1	Astronaut 1	R+7	R	43.9792702113285
R+7_1_CTGGAATCTGCTGGAGCGAA	3	R+7_1	Astronaut 1	R+7	R	42.2790492831976
R+7_1_CTGGAGCCTTGAACCGCGAA	2	R+7_1	Astronaut 1	R+7	R	36.7284366541297
R+7_1_CTGGATACGTCTTAAGGTCC	3	R+7_1	Astronaut 1	R+7	R	41.6038535395977
R+7_1_CTGGATCGCGCCTAGGGCAG	4	R+7_1	Astronaut 1	R+7	R	36.5801587152122
R+7_1_CTTAAAACCGGCTGCGTAAT	4	R+7_1	Astronaut 1	R+7	R	43.5244247415102
R+7_1_CTTAAACCAGCAACTGCAGG	2	R+7_1	Astronaut 1	R+7	R	39.5823654802878
R+7_1_CTTAAACTCGCGAAGTAAGG	0	R+7_1	Astronaut 1	R+7	R	44.1118498000347
R+7_1_CTTAAGTATCGTAGAGTCCG	4	R+7_1	Astronaut 1	R+7	R	39.2953404686927
R+7_1_CTTAATGCGCCAACTGTAAT	0	R+7_1	Astronaut 1	R+7	R	18.9950411897356
R+7_1_GAACCCAGCGATTGGGGTCC	0	R+7_1	Astronaut 1	R+7	R	44.5286422288546
R+7_1_GAACCCCGCTCCTAGGTAAT	0	R+7_1	Astronaut 1	R+7	R	40.6765702755609
R+7_1_GAACCTTCGACGGCAGGTCC	4	R+7_1	Astronaut 1	R+7	R	43.5170944865277
R+7_1_GAACCTTGAAGAGCTGTAAT	0	R+7_1	Astronaut 1	R+7	R	42.279049342971
R+7_1_GACTGACGATCGCTCGCTCT	4	R+7_1	Astronaut 1	R+7	R	30.3606199326716
R+7_1_GACTGCAACTCGACCGGCAG	0	R+7_1	Astronaut 1	R+7	R	44.1114400074129
R+7_1_GACTGCGGATGGTAAGGTAA	0	R+7_1	Astronaut 1	R+7	R	38.4727757517847
R+7_1_GACTGGCTCTCTTAAGTAAT	0	R+7_1	Astronaut 1	R+7	R	40.0510068533762
R+7_1_GAGCTCCATAATTGGGTAGA	4	R+7_1	Astronaut 1	R+7	R	38.3593062282594
R+7_1_GAGCTCGGATCTAACGCTCT	4	R+7_1	Astronaut 1	R+7	R	39.0342701944203
R+7_1_GAGCTCTCCACGGATGCTCT	4	R+7_1	Astronaut 1	R+7	R	36.5801587749856
R+7_1_GAGCTGTATCCGATTGTAAT	4	R+7_1	Astronaut 1	R+7	R	34.716626912918
R+7_1_GAGCTTCGCGCTCCAGCAGG	4	R+7_1	Astronaut 1	R+7	R	36.7329992490067
R+7_1_GAGTCACGATGAACCGTCCG	4	R+7_1	Astronaut 1	R+7	R	40.0260483516604
R+7_1_GAGTCTGCTAGCTCTGGTCC	0	R+7_1	Astronaut 1	R+7	R	45.4150275283923
R+7_1_GATATTTGAACCGCTTAAGG	4	R+7_1	Astronaut 1	R+7	R	41.0869589319823
R+7_1_GATGAACGATCGATTTAAGG	4	R+7_1	Astronaut 1	R+7	R	41.0899818363707
R+7_1_GATGAACTCGCAACTGGTCC	0	R+7_1	Astronaut 1	R+7	R	47.3236462104508
R+7_1_GATGAATCTGCCTAGGGTAA	2	R+7_1	Astronaut 1	R+7	R	45.3071120103176
R+7_1_GATGAGGTCCCAACTGCAGG	4	R+7_1	Astronaut 1	R+7	R	38.3386388056709
R+7_1_GCAACATCCTCAGCGTAAGG	6	R+7_1	Astronaut 1	R+7	R	44.0135323381196
R+7_1_GCAACCTAACCAGCGGCTCT	4	R+7_1	Astronaut 1	R+7	R	44.1448742333687
R+7_1_GCAGGAACCGCTAACGCAGG	4	R+7_1	Astronaut 1	R+7	R	50.5818639891541
R+7_1_GCAGGCGTCGCGCCTTAAGG	0	R+7_1	Astronaut 1	R+7	R	36.1587176951235
R+7_1_GCCTTATCCTGGTCCGGTAA	6	R+7_1	Astronaut 1	R+7	R	44.9829408935829
R+7_1_GCCTTGCCTTCGCAAGGTCC	0	R+7_1	Astronaut 1	R+7	R	44.9391903112573
R+7_1_GCGAAAACTCGAGTCGCTCT	5	R+7_1	Astronaut 1	R+7	R	36.9665737382639
R+7_1_GCGAAATTGGCTGGAGTAAT	1	R+7_1	Astronaut 1	R+7	R	53.2373303196258
R+7_1_GCGAAGAGTCGGCAGGGTCC	4	R+7_1	Astronaut 1	R+7	R	40.0949243394942
R+7_1_GCGAAGCAGGGATATGCTCT	4	R+7_1	Astronaut 1	R+7	R	40.023450995435
R+7_1_GCGGTCGACCGAGCTGGTAA	0	R+7_1	Astronaut 1	R+7	R	39.5565667787842
R+7_1_GCGGTGAACCCAGAAGCAGG	0	R+7_1	Astronaut 1	R+7	R	51.0476033774486
R+7_1_GCGGTTAAGGGAGCTGGCAG	0	R+7_1	Astronaut 1	R+7	R	40.4130951736216
R+7_1_GCGGTTTGAAGGTCCTAAGG	4	R+7_1	Astronaut 1	R+7	R	41.641694638411
R+7_1_GCTCTAACCGCGCAAGTAAT	6	R+7_1	Astronaut 1	R+7	R	37.614307529696
R+7_1_GCTCTCGCCTATTCAGCTCT	0	R+7_1	Astronaut 1	R+7	R	52.1777985934638
R+7_1_GCTCTGCGAAGCTGCGTTAG	2	R+7_1	Astronaut 1	R+7	R	53.2789460786308
R+7_1_GCTCTTAGAGCGCTCGGTAA	0	R+7_1	Astronaut 1	R+7	R	41.603853599371
R+7_1_GCTCTTAGAGCGCTCGTTAG	3	R+7_1	Astronaut 1	R+7	R	30.3606199924449
R+7_1_GCTGCACTCGCAATCGTCCG	3	R+7_1	Astronaut 1	R+7	R	44.8074467674857
R+7_1_GCTGCATTACATTGGGCTCT	4	R+7_1	Astronaut 1	R+7	R	43.520999538586
R+7_1_GCTGCCGCAACTAACGTAAT	2	R+7_1	Astronaut 1	R+7	R	41.1038615452778
R+7_1_GCTGCCGGCACAGTTTAAGG	2	R+7_1	Astronaut 1	R+7	R	40.6713431337804
R+7_1_GCTGCGGAGCCCATAGTCCG	4	R+7_1	Astronaut 1	R+7	R	39.9953573903393
R+7_1_GCTTGAGGCTCGACCGGTCC	0	R+7_1	Astronaut 1	R+7	R	39.0553245863757
R+7_1_GCTTGGCTGCGCTCTGTAAT	5	R+7_1	Astronaut 1	R+7	R	50.5873712617477
R+7_1_GCTTGGGAGCGAACCGGTCC	0	R+7_1	Astronaut 1	R+7	R	44.1448742931421
R+7_1_GGAGCAGGCTCGGATGCTCT	0	R+7_1	Astronaut 1	R+7	R	41.6038536591443
R+7_1_GGAGCGATATGAACCGCTCT	7	R+7_1	Astronaut 1	R+7	R	36.3803517728634
R+7_1_GGAGCGCTTGGAGCTGGCAG	4	R+7_1	Astronaut 1	R+7	R	32.5013977056389
R+7_1_GGAGCTATTGGAGCTGGTAA	0	R+7_1	Astronaut 1	R+7	R	43.801574710715
R+7_1_GGCAGGTTAGCCATAGCTCT	4	R+7_1	Astronaut 1	R+7	R	39.5295822388859
R+7_1_GGCAGTGCGCCCATAGCTCT	6	R+7_1	Astronaut 1	R+7	R	40.6649861136194
R+7_1_GGCAGTGCGCGATGAGCTCT	4	R+7_1	Astronaut 1	R+7	R	41.9125804981312
R+7_1_GGCAGTGCGCGGTAAGCTCT	3	R+7_1	Astronaut 1	R+7	R	36.3852804786264
R+7_1_GGCAGTTCGACGAAGGCGAA	3	R+7_1	Astronaut 1	R+7	R	43.350059419903
R+7_1_GGCGTAACTCGAGTCGTATC	3	R+7_1	Astronaut 1	R+7	R	49.472569102629
R+7_1_GGCGTGGAGCGGTCCGCAGG	0	R+7_1	Astronaut 1	R+7	R	44.9391903710307
R+7_1_GGCGTTAGAGGCGGTGTAGA	4	R+7_1	Astronaut 1	R+7	R	30.4560503369155
R+7_1_GGTAAAGTTGGCGGTTAAGG	4	R+7_1	Astronaut 1	R+7	R	31.8675028410504
R+7_1_GGTAATAGAGGATGAGCTCT	3	R+7_1	Astronaut 1	R+7	R	61.4709322698355
R+7_1_GGTCCAAGCACAACTTAAGG	4	R+7_1	Astronaut 1	R+7	R	50.5019595185587
R+7_1_GGTCCATCCTCTTAAGTAGA	0	R+7_1	Astronaut 1	R+7	R	44.1448743529154
R+7_1_GGTCCGATATGGTAAGGTCC	4	R+7_1	Astronaut 1	R+7	R	31.2116131301278
R+7_1_GTAATAACCGCGGCAGTTAG	4	R+7_1	Astronaut 1	R+7	R	36.7325333447925
R+7_1_GTAATATGGCCCTCAGGTAA	0	R+7_1	Astronaut 1	R+7	R	40.0478945263834
R+7_1_GTAATATGGCGAGTCGCTCT	4	R+7_1	Astronaut 1	R+7	R	34.7521886087208
R+7_1_GTAATGAACCCGTCGGCTCT	2	R+7_1	Astronaut 1	R+7	R	44.0309842569604
R+7_1_GTAATGATGAGGTCCGTAGA	5	R+7_1	Astronaut 1	R+7	R	37.3327150514659
R+7_1_GTAATGCCTTCGGATGTAAT	0	R+7_1	Astronaut 1	R+7	R	46.8705684451545
R+7_1_GTAATGCGAAGTAGAGGTCC	2	R+7_1	Astronaut 1	R+7	R	37.782422508182
R+7_1_GTAATTAGAGGCTGCGGTAA	4	R+7_1	Astronaut 1	R+7	R	38.6215724234167
R+7_1_GTAGAGCAGGGCTGCGTCCG	2	R+7_1	Astronaut 1	R+7	R	36.7214935252103
R+7_1_GTAGAGCGGTCGACCGGTCC	0	R+7_1	Astronaut 1	R+7	R	44.0913852112604
R+7_1_GTAGAGCTGCGGTAAGTCCG	4	R+7_1	Astronaut 1	R+7	R	37.6194385441685
R+7_1_GTATCACTAACGAAGGCAGG	4	R+7_1	Astronaut 1	R+7	R	50.5949134978293
R+7_1_GTATCATTACCGACCGCAGG	4	R+7_1	Astronaut 1	R+7	R	36.9197672365202
R+7_1_GTATCCGGATGTAGAGCAGG	4	R+7_1	Astronaut 1	R+7	R	40.0024407109205
R+7_1_GTATCTGCGCGGAGCGCAGG	0	R+7_1	Astronaut 1	R+7	R	33.9298310319814
R+7_1_GTCCGATCCTCGAAGGTAAT	0	R+7_1	Astronaut 1	R+7	R	35.9885060983684
R+7_1_GTCCGCCATAGTATCGGTAA	4	R+7_1	Astronaut 1	R+7	R	36.1894848065581
R+7_1_GTCCGCTACGCTAGTGTAAT	0	R+7_1	Astronaut 1	R+7	R	38.4333504087818
R+7_1_GTCCGGCTCTCAGCGGTCCG	4	R+7_1	Astronaut 1	R+7	R	41.0911014534147
R+7_1_GTCCGGCTGCCGATTGTAAT	4	R+7_1	Astronaut 1	R+7	R	37.3307146792945
R+7_1_GTCCGGTAATCGCTCGCAGG	5	R+7_1	Astronaut 1	R+7	R	32.4972117901931
R+7_1_GTCCGGTAATGAGCTGCAGG	4	R+7_1	Astronaut 1	R+7	R	43.6021446347351
R+7_1_GTCCGTGCTACTCCAGGTAA	2	R+7_1	Astronaut 1	R+7	R	31.9353337908318
R+7_1_GTCTAAGAGTGTATCGGTAA	0	R+7_1	Astronaut 1	R+7	R	39.1737060588024
R+7_1_GTCTACGTCGGCAGGGGTCC	4	R+7_1	Astronaut 1	R+7	R	57.8396902278364
R+7_1_GTCTAGCTGCGCCTTGTAAT	0	R+7_1	Astronaut 1	R+7	R	44.8639966107435
R+7_1_GTTAGACTCGCAATCGTCCG	0	R+7_1	Astronaut 1	R+7	R	41.089708985473
R+7_1_GTTAGGGAGCCTAGTGTAAT	3	R+7_1	Astronaut 1	R+7	R	36.7214935849836
R+7_1_GTTAGTATCTGTAATGCTCT	4	R+7_1	Astronaut 1	R+7	R	36.5801588347589
R+7_1_TACGTACCTAGCTTGGCTCT	4	R+7_1	Astronaut 1	R+7	R	37.3307147390678
R+7_1_TACGTCTACGGGCAGGGTCC	0	R+7_1	Astronaut 1	R+7	R	46.8631589983502
R+7_1_TACGTGTAGAGATGAGGTAA	4	R+7_1	Astronaut 1	R+7	R	52.9077260339066
R+7_1_TACGTGTCTAGTAGAGCAGG	3	R+7_1	Astronaut 1	R+7	R	34.808876412402
R+7_1_TACGTTTCATATTCAGCAGG	2	R+7_1	Astronaut 1	R+7	R	36.2602335504004
R+7_1_TAGAGAACCGGCGAAGCTCT	4	R+7_1	Astronaut 1	R+7	R	40.0069250842279
R+7_1_TAGAGCAGCGGGAGCGCTCT	4	R+7_1	Astronaut 1	R+7	R	34.8258504198072
R+7_1_TAGAGCGGATCGTCGGGTCC	6	R+7_1	Astronaut 1	R+7	R	37.6631623235721
R+7_1_TAGAGCTGGAGCAACGTTAG	0	R+7_1	Astronaut 1	R+7	R	38.4459433776199
R+7_1_TAGAGGACTGCTGGAGCAGG	0	R+7_1	Astronaut 1	R+7	R	44.939190430804
R+7_1_TAGAGGAGTCCTTAAGCAGG	3	R+7_1	Astronaut 1	R+7	R	42.4097084778034
R+7_1_TAGGACAGTTCGACCGCAGG	4	R+7_1	Astronaut 1	R+7	R	44.5286422886279
R+7_1_TAGGACCTCACTTAAGGTCC	2	R+7_1	Astronaut 1	R+7	R	34.8245918435297
R+7_1_TAGGACTCCAGCGAAGGCAG	1	R+7_1	Astronaut 1	R+7	R	41.6038537189177
R+7_1_TAGGAGGAGCCAGTTGTAAT	0	R+7_1	Astronaut 1	R+7	R	53.5231239287077
R+7_1_TAGGATATCTGTAGATAAGG	2	R+7_1	Astronaut 1	R+7	R	38.4082558954889
R+7_1_TATCTCTAGTGGCAGTAAGG	0	R+7_1	Astronaut 1	R+7	R	44.8639966705169
R+7_1_TATCTGGTAACTTAAGCTCT	4	R+7_1	Astronaut 1	R+7	R	39.5295822986593
R+7_1_TATCTTGAGACAATCGCAGG	4	R+7_1	Astronaut 1	R+7	R	33.9298310917548
R+7_1_TATGCAAGCAGTAGAGGTCC	4	R+7_1	Astronaut 1	R+7	R	39.1737061185758
R+7_1_TATGCCAGCGATTCAGTAAT	4	R+7_1	Astronaut 1	R+7	R	41.0891291674728
R+7_1_TATTGACTCGGTATCTAAGG	4	R+7_1	Astronaut 1	R+7	R	35.6843261046622
R+7_1_TATTGATTGGGGCGTGGTAA	2	R+7_1	Astronaut 1	R+7	R	35.0836134138851
R+7_1_TATTGCAGAACGACCTAAGG	4	R+7_1	Astronaut 1	R+7	R	31.277780783833
R+7_1_TATTGTCAGTGTATCGTAGA	4	R+7_1	Astronaut 1	R+7	R	51.047603437222
R+7_1_TATTGTTAGCCGCAAGCGAA	0	R+7_1	Astronaut 1	R+7	R	36.7331292470032
R+7_1_TCAGTCAGTTGTAGAGGTCC	4	R+7_1	Astronaut 1	R+7	R	34.7634259400852
R+7_1_TCAGTTAAGGCGACCGCTCT	4	R+7_1	Astronaut 1	R+7	R	44.0525349539683
R+7_1_TCAGTTGAGACCATAGGTAA	0	R+7_1	Astronaut 1	R+7	R	44.9391904905773
R+7_1_TCCGGAAGGTCAATCGTAAT	1	R+7_1	Astronaut 1	R+7	R	39.2972578340811
R+7_1_TCCGGACTTCCGAAGGGCAG	4	R+7_1	Astronaut 1	R+7	R	39.2954878711728
R+7_1_TCCGGATCCTCTAGTGGTAA	2	R+7_1	Astronaut 1	R+7	R	44.9391905503507
R+7_1_TCCGGATGCGATTGGGGTCC	0	R+7_1	Astronaut 1	R+7	R	44.8639967302902
R+7_1_TCCGGCGCTCGCAACGTAAT	0	R+7_1	Astronaut 1	R+7	R	38.504189303172
R+7_1_TCCGGGGTCCCGCAAGGCAG	4	R+7_1	Astronaut 1	R+7	R	35.552856781969
R+7_1_TCGCGAGGCTGGCAGGTAAT	4	R+7_1	Astronaut 1	R+7	R	42.0494006941678
R+7_1_TCGCGAGTTGCGACCGCTCT	3	R+7_1	Astronaut 1	R+7	R	30.3606200522183
R+7_1_TCGCGCGCCTCTACGGGTAA	2	R+7_1	Astronaut 1	R+7	R	41.0941039462401
R+7_1_TCGCGGATATCCTAGGTAAT	4	R+7_1	Astronaut 1	R+7	R	43.5170945463011
R+7_1_TCGCGGCAGGCGCAAGTAAT	5	R+7_1	Astronaut 1	R+7	R	41.0845840163901
R+7_1_TCGCGGGTAAGAGTCGCGAA	6	R+7_1	Astronaut 1	R+7	R	34.7563373896342
R+7_1_TCGCGGGTAAGAGTCGGTAA	5	R+7_1	Astronaut 1	R+7	R	46.9486917732869
R+7_1_TCGCGTATTGATTGGGTAAT	0	R+7_1	Astronaut 1	R+7	R	36.721493644757
R+7_1_TCGTATTGAAGAACCGGTAA	4	R+7_1	Astronaut 1	R+7	R	47.7387969257204
R+7_1_TCGTATTGAAGAACCTAAGG	6	R+7_1	Astronaut 1	R+7	R	49.4725691624023
R+7_1_TCTACACTTCGGTCCGGTCC	2	R+7_1	Astronaut 1	R+7	R	42.0063980706223
R+7_1_TCTACGAGCTGTATCGTTAG	4	R+7_1	Astronaut 1	R+7	R	39.6447418532096
R+7_1_TGAGAACTCGATTCAGCAGG	6	R+7_1	Astronaut 1	R+7	R	36.5801588945323
R+7_1_TGAGAACTCGCCGCTGCTCT	4	R+7_1	Astronaut 1	R+7	R	42.28391581678
R+7_1_TGAGACAATCGAGTCGTTAG	4	R+7_1	Astronaut 1	R+7	R	33.1898099499785
R+7_1_TGAGACGATTCTCCAGGTCC	4	R+7_1	Astronaut 1	R+7	R	39.5594988897863
R+7_1_TGAGAGATATGGCAGGCTCT	4	R+7_1	Astronaut 1	R+7	R	38.5046423694096
R+7_1_TGCGCCGGCACAATCGTCCG	4	R+7_1	Astronaut 1	R+7	R	51.3119990821303
R+7_1_TGCGCTATGCATTCAGCTCT	5	R+7_1	Astronaut 1	R+7	R	36.5801589543056
R+7_1_TGCTAAGGTCCTTAAGGTCC	4	R+7_1	Astronaut 1	R+7	R	41.603853778691
R+7_1_TGCTAGACTGGAGCTGTAAT	0	R+7_1	Astronaut 1	R+7	R	34.900007792443
R+7_1_TGCTAGACTGGGAGCGCTCT	6	R+7_1	Astronaut 1	R+7	R	44.939190610124
R+7_1_TGCTAGTCTACGATTGTAAT	4	R+7_1	Astronaut 1	R+7	R	37.3307147988411
R+7_1_TGCTATTGAAGGCGTGCTCT	2	R+7_1	Astronaut 1	R+7	R	34.9509464085909
R+7_1_TGGACCCGCTCTAGTGTAAT	6	R+7_1	Astronaut 1	R+7	R	39.9852996943607
R+7_1_TTAGCACTTCCGGCAGCTCT	4	R+7_1	Astronaut 1	R+7	R	49.4725692221756
R+7_1_TTAGCGCTGCCAACTGTAAT	0	R+7_1	Astronaut 1	R+7	R	38.504642429183
R+7_1_TTAGCTATCTCCTAGGTAAT	0	R+7_1	Astronaut 1	R+7	R	44.9391906698973
R+7_1_TTAGCTTATGCTACGGGTCC	6	R+7_1	Astronaut 1	R+7	R	41.0863696661927
R+7_1_TTATGCGGATGCAACTAAGG	0	R+7_1	Astronaut 1	R+7	R	38.4897566426043
R+7_1_TTATGTCGCGCCGCTGCTCT	2	R+7_1	Astronaut 1	R+7	R	40.623370369042
R+7_1_TTATGTCGTACGCAAGGCAG	4	R+7_1	Astronaut 1	R+7	R	43.6147972775306
R+7_1_TTCATAACCGGGCAGGTAAT	0	R+7_1	Astronaut 1	R+7	R	42.0505194465717
R+7_1_TTCATAGAACCCTAGGGTCC	2	R+7_1	Astronaut 1	R+7	R	34.8945661447852
R+7_1_TTCATAGTTGCGCTCGTCCG	4	R+7_1	Astronaut 1	R+7	R	44.0135323978929
R+7_1_TTCATATGGCCGCTCGCTCT	0	R+7_1	Astronaut 1	R+7	R	40.0039263547234
R+7_1_TTCATCGATTGAGTCGCTCT	7	R+7_1	Astronaut 1	R+7	R	41.6038538384643
R+7_1_TTCATGCAACCTAGTGCTCT	4	R+7_1	Astronaut 1	R+7	R	31.8636354302096
R+7_1_TTCATGTCTAATTGGGTCCG	4	R+7_1	Astronaut 1	R+7	R	41.6038538982377
R+7_1_TTCGAAAGCAGCGAAGTCCG	1	R+7_1	Astronaut 1	R+7	R	48.1722780049043
R+7_1_TTCGAAGGCTCGCCTGGCAG	0	R+7_1	Astronaut 1	R+7	R	36.7268738303313
R+7_1_TTCGAAGGCTGCGAAGTAAT	4	R+7_1	Astronaut 1	R+7	R	37.5917158835856
R+7_1_TTCGAAGTTGCGACCGCAGG	4	R+7_1	Astronaut 1	R+7	R	34.1084508129166
R+7_1_TTCGAGCTGCCGGCAGTAAT	0	R+7_1	Astronaut 1	R+7	R	40.0827516613636
R+7_1_TTCGAGGCAGGCGGTGCTCT	4	R+7_1	Astronaut 1	R+7	R	44.0278313215282
R+7_1_TTCGATCAGTCGAAGGTAAT	4	R+7_1	Astronaut 1	R+7	R	41.6262724231575
R+7_2_AACCGACTTCCAACTGCTTG	4	R+7_2	Astronaut 2	R+7	R	44.0135324576662
R+7_2_AACCGATTACCAATCGATGA	2	R+7_2	Astronaut 2	R+7	R	48.8507707812272
R+7_2_AACCGCAGAACTACGGATGA	0	R+7_2	Astronaut 2	R+7	R	51.0476034969953
R+7_2_AACCGCAGCGGCCTTGCAAC	0	R+7_2	Astronaut 2	R+7	R	48.3193665220967
R+7_2_AACCGCTACGGGAGCGCTTG	2	R+7_2	Astronaut 2	R+7	R	48.4177420199592
R+7_2_AACCGCTCCAGTAATGCGGT	4	R+7_2	Astronaut 2	R+7	R	46.1503762009681
R+7_2_AACCGGGTAACTAACGCGGT	0	R+7_2	Astronaut 2	R+7	R	48.1994034461193
R+7_2_AACGAAAGGTCTAACGATGA	0	R+7_2	Astronaut 2	R+7	R	43.5244248012835
R+7_2_AACGAGTAATGAACCGATAT	4	R+7_2	Astronaut 2	R+7	R	49.2224087977555
R+7_2_AACGATAAGGGGTCCGATAT	3	R+7_2	Astronaut 2	R+7	R	53.5918194454368
R+7_2_AACGATTCATCTTAAGATAT	0	R+7_2	Astronaut 2	R+7	R	50.3484136990437
R+7_2_AACTCAAGACGAACCGGCGT	5	R+7_2	Astronaut 2	R+7	R	53.2834175538908
R+7_2_AACTCACCTACTAACGGAGC	4	R+7_2	Astronaut 2	R+7	R	46.5082999502473
R+7_2_AACTCACTTCCAGAAGCGGT	4	R+7_2	Astronaut 2	R+7	R	53.216134684025
R+7_2_AACTCCAGCGCAGCGGTAAT	4	R+7_2	Astronaut 2	R+7	R	48.6078650641469
R+7_2_AAGACATCTGCTTAAGCGGT	0	R+7_2	Astronaut 2	R+7	R	49.1683402873518
R+7_2_AAGACGATATGCAACGGCGT	0	R+7_2	Astronaut 2	R+7	R	44.909517201733
R+7_2_AAGACGCCTTGCCTTGCAAC	0	R+7_2	Astronaut 2	R+7	R	51.2110338355105
R+7_2_AAGCAACTCGCAATCGCGGT	4	R+7_2	Astronaut 2	R+7	R	51.5011366174913
R+7_2_AAGCAAGAACCGACCGATGA	3	R+7_2	Astronaut 2	R+7	R	54.743901403973
R+7_2_AAGCAAGAACGATGAGCTTG	0	R+7_2	Astronaut 2	R+7	R	48.4177420797325
R+7_2_AAGCAATGGCGATATGCTGC	0	R+7_2	Astronaut 2	R+7	R	45.3071120700909
R+7_2_AAGCACGAAGGCAACGTAAT	3	R+7_2	Astronaut 2	R+7	R	51.0476035567686
R+7_2_AAGCAGATATCGCAAGCCTT	0	R+7_2	Astronaut 2	R+7	R	51.2542011635116
R+7_2_AAGCAGCGAACAGTTGTCTA	3	R+7_2	Astronaut 2	R+7	R	50.1423967876898
R+7_2_AAGCAGTAATGTAATGCGGT	3	R+7_2	Astronaut 2	R+7	R	51.336787195195
R+7_2_AAGCAGTATCGCGAAGTAAT	0	R+7_2	Astronaut 2	R+7	R	53.3059059798439
R+7_2_AAGGTAAGCAGAACCGCTTG	4	R+7_2	Astronaut 2	R+7	R	41.0838082458302
R+7_2_AAGGTCGAAGCAGCGGCTGC	4	R+7_2	Astronaut 2	R+7	R	44.0135325174396
R+7_2_AAGGTCGACCGAGCTGATAT	4	R+7_2	Astronaut 2	R+7	R	47.8574719292569
R+7_2_AAGGTGATGAGGCAGGCAAC	0	R+7_2	Astronaut 2	R+7	R	51.1229892541043
R+7_2_ACCAGACTTCCTACGGATAT	4	R+7_2	Astronaut 2	R+7	R	45.3071121298643
R+7_2_ACCAGACTTCCTACGGCAAC	0	R+7_2	Astronaut 2	R+7	R	52.3226749705226
R+7_2_ACCAGCAACTGCGGTGTAAT	0	R+7_2	Astronaut 2	R+7	R	51.8456789499558
R+7_2_ACCAGCCTAGCCGCTGCAAC	0	R+7_2	Astronaut 2	R+7	R	52.3430290897155
R+7_2_ACCAGCGACCCAGTTGGAGC	5	R+7_2	Astronaut 2	R+7	R	49.6674578436575
R+7_2_ACCAGGATATCAACTGTCTA	4	R+7_2	Astronaut 2	R+7	R	45.1406715828697
R+7_2_ACCTAAAGCACCTCAGCAAC	0	R+7_2	Astronaut 2	R+7	R	30.3606201119916
R+7_2_ACCTACGAAGGATGAGATAT	4	R+7_2	Astronaut 2	R+7	R	51.1539748260825
R+7_2_ACGATACGATGGTAAGTAAT	4	R+7_2	Astronaut 2	R+7	R	43.8402427104498
R+7_2_ACGATACTTCCAGAAGCTTG	2	R+7_2	Astronaut 2	R+7	R	56.1398963904327
R+7_2_ACGATTATGCCCTCAGGCGT	0	R+7_2	Astronaut 2	R+7	R	51.8456790097292
R+7_2_ACGATTCAGTCAGCGGCCTT	4	R+7_2	Astronaut 2	R+7	R	49.472569281949
R+7_2_ACTAAAACGAGCTGCGATGA	2	R+7_2	Astronaut 2	R+7	R	43.5244248610568
R+7_2_ACTAAGAGTCCTAACGATAT	4	R+7_2	Astronaut 2	R+7	R	57.8429214537293
R+7_2_ACTAAGCCTTCGGCAGATGA	0	R+7_2	Astronaut 2	R+7	R	51.047603616542
R+7_2_ACTAAGTATCCGCCTGCTTG	0	R+7_2	Astronaut 2	R+7	R	53.6629366713618
R+7_2_ACTAATTAGCGAGTCGGCGT	0	R+7_2	Astronaut 2	R+7	R	53.5911998013991
R+7_2_ACTAATTAGCGGTCCGCGGT	0	R+7_2	Astronaut 2	R+7	R	51.0476036763153
R+7_2_ACTCGATCCTGAACCGATGA	0	R+7_2	Astronaut 2	R+7	R	51.0488728199485
R+7_2_ACTCGCTTAAGCGAAGGCGT	0	R+7_2	Astronaut 2	R+7	R	45.6137146306326
R+7_2_ACTCGGAACCCCTCAGATAT	4	R+7_2	Astronaut 2	R+7	R	51.0476037360886
R+7_2_ACTCGTTATGCTGGAGCAAC	3	R+7_2	Astronaut 2	R+7	R	53.503180630075
R+7_2_ACTTCATTGGCGCTCGCCTT	4	R+7_2	Astronaut 2	R+7	R	51.3789020194302
R+7_2_ACTTCCAACTCGGATGGCGT	2	R+7_2	Astronaut 2	R+7	R	51.2720678031958
R+7_2_ACTTCTTCATGAACCGCAAC	4	R+7_2	Astronaut 2	R+7	R	33.1909017229072
R+7_2_AGAACGGCGTGAGCTGATAT	4	R+7_2	Astronaut 2	R+7	R	44.9391907296707
R+7_2_AGAACGGTAAGCCTTGTAAT	0	R+7_2	Astronaut 2	R+7	R	48.1697675139411
R+7_2_AGAACTTCGACGTCGGGAGC	3	R+7_2	Astronaut 2	R+7	R	43.5241219592632
R+7_2_AGAGTAGGCTGCGAAGTAAT	0	R+7_2	Astronaut 2	R+7	R	48.4177421395059
R+7_2_AGAGTATCCTCGTCGGATGA	0	R+7_2	Astronaut 2	R+7	R	51.8456790695025
R+7_2_AGAGTGAACCCTACGGCAAC	0	R+7_2	Astronaut 2	R+7	R	46.5921127643711
R+7_2_AGAGTGTTAGCGAAGGATGA	0	R+7_2	Astronaut 2	R+7	R	48.1722780646776
R+7_2_AGAGTTATGCATTGGGCAAC	0	R+7_2	Astronaut 2	R+7	R	49.3353479279846
R+7_2_AGCGGAAGCACGATTGCTTG	0	R+7_2	Astronaut 2	R+7	R	46.1306917089003
R+7_2_AGCGGATTACGAACCGCTTG	4	R+7_2	Astronaut 2	R+7	R	43.0157139547387
R+7_2_AGCGGCGATTGATATGATAT	4	R+7_2	Astronaut 2	R+7	R	50.2555007940637
R+7_2_AGCGGGCAACATTGGGCGGT	0	R+7_2	Astronaut 2	R+7	R	43.0484866354512
R+7_2_AGCGGTGCGCCGATTGATGA	3	R+7_2	Astronaut 2	R+7	R	52.0369676706592
R+7_2_AGGCTACTTCCCTCAGCGGT	2	R+7_2	Astronaut 2	R+7	R	43.5244249208302
R+7_2_AGGCTATTCACAGCGGTAAT	4	R+7_2	Astronaut 2	R+7	R	48.4177421992792
R+7_2_AGGCTTAGAGCGGATGCAAC	3	R+7_2	Astronaut 2	R+7	R	55.3324403196626
R+7_2_AGGTCCAATCGTAATGTCTA	4	R+7_2	Astronaut 2	R+7	R	31.5404430550023
R+7_2_AGGTCGAGCTGGAGCGATGA	0	R+7_2	Astronaut 2	R+7	R	48.2235107547508
R+7_2_AGGTCGGTCCCGCTCGGAGC	0	R+7_2	Astronaut 2	R+7	R	59.01746436584
R+7_2_AGGTCGTTAGCGCTCGCCTT	4	R+7_2	Astronaut 2	R+7	R	51.047603795862
R+7_2_AGGTCTCCGGGGTAAGATAT	4	R+7_2	Astronaut 2	R+7	R	56.3129748621215
R+7_2_AGGTCTGAGACGCCTGCTTG	4	R+7_2	Astronaut 2	R+7	R	38.5046424889563
R+7_2_AGTTGGGAGCGCAGGGATGA	0	R+7_2	Astronaut 2	R+7	R	47.1888601253121
R+7_2_AGTTGTAGAGCCTCAGCTTG	4	R+7_2	Astronaut 2	R+7	R	31.5404431147757
R+7_2_ATCCTCAGCGCTAACGCAAC	3	R+7_2	Astronaut 2	R+7	R	56.6034902175004
R+7_2_ATCCTTTCATCGATTGGCGT	0	R+7_2	Astronaut 2	R+7	R	46.9021224784033
R+7_2_ATCTGGCCTTGCTCTGCTTG	4	R+7_2	Astronaut 2	R+7	R	50.581324074998
R+7_2_ATCTGTCGCGGTAGAGATGA	2	R+7_2	Astronaut 2	R+7	R	49.7282522629184
R+7_2_ATCTGTTCGAGGTCCGATAT	0	R+7_2	Astronaut 2	R+7	R	53.6116193075734
R+7_2_ATGGCACTCGGCTCTGCAAC	0	R+7_2	Astronaut 2	R+7	R	52.9554980389368
R+7_2_ATGGCGTCCGGTAATGCTTG	0	R+7_2	Astronaut 2	R+7	R	52.2268076403229
R+7_2_ATGGCTATCTGGTCCGATAT	4	R+7_2	Astronaut 2	R+7	R	43.5170946060744
R+7_2_ATGGCTGAGACGACCGGCGT	0	R+7_2	Astronaut 2	R+7	R	44.0930357932251
R+7_2_ATTACATTACCTAGTGCCTT	2	R+7_2	Astronaut 2	R+7	R	49.7282523226917
R+7_2_ATTACCAACTCTAACGGCGT	4	R+7_2	Astronaut 2	R+7	R	46.9486918330603
R+7_2_ATTACGGTCCCAGTTGATGA	0	R+7_2	Astronaut 2	R+7	R	48.2134149640834
R+7_2_ATTACTAGAGCTTAAGATAT	4	R+7_2	Astronaut 2	R+7	R	43.518658979875
R+7_2_ATTCACCATACGTCGGCAAC	0	R+7_2	Astronaut 2	R+7	R	48.2614691371718
R+7_2_ATTGGAAGGTGATATGCAAC	1	R+7_2	Astronaut 2	R+7	R	46.1991991355912
R+7_2_ATTGGATCCTCTGGAGGCGT	4	R+7_2	Astronaut 2	R+7	R	44.9961962908073
R+7_2_ATTGGCTAGTCGCTCGCTGC	2	R+7_2	Astronaut 2	R+7	R	46.9486918928336
R+7_2_ATTGGCTCCAGAACCGCTGC	4	R+7_2	Astronaut 2	R+7	R	52.5259003251444
R+7_2_ATTGGTCATCATTCAGATGA	0	R+7_2	Astronaut 2	R+7	R	48.2212232196921
R+7_2_CAACTAACTCCAGTTGCAAC	0	R+7_2	Astronaut 2	R+7	R	49.1683403471252
R+7_2_CAATCAAGCACCATAGCAAC	1	R+7_2	Astronaut 2	R+7	R	49.2326270702079
R+7_2_CAATCCAGCGCAGTTGTCTA	0	R+7_2	Astronaut 2	R+7	R	57.8652043672022
R+7_2_CAATCGCGAACGTCGGCCTT	4	R+7_2	Astronaut 2	R+7	R	25.4194487343454
R+7_2_CAATCTTCATGATGAGATAT	4	R+7_2	Astronaut 2	R+7	R	30.3606201717649
R+7_2_CAGAAAACTCCGCTCGCTTG	3	R+7_2	Astronaut 2	R+7	R	54.5858612730404
R+7_2_CAGAAAAGGTCCATAGATAT	4	R+7_2	Astronaut 2	R+7	R	50.5641641443468
R+7_2_CAGAAATTCAGAGCTGGCGT	1	R+7_2	Astronaut 2	R+7	R	51.0476038556353
R+7_2_CAGAAGAGCTGGAGCGATGA	1	R+7_2	Astronaut 2	R+7	R	53.5976352607477
R+7_2_CAGCGAGGCTCAGCGGCCTT	4	R+7_2	Astronaut 2	R+7	R	58.7235125410914
R+7_2_CAGCGCAATCCCTCAGGCGT	0	R+7_2	Astronaut 2	R+7	R	48.4548209904251
R+7_2_CAGCGCTTAAGTAGAGATGA	0	R+7_2	Astronaut 2	R+7	R	53.4028930515315
R+7_2_CAGCGGAACCGCTTGGATGA	4	R+7_2	Astronaut 2	R+7	R	46.1554065534137
R+7_2_CAGCGGTCTACAACTGTAAT	0	R+7_2	Astronaut 2	R+7	R	46.8705685049278
R+7_2_CAGCGTTCATCCTCAGTCTA	3	R+7_2	Astronaut 2	R+7	R	46.4825670689689
R+7_2_CAGTTACCTACTACGGATAT	4	R+7_2	Astronaut 2	R+7	R	45.6239567077615
R+7_2_CAGTTACTTCCGGCAGCGGT	2	R+7_2	Astronaut 2	R+7	R	56.0902783706984
R+7_2_CAGTTAGAACGCGGTGCTGC	3	R+7_2	Astronaut 2	R+7	R	50.1640955977793
R+7_2_CAGTTATTCACGCAAGCTTG	0	R+7_2	Astronaut 2	R+7	R	61.4709323296089
R+7_2_CAGTTGATGAGCGGTGCGGT	0	R+7_2	Astronaut 2	R+7	R	50.6594279252899
R+7_2_CAGTTGCGAACGCAAGGTCC	0	R+7_2	Astronaut 2	R+7	R	55.405989754069
R+7_2_CAGTTGTAATGAGTCGCGGT	2	R+7_2	Astronaut 2	R+7	R	49.264760211555
R+7_2_CAGTTGTAGAGAACCGCAAC	0	R+7_2	Astronaut 2	R+7	R	45.1861939239874
R+7_2_CAGTTGTCCGCCTAGGATGA	0	R+7_2	Astronaut 2	R+7	R	50.3004493609122
R+7_2_CAGTTTCTACGCTTGGATAT	4	R+7_2	Astronaut 2	R+7	R	44.939190789444
R+7_2_CCATAAGGCTCTACGGCTTG	1	R+7_2	Astronaut 2	R+7	R	51.4950259538263
R+7_2_CCATAATTCAGCTCTGCAAC	0	R+7_2	Astronaut 2	R+7	R	49.0435947367508
R+7_2_CCATACGTCGGCGGTGCTTG	2	R+7_2	Astronaut 2	R+7	R	45.1237329351141
R+7_2_CCATAGAGCTGGTCCGATGA	4	R+7_2	Astronaut 2	R+7	R	41.6933884359239
R+7_2_CCGCTAAGGTCAGAAGATGA	0	R+7_2	Astronaut 2	R+7	R	48.4177422590525
R+7_2_CCGCTCGACCCAGAAGATGA	4	R+7_2	Astronaut 2	R+7	R	44.9391908492173
R+7_2_CCGCTCGGATCGATTGGCGT	4	R+7_2	Astronaut 2	R+7	R	49.4725693417223
R+7_2_CCGCTGTATCGCAGGGCTTG	4	R+7_2	Astronaut 2	R+7	R	45.3071121896376
R+7_2_CCTAGGCTTGGCTCTGCGGT	4	R+7_2	Astronaut 2	R+7	R	49.2753546391602
R+7_2_CCTAGTATGCGGTAAGTCTA	0	R+7_2	Astronaut 2	R+7	R	48.172278124451
R+7_2_CCTCACGCCTGAACCGGCGT	0	R+7_2	Astronaut 2	R+7	R	53.4585162794428
R+7_2_CCTCACGCTCCCTCAGATGA	3	R+7_2	Astronaut 2	R+7	R	55.4679924267205
R+7_2_CCTCATAGAGGTAGAGCAAC	1	R+7_2	Astronaut 2	R+7	R	18.9950412495089
R+7_2_CGAAGAAGGTCTAACGTCTA	4	R+7_2	Astronaut 2	R+7	R	53.2286779358469
R+7_2_CGAAGACTAAGGCGTGTAAT	0	R+7_2	Astronaut 2	R+7	R	51.8456791292758
R+7_2_CGAAGACTCGCGCCTGATGA	0	R+7_2	Astronaut 2	R+7	R	56.0952980030155
R+7_2_CGAAGCGCTCCTACGGCAAC	0	R+7_2	Astronaut 2	R+7	R	54.739235989612
R+7_2_CGAAGCGTCGCCGCTGCAAC	0	R+7_2	Astronaut 2	R+7	R	41.603853958011
R+7_2_CGAAGGAGCTGGCGTGCAAC	3	R+7_2	Astronaut 2	R+7	R	48.4548210501984
R+7_2_CGAAGTATTGGTAGAGCAAC	0	R+7_2	Astronaut 2	R+7	R	48.5572242012615
R+7_2_CGACCACTTCGGCGTGCGGT	4	R+7_2	Astronaut 2	R+7	R	54.840228363922
R+7_2_CGACCCCTAGCCTAGGCTTG	2	R+7_2	Astronaut 2	R+7	R	43.614797337304
R+7_2_CGACCGCTGCGCCTTGGCGT	3	R+7_2	Astronaut 2	R+7	R	45.6317254346351
R+7_2_CGACCGCTTGGGCAGGCGGT	2	R+7_2	Astronaut 2	R+7	R	40.0326241035932
R+7_2_CGACCTACGTCAATCGCGGT	0	R+7_2	Astronaut 2	R+7	R	52.5259003849177
R+7_2_CGATTAACCGCGAAGGGCGT	0	R+7_2	Astronaut 2	R+7	R	44.93374251133
R+7_2_CGATTCCGCTGTAATGGCGT	4	R+7_2	Astronaut 2	R+7	R	42.0495728700704
R+7_2_CGATTCGATTGAACCGCTGC	4	R+7_2	Astronaut 2	R+7	R	45.4219042790411
R+7_2_CGATTGGAGCGTAGAGCGGT	3	R+7_2	Astronaut 2	R+7	R	57.8396902876097
R+7_2_CGCAAAAGGTCCGCTGCGGT	3	R+7_2	Astronaut 2	R+7	R	50.1243032584686
R+7_2_CGCAAAGAACGCAACGCAAC	0	R+7_2	Astronaut 2	R+7	R	51.0476039154086
R+7_2_CGCAAAGGCTCCGCTGATGA	2	R+7_2	Astronaut 2	R+7	R	55.1143071216311
R+7_2_CGCAAAGTTGGGCAGGGCGT	0	R+7_2	Astronaut 2	R+7	R	45.3071122494109
R+7_2_CGCAAGAACCGGCAGGGCGT	1	R+7_2	Astronaut 2	R+7	R	48.4083316953533
R+7_2_CGCAATAGGACCTAGGATAT	0	R+7_2	Astronaut 2	R+7	R	52.9348613404911
R+7_2_CGCAATAGGAGATGAGCAAC	0	R+7_2	Astronaut 2	R+7	R	45.3071123091843
R+7_2_CGCAATATTGGCTCTGTCTA	4	R+7_2	Astronaut 2	R+7	R	48.6850404352254
R+7_2_CGCCTAGGCTGATGAGGCGT	4	R+7_2	Astronaut 2	R+7	R	53.0153642990808
R+7_2_CGCCTCAACTCAGTTGTCTA	4	R+7_2	Astronaut 2	R+7	R	41.0955507633972
R+7_2_CGCCTCTAACGATGAGCGGT	4	R+7_2	Astronaut 2	R+7	R	46.4825671287423
R+7_2_CGCCTGCAGGGCCTTGGAGC	0	R+7_2	Astronaut 2	R+7	R	51.4774952625036
R+7_2_CGCCTGCTCTCTAGTGATGA	0	R+7_2	Astronaut 2	R+7	R	49.5119140222652
R+7_2_CGCCTGGCAGGTATCGCTTG	1	R+7_2	Astronaut 2	R+7	R	44.9391909089907
R+7_2_CGCCTTATCTGTAATGCGGT	0	R+7_2	Astronaut 2	R+7	R	49.1683404068985
R+7_2_CGCCTTATTGATTGGGGAGC	4	R+7_2	Astronaut 2	R+7	R	48.1636481111915
R+7_2_CGCCTTGAGACTAGTGCTGC	4	R+7_2	Astronaut 2	R+7	R	42.4505260726999
R+7_2_CGCTCATTCACGTCGGCTGC	4	R+7_2	Astronaut 2	R+7	R	31.540443174549
R+7_2_CGCTCCGACCGTAATGCAAC	6	R+7_2	Astronaut 2	R+7	R	51.8456791890492
R+7_2_CGCTCCGGCAGAACCGGCGT	4	R+7_2	Astronaut 2	R+7	R	48.4177423188259
R+7_2_CGCTCGGCAGCGCAAGTCTA	0	R+7_2	Astronaut 2	R+7	R	46.9486919526069
R+7_2_CGCTCTATTGGTATCGGCGT	0	R+7_2	Astronaut 2	R+7	R	47.8544469349167
R+7_2_CGCTCTCCGGCGATTGCTGC	2	R+7_2	Astronaut 2	R+7	R	39.2972413656191
R+7_2_CGGATACTTCCCATAGGCGT	0	R+7_2	Astronaut 2	R+7	R	51.8456792488225
R+7_2_CGGATCAGAAGCGGTGTAAT	0	R+7_2	Astronaut 2	R+7	R	44.9234442684606
R+7_2_CGGATGAGCTCGCCTGGCGT	2	R+7_2	Astronaut 2	R+7	R	49.728252382465
R+7_2_CGGCAACTTCGCCTTGTCTA	4	R+7_2	Astronaut 2	R+7	R	54.588687289912
R+7_2_CGGCACTTAACCATAGCTGC	4	R+7_2	Astronaut 2	R+7	R	24.7895666118781
R+7_2_CGGCATGGACCCTCAGCAAC	2	R+7_2	Astronaut 2	R+7	R	55.7174235202192
R+7_2_CGTCGCAACTCTACGGATGA	0	R+7_2	Astronaut 2	R+7	R	53.7332833239424
R+7_2_CGTCGGCTTGCGCTCGGCGT	0	R+7_2	Astronaut 2	R+7	R	44.1146595806031
R+7_2_CTAACAAGGTGGCGTGATAT	4	R+7_2	Astronaut 2	R+7	R	51.1700728614944
R+7_2_CTAACCTCCAGTATCGCGGT	0	R+7_2	Astronaut 2	R+7	R	46.1991991953645
R+7_2_CTAACTAGGACTCCAGCTTG	4	R+7_2	Astronaut 2	R+7	R	45.5633473932637
R+7_2_CTAACTGCGCCGGATGCCTT	2	R+7_2	Astronaut 2	R+7	R	40.0590459094493
R+7_2_CTACGAAGACGAACCGCCTT	4	R+7_2	Astronaut 2	R+7	R	51.8456793085958
R+7_2_CTACGACGATGGCGTGATGA	2	R+7_2	Astronaut 2	R+7	R	46.6778044729827
R+7_2_CTACGCAGTTGACTGGATGA	3	R+7_2	Astronaut 2	R+7	R	50.6338921241121
R+7_2_CTACGTGCGCGGTAAGTCTA	4	R+7_2	Astronaut 2	R+7	R	41.6038540177844
R+7_2_CTAGTAACTCGCTTGGCTTG	4	R+7_2	Astronaut 2	R+7	R	44.0221428304198
R+7_2_CTAGTACTTCCGGCAGCTTG	1	R+7_2	Astronaut 2	R+7	R	55.6399542794656
R+7_2_CTAGTATCTGGACTGGTCTA	4	R+7_2	Astronaut 2	R+7	R	43.0918581560047
R+7_2_CTAGTGTAGACCTCAGTCTA	4	R+7_2	Astronaut 2	R+7	R	50.4804497096644
R+7_2_CTCCAAACGACTGGAGCGGT	5	R+7_2	Astronaut 2	R+7	R	30.3970573098896
R+7_2_CTCCACGAAGGAGTCGATAT	0	R+7_2	Astronaut 2	R+7	R	45.3041821106785
R+7_2_CTCCATATGCGTAATGCAAC	4	R+7_2	Astronaut 2	R+7	R	44.1554429126927
R+7_2_CTCCATGCTAGCTCTGATGA	0	R+7_2	Astronaut 2	R+7	R	46.1554066131871
R+7_2_CTGGAAAGCAATTGGGGCGT	2	R+7_2	Astronaut 2	R+7	R	33.8856841065201
R+7_2_CTGGACGTCGCGGATGCTTG	4	R+7_2	Astronaut 2	R+7	R	40.7419893700973
R+7_2_CTTAAAACTCCCGCTGCAAC	0	R+7_2	Astronaut 2	R+7	R	31.5404432343223
R+7_2_CTTAACGCTCCCTCAGGAGC	0	R+7_2	Astronaut 2	R+7	R	45.2820915445068
R+7_2_CTTAACGTCGCCTAGGCGGT	4	R+7_2	Astronaut 2	R+7	R	42.2839158765534
R+7_2_CTTAACTACGCAGTTGCTTG	4	R+7_2	Astronaut 2	R+7	R	49.4725694014956
R+7_2_CTTAAGCTCTCCTAGGCGGT	3	R+7_2	Astronaut 2	R+7	R	53.2586456828926
R+7_2_CTTAAGGTAACTAGTGATGA	2	R+7_2	Astronaut 2	R+7	R	51.1557102940379
R+7_2_CTTAATGCGCCAGTTGCTTG	0	R+7_2	Astronaut 2	R+7	R	46.5155181495908
R+7_2_CTTAATTGAAATTCAGATAT	4	R+7_2	Astronaut 2	R+7	R	33.9298311515281
R+7_2_GAACCAGTTGGTAATGCTGC	4	R+7_2	Astronaut 2	R+7	R	58.6173997978573
R+7_2_GAACCCAGAACGATTGATGA	4	R+7_2	Astronaut 2	R+7	R	44.939190968764
R+7_2_GAACCGAGTCGCGGTGATAT	4	R+7_2	Astronaut 2	R+7	R	57.387674097729
R+7_2_GAACCGCTCTCAGTTGCAAC	0	R+7_2	Astronaut 2	R+7	R	45.1063254805401
R+7_2_GACTGCGCCTGATGAGATAT	4	R+7_2	Astronaut 2	R+7	R	48.2822498957887
R+7_2_GACTGCGCTCGGAGCGATAT	2	R+7_2	Astronaut 2	R+7	R	45.2510777496359
R+7_2_GACTGGCAGGGCTGCGCAAC	0	R+7_2	Astronaut 2	R+7	R	44.8639967900635
R+7_2_GACTGGCCTTCGGATGCTTG	2	R+7_2	Astronaut 2	R+7	R	40.6965597564745
R+7_2_GACTGTCAGTCTACGGCAAC	6	R+7_2	Astronaut 2	R+7	R	56.5544034656525
R+7_2_GAGCTAGTTGCTCCAGCGGT	7	R+7_2	Astronaut 2	R+7	R	47.1123184775684
R+7_2_GAGTCATCCTATTCAGCAAC	0	R+7_2	Astronaut 2	R+7	R	18.9950413092822
R+7_2_GAGTCCGAAGGTAATGTCTA	0	R+7_2	Astronaut 2	R+7	R	49.5357874032123
R+7_2_GAGTCCGTCGGGCAGGATAT	0	R+7_2	Astronaut 2	R+7	R	47.3722278889396
R+7_2_GAGTCGATATGATATGGCGT	0	R+7_2	Astronaut 2	R+7	R	51.8951973415461
R+7_2_GAGTCTCTACGCTCTGGAGC	2	R+7_2	Astronaut 2	R+7	R	48.2620908516925
R+7_2_GATATGGCAGATTGGGATAT	0	R+7_2	Astronaut 2	R+7	R	46.8705685647012
R+7_2_GATATTGAGACGATTGGAGC	4	R+7_2	Astronaut 2	R+7	R	48.3533003688141
R+7_2_GATGACGCTCGCGGTGTAAT	4	R+7_2	Astronaut 2	R+7	R	45.3071123689576
R+7_2_GATGAGTCTACGCTCGATAT	0	R+7_2	Astronaut 2	R+7	R	52.3346888651583
R+7_2_GATGATAGAGGCGAAGATGA	0	R+7_2	Astronaut 2	R+7	R	51.873784024027
R+7_2_GCAACACGATATTCAGCAAC	0	R+7_2	Astronaut 2	R+7	R	48.1722781842243
R+7_2_GCAACATTGGGAGTCGCGGT	0	R+7_2	Astronaut 2	R+7	R	57.4077644568365
R+7_2_GCAACCTAACGTATCGCAAC	0	R+7_2	Astronaut 2	R+7	R	52.3418502206626
R+7_2_GCAACTGCTACGCCTGCTGC	4	R+7_2	Astronaut 2	R+7	R	39.0971506047353
R+7_2_GCAGGCAATCGCTTGGATGA	0	R+7_2	Astronaut 2	R+7	R	48.4177423785992
R+7_2_GCAGGGCGAACAACTGATAT	4	R+7_2	Astronaut 2	R+7	R	49.472569461269
R+7_2_GCAGGGTAATGCCTTGCTGC	0	R+7_2	Astronaut 2	R+7	R	50.1233723884477
R+7_2_GCAGGGTCCGCCATAGTAAT	4	R+7_2	Astronaut 2	R+7	R	48.2296792600281
R+7_2_GCAGGGTCCGGCTGCGCTTG	3	R+7_2	Astronaut 2	R+7	R	43.2309423167373
R+7_2_GCAGGGTTAGCGCCTGCTGC	4	R+7_2	Astronaut 2	R+7	R	31.5404432940957
R+7_2_GCAGGGTTAGCTGGAGCTGC	4	R+7_2	Astronaut 2	R+7	R	41.0936470990406
R+7_2_GCAGGTAGAGGGTCCGCAAC	0	R+7_2	Astronaut 2	R+7	R	52.5365838271885
R+7_2_GCAGGTCCGGGCCTTGCCTT	4	R+7_2	Astronaut 2	R+7	R	48.919290086166
R+7_2_GCCTTAAGGTGAGTCGTCTA	4	R+7_2	Astronaut 2	R+7	R	41.6038540775577
R+7_2_GCCTTAGTTGCAGAAGATAT	0	R+7_2	Astronaut 2	R+7	R	59.0009062327783
R+7_2_GCCTTGCAGGCTGGAGCAAC	1	R+7_2	Astronaut 2	R+7	R	42.239414609417
R+7_2_GCCTTGCTGCGCCTTGCAAC	0	R+7_2	Astronaut 2	R+7	R	49.1918994490634
R+7_2_GCGAAACTTCCGGATGCAAC	1	R+7_2	Astronaut 2	R+7	R	51.2026591823338
R+7_2_GCGAACTTAACGGCAGCTGC	4	R+7_2	Astronaut 2	R+7	R	51.2244444296539
R+7_2_GCGAAGAACCGAACCGGCGT	0	R+7_2	Astronaut 2	R+7	R	44.0935022293246
R+7_2_GCGAAGGCAGCTAGTGCTGC	4	R+7_2	Astronaut 2	R+7	R	45.2107011228073
R+7_2_GCGAAGTCTACAGAAGCAAC	1	R+7_2	Astronaut 2	R+7	R	51.047603975182
R+7_2_GCGAATGCGCCAACTGGAGC	4	R+7_2	Astronaut 2	R+7	R	43.5170946658477
R+7_2_GCGAATTCGAGAACCGGTCC	0	R+7_2	Astronaut 2	R+7	R	31.540443353869
R+7_2_GCGGTGCAACCGCCTGATGA	5	R+7_2	Astronaut 2	R+7	R	47.8721405743683
R+7_2_GCGGTGTATCCTACGGCTTG	0	R+7_2	Astronaut 2	R+7	R	53.7332833837158
R+7_2_GCGGTTACGTCGAAGGCGGT	0	R+7_2	Astronaut 2	R+7	R	48.240940541542
R+7_2_GCGGTTAGGAGACTGGCAAC	0	R+7_2	Astronaut 2	R+7	R	51.0476040349553
R+7_2_GCTCTAAGCAGATATGATGA	0	R+7_2	Astronaut 2	R+7	R	50.4853857725153
R+7_2_GCTCTAAGCAGATATGCAAC	0	R+7_2	Astronaut 2	R+7	R	57.8396903473831
R+7_2_GCTCTACGATCCATAGATGA	0	R+7_2	Astronaut 2	R+7	R	53.5918069395553
R+7_2_GCTCTACTCGCTAGTGATAT	3	R+7_2	Astronaut 2	R+7	R	31.5404434136424
R+7_2_GCTCTATTACGCTCTGCTGC	4	R+7_2	Astronaut 2	R+7	R	49.2493323442097
R+7_2_GCTCTCCTCAGGTAAGATGA	4	R+7_2	Astronaut 2	R+7	R	49.4725695210423
R+7_2_GCTCTGGTCCCAGTTGATAT	0	R+7_2	Astronaut 2	R+7	R	46.9486920123803
R+7_2_GCTCTTACGTGAGTCGCTTG	1	R+7_2	Astronaut 2	R+7	R	48.7150315596893
R+7_2_GCTCTTAGAGGCTTGGCAAC	0	R+7_2	Astronaut 2	R+7	R	59.7926421885701
R+7_2_GCTCTTCAGTCGCAAGCTGC	0	R+7_2	Astronaut 2	R+7	R	38.4845999584167
R+7_2_GCTGCTGCTACTGGAGCGGT	4	R+7_2	Astronaut 2	R+7	R	42.4292506998217
R+7_2_GCTTGACTTCATTGGGTCTA	4	R+7_2	Astronaut 2	R+7	R	30.3606202315383
R+7_2_GCTTGCTTAAGAGTCGGAGC	0	R+7_2	Astronaut 2	R+7	R	47.2590981613641
R+7_2_GCTTGGAGCTCGATTGATAT	5	R+7_2	Astronaut 2	R+7	R	45.5059160722918
R+7_2_GCTTGGAGCTCTACGGATAT	0	R+7_2	Astronaut 2	R+7	R	51.8456793683692
R+7_2_GCTTGTAAGGGAGTCGGAGC	0	R+7_2	Astronaut 2	R+7	R	48.2960630504265
R+7_2_GCTTGTTCATGAGTCGTCTA	4	R+7_2	Astronaut 2	R+7	R	49.4725695808156
R+7_2_GGAGCTATCTGTAGAGATAT	3	R+7_2	Astronaut 2	R+7	R	49.1967303643361
R+7_2_GGAGCTTCGACTCCAGGCGT	0	R+7_2	Astronaut 2	R+7	R	47.8550882066209
R+7_2_GGCAGAGGCTGGTCCGATAT	0	R+7_2	Astronaut 2	R+7	R	48.5572242610348
R+7_2_GGCAGCCGCTCTAGTGCTTG	4	R+7_2	Astronaut 2	R+7	R	48.1636481709648
R+7_2_GGCAGCGTCGGTAATGCGGT	4	R+7_2	Astronaut 2	R+7	R	50.2540695031221
R+7_2_GGCAGGTATCCTCCAGATGA	5	R+7_2	Astronaut 2	R+7	R	57.8396904071564
R+7_2_GGCAGTATTGCTTAAGGCGT	0	R+7_2	Astronaut 2	R+7	R	50.7363442548996
R+7_2_GGTAAAGAGTCTGGAGTCTA	0	R+7_2	Astronaut 2	R+7	R	46.9486920721536
R+7_2_GGTAAATTGGGTAATGCCTT	0	R+7_2	Astronaut 2	R+7	R	48.1908240807309
R+7_2_GGTAAGCTCTCTAGTGCTGC	4	R+7_2	Astronaut 2	R+7	R	41.093775227646
R+7_2_GGTAATGCGCCAGTTGCAAC	2	R+7_2	Astronaut 2	R+7	R	53.6127991329729
R+7_2_GGTAATTGAAGACTGGATAT	4	R+7_2	Astronaut 2	R+7	R	50.7131283806211
R+7_2_GGTCCAACTCGCAACGATAT	4	R+7_2	Astronaut 2	R+7	R	38.5046425487296
R+7_2_GTAATCGCCTGGAGCGATAT	4	R+7_2	Astronaut 2	R+7	R	50.5227701408026
R+7_2_GTAATGGCAGCCTCAGCCTT	4	R+7_2	Astronaut 2	R+7	R	43.5385895229669
R+7_2_GTAGACCGCTGCGGTGATAT	4	R+7_2	Astronaut 2	R+7	R	57.4532450274617
R+7_2_GTAGAGAGTCCGCTCGCAAC	1	R+7_2	Astronaut 2	R+7	R	46.9486921319269
R+7_2_GTAGATAGAGCGTCGGCTGC	4	R+7_2	Astronaut 2	R+7	R	44.0135325772129
R+7_2_GTATCACTCGGCTTGGATGA	0	R+7_2	Astronaut 2	R+7	R	49.7282524422384
R+7_2_GTATCACTTCCTAACGGCGT	1	R+7_2	Astronaut 2	R+7	R	51.0476040947286
R+7_2_GTATCAGAGTCGCTCGGAGC	3	R+7_2	Astronaut 2	R+7	R	60.3914729107704
R+7_2_GTATCAGTTGCCATAGATGA	0	R+7_2	Astronaut 2	R+7	R	48.2703165704785
R+7_2_GTATCATCTGCCGCTGGCGT	0	R+7_2	Astronaut 2	R+7	R	48.4177424383725
R+7_2_GTATCCAGCGGTATCGGCGT	0	R+7_2	Astronaut 2	R+7	R	45.9049079566982
R+7_2_GTATCCCATACTGGAGGAGC	0	R+7_2	Astronaut 2	R+7	R	56.5011529590047
R+7_2_GTATCCGCCTGTATCGCTGC	4	R+7_2	Astronaut 2	R+7	R	45.5814941516494
R+7_2_GTCCGAGAGTATTGGGCGGT	4	R+7_2	Astronaut 2	R+7	R	48.1636482307382
R+7_2_GTCCGGCAACGCGAAGATGA	3	R+7_2	Astronaut 2	R+7	R	48.4177424981459
R+7_2_GTCCGGGCAGGGTAAGCTTG	0	R+7_2	Astronaut 2	R+7	R	51.8456794281425
R+7_2_GTCTACTGGACTCCAGGCGT	0	R+7_2	Astronaut 2	R+7	R	44.8639968498369
R+7_2_GTCTAGGCAGGGTAAGGAGC	0	R+7_2	Astronaut 2	R+7	R	46.1298499923081
R+7_2_GTCTATTAGCCGCTCGATGA	0	R+7_2	Astronaut 2	R+7	R	51.8456794879158
R+7_2_GTTAGATGCGCAGCGGGCGT	0	R+7_2	Astronaut 2	R+7	R	46.8705686244745
R+7_2_GTTAGGGTCCCAGCGGGAGC	0	R+7_2	Astronaut 2	R+7	R	53.4995214571873
R+7_2_GTTAGTAGAGCAGTTGGTCC	0	R+7_2	Astronaut 2	R+7	R	51.1244152140674
R+7_2_GTTAGTAGGACTGGAGTCTA	4	R+7_2	Astronaut 2	R+7	R	50.3688323531606
R+7_2_TAAGGATCCTCAGAAGATGA	0	R+7_2	Astronaut 2	R+7	R	44.069795381743
R+7_2_TAAGGATCCTCTCCAGTAAT	3	R+7_2	Astronaut 2	R+7	R	47.7292889181591
R+7_2_TAAGGCGTCGATTCAGCCTT	4	R+7_2	Astronaut 2	R+7	R	52.5259004446911
R+7_2_TAAGGGTAATGAGCTGCAAC	2	R+7_2	Astronaut 2	R+7	R	53.6182718549888
R+7_2_TAAGGTACGTCAGAAGATGA	0	R+7_2	Astronaut 2	R+7	R	18.9950413690556
R+7_2_TAAGGTAGGAGTATCGATAT	4	R+7_2	Astronaut 2	R+7	R	44.0310086554037
R+7_2_TACGTAGAACCGGATGTCTA	3	R+7_2	Astronaut 2	R+7	R	47.2891409075132
R+7_2_TACGTAGTTGCCGCTGATGA	4	R+7_2	Astronaut 2	R+7	R	55.4431718881074
R+7_2_TAGAGCGATTCGCTCGCCTT	4	R+7_2	Astronaut 2	R+7	R	54.6332749155694
R+7_2_TAGAGGCAACCAGTTGTCTA	3	R+7_2	Astronaut 2	R+7	R	45.2883986449878
R+7_2_TAGGAATCCTCTTAAGCTGC	0	R+7_2	Astronaut 2	R+7	R	55.6803590363135
R+7_2_TAGGAATGGCGATATGCCTT	0	R+7_2	Astronaut 2	R+7	R	51.2747812114926
R+7_2_TAGGAGGTCCGGTAAGGAGC	0	R+7_2	Astronaut 2	R+7	R	50.2015170517526
R+7_2_TAGGATTCGACGACCGGAGC	4	R+7_2	Astronaut 2	R+7	R	45.307112428731
R+7_2_TATCTCCGCTGCTCTGCAAC	3	R+7_2	Astronaut 2	R+7	R	51.8456795476892
R+7_2_TATCTCGCCTCCTAGGATGA	1	R+7_2	Astronaut 2	R+7	R	56.9326784315602
R+7_2_TATCTGGCAGGAACCGATAT	0	R+7_2	Astronaut 2	R+7	R	47.1123185373417
R+7_2_TATCTTTGAACGATTGCTGC	4	R+7_2	Astronaut 2	R+7	R	44.0135326369862
R+7_2_TATGCAACCGGCAGGGATAT	4	R+7_2	Astronaut 2	R+7	R	53.6726078190374
R+7_2_TATGCACTAACTCCAGGCGT	0	R+7_2	Astronaut 2	R+7	R	51.8456796074625
R+7_2_TATGCTTCGAGCTGCGGTCC	0	R+7_2	Astronaut 2	R+7	R	50.7121292698271
R+7_2_TATTGACTAACCTCAGGAGC	4	R+7_2	Astronaut 2	R+7	R	51.0545395093588
R+7_2_TATTGACTCGCGCCTGATAT	4	R+7_2	Astronaut 2	R+7	R	36.5801590140789
R+7_2_TATTGAGTTGCTCCAGCTTG	0	R+7_2	Astronaut 2	R+7	R	48.1722782439976
R+7_2_TATTGCGCCTGGCAGGCCTT	0	R+7_2	Astronaut 2	R+7	R	31.5404434734157
R+7_2_TATTGCGGATGCCTTGATGA	0	R+7_2	Astronaut 2	R+7	R	43.0612616654002
R+7_2_TATTGTGCGCCGGCAGCAAC	2	R+7_2	Astronaut 2	R+7	R	45.9880841275596
R+7_2_TCAGTCAGTTCTCCAGCAAC	0	R+7_2	Astronaut 2	R+7	R	48.5572243208082
R+7_2_TCAGTCGGATGAGCTGCAAC	1	R+7_2	Astronaut 2	R+7	R	44.9373007181752
R+7_2_TCAGTTAGAGCGCCTGTCTA	4	R+7_2	Astronaut 2	R+7	R	31.540443533189
R+7_2_TCAGTTCTACCGGATGGCGT	0	R+7_2	Astronaut 2	R+7	R	53.6090628321518
R+7_2_TCAGTTGCTACAGTTGCAAC	4	R+7_2	Astronaut 2	R+7	R	48.6076524740499
R+7_2_TCAGTTTGAACAGTTGCAAC	0	R+7_2	Astronaut 2	R+7	R	53.4052478318744
R+7_2_TCATCTATCTGCTGCGCAAC	3	R+7_2	Astronaut 2	R+7	R	55.7011227818958
R+7_2_TCCGGAGCGGGAGCTGCTTG	4	R+7_2	Astronaut 2	R+7	R	44.9391910285374
R+7_2_TCCGGAGTTGCGCCTGTCTA	2	R+7_2	Astronaut 2	R+7	R	49.3157216759705
R+7_2_TCCGGATCCTATTGGGATGA	0	R+7_2	Astronaut 2	R+7	R	31.5404435929624
R+7_2_TCCGGCGTCGCGCTCGATAT	0	R+7_2	Astronaut 2	R+7	R	49.2620222384695
R+7_2_TCCGGGCGAAGAACCGTAAT	4	R+7_2	Astronaut 2	R+7	R	36.1587177548969
R+7_2_TCCGGGCTCTCAGCGGCTTG	0	R+7_2	Astronaut 2	R+7	R	58.9699136626526
R+7_2_TCCGGGGAGCGCAGGGCAAC	2	R+7_2	Astronaut 2	R+7	R	51.8456796672358
R+7_2_TCCGGTAGGAGACTGGCAAC	0	R+7_2	Astronaut 2	R+7	R	47.5341055071485
R+7_2_TCCGGTCATCCTTAAGCTTG	0	R+7_2	Astronaut 2	R+7	R	46.9486921917003
R+7_2_TCGCGTCATCGGTAAGGCGT	0	R+7_2	Astronaut 2	R+7	R	54.522288421868
R+7_2_TCGCGTGAGAGTAGAGATAT	2	R+7_2	Astronaut 2	R+7	R	46.1302822632769
R+7_2_TCGTAAAGCAGGTAAGATGA	0	R+7_2	Astronaut 2	R+7	R	53.2798727363374
R+7_2_TCGTAGATATGTAGAGCAAC	2	R+7_2	Astronaut 2	R+7	R	48.6059617609845
R+7_2_TCTACAGAACGGTAAGCGGT	2	R+7_2	Astronaut 2	R+7	R	42.2790494027443
R+7_2_TCTACCGGCAGAACCGGCGT	0	R+7_2	Astronaut 2	R+7	R	53.6329316131612
R+7_2_TCTACCGTCGCGTCGGCAAC	0	R+7_2	Astronaut 2	R+7	R	53.3689247115776
R+7_2_TCTACGATGACGACCGATGA	2	R+7_2	Astronaut 2	R+7	R	59.0164665384826
R+7_2_TCTACGCAACGTAGAGGTCC	0	R+7_2	Astronaut 2	R+7	R	50.4642554607408
R+7_2_TCTACTAGGAGACTGGCAAC	1	R+7_2	Astronaut 2	R+7	R	48.172278303771
R+7_2_TGAGAAACTCGGTCCGTCTA	4	R+7_2	Astronaut 2	R+7	R	58.7898446756722
R+7_2_TGAGAACTCGCGACCGCTTG	7	R+7_2	Astronaut 2	R+7	R	54.6332749753427
R+7_2_TGAGAGCAGGGCAGGGCGGT	4	R+7_2	Astronaut 2	R+7	R	46.1991992551379
R+7_2_TGAGAGTATCGTAGAGGTCC	4	R+7_2	Astronaut 2	R+7	R	44.9415299456834
R+7_2_TGAGATACGTGCGGTGATGA	0	R+7_2	Astronaut 2	R+7	R	38.504642608503
R+7_2_TGAGATATTGCGAAGGCAAC	3	R+7_2	Astronaut 2	R+7	R	54.5222884816413
R+7_2_TGCGCCAATCGCTGCGGAGC	0	R+7_2	Astronaut 2	R+7	R	54.633275035116
R+7_2_TGCGCCGGATCAGTTGCCTT	3	R+7_2	Astronaut 2	R+7	R	55.674088978738
R+7_2_TGCGCGGTAAGGAGCGGTCC	4	R+7_2	Astronaut 2	R+7	R	36.7228999862655
R+7_2_TGCTACAATCATTGGGCTGC	0	R+7_2	Astronaut 2	R+7	R	51.8456797270092
R+7_2_TGCTACTACGCTAGTGGCGT	0	R+7_2	Astronaut 2	R+7	R	54.9128417345575
R+7_2_TGCTAGCGAAGTAGAGTAAT	4	R+7_2	Astronaut 2	R+7	R	43.5385895827402
R+7_2_TGCTATCATCCGATTGCTTG	4	R+7_2	Astronaut 2	R+7	R	51.8456797867825
R+7_2_TGCTATCATCCTAACGCAAC	3	R+7_2	Astronaut 2	R+7	R	58.6377498405148
R+7_2_TGGACCTAACGCGGTGGAGC	4	R+7_2	Astronaut 2	R+7	R	53.7332834434891
R+7_2_TGGACGGCAGATTCAGCTTG	0	R+7_2	Astronaut 2	R+7	R	50.3037038131393
R+7_2_TGGACTTGAAGTAATGCTTG	0	R+7_2	Astronaut 2	R+7	R	53.5889978220887
R+7_2_TTAGCACTAACTGGAGCAAC	0	R+7_2	Astronaut 2	R+7	R	54.6332750948894
R+7_2_TTAGCCAGCGGTATCGATGA	0	R+7_2	Astronaut 2	R+7	R	50.27841668464
R+7_2_TTAGCCTGGAGCAGGGATGA	0	R+7_2	Astronaut 2	R+7	R	49.1752385125178
R+7_2_TTATGACCAGATTCAGGCGT	4	R+7_2	Astronaut 2	R+7	R	42.5045887416322
R+7_2_TTATGACTTCCTGGAGTAAT	4	R+7_2	Astronaut 2	R+7	R	51.8456798465558
R+7_2_TTATGCCGCTCAATCGGCGT	0	R+7_2	Astronaut 2	R+7	R	45.3071124885043
R+7_2_TTATGCCGCTGCTGCGATGA	0	R+7_2	Astronaut 2	R+7	R	44.1448744126887
R+7_2_TTATGCCTCAGTAGAGTCTA	2	R+7_2	Astronaut 2	R+7	R	48.8541522936299
R+7_2_TTATGCGGATATTCAGATGA	0	R+7_2	Astronaut 2	R+7	R	46.9486922514736
R+7_2_TTATGCTAACGCAGGGCGGT	4	R+7_2	Astronaut 2	R+7	R	48.613884489227
R+7_2_TTATGGAACCGCTCTGCCTT	4	R+7_2	Astronaut 2	R+7	R	51.3912913574384
R+7_2_TTATGGGTAAGCTGCGCGGT	4	R+7_2	Astronaut 2	R+7	R	48.5700882625069
R+7_2_TTATGGTATCCGATTGCGGT	4	R+7_2	Astronaut 2	R+7	R	39.0495916700882
R+7_2_TTCATACTCGGCAGGGATGA	2	R+7_2	Astronaut 2	R+7	R	53.5888084795116
R+7_2_TTCATATTGGCCTAGGTCTA	4	R+7_2	Astronaut 2	R+7	R	36.7214937045303
R+7_2_TTCATGAGCTCAGCGGGCGT	0	R+7_2	Astronaut 2	R+7	R	52.3342689312084
R+7_2_TTCATTCTACGGTCCGATGA	5	R+7_2	Astronaut 2	R+7	R	46.1991993149112
R+7_2_TTCATTTAGCCGACCGATGA	0	R+7_2	Astronaut 2	R+7	R	41.0915827767397
R+7_2_TTCATTTGAACGATTGCAAC	2	R+7_2	Astronaut 2	R+7	R	50.285157553594
R+7_2_TTCGAAGGCTCTACGGTAAT	0	R+7_2	Astronaut 2	R+7	R	54.4271597801813
R+7_2_TTCGACGTCGGATATGCAAC	0	R+7_2	Astronaut 2	R+7	R	48.7365875745822
R+7_2_TTCGACTAACCCGCTGCTTG	0	R+7_2	Astronaut 2	R+7	R	44.4183884402219
R+7_2_TTCGAGCGAAGGAGCGCAAC	2	R+7_2	Astronaut 2	R+7	R	51.8456799063292
R+7_2_TTCGATCAGTGCTTGGCAAC	1	R+7_2	Astronaut 2	R+7	R	55.1099772414257
R+7_2_TTCGATTCATCTAGTGGAGC	0	R+7_2	Astronaut 2	R+7	R	50.5108467374029
R+7_2_TTGAAAAGACGGCAGGCGGT	4	R+7_2	Astronaut 2	R+7	R	45.1098352210338
R+7_2_TTGAACCGCTGGTAAGCCTT	4	R+7_2	Astronaut 2	R+7	R	45.3071125482776
R+7_3_AACCGAACTCCTAGTGGTCC	0	R+7_3	Astronaut 3	R+7	R	44.8639969096102
R+7_3_AACCGACCAGCGACCGTAAT	1	R+7_3	Astronaut 3	R+7	R	53.6119756983634
R+7_3_AACCGCTCCAGCTTGGGTCC	2	R+7_3	Astronaut 3	R+7	R	33.1926207308986
R+7_3_AACCGTATGCCGTCGGCGAA	5	R+7_3	Astronaut 3	R+7	R	61.4709323893822
R+7_3_AACGAAACCGATTCAGTAAT	0	R+7_3	Astronaut 3	R+7	R	55.3324403794359
R+7_3_AACGAAGGCTGGTCCGGCAG	1	R+7_3	Astronaut 3	R+7	R	45.307112608051
R+7_3_AACGACCTAGCTCCATAAGG	2	R+7_3	Astronaut 3	R+7	R	48.4177425579192
R+7_3_AACGACGGCACGACCGGTAA	3	R+7_3	Astronaut 3	R+7	R	52.2593910207828
R+7_3_AACGAGATGACTCCATAAGG	0	R+7_3	Astronaut 3	R+7	R	50.2829511526043
R+7_3_AACGAGTAGACAGTTGGTAA	0	R+7_3	Astronaut 3	R+7	R	56.7630629702652
R+7_3_AACGAGTATCCAGTTTAAGG	3	R+7_3	Astronaut 3	R+7	R	49.2967358202655
R+7_3_AACGAGTATCGGCGTTAAGG	0	R+7_3	Astronaut 3	R+7	R	57.9869869744897
R+7_3_AACGAGTCCGGTAGAGCTCT	0	R+7_3	Astronaut 3	R+7	R	52.3213496544479
R+7_3_AACGAGTTAGCCGCTGCGAA	1	R+7_3	Astronaut 3	R+7	R	51.4849391221103
R+7_3_AACGATAGAGGGTAAGCGAA	1	R+7_3	Astronaut 3	R+7	R	52.352619576491
R+7_3_AACGATATGCATTGGGCTCT	0	R+7_3	Astronaut 3	R+7	R	49.6891316569695
R+7_3_AACGATGGACCGGCAGGCAG	0	R+7_3	Astronaut 3	R+7	R	54.4964321464567
R+7_3_AACTCATCCTGGTAAGTAAT	0	R+7_3	Astronaut 3	R+7	R	30.3970573696629
R+7_3_AACTCCCGCTCAGAAGCTCT	0	R+7_3	Astronaut 3	R+7	R	51.1793589204155
R+7_3_AACTCCGGATCGGATGCTCT	0	R+7_3	Astronaut 3	R+7	R	49.3807797257241
R+7_3_AACTCGAGTCCGGCAGCTCT	2	R+7_3	Astronaut 3	R+7	R	21.1157389999899
R+7_3_AACTCGCGAAGGCAGGTAAT	1	R+7_3	Astronaut 3	R+7	R	57.5680789047828
R+7_3_AACTCGGCGTCTTAAGGTCC	1	R+7_3	Astronaut 3	R+7	R	43.7153785004102
R+7_3_AAGACAAGCAGCAACTAAGG	4	R+7_3	Astronaut 3	R+7	R	49.472569640589
R+7_3_AAGACGCGAACCTAGGTCCG	0	R+7_3	Astronaut 3	R+7	R	44.1685233501096
R+7_3_AAGACGCTTGCAGTTGGTCC	1	R+7_3	Astronaut 3	R+7	R	56.5754699793128
R+7_3_AAGACGCTTGGGCGTGGTCC	3	R+7_3	Astronaut 3	R+7	R	51.4007633706555
R+7_3_AAGACGGTAAGCTTGGCAGG	2	R+7_3	Astronaut 3	R+7	R	36.4286252478546
R+7_3_AAGACTCAGTCTACGGGTAA	0	R+7_3	Astronaut 3	R+7	R	39.2964756942147
R+7_3_AAGCAAGCGGGAGTCGTAAT	5	R+7_3	Astronaut 3	R+7	R	60.9638626124783
R+7_3_AAGCAATGGCCCATATAAGG	1	R+7_3	Astronaut 3	R+7	R	54.5772225470492
R+7_3_AAGCACCGCTCCGCTTAAGG	3	R+7_3	Astronaut 3	R+7	R	53.5955599172448
R+7_3_AAGCACGCCTATTGGGGTCC	0	R+7_3	Astronaut 3	R+7	R	61.1291491577389
R+7_3_AAGCAGCCTTCAGCGGTAAT	0	R+7_3	Astronaut 3	R+7	R	38.5046426682763
R+7_3_AAGCAGCGGTGTATCGGTCC	7	R+7_3	Astronaut 3	R+7	R	61.0484183457097
R+7_3_AAGCATAGGAGAGCTGTATC	0	R+7_3	Astronaut 3	R+7	R	53.1510083802664
R+7_3_AAGCATCATCCGAAGGCTCT	0	R+7_3	Astronaut 3	R+7	R	50.5991837791857
R+7_3_AAGCATCGCGGATATGTAAT	1	R+7_3	Astronaut 3	R+7	R	52.1743879431218
R+7_3_AAGGTCAGCGCTGGAGTAAT	1	R+7_3	Astronaut 3	R+7	R	52.3394570822335
R+7_3_AAGGTCGGCACGGATGCTCT	3	R+7_3	Astronaut 3	R+7	R	46.1554066729604
R+7_3_AAGGTGATGAGGCGTTAAGG	4	R+7_3	Astronaut 3	R+7	R	44.1448744724621
R+7_3_ACCAGATCCTCTAGTGCTCT	1	R+7_3	Astronaut 3	R+7	R	56.7093765765198
R+7_3_ACCAGCAACTGCGGTGCGAA	0	R+7_3	Astronaut 3	R+7	R	48.7358131208634
R+7_3_ACCAGCCTCAGGTCCGTCCG	0	R+7_3	Astronaut 3	R+7	R	49.7282525020117
R+7_3_ACCAGCGTCGCCGCTGGTAA	2	R+7_3	Astronaut 3	R+7	R	50.654445061943
R+7_3_ACCAGGGAGCCTACGGGCAG	2	R+7_3	Astronaut 3	R+7	R	43.7066051166384
R+7_3_ACCAGGTCTAGCGAAGGCAG	1	R+7_3	Astronaut 3	R+7	R	41.6762142148011
R+7_3_ACCAGTTCATATTGGGCAGG	4	R+7_3	Astronaut 3	R+7	R	44.8489499432072
R+7_3_ACCAGTTCATGCTCTGCAGG	2	R+7_3	Astronaut 3	R+7	R	50.7621833291819
R+7_3_ACCTAACTCGCCGCTGTAAT	1	R+7_3	Astronaut 3	R+7	R	53.7332835032624
R+7_3_ACCTAAGGTCGAGTCGGTCC	2	R+7_3	Astronaut 3	R+7	R	56.6613833289029
R+7_3_ACCTAATTACGCTTGGTTAG	4	R+7_3	Astronaut 3	R+7	R	46.9486923112469
R+7_3_ACCTAGGTCCGCTGCGTAAT	0	R+7_3	Astronaut 3	R+7	R	50.303063091458
R+7_3_ACGATCAGCGCGAAGGTAAT	1	R+7_3	Astronaut 3	R+7	R	57.912613010203
R+7_3_ACGATCAGTTGACTGGTAAT	5	R+7_3	Astronaut 3	R+7	R	36.7265902564479
R+7_3_ACGATCGATTGTAGAGGTAA	4	R+7_3	Astronaut 3	R+7	R	36.4033652807885
R+7_3_ACGATCGGCAGCTGCGCGAA	1	R+7_3	Astronaut 3	R+7	R	59.4796759857574
R+7_3_ACGATCTAGTATTGGGTAAT	1	R+7_3	Astronaut 3	R+7	R	56.0796361609964
R+7_3_ACGATGATGACGACCGCAGG	0	R+7_3	Astronaut 3	R+7	R	39.5412346598166
R+7_3_ACGATGATGACTAACGCTCT	1	R+7_3	Astronaut 3	R+7	R	52.2666079276944
R+7_3_ACGATTGAGAGAACCGTTAG	1	R+7_3	Astronaut 3	R+7	R	38.5046427280497
R+7_3_ACGATTGCGCCAACTTAAGG	0	R+7_3	Astronaut 3	R+7	R	43.1374853358498
R+7_3_ACGATTGCTACTTAAGCAGG	6	R+7_3	Astronaut 3	R+7	R	61.4709324491555
R+7_3_ACGATTTCGAGAGTCGCAGG	0	R+7_3	Astronaut 3	R+7	R	55.7605304822302
R+7_3_ACTAAAGCGGCTGGAGTATC	2	R+7_3	Astronaut 3	R+7	R	49.4725697003623
R+7_3_ACTAAAGGTCGGCAGGTAAT	0	R+7_3	Astronaut 3	R+7	R	49.481447247292
R+7_3_ACTAACAGCGGAACCGTTAG	0	R+7_3	Astronaut 3	R+7	R	53.0356486644932
R+7_3_ACTAAGCTGCCCTCAGTTAG	1	R+7_3	Astronaut 3	R+7	R	51.047604154502
R+7_3_ACTAAGTATCGGAGCGGCAG	1	R+7_3	Astronaut 3	R+7	R	44.1448745322354
R+7_3_ACTAATAGGAGAACCGGCAG	3	R+7_3	Astronaut 3	R+7	R	43.3361805022297
R+7_3_ACTAATCTACCGAAGGGCAG	0	R+7_3	Astronaut 3	R+7	R	56.1108140962761
R+7_3_ACTCGCCATAGTAGAGGTAA	0	R+7_3	Astronaut 3	R+7	R	44.1147743664274
R+7_3_ACTCGCGCTCGCGGTGCGAA	2	R+7_3	Astronaut 3	R+7	R	44.0821636849912
R+7_3_ACTCGCTAACCTAGTGGTAA	3	R+7_3	Astronaut 3	R+7	R	43.5221400066492
R+7_3_ACTCGCTACGCGGATTAAGG	0	R+7_3	Astronaut 3	R+7	R	44.6829582022135
R+7_3_ACTCGGAGCTCAGTTGTAGA	0	R+7_3	Astronaut 3	R+7	R	44.083807059684
R+7_3_ACTCGGGCGTGGCAGTAAGG	1	R+7_3	Astronaut 3	R+7	R	43.5385896425136
R+7_3_ACTCGTCGTAGCAACGCAGG	0	R+7_3	Astronaut 3	R+7	R	39.5295823584326
R+7_3_ACTTCGAGTCCTAACGCAGG	0	R+7_3	Astronaut 3	R+7	R	52.5319865557583
R+7_3_AGAACAGAGTGCCTTGCTCT	2	R+7_3	Astronaut 3	R+7	R	50.736344314673
R+7_3_AGAACATGGCGCTCTTAAGG	0	R+7_3	Astronaut 3	R+7	R	49.0934492331957
R+7_3_AGAACCCATACAATCGGCAG	0	R+7_3	Astronaut 3	R+7	R	54.919164773016
R+7_3_AGAACCCGCTCGCCTGTAAT	1	R+7_3	Astronaut 3	R+7	R	54.7392314548964
R+7_3_AGAACGTATCCTAACGTAAT	2	R+7_3	Astronaut 3	R+7	R	61.2284373647368
R+7_3_AGAGTAAGGTGGCAGGTCCG	0	R+7_3	Astronaut 3	R+7	R	48.6992014269404
R+7_3_AGAGTACTAACTAACGCGAA	2	R+7_3	Astronaut 3	R+7	R	46.4825671885156
R+7_3_AGAGTGGTAAGGCGTGTAGA	6	R+7_3	Astronaut 3	R+7	R	49.4725697601356
R+7_3_AGAGTTCATCCAGTTGGTCC	0	R+7_3	Astronaut 3	R+7	R	42.2790494625176
R+7_3_AGAGTTCATCGGCGTGGTCC	1	R+7_3	Astronaut 3	R+7	R	50.6526790000972
R+7_3_AGAGTTTCGACTCCAGCGAA	2	R+7_3	Astronaut 3	R+7	R	40.7419894298706
R+7_3_AGCGGAAGCACTAACGGTCC	7	R+7_3	Astronaut 3	R+7	R	56.910399968321
R+7_3_AGCGGATCCTCTGGAGGTCC	3	R+7_3	Astronaut 3	R+7	R	45.2900907842856
R+7_3_AGCGGGATATGCTTGGCGAA	1	R+7_3	Astronaut 3	R+7	R	48.2464856972217
R+7_3_AGCGGTATGCGTATCGGCAG	1	R+7_3	Astronaut 3	R+7	R	44.0135326967596
R+7_3_AGCGGTCGTACAGTTGGTCC	0	R+7_3	Astronaut 3	R+7	R	44.9391910883107
R+7_3_AGGCTACGATCAGTTGGTCC	0	R+7_3	Astronaut 3	R+7	R	51.2442937344006
R+7_3_AGGCTCGACCCGCCTGCGAA	1	R+7_3	Astronaut 3	R+7	R	47.8406010564252
R+7_3_AGGCTCTACGGCGAAGGTCC	0	R+7_3	Astronaut 3	R+7	R	51.173435196392
R+7_3_AGGCTCTAGTGACTGGCAGG	1	R+7_3	Astronaut 3	R+7	R	40.1022250203291
R+7_3_AGGCTGGCGTCGCCTGGCAG	2	R+7_3	Astronaut 3	R+7	R	44.1448745920087
R+7_3_AGGCTTAGAGCGATTGTTAG	0	R+7_3	Astronaut 3	R+7	R	53.6667361377685
R+7_3_AGGTCAGAACCCGCTGTATC	0	R+7_3	Astronaut 3	R+7	R	48.6523332820961
R+7_3_AGGTCATGGCCGTCGGTATC	3	R+7_3	Astronaut 3	R+7	R	54.6332751546627
R+7_3_AGGTCCCATACCATAGGTAA	0	R+7_3	Astronaut 3	R+7	R	56.7513239604602
R+7_3_AGGTCCGCCTGAGTCGGCAG	1	R+7_3	Astronaut 3	R+7	R	55.0006206499494
R+7_3_AGGTCCGGCACTGGAGTAAT	1	R+7_3	Astronaut 3	R+7	R	51.0476042142753
R+7_3_AGGTCGGAGCGGAGCGTAGA	0	R+7_3	Astronaut 3	R+7	R	55.3558946119112
R+7_3_AGGTCTTCGAGTAATGTCCG	4	R+7_3	Astronaut 3	R+7	R	44.5286423484013
R+7_3_AGTTGAGGCTCAGTTGGTCC	1	R+7_3	Astronaut 3	R+7	R	52.5259005044644
R+7_3_AGTTGTAGGAATTCAGCTCT	4	R+7_3	Astronaut 3	R+7	R	43.5244249806035
R+7_3_ATCCTAAGACCGGCAGGTAA	0	R+7_3	Astronaut 3	R+7	R	44.9444148864953
R+7_3_ATCTGCTAGTATTGGGTCCG	0	R+7_3	Astronaut 3	R+7	R	49.093449292969
R+7_3_ATCTGGTCTAGAGTCTAAGG	0	R+7_3	Astronaut 3	R+7	R	50.7396051905053
R+7_3_ATGCGAAGCACAGTTGTAAT	6	R+7_3	Astronaut 3	R+7	R	53.6684904355353
R+7_3_ATGCGCGCTCGTATCGCAGG	1	R+7_3	Astronaut 3	R+7	R	43.518674102327
R+7_3_ATGCGCGTCGGATATGTAAT	1	R+7_3	Astronaut 3	R+7	R	48.4177426176925
R+7_3_ATGCGGAGCTCAGCGTAAGG	4	R+7_3	Astronaut 3	R+7	R	44.8639969693835
R+7_3_ATGCGGCCTTATTGGGGCAG	0	R+7_3	Astronaut 3	R+7	R	33.192620790672
R+7_3_ATGCGTAGAGGAGCTGGTCC	6	R+7_3	Astronaut 3	R+7	R	46.4825672482889
R+7_3_ATGCGTGCGCCGATTGGTCC	3	R+7_3	Astronaut 3	R+7	R	49.0477918142056
R+7_3_ATGGCAACTCGTAGAGTAGA	1	R+7_3	Astronaut 3	R+7	R	31.4578719758117
R+7_3_ATGGCACCAGGGCGTGTCCG	3	R+7_3	Astronaut 3	R+7	R	44.0814896348525
R+7_3_ATGGCAGGCTGCGAAGCTCT	1	R+7_3	Astronaut 3	R+7	R	52.5318876736727
R+7_3_ATGGCCGCAAGAACCGCTCT	2	R+7_3	Astronaut 3	R+7	R	53.4965969422069
R+7_3_ATGGCTAGGACGATTGTCCG	2	R+7_3	Astronaut 3	R+7	R	56.2555233534147
R+7_3_ATGGCTATGCGAGTCGGCAG	1	R+7_3	Astronaut 3	R+7	R	52.5343980941098
R+7_3_ATTACATCCTCTAACGCGAA	1	R+7_3	Astronaut 3	R+7	R	61.4709325089289
R+7_3_ATTACGGAGCCAGCGGCGAA	1	R+7_3	Astronaut 3	R+7	R	51.0476042740486
R+7_3_ATTACTAGAGCGAAGGTTAG	0	R+7_3	Astronaut 3	R+7	R	49.2351596850542
R+7_3_ATTACTCATCGTAATGCAGG	0	R+7_3	Astronaut 3	R+7	R	53.639861025898
R+7_3_ATTACTTGAAGCGAAGGTCC	3	R+7_3	Astronaut 3	R+7	R	53.4616536618121
R+7_3_ATTCACGCCTGTATCGTCCG	0	R+7_3	Astronaut 3	R+7	R	61.4709325687022
R+7_3_ATTCACTAACGTAGAGCTCT	2	R+7_3	Astronaut 3	R+7	R	31.5404436527357
R+7_3_ATTCAGATGAGGTCCGTAAT	3	R+7_3	Astronaut 3	R+7	R	54.7439014637463
R+7_3_ATTCAGCTGCGGTCCGTAAT	1	R+7_3	Astronaut 3	R+7	R	61.4709326284756
R+7_3_ATTCATAAGGCTTAAGCGAA	0	R+7_3	Astronaut 3	R+7	R	42.279049522291
R+7_3_ATTCATATTGCGGATTAAGG	2	R+7_3	Astronaut 3	R+7	R	61.4709326882489
R+7_3_ATTGGGCGAACGAAGGTAGA	0	R+7_3	Astronaut 3	R+7	R	50.6569197262899
R+7_3_ATTGGGTAATGTAATGCGAA	2	R+7_3	Astronaut 3	R+7	R	53.5136449628443
R+7_3_CAACTCCATAGCTGCGCAGG	0	R+7_3	Astronaut 3	R+7	R	61.4709327480222
R+7_3_CAACTCGATTCTAACGTTAG	0	R+7_3	Astronaut 3	R+7	R	54.6128069766255
R+7_3_CAACTGAGCTGAGCTGCTCT	3	R+7_3	Astronaut 3	R+7	R	21.6974160605453
R+7_3_CAATCCCTCAGGCGTGGCAG	0	R+7_3	Astronaut 3	R+7	R	53.2598726547176
R+7_3_CAATCCTAGTCTCCAGGTAA	2	R+7_3	Astronaut 3	R+7	R	59.0472751634929
R+7_3_CAATCGAACCGGCAGTAAGG	3	R+7_3	Astronaut 3	R+7	R	55.0419457645698
R+7_3_CAATCGAGCTCGGATGTAGA	0	R+7_3	Astronaut 3	R+7	R	51.5606012106464
R+7_3_CAGAAATTCAGCTCTGGTAA	0	R+7_3	Astronaut 3	R+7	R	52.5259005642377
R+7_3_CAGAAGCTGCGGTAAGGTAA	6	R+7_3	Astronaut 3	R+7	R	56.2722460454914
R+7_3_CAGAAGGCGTCAGAAGCAGG	0	R+7_3	Astronaut 3	R+7	R	49.2075566640531
R+7_3_CAGAAGTATCCGATTGGCAG	1	R+7_3	Astronaut 3	R+7	R	50.6641426565636
R+7_3_CAGAATACGTGTATCGTAGA	0	R+7_3	Astronaut 3	R+7	R	33.9298312113014
R+7_3_CAGAATTCGACAGTTGCGAA	0	R+7_3	Astronaut 3	R+7	R	46.4825673080623
R+7_3_CAGCGAGAGTCTAGTGTAAT	1	R+7_3	Astronaut 3	R+7	R	61.4709328077956
R+7_3_CAGCGCAACTCGGCAGTCCG	2	R+7_3	Astronaut 3	R+7	R	51.3861555647884
R+7_3_CAGCGCCATAGCTGCGGTCC	2	R+7_3	Astronaut 3	R+7	R	42.2790495820643
R+7_3_CAGCGGCCTTCCGCTGTAAT	1	R+7_3	Astronaut 3	R+7	R	50.5258170350201
R+7_3_CAGCGGTATCGAGTCGGTCC	1	R+7_3	Astronaut 3	R+7	R	44.939191148084
R+7_3_CAGCGGTATCGGCAGGGTCC	1	R+7_3	Astronaut 3	R+7	R	51.9417457024312
R+7_3_CAGCGTATTGCGATTGGTCC	5	R+7_3	Astronaut 3	R+7	R	61.4709328675689
R+7_3_CAGCGTATTGCTTAAGGTCC	1	R+7_3	Astronaut 3	R+7	R	51.579358146224
R+7_3_CAGCGTCGCGCTAGTGTAAT	0	R+7_3	Astronaut 3	R+7	R	48.3887853742995
R+7_3_CAGCGTGGACGTAATGGTCC	1	R+7_3	Astronaut 3	R+7	R	55.4802977658265
R+7_3_CAGTTACGATGAGCTGTCCG	0	R+7_3	Astronaut 3	R+7	R	53.3659773479364
R+7_3_CAGTTCGCTCCGCAAGTAGA	4	R+7_3	Astronaut 3	R+7	R	49.445802209795
R+7_3_CAGTTGGTAAGAGTCGTATC	0	R+7_3	Astronaut 3	R+7	R	50.3234696337142
R+7_3_CAGTTGTAGAGAGTCGGTAA	0	R+7_3	Astronaut 3	R+7	R	30.3970574294362
R+7_3_CAGTTGTTAGGATATGTTAG	0	R+7_3	Astronaut 3	R+7	R	56.3117501391448
R+7_3_CAGTTTCTACCCTAGGTTAG	0	R+7_3	Astronaut 3	R+7	R	36.3500296088493
R+7_3_CCATAAGAACCTTAAGGTCC	0	R+7_3	Astronaut 3	R+7	R	36.5801590738523
R+7_3_CCATACAACTGCGAAGCTCT	4	R+7_3	Astronaut 3	R+7	R	51.3802479714953
R+7_3_CCATAGGAGCCGGATGCAGG	2	R+7_3	Astronaut 3	R+7	R	57.4519605119093
R+7_3_CCATAGGAGCCTTAAGCGAA	0	R+7_3	Astronaut 3	R+7	R	50.1412847228357
R+7_3_CCGCTAACTCGAGTCGGCAG	5	R+7_3	Astronaut 3	R+7	R	61.4709329273422
R+7_3_CCGCTAGCGGGTAATGGTAA	0	R+7_3	Astronaut 3	R+7	R	48.1636482905115
R+7_3_CCGCTGAACCGCGGTTAAGG	0	R+7_3	Astronaut 3	R+7	R	40.2800144011267
R+7_3_CCGCTGCGAACCTCAGTCCG	0	R+7_3	Astronaut 3	R+7	R	52.5322795468605
R+7_3_CCGCTGGCAGGCTGCGTCCG	0	R+7_3	Astronaut 3	R+7	R	50.1476562751079
R+7_3_CCGCTTGCTAGTAATGCTCT	3	R+7_3	Astronaut 3	R+7	R	44.8039654755873
R+7_3_CCGCTTTCATCGGATGGCAG	1	R+7_3	Astronaut 3	R+7	R	52.5316677795279
R+7_3_CCTAGAACGACGCCTGGTCC	6	R+7_3	Astronaut 3	R+7	R	45.1606818163074
R+7_3_CCTAGAGTTGGGTAAGCTCT	1	R+7_3	Astronaut 3	R+7	R	58.9913262027083
R+7_3_CCTAGCAGCGGCTCTGCTCT	0	R+7_3	Astronaut 3	R+7	R	51.047604333822
R+7_3_CCTAGCTACGCGCTCGCAGG	3	R+7_3	Astronaut 3	R+7	R	57.8951852120036
R+7_3_CCTAGGCGGTCAATCGGCAG	1	R+7_3	Astronaut 3	R+7	R	40.6436438191597
R+7_3_CCTAGTATCTCGATTGTAAT	1	R+7_3	Astronaut 3	R+7	R	55.7235734133356
R+7_3_CCTCAAACTCGGCAGGTCCG	0	R+7_3	Astronaut 3	R+7	R	49.472569819909
R+7_3_CCTCACGCCTCAGAATAAGG	0	R+7_3	Astronaut 3	R+7	R	54.8201020738923
R+7_3_CCTCACGCCTGCTGCGTTAG	1	R+7_3	Astronaut 3	R+7	R	37.350852057165
R+7_3_CCTCAGCGGTGCGAATAAGG	0	R+7_3	Astronaut 3	R+7	R	52.5365838869618
R+7_3_CGAAGAACCGGACTGGGTCC	1	R+7_3	Astronaut 3	R+7	R	48.4177426774659
R+7_3_CGAAGAACGAGCGAAGCGAA	1	R+7_3	Astronaut 3	R+7	R	54.9620646978908
R+7_3_CGAAGAGAACGAACCGCAGG	1	R+7_3	Astronaut 3	R+7	R	46.1991993746845
R+7_3_CGAAGAGGTCGGCGTGGCAG	0	R+7_3	Astronaut 3	R+7	R	49.4725698796823
R+7_3_CGACCAACCGGTATCGCAGG	0	R+7_3	Astronaut 3	R+7	R	50.4725846014667
R+7_3_CGACCAAGCAATTGGGTAGA	0	R+7_3	Astronaut 3	R+7	R	21.6974161203187
R+7_3_CGACCACTAAATTGGGGCAG	0	R+7_3	Astronaut 3	R+7	R	52.0207878986388
R+7_3_CGACCCTTAACTAGTGGTCC	3	R+7_3	Astronaut 3	R+7	R	53.375080709129
R+7_3_CGACCTACGTGACTGGGCAG	1	R+7_3	Astronaut 3	R+7	R	54.8562933917278
R+7_3_CGACCTACGTGCTCTGCAGG	1	R+7_3	Astronaut 3	R+7	R	48.2029665520469
R+7_3_CGACCTAGAGGGTAAGTAGA	1	R+7_3	Astronaut 3	R+7	R	38.504642787823
R+7_3_CGACCTATGCCAGTTGGTAA	6	R+7_3	Astronaut 3	R+7	R	61.4709329871156
R+7_3_CGATTACCAGCGATTGGTAA	1	R+7_3	Astronaut 3	R+7	R	42.2839159363267
R+7_3_CGATTATCTGCGCTCGTATC	1	R+7_3	Astronaut 3	R+7	R	48.4177427372392
R+7_3_CGATTTCTACGGCAGGGCAG	0	R+7_3	Astronaut 3	R+7	R	56.0403306151079
R+7_3_CGCAATGCTACGCAAGTAAT	0	R+7_3	Astronaut 3	R+7	R	51.3666095042307
R+7_3_CGCAATTATGGCAACGTTAG	0	R+7_3	Astronaut 3	R+7	R	46.1991994344579
R+7_3_CGCCTCGATTCGGATGGTAA	0	R+7_3	Astronaut 3	R+7	R	56.5767609562113
R+7_3_CGCCTCGGATCAGCGGGTAA	3	R+7_3	Astronaut 3	R+7	R	48.5572243805815
R+7_3_CGCCTCTAACCTAGTGCTCT	0	R+7_3	Astronaut 3	R+7	R	61.4709330468889
R+7_3_CGCCTGGTCCGGCAGGTTAG	0	R+7_3	Astronaut 3	R+7	R	49.3003439246911
R+7_3_CGCTCAACTCATTGGGGTAA	1	R+7_3	Astronaut 3	R+7	R	49.728252561785
R+7_3_CGCTCAAGGTCCGCTGTCCG	0	R+7_3	Astronaut 3	R+7	R	49.4725699394556
R+7_3_CGCTCACGATGGTAAGTAGA	1	R+7_3	Astronaut 3	R+7	R	56.5749887867288
R+7_3_CGCTCCTTAAGGCGTGTATC	0	R+7_3	Astronaut 3	R+7	R	48.2179468250097
R+7_3_CGGATAGGTCGAACCGTATC	0	R+7_3	Astronaut 3	R+7	R	48.1722783635443
R+7_3_CGGATCAGAACTTAAGTTAG	4	R+7_3	Astronaut 3	R+7	R	49.0934493527423
R+7_3_CGGATCCTCACCTCAGCTCT	1	R+7_3	Astronaut 3	R+7	R	43.5194567771945
R+7_3_CGGATGGCGTATTCAGTAAT	1	R+7_3	Astronaut 3	R+7	R	43.6147973970773
R+7_3_CGGCAGGTAAGATGAGCGAA	5	R+7_3	Astronaut 3	R+7	R	53.3282565659013
R+7_3_CGGCATTAGCGCAGGGGTCC	1	R+7_3	Astronaut 3	R+7	R	52.2315576278792
R+7_3_CGTCGACGATGCTGCGCTCT	2	R+7_3	Astronaut 3	R+7	R	50.4055921713451
R+7_3_CGTCGACTAACCTAGGTAGA	0	R+7_3	Astronaut 3	R+7	R	36.5801591336256
R+7_3_CGTCGCAATCGGTAAGTAAT	0	R+7_3	Astronaut 3	R+7	R	54.6910849052836
R+7_3_CGTCGCCGCTGGCAGGTTAG	3	R+7_3	Astronaut 3	R+7	R	59.5848411576955
R+7_3_CGTCGCGAAGGTAGAGCAGG	0	R+7_3	Astronaut 3	R+7	R	51.0980362708136
R+7_3_CGTCGTGCTAGGAGCGGTCC	1	R+7_3	Astronaut 3	R+7	R	51.140929911745
R+7_3_CTAACCAGTTGCTTGGTAAT	0	R+7_3	Astronaut 3	R+7	R	57.9051525905725
R+7_3_CTAACCCATACAGTTGGTCC	3	R+7_3	Astronaut 3	R+7	R	54.5133208408998
R+7_3_CTAACGCGGTCCGCTGCGAA	0	R+7_3	Astronaut 3	R+7	R	33.9298312710748
R+7_3_CTAACTGAGACAGCGGCAGG	0	R+7_3	Astronaut 3	R+7	R	37.1546740364479
R+7_3_CTAACTTAGCCTTAAGCGAA	1	R+7_3	Astronaut 3	R+7	R	43.5832506575607
R+7_3_CTACGAACGAGATGAGGCAG	1	R+7_3	Astronaut 3	R+7	R	43.5170947256211
R+7_3_CTACGAAGACGTATCGCAGG	1	R+7_3	Astronaut 3	R+7	R	45.0415882991833
R+7_3_CTACGATTACGTAGAGTATC	0	R+7_3	Astronaut 3	R+7	R	50.2274478127985
R+7_3_CTACGCCGCTCGCCTGTAAT	1	R+7_3	Astronaut 3	R+7	R	61.4709331066622
R+7_3_CTACGTCATCCGACCGCAGG	0	R+7_3	Astronaut 3	R+7	R	44.1448746517821
R+7_3_CTACGTTCATCGAAGGCGAA	0	R+7_3	Astronaut 3	R+7	R	49.226125417931
R+7_3_CTAGTCGATTCGACCGCAGG	6	R+7_3	Astronaut 3	R+7	R	53.7332835630358
R+7_3_CTAGTGCAACGCAACGGCAG	2	R+7_3	Astronaut 3	R+7	R	48.6315671189472
R+7_3_CTAGTTATTGGCCTTGTTAG	1	R+7_3	Astronaut 3	R+7	R	54.6109104460121
R+7_3_CTCCAAGCGGCTTAAGCAGG	0	R+7_3	Astronaut 3	R+7	R	41.9233312551745
R+7_3_CTCCACGTCGCTACGGTCCG	4	R+7_3	Astronaut 3	R+7	R	37.7910908204525
R+7_3_CTCCATAAGGCAGTTGGTCC	2	R+7_3	Astronaut 3	R+7	R	49.472569999229
R+7_3_CTCCATTAGCCGATTTAAGG	4	R+7_3	Astronaut 3	R+7	R	43.5244250403768
R+7_3_CTGGAAGAGTCTAACGGTCC	0	R+7_3	Astronaut 3	R+7	R	57.8396904669297
R+7_3_CTGGAATTGGCAGTTGTATC	4	R+7_3	Astronaut 3	R+7	R	42.2790496418376
R+7_3_CTTAAACTCGCTTAATAAGG	0	R+7_3	Astronaut 3	R+7	R	43.5170947853944
R+7_3_CTTAACGCCTCAGAAGGTCC	3	R+7_3	Astronaut 3	R+7	R	48.1722784233176
R+7_3_CTTAAGTATCGCGAAGGCAG	0	R+7_3	Astronaut 3	R+7	R	43.0332927564988
R+7_3_CTTAATAGGACGACCGTAAT	0	R+7_3	Astronaut 3	R+7	R	50.6831818972099
R+7_3_GAACCATCCTGATGAGCAGG	2	R+7_3	Astronaut 3	R+7	R	56.1763833947378
R+7_3_GAACCGTATCCGTCGGCTCT	1	R+7_3	Astronaut 3	R+7	R	36.3585580933458
R+7_3_GAACCGTCTAGGAGCGGTAA	2	R+7_3	Astronaut 3	R+7	R	56.7880722902458
R+7_3_GAACCTCCGGGAGTCGCAGG	1	R+7_3	Astronaut 3	R+7	R	49.6999284502186
R+7_3_GACTGAAGACGAGTCGCAGG	4	R+7_3	Astronaut 3	R+7	R	49.4725700590023
R+7_3_GACTGACTCGCAGTTGGCAG	1	R+7_3	Astronaut 3	R+7	R	56.8615840776764
R+7_3_GACTGGAGTCGAACCGTAAT	1	R+7_3	Astronaut 3	R+7	R	47.8644670512198
R+7_3_GACTGGATGACAGCGGTCCG	0	R+7_3	Astronaut 3	R+7	R	48.6125653201039
R+7_3_GACTGGCGAACAACTGTCCG	0	R+7_3	Astronaut 3	R+7	R	55.058482335014
R+7_3_GAGCTATCCTCAGTTGGCAG	0	R+7_3	Astronaut 3	R+7	R	38.5046428475963
R+7_3_GAGTCAGGTCCGCAAGCTCT	0	R+7_3	Astronaut 3	R+7	R	53.5989799758633
R+7_3_GAGTCATCCTCGCCTGGTAA	6	R+7_3	Astronaut 3	R+7	R	47.7637147036178
R+7_3_GAGTCCCATACTTAAGTATC	1	R+7_3	Astronaut 3	R+7	R	54.8659648159218
R+7_3_GAGTCGTTAGCGTCGGTAAT	0	R+7_3	Astronaut 3	R+7	R	57.5722255980977
R+7_3_GATATACTCGCCTCATAAGG	0	R+7_3	Astronaut 3	R+7	R	38.5046429073697
R+7_3_GATATATGGCGGTAAGCAGG	0	R+7_3	Astronaut 3	R+7	R	48.6230772627935
R+7_3_GATATCGCAAGCGAAGGTAA	0	R+7_3	Astronaut 3	R+7	R	39.1737061783491
R+7_3_GATATGTTAGCCTCAGTAAT	0	R+7_3	Astronaut 3	R+7	R	50.5430450956565
R+7_3_GATATTAGAGGTATCGTATC	0	R+7_3	Astronaut 3	R+7	R	49.3357223652128
R+7_3_GATATTATCTGTAGATAAGG	1	R+7_3	Astronaut 3	R+7	R	48.3175247970561
R+7_3_GATATTCGTAGTAGAGCAGG	7	R+7_3	Astronaut 3	R+7	R	38.456091894013
R+7_3_GATATTGCGCGATGAGTCCG	2	R+7_3	Astronaut 3	R+7	R	50.286221572797
R+7_3_GATGAAGAGTGATGAGGTCC	0	R+7_3	Astronaut 3	R+7	R	49.7282526215584
R+7_3_GATGACCTAGCCTAGGGCAG	1	R+7_3	Astronaut 3	R+7	R	39.5652119406857
R+7_3_GATGAGCAACCTTAAGGTCC	0	R+7_3	Astronaut 3	R+7	R	55.7105988819174
R+7_3_GATGAGGCGTGATATGGCAG	1	R+7_3	Astronaut 3	R+7	R	49.3455783266956
R+7_3_GATGAGTAGAGAACCGGTAA	2	R+7_3	Astronaut 3	R+7	R	36.5801591933989
R+7_3_GATGATACGTCGCTCGTAGA	1	R+7_3	Astronaut 3	R+7	R	48.4548211099718
R+7_3_GATGATCATCCAGTTTAAGG	5	R+7_3	Astronaut 3	R+7	R	49.3016131081782
R+7_3_GCAACAACCGGCGGTGTCCG	0	R+7_3	Astronaut 3	R+7	R	57.9054646798414
R+7_3_GCAACGCGGTGCTGCGCGAA	1	R+7_3	Astronaut 3	R+7	R	54.5430376709186
R+7_3_GCAACTACGTGAGCTGTATC	0	R+7_3	Astronaut 3	R+7	R	45.1606818760807
R+7_3_GCAGGACTCGCGCCTGCAGG	3	R+7_3	Astronaut 3	R+7	R	57.8993332622941
R+7_3_GCAGGCGGCACAGTTGCAGG	0	R+7_3	Astronaut 3	R+7	R	53.6542790645387
R+7_3_GCAGGGCTTGGGTCCGTCCG	4	R+7_3	Astronaut 3	R+7	R	53.2078244773712
R+7_3_GCAGGTGAGAGAACCTAAGG	1	R+7_3	Astronaut 3	R+7	R	42.6936319277709
R+7_3_GCAGGTTGAAGGCGTGGTAA	3	R+7_3	Astronaut 3	R+7	R	36.5133857740899
R+7_3_GCCTTCCGCTGCTTGGTCCG	0	R+7_3	Astronaut 3	R+7	R	48.7176833994529
R+7_3_GCCTTCTGGAGCTTGGCAGG	2	R+7_3	Astronaut 3	R+7	R	55.5858926648725
R+7_3_GCCTTGCCTTATTCAGGTAA	1	R+7_3	Astronaut 3	R+7	R	48.4177427970125
R+7_3_GCCTTTCATCCTTAAGGTAA	1	R+7_3	Astronaut 3	R+7	R	46.9486923710203
R+7_3_GCGAACTAGTCAGTTGTAAT	2	R+7_3	Astronaut 3	R+7	R	48.4177428567859
R+7_3_GCGAACTAGTGGCGTGTAAT	1	R+7_3	Astronaut 3	R+7	R	61.4709331664356
R+7_3_GCGAAGTAATCAATCGGCAG	1	R+7_3	Astronaut 3	R+7	R	61.4709332262089
R+7_3_GCGAATATCTGCTCTGTAAT	0	R+7_3	Astronaut 3	R+7	R	48.6981122986068
R+7_3_GCGGTATTCACGACCGGTAA	0	R+7_3	Astronaut 3	R+7	R	49.1277300054878
R+7_3_GCGGTATTCACTGGAGGTAA	0	R+7_3	Astronaut 3	R+7	R	46.1991994942312
R+7_3_GCGGTCAACTCTGGAGCGAA	0	R+7_3	Astronaut 3	R+7	R	48.7165601964963
R+7_3_GCGGTGCAGGCTAACGCTCT	0	R+7_3	Astronaut 3	R+7	R	56.1541862637676
R+7_3_GCGGTGTAGAGGTCCGGTAA	1	R+7_3	Astronaut 3	R+7	R	52.9517047879324
R+7_3_GCGGTTGGACGTAATGTCCG	0	R+7_3	Astronaut 3	R+7	R	36.5801592531723
R+7_3_GCTCTAAGACGAGTCGCGAA	1	R+7_3	Astronaut 3	R+7	R	56.172140260223
R+7_3_GCTCTCGGCAGATGAGCTCT	0	R+7_3	Astronaut 3	R+7	R	49.4725701187756
R+7_3_GCTCTGCAGGGAACCGTAAT	1	R+7_3	Astronaut 3	R+7	R	46.4825673678356
R+7_3_GCTCTGTATCCGAAGGGTAA	0	R+7_3	Astronaut 3	R+7	R	33.1926208504453
R+7_3_GCTCTTGCGCCTAACGTTAG	0	R+7_3	Astronaut 3	R+7	R	54.2780183283707
R+7_3_GCTGCACCTACTCCAGTCCG	4	R+7_3	Astronaut 3	R+7	R	49.2381227365754
R+7_3_GCTGCACTTCCTAGTGCTCT	2	R+7_3	Astronaut 3	R+7	R	33.1926209102187
R+7_3_GCTGCATCCTCTAACGTCCG	0	R+7_3	Astronaut 3	R+7	R	56.4734725574194
R+7_3_GCTGCGTAGACGACCGGTCC	1	R+7_3	Astronaut 3	R+7	R	31.540443712509
R+7_3_GCTGCTGAGACTGGAGGTAA	4	R+7_3	Astronaut 3	R+7	R	43.4350462016152
R+7_3_GCTTGCAGAAATTGGGGTCC	0	R+7_3	Astronaut 3	R+7	R	49.472570178549
R+7_3_GCTTGCGTCGGAGCTGCTCT	3	R+7_3	Astronaut 3	R+7	R	57.572225657871
R+7_3_GCTTGGGCAGCGACCGGTAA	0	R+7_3	Astronaut 3	R+7	R	57.9136280408253
R+7_3_GCTTGTAGGACGAAGGGTCC	0	R+7_3	Astronaut 3	R+7	R	50.3277387784381
R+7_3_GCTTGTATTGGTAATGGCAG	0	R+7_3	Astronaut 3	R+7	R	53.7045025645312
R+7_3_GCTTGTCCGGCGCTCGGTCC	0	R+7_3	Astronaut 3	R+7	R	50.7363443744463
R+7_3_GCTTGTGGACCAGAAGGCAG	1	R+7_3	Astronaut 3	R+7	R	40.4996150766067
R+7_3_GGAGCAAGACCGTCGGTAGA	5	R+7_3	Astronaut 3	R+7	R	43.5244251001502
R+7_3_GGAGCACTCGCAGTTTAAGG	0	R+7_3	Astronaut 3	R+7	R	52.5259006240111
R+7_3_GGAGCAGGTCCGACCGGCAG	1	R+7_3	Astronaut 3	R+7	R	49.4725702383223
R+7_3_GGAGCGCTCTGCTTGGTAAT	3	R+7_3	Astronaut 3	R+7	R	61.4709332859822
R+7_3_GGAGCTAAGGCGTCGGCAGG	2	R+7_3	Astronaut 3	R+7	R	49.1736242979661
R+7_3_GGCAGATCTGCGCCTGGTAA	0	R+7_3	Astronaut 3	R+7	R	55.6932290699426
R+7_3_GGCAGTGAGAGCAACGTAAT	0	R+7_3	Astronaut 3	R+7	R	58.6444899567408
R+7_3_GGCGTATGGCGCGGTGGTAA	0	R+7_3	Astronaut 3	R+7	R	54.4055682292725
R+7_3_GGCGTCAGTTGTATCTAAGG	0	R+7_3	Astronaut 3	R+7	R	50.2543271904204
R+7_3_GGCGTCCTCACTAGTGGTCC	1	R+7_3	Astronaut 3	R+7	R	51.0476043935953
R+7_3_GGCGTCGGCAGCAACGGCAG	4	R+7_3	Astronaut 3	R+7	R	42.690787867081
R+7_3_GGCGTTACGTCTGGAGCAGG	1	R+7_3	Astronaut 3	R+7	R	46.1257085454937
R+7_3_GGCGTTACGTGACTGGGTAA	0	R+7_3	Astronaut 3	R+7	R	46.1554067327337
R+7_3_GGCGTTGAGAATTGGGTAAT	0	R+7_3	Astronaut 3	R+7	R	50.7363444342196
R+7_3_GGTAACCATAGCTTGGGTCC	2	R+7_3	Astronaut 3	R+7	R	55.5615323908805
R+7_3_GGTAACGTCGGGTCCGTAGA	0	R+7_3	Astronaut 3	R+7	R	45.9782397567559
R+7_3_GGTAATAGAGCAGCGGCTCT	0	R+7_3	Astronaut 3	R+7	R	48.190681122532
R+7_3_GGTAATAGAGGGCAGGCTCT	1	R+7_3	Astronaut 3	R+7	R	50.6016463852897
R+7_3_GGTCCAACTCGAACCGCTCT	0	R+7_3	Astronaut 3	R+7	R	49.4725702980956
R+7_3_GGTCCGACTGGCGAAGTCCG	1	R+7_3	Astronaut 3	R+7	R	33.192620969992
R+7_3_GGTCCTCTACGGTCCGTATC	2	R+7_3	Astronaut 3	R+7	R	40.7181104646008
R+7_3_GTAATAGTTGGCTTGGCGAA	2	R+7_3	Astronaut 3	R+7	R	35.4651031125923
R+7_3_GTAATTCTACCTTAAGTAGA	1	R+7_3	Astronaut 3	R+7	R	61.4709333457556
R+7_3_GTAGAATCCTCGCCTGTCCG	2	R+7_3	Astronaut 3	R+7	R	54.7439015235197
R+7_3_GTAGAGGCGTCGAAGGTAAT	1	R+7_3	Astronaut 3	R+7	R	57.4270770776077
R+7_3_GTAGAGTATCCGCCTGCAGG	0	R+7_3	Astronaut 3	R+7	R	54.633275214436
R+7_3_GTAGATATTGCGCTCGGTCC	1	R+7_3	Astronaut 3	R+7	R	55.050794620138
R+7_3_GTAGATGGACCGGCAGCAGG	1	R+7_3	Astronaut 3	R+7	R	47.1123185971151
R+7_3_GTATCAAGGTCGCAAGCTCT	1	R+7_3	Astronaut 3	R+7	R	53.3689125181439
R+7_3_GTATCCAGTTCTGGAGGCAG	0	R+7_3	Astronaut 3	R+7	R	49.1683404666718
R+7_3_GTATCCGATTGCAACGCTCT	0	R+7_3	Astronaut 3	R+7	R	56.5144981460123
R+7_3_GTATCGACTGCGCTCGCAGG	6	R+7_3	Astronaut 3	R+7	R	41.0884065429146
R+7_3_GTATCGCCTTGTATCGCTCT	1	R+7_3	Astronaut 3	R+7	R	52.8864833413512
R+7_3_GTATCGGCGTATTGGGCTCT	1	R+7_3	Astronaut 3	R+7	R	54.2330709305245
R+7_3_GTATCTTAGCGAGTCGGTAA	2	R+7_3	Astronaut 3	R+7	R	42.7437210452215
R+7_3_GTCCGAAGCACAGAAGTAAT	1	R+7_3	Astronaut 3	R+7	R	56.8268123886218
R+7_3_GTCCGACGATGCTGCGGCAG	1	R+7_3	Astronaut 3	R+7	R	38.504642967143
R+7_3_GTCCGACTTCGAGTCGCTCT	0	R+7_3	Astronaut 3	R+7	R	50.660366681103
R+7_3_GTCCGGCTTGCCTAGGGTAA	0	R+7_3	Astronaut 3	R+7	R	52.5259006837844
R+7_3_GTCCGTCAGTCAATCGTCCG	0	R+7_3	Astronaut 3	R+7	R	50.5567422707373
R+7_3_GTCCGTGAGACCTAGGCTCT	2	R+7_3	Astronaut 3	R+7	R	59.0339459958504
R+7_3_GTCTAAAGCAGTATCGGCAG	1	R+7_3	Astronaut 3	R+7	R	53.6735408981422
R+7_3_GTCTAACTAAGCTTGGTCCG	0	R+7_3	Astronaut 3	R+7	R	57.4556413282291
R+7_3_GTCTACTTAACGGCAGCTCT	0	R+7_3	Astronaut 3	R+7	R	48.172278483091
R+7_3_GTCTAGAGTCGGTCCTAAGG	0	R+7_3	Astronaut 3	R+7	R	56.3204139921551
R+7_3_GTCTAGCGAAGCAGGGCGAA	3	R+7_3	Astronaut 3	R+7	R	61.4709334055289
R+7_3_GTCTAGCTCTCGGATGTAGA	2	R+7_3	Astronaut 3	R+7	R	49.7282526813317
R+7_3_GTCTAGCTGCCTTAATAAGG	0	R+7_3	Astronaut 3	R+7	R	43.0480840524755
R+7_3_GTCTATAGAGGCCTTGTTAG	0	R+7_3	Astronaut 3	R+7	R	54.743901583293
R+7_3_GTCTATAGGAGGCAGGCGAA	6	R+7_3	Astronaut 3	R+7	R	55.7978824596596
R+7_3_GTTAGACTCGGGCAGGTCCG	1	R+7_3	Astronaut 3	R+7	R	45.1081673531903
R+7_3_GTTAGATGCGGGCAGGTCCG	4	R+7_3	Astronaut 3	R+7	R	44.9675750534467
R+7_3_GTTAGGGAGCGCTTGGGTAA	0	R+7_3	Astronaut 3	R+7	R	56.0502631938682
R+7_3_GTTAGTTCATGATGAGGCAG	1	R+7_3	Astronaut 3	R+7	R	54.5678502370449
R+7_3_TAAGGAAGCACGTCGGTCCG	0	R+7_3	Astronaut 3	R+7	R	35.9885061581417
R+7_3_TAAGGCAGCGCGCCTGTAAT	0	R+7_3	Astronaut 3	R+7	R	43.5427625655336
R+7_3_TAAGGCGGATCGGATGCTCT	4	R+7_3	Astronaut 3	R+7	R	50.5545409614456
R+7_3_TAAGGGCTCTCTTAAGCAGG	1	R+7_3	Astronaut 3	R+7	R	52.2577954964638
R+7_3_TAAGGGGCGTCTTAAGGTCC	0	R+7_3	Astronaut 3	R+7	R	44.7308360120335
R+7_3_TAAGGGGTCCGGTAAGCTCT	4	R+7_3	Astronaut 3	R+7	R	36.7214937643036
R+7_3_TAAGGGTTAGCAATCGTTAG	0	R+7_3	Astronaut 3	R+7	R	44.0135327565329
R+7_3_TACGTCAGTTCTAACGGTAA	7	R+7_3	Astronaut 3	R+7	R	61.4709334653022
R+7_3_TACGTGATATCTAGTTAAGG	2	R+7_3	Astronaut 3	R+7	R	51.0476044533686
R+7_3_TACGTTGGACGTAATGCGAA	4	R+7_3	Astronaut 3	R+7	R	43.2661812773566
R+7_3_TACGTTTGAACTAACGTAGA	0	R+7_3	Astronaut 3	R+7	R	39.2965251971922
R+7_3_TAGAGCAATCATTGGGCGAA	0	R+7_3	Astronaut 3	R+7	R	52.9286484864999
R+7_3_TAGGAGCTCTCCTCAGGTAA	0	R+7_3	Astronaut 3	R+7	R	40.0440114181989
R+7_3_TAGGATATCTGCTGCTAAGG	0	R+7_3	Astronaut 3	R+7	R	53.4188430237726
R+7_3_TAGGATATTGCCGCTGGTAA	1	R+7_3	Astronaut 3	R+7	R	47.3368020884573
R+7_3_TAGGATCCGGGTATCGGCAG	4	R+7_3	Astronaut 3	R+7	R	43.356550157089
R+7_3_TAGGATCTACGAGTCGGTCC	0	R+7_3	Astronaut 3	R+7	R	53.4303737145254
R+7_3_TATCTACTTCGCCTTGTCCG	0	R+7_3	Astronaut 3	R+7	R	43.6495730015019
R+7_3_TATCTCAGCGCGTCGGTCCG	6	R+7_3	Astronaut 3	R+7	R	47.3408725857021
R+7_3_TATCTTACGTCGCTCGTCCG	0	R+7_3	Astronaut 3	R+7	R	36.721493824077
R+7_3_TATTGAGGCTCTTAAGTAAT	0	R+7_3	Astronaut 3	R+7	R	60.5655353756202
R+7_3_TATTGCGATTCGATTGTTAG	1	R+7_3	Astronaut 3	R+7	R	39.985299754134
R+7_3_TATTGCTAACCCATAGCAGG	0	R+7_3	Astronaut 3	R+7	R	61.2387010842311
R+7_3_TATTGGACTGGGTAATAAGG	0	R+7_3	Astronaut 3	R+7	R	50.2149720228271
R+7_3_TATTGTCGTAGTAGAGGCAG	2	R+7_3	Astronaut 3	R+7	R	59.1732217292413
R+7_3_TCAGTGATATCGTCGGGTCC	2	R+7_3	Astronaut 3	R+7	R	31.5404437722824
R+7_3_TCAGTGCCTTGACTGGGTCC	0	R+7_3	Astronaut 3	R+7	R	48.1722785428643
R+7_3_TCAGTGCTGCGCGGTGCTCT	0	R+7_3	Astronaut 3	R+7	R	33.1926210297653
R+7_3_TCAGTGCTGCGCGGTGGTCC	1	R+7_3	Astronaut 3	R+7	R	61.4709335250756
R+7_3_TCAGTGTCTAGAACCGGTAA	0	R+7_3	Astronaut 3	R+7	R	48.6975809550585
R+7_3_TCAGTTAGGACAGCGGTCCG	0	R+7_3	Astronaut 3	R+7	R	50.1936819131047
R+7_3_TCATCACTTCCGCTCGCTCT	1	R+7_3	Astronaut 3	R+7	R	58.6457119736769
R+7_3_TCATCAGGCTGATGAGTAAT	0	R+7_3	Astronaut 3	R+7	R	56.5126319298318
R+7_3_TCATCGTAATCTGGAGGTAA	4	R+7_3	Astronaut 3	R+7	R	37.6133280937021
R+7_3_TCATCGTCTAGTAATGGTAA	3	R+7_3	Astronaut 3	R+7	R	59.4096552984351
R+7_3_TCATCTGCGCGATATTAAGG	0	R+7_3	Astronaut 3	R+7	R	49.472570357869
R+7_3_TCCGGAGGTCGATGAGGTCC	4	R+7_3	Astronaut 3	R+7	R	40.730918866277
R+7_3_TCCGGCGGATCAACTGGCAG	0	R+7_3	Astronaut 3	R+7	R	49.5657395862726
R+7_3_TCCGGCTACGGCAGGGTCCG	1	R+7_3	Astronaut 3	R+7	R	50.2652664299541
R+7_3_TCCGGCTACGGCGAAGTCCG	0	R+7_3	Astronaut 3	R+7	R	46.9486924307936
R+7_3_TCCGGCTACGGTATCGTCCG	0	R+7_3	Astronaut 3	R+7	R	43.5170948451677
R+7_3_TCCGGGGTAACCTAGGGCAG	1	R+7_3	Astronaut 3	R+7	R	51.985080984588
R+7_3_TCCGGGGTAAGTAATGGCAG	2	R+7_3	Astronaut 3	R+7	R	52.5340280302643
R+7_3_TCCGGTGCGCGCCTTGTAAT	1	R+7_3	Astronaut 3	R+7	R	51.047604513142
R+7_3_TCCGGTGGACCCGCTGGTAA	0	R+7_3	Astronaut 3	R+7	R	38.5046430269163
R+7_3_TCGCGGCGGTCGAAGGCTCT	1	R+7_3	Astronaut 3	R+7	R	52.0336671917505
R+7_3_TCGTAACGATCTGGAGCTCT	3	R+7_3	Astronaut 3	R+7	R	39.2961216519163
R+7_3_TCGTACGAAGGTAGAGCAGG	0	R+7_3	Astronaut 3	R+7	R	61.4709335848489
R+7_3_TCGTATACGTCGACCGGTCC	1	R+7_3	Astronaut 3	R+7	R	48.4548211697451
R+7_3_TCGTATCGCGCGATTGCTCT	0	R+7_3	Astronaut 3	R+7	R	50.736344493993
R+7_3_TCTACAAGCAATTGGGCAGG	0	R+7_3	Astronaut 3	R+7	R	43.5170949049411
R+7_3_TCTACAGAGTGCAACGTTAG	0	R+7_3	Astronaut 3	R+7	R	51.3156358160049
R+7_3_TCTACCGGATCGGATGCTCT	0	R+7_3	Astronaut 3	R+7	R	55.619505548935
R+7_3_TCTACGGCAGGAGCTGGTAA	0	R+7_3	Astronaut 3	R+7	R	49.7282527411051
R+7_3_TCTACGGCGTCTTAAGGTCC	0	R+7_3	Astronaut 3	R+7	R	51.0476045729153
R+7_3_TCTACTGGACGCGGTGTAAT	0	R+7_3	Astronaut 3	R+7	R	49.4725704176423
R+7_3_TGAGAAACGACGCAAGCGAA	1	R+7_3	Astronaut 3	R+7	R	45.3071126678243
R+7_3_TGAGAAACGAGCTCTGCGAA	0	R+7_3	Astronaut 3	R+7	R	61.4709336446222
R+7_3_TGAGAACGATGATATGTCCG	1	R+7_3	Astronaut 3	R+7	R	49.4725704774157
R+7_3_TGAGAATGCGCGGATGTAAT	0	R+7_3	Astronaut 3	R+7	R	59.5531994132162
R+7_3_TGAGACAGTTGGTAAGGTCC	7	R+7_3	Astronaut 3	R+7	R	57.8793470771256
R+7_3_TGAGACTCCAGTATCTAAGG	1	R+7_3	Astronaut 3	R+7	R	46.7484049929801
R+7_3_TGCGCACTTCCAGAAGCTCT	2	R+7_3	Astronaut 3	R+7	R	52.3067511929934
R+7_3_TGCGCATCCTCTCCAGTCCG	4	R+7_3	Astronaut 3	R+7	R	52.5358418168734
R+7_3_TGCGCCGAAGGCTGCGTAAT	3	R+7_3	Astronaut 3	R+7	R	36.5801593129456
R+7_3_TGCGCGCTCTGGTCCGTCCG	3	R+7_3	Astronaut 3	R+7	R	54.7178532726033
R+7_3_TGCGCGGTAAGTATCTAAGG	1	R+7_3	Astronaut 3	R+7	R	50.4449726317059
R+7_3_TGCGCGTTAGCGCTCGTAAT	2	R+7_3	Astronaut 3	R+7	R	53.0820639657492
R+7_3_TGCGCTAGGAGAGCTGTAGA	4	R+7_3	Astronaut 3	R+7	R	33.9298313308481
R+7_3_TGCTAAAGGTATTCAGGTAA	2	R+7_3	Astronaut 3	R+7	R	43.6147974568506
R+7_3_TGCTAGCCTTCTGGAGCGAA	0	R+7_3	Astronaut 3	R+7	R	48.4177429165592
R+7_3_TGCTAGGTAACGACCGTTAG	0	R+7_3	Astronaut 3	R+7	R	49.7282528008784
R+7_3_TGGACGGTAACTAACGCGAA	1	R+7_3	Astronaut 3	R+7	R	46.4825674276089
R+7_3_TTAGCAACGACAATCGCGAA	2	R+7_3	Astronaut 3	R+7	R	53.4485618328761
R+7_3_TTAGCAACTCGAGTCGCTCT	3	R+7_3	Astronaut 3	R+7	R	49.472570537189
R+7_3_TTAGCAAGCACGCCTGCAGG	0	R+7_3	Astronaut 3	R+7	R	53.7332836228091
R+7_3_TTAGCAGTTGGCGAAGTCCG	0	R+7_3	Astronaut 3	R+7	R	41.101064250429
R+7_3_TTATGAGGCTCTTAAGCAGG	0	R+7_3	Astronaut 3	R+7	R	49.2505334154687
R+7_3_TTATGGCAGGGTATCGGTAA	0	R+7_3	Astronaut 3	R+7	R	54.5342583483732
R+7_3_TTATGGTCCGATTGGGGCAG	1	R+7_3	Astronaut 3	R+7	R	43.6067122440992
R+7_3_TTATGTAGAGGGAGCGTTAG	4	R+7_3	Astronaut 3	R+7	R	42.0307046069627
R+7_3_TTATGTAGGAGCTTGGTAAT	1	R+7_3	Astronaut 3	R+7	R	51.8456799661025
R+7_3_TTCATAGAGTCGGATGGTCC	1	R+7_3	Astronaut 3	R+7	R	54.7439016430663
R+7_3_TTCATAGGCTGGCAGTAAGG	0	R+7_3	Astronaut 3	R+7	R	49.453795471951
R+7_3_TTCATGCTGCGGTCCGGCAG	1	R+7_3	Astronaut 3	R+7	R	56.9242719550879
R+7_3_TTCATTTCATCGCTCGTAAT	1	R+7_3	Astronaut 3	R+7	R	46.7537187154906
R+7_3_TTCGAATTACGAGCTGGTCC	1	R+7_3	Astronaut 3	R+7	R	56.593175682544
R+7_3_TTCGACGACCGAGTCGGTCC	2	R+7_3	Astronaut 3	R+7	R	50.214106998526
R+7_3_TTCGACTACGCGGATTAAGG	0	R+7_3	Astronaut 3	R+7	R	50.3371133230597
R+7_3_TTCGAGAGCTCGGATGTTAG	0	R+7_3	Astronaut 3	R+7	R	44.5286424081746
R+7_3_TTCGAGAGCTGATGAGCTCT	3	R+7_3	Astronaut 3	R+7	R	61.200552661325
R+7_3_TTCGAGGCAGCGAAGTAAGG	0	R+7_3	Astronaut 3	R+7	R	38.5046430866897
R+7_3_TTCGATATTGGTAATTAAGG	1	R+7_3	Astronaut 3	R+7	R	43.5206195526713
R+7_3_TTCGATGCTACAACTTAAGG	0	R+7_3	Astronaut 3	R+7	R	33.9298313906214
R+7_3_TTGAAACTCGCAGAAGTAAT	1	R+7_3	Astronaut 3	R+7	R	48.1722786026377
R+7_3_TTGAACCGCTCGCTCGCTCT	0	R+7_3	Astronaut 3	R+7	R	56.9139274857037
R+7_3_TTGAACGATTCAGAAGTTAG	0	R+7_3	Astronaut 3	R+7	R	24.7895666716514
R+7_3_TTGAAGAACCCTAACGGTCC	1	R+7_3	Astronaut 3	R+7	R	47.3765864628629
R+7_3_TTGAAGACTGGCGAAGTAAT	0	R+7_3	Astronaut 3	R+7	R	42.7385431271437
