gene,cluster,Name,SwissProt_gene,Product,SwissProt_product,COG_ID,COG_FID,KEGG_ID,KEGG_PID,KEGG_Pathway,GO_ID,GO_Name,GO_Category,EC_number,Pfam_ID
MGYG000000013_01093,5,groL,groEL,60 kDa chaperonin,Chaperonin GroEL,COG0459,O,ko:K04077,"map03018,map04212,map04940,map05134,map05152,map05417",RNA degradation;Longevity regulating pathway - worm;Type I diabetes mellitus;Legionellosis;Tuberculosis;Lipid and atherosclerosis,"GO:0140662,GO:0042026,GO:0005524,GO:0006457",ATP-dependent protein folding chaperone;protein refolding;ATP binding;protein folding,"GO_MF,GO_BP,GO_MF,GO_BP",-,PF00118
MGYG000000013_01203,1,fda,fba,Fructose-bisphosphate aldolase,Fructose-bisphosphate aldolase,COG0191,G,ko:K01624,"map00010,map00030,map00051,map00680,map00710,map01100,map01110,map01120,map01200,map01230",Glycolysis / Gluconeogenesis;Pentose phosphate pathway;Fructose and mannose metabolism;Methane metabolism;Carbon fixation in photosynthetic organisms;Metabolic pathways;Biosynthesis of secondary metabolites;Microbial metabolism in diverse environments;Carbon metabolism;Biosynthesis of amino acids,"GO:0008270,GO:0016832,GO:0005975,GO:0004332,GO:0006096,GO:0030388","zinc ion binding;aldehyde-lyase activity;carbohydrate metabolic process;fructose-bisphosphate aldolase activity;glycolytic process;fructose 1,6-bisphosphate metabolic process","GO_MF,GO_MF,GO_BP,GO_MF,GO_BP,GO_BP",4.1.2.13,PF01116
MGYG000000013_01410,1,MGYG000000013_01410,BT_1526,hypothetical protein,Inositol-3-phosphate synthase 1,COG1260,I,ko:K01858,"map00521,map00562,map01100,map01110",Streptomycin biosynthesis;Inositol phosphate metabolism;Metabolic pathways;Biosynthesis of secondary metabolites,"GO:0004512,GO:0006021,GO:0008654",inositol-3-phosphate synthase activity;inositol biosynthetic process;phospholipid biosynthetic process,"GO_MF,GO_BP,GO_BP",-,"PF01658,PF07994"
MGYG000000013_02882,1,MGYG000000013_02882,-,Outer membrane protein 41,-,COG2885,M,-,-,-,-,-,-,-,PF00691
MGYG000000013_02889,6,rplT,rplT,50S ribosomal protein L20,Large ribosomal subunit protein bL20,COG0292,J,ko:K02887,map03010,Ribosome,"GO:0003735,GO:0019843,GO:0006412,GO:0005840",structural constituent of ribosome;rRNA binding;translation;ribosome,"GO_MF,GO_MF,GO_BP,GO_CC",-,PF00453
MGYG000000013_03256,5,uxaC,uxaC,Uronate isomerase,Uronate isomerase,COG1904,G,ko:K01812,"map00040,map01100",Pentose and glucuronate interconversions;Metabolic pathways,"GO:0008880,GO:0006064",glucuronate isomerase activity;glucuronate catabolic process,"GO_MF,GO_BP",5.3.1.12,PF02614
MGYG000000013_03470,4,susC_49,-,TonB-dependent receptor SusC,-,"COG1629,COG4206,COG4771",PHP,-,-,-,GO:0019867,outer membrane,GO_CC,-,"PF00593,PF13715,PF07715,PF07660"
MGYG000000013_00611,1,gapA,gapA,Glyceraldehyde-3-phosphate dehydrogenase A,Glyceraldehyde-3-phosphate dehydrogenase,COG0057,G,ko:K00134,"map00010,map00710,map01100,map01110,map01120,map01200,map01230,map04066,map05010,map05130,map05132,map05415",Glycolysis / Gluconeogenesis;Carbon fixation in photosynthetic organisms;Metabolic pathways;Biosynthesis of secondary metabolites;Microbial metabolism in diverse environments;Carbon metabolism;Biosynthesis of amino acids;HIF-1 signaling pathway;Alzheimer disease;Pathogenic Escherichia coli infection;Salmonella infection;Diabetic cardiomyopathy,"GO:0016620,GO:0050661,GO:0051287,GO:0006006","oxidoreductase activity, acting on the aldehyde or oxo group of donors, NAD or NADP as acceptor;NADP binding;NAD binding;glucose metabolic process","GO_MF,GO_MF,GO_MF,GO_BP",1.2.1.12,"PF02800,PF00044"
MGYG000000013_00633,1,MGYG000000013_00633,-,hypothetical protein,-,COG0612,R,ko:K07263,-,-,"GO:0004222,GO:0006508,GO:0046872",metalloendopeptidase activity;proteolysis;metal ion binding,"GO_MF,GO_BP,GO_MF",-,"PF05193,PF00675"
MGYG000000013_00680,1,pnp_1,rpsA,Polyribonucleotide nucleotidyltransferase,Small ribosomal subunit protein bS1,COG0539,J,ko:K02945,map03010,Ribosome,GO:0003676,nucleic acid binding,GO_MF,2.7.7.8,PF00575
MGYG000000013_01690,1,maeB,maeB,NADP-dependent malic enzyme,NADP-dependent malic enzyme,"COG0281,COG0280",CC,"ko:K00027,ko:K00029","map00620,map01200,map02020,map00620,map00710,map01100,map01120,map01200,map03320",Pyruvate metabolism;Carbon metabolism;Two-component system;Pyruvate metabolism;Carbon fixation in photosynthetic organisms;Metabolic pathways;Microbial metabolism in diverse environments;Carbon metabolism;PPAR signaling pathway,"GO:0016746,GO:0004470,GO:0046872,GO:0006108,GO:0016616,GO:0051287","acyltransferase activity;malic enzyme activity;metal ion binding;malate metabolic process;oxidoreductase activity, acting on the CH-OH group of donors, NAD or NADP as acceptor;NAD binding","GO_MF,GO_MF,GO_MF,GO_BP,GO_MF,GO_MF",1.1.1.40,"PF03949,PF00390,PF01515"
MGYG000000013_01885,5,MGYG000000013_01885,-,hypothetical protein,-,-,-,-,-,-,-,-,-,-,-
MGYG000000013_02209,1,rpoA,rpoA,DNA-directed RNA polymerase subunit alpha,DNA-directed RNA polymerase subunit alpha,COG0202,K,ko:K03040,map03020,RNA polymerase,"GO:0003677,GO:0003899,GO:0006351,GO:0046983",DNA binding;DNA-directed 5'-3' RNA polymerase activity;DNA-templated transcription;protein dimerization activity,"GO_MF,GO_MF,GO_BP,GO_MF",2.7.7.6,"PF03118,PF01193,PF01000"
MGYG000000013_02210,1,rpsD,rpsD,30S ribosomal protein S4,Small ribosomal subunit protein uS4,COG0522,J,ko:K02986,map03010,Ribosome,"GO:0019843,GO:0003723,GO:0003735,GO:0006412,GO:0015935",rRNA binding;RNA binding;structural constituent of ribosome;translation;small ribosomal subunit,"GO_MF,GO_MF,GO_MF,GO_BP,GO_CC",-,"PF00163,PF01479"
MGYG000000013_02221,1,rplF,rplF,50S ribosomal protein L6,Large ribosomal subunit protein uL6,COG0097,J,ko:K02933,map03010,Ribosome,"GO:0003735,GO:0019843,GO:0006412,GO:0005840",structural constituent of ribosome;rRNA binding;translation;ribosome,"GO_MF,GO_MF,GO_BP,GO_CC",-,PF00347
MGYG000000013_02224,1,rplE,rplE,50S ribosomal protein L5,Large ribosomal subunit protein uL5,COG0094,J,ko:K02931,map03010,Ribosome,"GO:0003735,GO:0006412,GO:0005840",structural constituent of ribosome;translation;ribosome,"GO_MF,GO_BP,GO_CC",-,"PF00281,PF00673"
MGYG000000013_02229,1,rplP,rplP,50S ribosomal protein L16,Large ribosomal subunit protein uL16,COG0197,J,ko:K02878,map03010,Ribosome,"GO:0003735,GO:0019843,GO:0006412,GO:0005840",structural constituent of ribosome;rRNA binding;translation;ribosome,"GO_MF,GO_MF,GO_BP,GO_CC",-,PF00252
MGYG000000013_02230,1,rpsC,rpsC,30S ribosomal protein S3,Small ribosomal subunit protein uS3,COG0092,J,ko:K02982,map03010,Ribosome,"GO:0003735,GO:0006412,GO:0003723,GO:0003676",structural constituent of ribosome;translation;RNA binding;nucleic acid binding,"GO_MF,GO_BP,GO_MF,GO_MF",-,"PF00189,PF07650"
MGYG000000013_02231,1,MGYG000000013_02231,rplV,hypothetical protein,Large ribosomal subunit protein uL22,COG0091,J,ko:K02890,map03010,Ribosome,"GO:0003735,GO:0006412,GO:0005840,GO:0015934,GO:0015935,GO:0003723",structural constituent of ribosome;translation;ribosome;large ribosomal subunit;small ribosomal subunit;RNA binding,"GO_MF,GO_BP,GO_CC,GO_CC,GO_CC,GO_MF",-,"PF00237,PF00203"
MGYG000000013_02233,1,rplB,rplB,50S ribosomal protein L2,Large ribosomal subunit protein uL2,COG0090,J,ko:K02886,map03010,Ribosome,"GO:0003735,GO:0006412,GO:0005840,GO:0003723,GO:0016740,GO:0015934",structural constituent of ribosome;translation;ribosome;RNA binding;transferase activity;large ribosomal subunit,"GO_MF,GO_BP,GO_CC,GO_MF,GO_MF,GO_CC",-,"PF03947,PF00181"
MGYG000000013_02234,6,rplW,rplW,50S ribosomal protein L23,Large ribosomal subunit protein uL23,COG0089,J,ko:K02892,map03010,Ribosome,"GO:0003735,GO:0006412,GO:0005840",structural constituent of ribosome;translation;ribosome,"GO_MF,GO_BP,GO_CC",-,PF00276
MGYG000000013_02235,6,rplD,rplD,50S ribosomal protein L4,Large ribosomal subunit protein uL4,COG0088,J,ko:K02926,map03010,Ribosome,"GO:0003735,GO:0006412,GO:0005840",structural constituent of ribosome;translation;ribosome,"GO_MF,GO_BP,GO_CC",-,PF00573
MGYG000000013_02236,6,rplC,rplC,50S ribosomal protein L3,Large ribosomal subunit protein uL3,COG0087,J,ko:K02906,map03010,Ribosome,"GO:0003735,GO:0006412,GO:0005840",structural constituent of ribosome;translation;ribosome,"GO_MF,GO_BP,GO_CC",-,PF00297
MGYG000000013_02237,1,rpsJ,rpsJ,30S ribosomal protein S10,Small ribosomal subunit protein uS10,COG0051,J,ko:K02906,map03010,Ribosome,"GO:0003735,GO:0006412,GO:0005840,GO:0003723",structural constituent of ribosome;translation;ribosome;RNA binding,"GO_MF,GO_BP,GO_CC,GO_MF",-,"PF00338,PF00297"
MGYG000000013_02242,1,rpoC,rpoC,DNA-directed RNA polymerase subunit beta',DNA-directed RNA polymerase subunit beta',COG0086,K,ko:K03046,map03020,RNA polymerase,"GO:0003677,GO:0003899,GO:0006351",DNA binding;DNA-directed 5'-3' RNA polymerase activity;DNA-templated transcription,"GO_MF,GO_MF,GO_BP",2.7.7.6,"PF04998,PF04983,PF05000,PF04997,PF00623"
MGYG000000013_02244,1,rpoB,rpoB,DNA-directed RNA polymerase subunit beta,DNA-directed RNA polymerase subunit beta,COG0085,K,ko:K03043,map03020,RNA polymerase,"GO:0003677,GO:0003899,GO:0006351,GO:0032549",DNA binding;DNA-directed 5'-3' RNA polymerase activity;DNA-templated transcription;ribonucleoside binding,"GO_MF,GO_MF,GO_BP,GO_MF",2.7.7.6,"PF04565,PF04560,PF00562,PF04561,PF10385,PF04563"
MGYG000000013_02245,6,rplL,rplL,50S ribosomal protein L7/L12,Large ribosomal subunit protein bL12,COG0222,J,ko:K02935,map03010,Ribosome,"GO:0003735,GO:0006412,GO:0005840",structural constituent of ribosome;translation;ribosome,"GO_MF,GO_BP,GO_CC",-,"PF00542,PF16320"
MGYG000000013_02247,1,rplA,rplA,50S ribosomal protein L1,Large ribosomal subunit protein uL1,COG0081,J,ko:K02863,map03010,Ribosome,"GO:0003723,GO:0003735,GO:0006412,GO:0015934",RNA binding;structural constituent of ribosome;translation;large ribosomal subunit,"GO_MF,GO_MF,GO_BP,GO_CC",-,PF00687
MGYG000000013_02248,1,rplK,rplK,50S ribosomal protein L11,Large ribosomal subunit protein uL11,COG0080,J,ko:K02867,map03010,Ribosome,"GO:0003735,GO:0006412,GO:0005840",structural constituent of ribosome;translation;ribosome,"GO_MF,GO_BP,GO_CC",-,"PF00298,PF03946"
MGYG000000013_02249,1,nusG,nusG,Transcription termination/antitermination protein NusG,Transcription termination/antitermination protein NusG,COG0250,K,ko:K02601,-,-,"GO:0032784,GO:0006354,GO:0140673",regulation of DNA-templated transcription elongation;DNA-templated transcription elongation;transcription elongation-coupled chromatin remodeling,"GO_BP,GO_BP,GO_BP",-,PF02357
MGYG000000013_02251,1,tufA,tuf,Elongation factor Tu,Elongation factor Tu,COG0050,J,ko:K02358,map04626,Plant-pathogen interaction,"GO:0003924,GO:0005525,GO:0003746,GO:0006414,GO:0016853,GO:0048029,GO:0005996",GTPase activity;GTP binding;translation elongation factor activity;translational elongation;isomerase activity;monosaccharide binding;monosaccharide metabolic process,"GO_MF,GO_MF,GO_MF,GO_BP,GO_MF,GO_MF,GO_BP",-,"PF00009,PF03144,PF03143,PF05025"
MGYG000000013_02380,1,MGYG000000013_02380,-,hypothetical protein,-,"COG3063,COG4783,COG5010",NWMOW,-,-,-,GO:0005515,protein binding,GO_MF,-,PF13432
MGYG000000013_03148,1,rpsB,rpsB,30S ribosomal protein S2,Small ribosomal subunit protein uS2,COG0052,J,ko:K02967,map03010,Ribosome,"GO:0003735,GO:0006412,GO:0005840,GO:0015935",structural constituent of ribosome;translation;ribosome;small ribosomal subunit,"GO_MF,GO_BP,GO_CC,GO_CC",-,PF00318
MGYG000000013_03192,0,MGYG000000013_03192,-,hypothetical protein,-,-,-,-,-,-,-,-,-,-,-
MGYG000000019_04219,4,aes,-,Acetyl esterase,-,COG0657,I,ko:K01066,-,-,GO:0016787,hydrolase activity,GO_MF,3.1.1.-,PF07859
MGYG000000029_02246,2,MGYG000000029_02246,-,hypothetical protein,-,-,-,ko:K05349,"map00460,map00500,map00946,map00999,map01100,map01110",Cyanoamino acid metabolism;Starch and sucrose metabolism;Degradation of flavonoids;Biosynthesis of various plant secondary metabolites;Metabolic pathways;Biosynthesis of secondary metabolites,"GO:0004553,GO:0005975","hydrolase activity, hydrolyzing O-glycosyl compounds;carbohydrate metabolic process","GO_MF,GO_BP",-,"PF00754,PF14310,PF01915,PF00933"
MGYG000000029_02809,1,secY,secY,Protein translocase subunit SecY,Protein translocase subunit SecY,COG0201,U,ko:K03076,"map02024,map03060,map03070",Quorum sensing;Protein export;Bacterial secretion system,"GO:0015031,GO:0016020",protein transport;membrane,"GO_BP,GO_CC",-,PF00344
MGYG000000029_02466,1,MGYG000000029_02466,-,hypothetical protein,-,COG0690,U,ko:K03073,"map02024,map03060,map03070",Quorum sensing;Protein export;Bacterial secretion system,"GO:0006605,GO:0006886,GO:0016020,GO:0008320,GO:0009306",protein targeting;intracellular protein transport;membrane;protein transmembrane transporter activity;protein secretion,"GO_BP,GO_BP,GO_CC,GO_MF,GO_BP",-,PF00584
MGYG000000029_02468,1,tufA,tuf,Elongation factor Tu,Elongation factor Tu,COG0050,J,ko:K02358,map04626,Plant-pathogen interaction,"GO:0003924,GO:0005525,GO:0003746,GO:0006414,GO:0016853,GO:0048029,GO:0005996",GTPase activity;GTP binding;translation elongation factor activity;translational elongation;isomerase activity;monosaccharide binding;monosaccharide metabolic process,"GO_MF,GO_MF,GO_MF,GO_BP,GO_MF,GO_MF,GO_BP",-,"PF03144,PF03143,PF00009,PF05025"
MGYG000000044_00878,0,glgP_1,-,Glycogen phosphorylase,-,"COG0058,COG0438",GM,"ko:K00688,ko:K00691,ko:K16153","map00500,map01100,map01110,map02026,map04217,map04910,map04922,map04931",Starch and sucrose metabolism;Metabolic pathways;Biosynthesis of secondary metabolites;Biofilm formation - Escherichia coli;Necroptosis;Insulin signaling pathway;Glucagon signaling pathway;Insulin resistance,"GO:0008184,GO:0005975,GO:0004645,GO:0030170","glycogen phosphorylase activity;carbohydrate metabolic process;1,4-alpha-oligoglucan phosphorylase activity;pyridoxal phosphate binding","GO_MF,GO_BP,GO_MF,GO_MF","2.4.1.1,2.4.1.11,2.4.1.8","PF11897,PF00343"
MGYG000000054_01527,2,MGYG000000054_01527,-,hypothetical protein,-,-,-,-,-,-,-,-,-,-,-
MGYG000000054_00457,1,MGYG000000054_00457,-,hypothetical protein,-,-,-,-,-,-,-,-,-,-,PF14057
MGYG000000054_02291,1,pckA,pckA,Phosphoenolpyruvate carboxykinase (ATP),Phosphoenolpyruvate carboxykinase (ATP),COG1866,C,ko:K01610,"map00010,map00020,map00620,map00710,map01100,map01110,map01120,map01200",Glycolysis / Gluconeogenesis;Citrate cycle (TCA cycle);Pyruvate metabolism;Carbon fixation in photosynthetic organisms;Metabolic pathways;Biosynthesis of secondary metabolites;Microbial metabolism in diverse environments;Carbon metabolism,"GO:0004612,GO:0005524,GO:0006094,GO:0004611,GO:0017076",phosphoenolpyruvate carboxykinase (ATP) activity;ATP binding;gluconeogenesis;phosphoenolpyruvate carboxykinase activity;purine nucleotide binding,"GO_MF,GO_MF,GO_BP,GO_MF,GO_MF",4.1.1.49,PF01293
MGYG000000054_00353,5,xylA,xylA,Xylose isomerase,Xylose isomerase,COG2115,G,ko:K01805,"map00040,map00051,map01100",Pentose and glucuronate interconversions;Fructose and mannose metabolism;Metabolic pathways,"GO:0009045,GO:0005975,GO:0016301",xylose isomerase activity;carbohydrate metabolic process;kinase activity,"GO_MF,GO_BP,GO_MF",5.3.1.5,"PF00370,PF02782"
MGYG000000054_00354,5,xylB,-,Xylulose kinase,-,COG1070,G,ko:K00854,"map00040,map01100",Pentose and glucuronate interconversions;Metabolic pathways,"GO:0016301,GO:0005975",kinase activity;carbohydrate metabolic process,"GO_MF,GO_BP",2.7.1.17,"PF00370,PF02782"
MGYG000000054_00249,5,susC_3,-,TonB-dependent receptor SusC,-,"COG4771,COG4206,COG1629",PHP,-,-,-,-,-,-,-,"PF07715,PF13715"
MGYG000000054_00250,5,MGYG000000054_00250,-,hypothetical protein,-,-,-,ko:K21572,-,-,GO:0005515,protein binding,GO_MF,-,"PF07980,PF14322"
MGYG000000054_00251,5,susC_4,-,TonB-dependent receptor SusC,-,"COG4771,COG4206",PH,-,-,-,-,-,-,-,PF07715
MGYG000000054_00252,5,MGYG000000054_00252,-,hypothetical protein,-,-,-,ko:K21572,-,-,GO:0005515,protein binding,GO_MF,-,"PF07980,PF14322"
MGYG000000054_00253,5,MGYG000000054_00253,-,hypothetical protein,-,-,-,-,-,-,-,-,-,-,"PF08522,PF18620"
MGYG000000054_00254,5,MGYG000000054_00254,-,hypothetical protein,-,COG3693,G,-,-,-,"GO:0004553,GO:0005975,GO:0016798","hydrolase activity, hydrolyzing O-glycosyl compounds;carbohydrate metabolic process;hydrolase activity, acting on glycosyl bonds","GO_MF,GO_BP,GO_MF",-,"PF00331,PF02018"
MGYG000000056_00423,2,MGYG000000056_00423,-,hypothetical protein,-,-,-,-,-,-,-,-,-,-,-
MGYG000000083_05777,5,MGYG000000083_05777,-,hypothetical protein,-,-,-,-,-,-,-,-,-,-,-
MGYG000000098_01635,2,MGYG000000098_01635,-,hypothetical protein,-,-,-,-,-,-,-,-,-,-,-
MGYG000000112_01922,4,MGYG000000112_01922,-,hypothetical protein,-,-,-,-,-,-,-,-,-,-,-
MGYG000000123_05257,4,MGYG000000123_05257,-,hypothetical protein,-,-,-,-,-,-,-,-,-,-,-
MGYG000000138_02967,0,traC_2,-,DNA primase TraC,-,"COG4227,COG4643",LX,-,-,-,GO:0003697,single-stranded DNA binding,GO_MF,2.7.7.-,"PF08401,PF18818"
MGYG000000138_02968,0,hin_2,hin,DNA-invertase hin,DNA-invertase hin,COG1961,L,-,-,-,"GO:0000150,GO:0006310,GO:0003677",DNA strand exchange activity;DNA recombination;DNA binding,"GO_MF,GO_BP,GO_MF",-,PF00239
MGYG000000138_02970,0,MGYG000000138_02970,-,hypothetical protein,-,COG3505,U,-,-,-,GO:0016020,membrane,GO_CC,-,PF02534
MGYG000000138_02976,0,MGYG000000138_02976,-,hypothetical protein,-,"COG0551,COG0550",LL,-,-,-,-,-,-,-,PF13342
MGYG000000138_02979,0,MGYG000000138_02979,-,hypothetical protein,-,-,-,-,-,-,-,-,-,-,"PF13154,PF13155"
MGYG000000138_02980,0,MGYG000000138_02980,-,hypothetical protein,-,-,-,-,-,-,-,-,-,-,PF13101
MGYG000000138_02981,0,MGYG000000138_02981,-,hypothetical protein,-,-,-,-,-,-,-,-,-,-,"PF13351,PF13101"
MGYG000000138_02983,0,MGYG000000138_02983,-,hypothetical protein,-,"COG0529,COG4185",PR,-,-,-,"GO:0005524,GO:0016301",ATP binding;kinase activity,"GO_MF,GO_MF",-,PF06414
MGYG000000138_02985,0,MGYG000000138_02985,-,hypothetical protein,-,-,-,-,-,-,-,-,-,-,PF13151
MGYG000000139_01096,2,rsxA,rnfA,Electron transport complex subunit RsxA,Na(+)-translocating ferredoxin:NAD(+) oxidoreductase complex subunit A,COG4657,C,ko:K03617,-,-,"GO:0016020,GO:0022900",membrane;electron transport chain,"GO_CC,GO_BP",-,PF02508
MGYG000000141_03467,4,MGYG000000141_03467,-,hypothetical protein,-,-,-,-,-,-,-,-,-,-,-
MGYG000000144_02714,2,MGYG000000144_02714,-,hypothetical protein,-,-,-,-,-,-,-,-,-,-,-
MGYG000000144_00846,2,MGYG000000144_00846,-,hypothetical protein,-,-,-,-,-,-,-,-,-,-,-
MGYG000000180_01416,2,MGYG000000180_01416,-,hypothetical protein,-,-,-,-,-,-,-,-,-,-,-
MGYG000000183_03347,2,prlC,-,Oligopeptidase A,-,COG0339,O,"ko:K01284,ko:K01414",-,-,"GO:0004222,GO:0006508",metalloendopeptidase activity;proteolysis,"GO_MF,GO_BP",3.4.24.70,PF01432
MGYG000000184_02477,4,MGYG000000184_02477,-,hypothetical protein,-,-,-,-,-,-,-,-,-,-,-
MGYG000000191_00395,2,MGYG000000191_00395,-,hypothetical protein,-,"COG0346,COG1363",QEG,-,-,-,-,-,-,-,"PF05343,PF00903"
MGYG000000196_04009,1,secY,secY,Protein translocase subunit SecY,Protein translocase subunit SecY,COG0201,U,ko:K03076,"map02024,map03060,map03070",Quorum sensing;Protein export;Bacterial secretion system,"GO:0015031,GO:0016020",protein transport;membrane,"GO_BP,GO_CC",-,PF00344
MGYG000000196_01785,6,pckA,pckA,Phosphoenolpyruvate carboxykinase (ATP),Phosphoenolpyruvate carboxykinase (ATP),COG1866,C,ko:K01610,"map00010,map00020,map00620,map00710,map01100,map01110,map01120,map01200",Glycolysis / Gluconeogenesis;Citrate cycle (TCA cycle);Pyruvate metabolism;Carbon fixation in photosynthetic organisms;Metabolic pathways;Biosynthesis of secondary metabolites;Microbial metabolism in diverse environments;Carbon metabolism,"GO:0004612,GO:0005524,GO:0006094,GO:0004611,GO:0017076",phosphoenolpyruvate carboxykinase (ATP) activity;ATP binding;gluconeogenesis;phosphoenolpyruvate carboxykinase activity;purine nucleotide binding,"GO_MF,GO_MF,GO_BP,GO_MF,GO_MF",4.1.1.49,PF01293
MGYG000000196_02622,6,MGYG000000196_02622,-,hypothetical protein,-,-,-,-,-,-,-,-,-,-,-
MGYG000000211_05070,4,MGYG000000211_05070,-,hypothetical protein,-,-,-,-,-,-,-,-,-,-,-
MGYG000000211_05071,4,MGYG000000211_05071,-,hypothetical protein,-,COG4115,V,-,-,-,"GO:0004519,GO:0006401",endonuclease activity;RNA catabolic process,"GO_MF,GO_BP",-,PF06769
MGYG000000213_04194,4,MGYG000000213_04194,-,hypothetical protein,-,-,-,-,-,-,-,-,-,-,-
MGYG000000224_00350,2,MGYG000000224_00350,-,hypothetical protein,-,-,-,-,-,-,-,-,-,-,-
MGYG000000243_01805,6,macB_3,-,Macrolide export ATP-binding/permease protein MacB,-,COG0577,V,ko:K02004,-,-,GO:0016020,membrane,GO_CC,3.6.3.-,"PF12704,PF02687"
MGYG000000243_01981,1,rplL,rplL,50S ribosomal protein L7/L12,Large ribosomal subunit protein bL12,COG0222,J,ko:K02935,map03010,Ribosome,"GO:0003735,GO:0006412,GO:0005840,GO:0000315,GO:0022625",structural constituent of ribosome;translation;ribosome;organellar large ribosomal subunit;cytosolic large ribosomal subunit,"GO_MF,GO_BP,GO_CC,GO_CC,GO_CC",-,"PF16320,PF00542"
MGYG000000243_02786,5,MGYG000000243_02786,-,Acid shock protein,-,COG0071,O,ko:K01834,"map00010,map00260,map00680,map01100,map01110,map01120,map01200,map01230,map04922,map05230","Glycolysis / Gluconeogenesis;Glycine, serine and threonine metabolism;Methane metabolism;Metabolic pathways;Biosynthesis of secondary metabolites;Microbial metabolism in diverse environments;Carbon metabolism;Biosynthesis of amino acids;Glucagon signaling pathway;Central carbon metabolism in cancer","GO:0003824,GO:0016868,GO:0006096",catalytic activity;intramolecular phosphotransferase activity;glycolytic process,"GO_MF,GO_MF,GO_BP",-,"PF00011,PF00300"
MGYG000000264_02558,2,MGYG000000264_02558,-,hypothetical protein,-,"COG2200,COG2770,COG5975,COG3322,COG2199,COG0745,COG2203,COG5001,COG2202,COG5979,COG5278,COG3452,COG5002",TTTTTTKTTTTTTT,-,-,-,"GO:0007165,GO:0016020",signal transduction;membrane,"GO_BP,GO_CC",-,"PF00990,PF05228,PF00563"
MGYG000000265_04038,0,MGYG000000265_04038,-,hypothetical protein,-,-,-,-,-,-,-,-,-,-,PF03432
MGYG000000265_04191,4,MGYG000000265_04191,-,hypothetical protein,-,-,-,-,-,-,-,-,-,-,PF03432
MGYG000000265_04192,4,MGYG000000265_04192,-,hypothetical protein,-,-,-,-,-,-,-,-,-,-,PF03432
MGYG000000265_04180,0,MGYG000000265_04180,-,hypothetical protein,-,COG5527,X,-,-,-,"GO:0003887,GO:0006270",DNA-directed DNA polymerase activity;DNA replication initiation,"GO_MF,GO_BP",-,PF01051
MGYG000000265_04084,0,MGYG000000265_04084,-,hypothetical protein,-,"COG3451,COG0484",UO,-,-,-,-,-,-,-,-
MGYG000000265_04085,0,MGYG000000265_04085,-,hypothetical protein,-,-,-,-,-,-,-,-,-,-,-
MGYG000000265_04093,0,MGYG000000265_04093,-,hypothetical protein,-,-,-,-,-,-,-,-,-,-,-
MGYG000000330_02207,0,MGYG000000330_02207,-,hypothetical protein,-,-,-,-,-,-,-,-,-,-,-
MGYG000000458_00690,2,MGYG000000458_00690,-,putative CtpA-like serine protease,-,COG0793,O,ko:K03797,-,-,"GO:0008236,GO:0006508,GO:0005515",serine-type peptidase activity;proteolysis;protein binding,"GO_MF,GO_BP,GO_MF",3.4.21.-,PF03572
MGYG000000545_01625,1,pgcA,pgcA,Phosphoglucomutase,Phosphoglucomutase,COG1109,G,"ko:K01835,ko:K01840","map00010,map00030,map00052,map00230,map00500,map00520,map00521,map01100,map01110,map01120,map01250,map00051,map00520,map00541,map01100,map01110,map01250",Glycolysis / Gluconeogenesis;Pentose phosphate pathway;Galactose metabolism;Purine metabolism;Starch and sucrose metabolism;Amino sugar and nucleotide sugar metabolism;Streptomycin biosynthesis;Metabolic pathways;Biosynthesis of secondary metabolites;Microbial metabolism in diverse environments;Biosynthesis of nucleotide sugars;Fructose and mannose metabolism;Amino sugar and nucleotide sugar metabolism;O-Antigen nucleotide sugar biosynthesis;Metabolic pathways;Biosynthesis of secondary metabolites;Biosynthesis of nucleotide sugars,"GO:0016868,GO:0005975,GO:0000287",intramolecular phosphotransferase activity;carbohydrate metabolic process;magnesium ion binding,"GO_MF,GO_BP,GO_MF",5.4.2.2,"PF00408,PF02879,PF02878,PF02880"
MGYG000000621_00970,0,MGYG000000621_00970,-,hypothetical protein,-,-,-,-,-,-,-,-,-,-,PF09719
MGYG000000652_01784,2,MGYG000000652_01784,-,hypothetical protein,-,-,-,-,-,-,-,-,-,-,-
MGYG000000663_00554,4,MGYG000000663_00554,-,hypothetical protein,-,"COG1388,COG5846,COG3409",MDM,-,-,-,-,-,-,-,-
MGYG000000671_02105,4,ileS,ileS,Isoleucine--tRNA ligase,Isoleucine--tRNA ligase,COG0060,J,ko:K01870,map00970,Aminoacyl-tRNA biosynthesis,"GO:0000166,GO:0004812,GO:0005524,GO:0006418,GO:0004822,GO:0006428,GO:0002161,GO:0000049",nucleotide binding;aminoacyl-tRNA ligase activity;ATP binding;tRNA aminoacylation for protein translation;isoleucine-tRNA ligase activity;isoleucyl-tRNA aminoacylation;aminoacyl-tRNA editing activity;tRNA binding,"GO_MF,GO_MF,GO_MF,GO_BP,GO_MF,GO_BP,GO_MF,GO_MF",6.1.1.5,"PF00133,PF06827,PF08264"
MGYG000000675_03780,3,MGYG000000675_03780,-,hypothetical protein,-,-,-,-,-,-,-,-,-,-,-
MGYG000000675_04085,2,MGYG000000675_04085,-,hypothetical protein,-,-,-,-,-,-,-,-,-,-,-
MGYG000000675_01035,3,MGYG000000675_01035,-,hypothetical protein,-,-,-,-,-,-,-,-,-,-,-
MGYG000000675_03276,2,MGYG000000675_03276,-,hypothetical protein,-,-,-,-,-,-,-,-,-,-,-
MGYG000000675_00630,6,MGYG000000675_00630,-,hypothetical protein,-,-,-,-,-,-,GO:0005515,protein binding,GO_MF,-,PF12771
MGYG000000675_00631,6,MGYG000000675_00631,-,hypothetical protein,-,"COG1629,COG4771,COG4206",PPH,-,-,-,-,-,-,-,"PF13715,PF00593,PF07715"
MGYG000000686_00781,2,pepD,pepD,Dipeptidase,Dipeptidase,COG4690,E,ko:K08659,-,-,"GO:0016805,GO:0070004,GO:0006508",dipeptidase activity;cysteine-type exopeptidase activity;proteolysis,"GO_MF,GO_MF,GO_BP",3.4.-.-,PF03577
MGYG000000749_00669,2,MGYG000000749_00669,-,hypothetical protein,-,COG4231,C,ko:K00179,-,-,"GO:0016491,GO:0003824,GO:0030976,GO:0043805",oxidoreductase activity;catalytic activity;thiamine pyrophosphate binding;indolepyruvate ferredoxin oxidoreductase activity,"GO_MF,GO_MF,GO_MF,GO_MF",-,"PF02775,PF01855,PF00037"
MGYG000000788_02046,2,MGYG000000788_02046,-,hypothetical protein,-,-,-,-,-,-,-,-,-,-,-
MGYG000000788_01097,2,MGYG000000788_01097,-,hypothetical protein,-,-,-,-,-,-,-,-,-,-,-
MGYG000000850_00223,4,lpxD,lpxD,UDP-3-O-acylglucosamine N-acyltransferase,UDP-3-O-acylglucosamine N-acyltransferase,COG1044,M,ko:K02536,"map00540,map01100",Lipopolysaccharide biosynthesis;Metabolic pathways,"GO:0016410,GO:0009245,GO:0016747","N-acyltransferase activity;lipid A biosynthetic process;acyltransferase activity, transferring groups other than amino-acyl groups","GO_MF,GO_BP,GO_MF",2.3.1.-,"PF04613,PF00132"
MGYG000000894_00935,4,MGYG000000894_00935,-,hypothetical protein,-,-,-,-,-,-,-,-,-,-,-
MGYG000000923_01233,4,tet(Q),tetQ,tetracycline resistance ribosomal protection protein Tet(Q),Tetracycline resistance protein TetQ,COG0480,J,ko:K18220,-,-,"GO:0003924,GO:0005525",GTPase activity;GTP binding,"GO_MF,GO_MF",-,"PF14492,PF00679,PF03764,PF00009"
MGYG000000933_00543,2,typA,bipA,GTP-binding protein TypA/BipA,Large ribosomal subunit assembly factor BipA,COG1217,T,ko:K06207,-,-,"GO:0003924,GO:0005525",GTPase activity;GTP binding,"GO_MF,GO_MF",-,"PF00009,PF00679,PF03144"
MGYG000000951_01093,4,pknD_2,-,Serine/threonine-protein kinase PknD,-,"COG1196,COG0515,COG0539,COG5752,COG1112",DTJTL,-,-,-,"GO:0004672,GO:0005524,GO:0006468,GO:0016887,GO:0004386",protein kinase activity;ATP binding;protein phosphorylation;ATP hydrolysis activity;helicase activity,"GO_MF,GO_MF,GO_BP,GO_MF,GO_MF",2.7.11.1,"PF13087,PF00069,PF13086"
MGYG000001072_01428,0,MGYG000001072_01428,-,IS66 family transposase ISBthe5,-,COG3436,X,-,-,-,-,-,-,-,PF03050
MGYG000001095_02237,2,MGYG000001095_02237,-,hypothetical protein,-,-,-,-,-,-,-,-,-,-,-
MGYG000001102_01745,2,queH,-,Epoxyqueuosine reductase QueH,-,COG1636,J,ko:K09765,-,-,-,-,-,1.17.99.6,PF02677
MGYG000001184_00379,0,MGYG000001184_00379,ywcD,hypothetical protein,Uncharacterized membrane protein YwcD,"COG5017,COG2246",GI,-,-,-,"GO:0016758,GO:0000271,GO:0016020",hexosyltransferase activity;polysaccharide biosynthetic process;membrane,"GO_MF,GO_BP,GO_CC",-,"PF04138,PF04101"
MGYG000001289_00015,2,ltxB,-,Leukotoxin export ATP-binding protein LtxB,-,"COG1132,COG2274",MVV,ko:K06147,-,-,"GO:0005524,GO:0016887,GO:0016020",ATP binding;ATP hydrolysis activity;membrane,"GO_MF,GO_MF,GO_CC",3.6.3.43,PF00005
MGYG000001306_00825,0,MGYG000001306_00825,-,IS110 family transposase ISGka2,-,COG3547,X,-,-,-,"GO:0003677,GO:0004803,GO:0006313",DNA binding;transposase activity;DNA transposition,"GO_MF,GO_MF,GO_BP",-,"PF01548,PF02371"
MGYG000001306_00010,0,MGYG000001306_00010,-,hypothetical protein,-,-,-,-,-,-,-,-,-,-,-
MGYG000001313_02517,2,MGYG000001313_02517,-,hypothetical protein,-,-,-,-,-,-,-,-,-,-,-
MGYG000001313_00305,2,MGYG000001313_00305,-,hypothetical protein,-,-,-,-,-,-,-,-,-,-,-
MGYG000001315_03355,4,MGYG000001315_03355,-,hypothetical protein,-,-,-,-,-,-,-,-,-,-,-
MGYG000001336_01480,2,MGYG000001336_01480,-,hypothetical protein,-,COG0847,L,-,-,-,-,-,-,-,-
MGYG000001337_01608,2,MGYG000001337_01608,-,hypothetical protein,-,-,-,-,-,-,-,-,-,-,-
MGYG000001345_02581,0,glgP_2,glgP,Glycogen phosphorylase,Glycogen phosphorylase,"COG0058,COG0438",GM,"ko:K00688,ko:K00691,ko:K16153","map00500,map01100,map01110,map02026,map04217,map04910,map04922,map04931,map00500,map01100,map00500,map01100,map01110",Starch and sucrose metabolism;Metabolic pathways;Biosynthesis of secondary metabolites;Biofilm formation - Escherichia coli;Necroptosis;Insulin signaling pathway;Glucagon signaling pathway;Insulin resistance;Starch and sucrose metabolism;Metabolic pathways;Starch and sucrose metabolism;Metabolic pathways;Biosynthesis of secondary metabolites,"GO:0008184,GO:0005975,GO:0004645,GO:0030170","glycogen phosphorylase activity;carbohydrate metabolic process;1,4-alpha-oligoglucan phosphorylase activity;pyridoxal phosphate binding","GO_MF,GO_BP,GO_MF,GO_MF",2.4.1.1,"PF11897,PF00343"
MGYG000001345_02807,3,sodB,sodB,Superoxide dismutase [Mn/Fe],Superoxide dismutase [Fe],COG0605,P,ko:K04564,"map04013,map04068,map04146,map04211,map04212,map04213,map05016,map05208,map05417",MAPK signaling pathway - fly;FoxO signaling pathway;Peroxisome;Longevity regulating pathway;Longevity regulating pathway - worm;Longevity regulating pathway - multiple species;Huntington disease;Chemical carcinogenesis - reactive oxygen species;Lipid and atherosclerosis,"GO:0004784,GO:0046872,GO:0006801",superoxide dismutase activity;metal ion binding;superoxide metabolic process,"GO_MF,GO_MF,GO_BP",1.15.1.1,"PF00081,PF02777"
MGYG000001345_00516,6,pnp_1,pnp,Polyribonucleotide nucleotidyltransferase,Polyribonucleotide nucleotidyltransferase,COG1185,J,ko:K00962,map03018,RNA degradation,"GO:0003676,GO:0003723,GO:0004654,GO:0006402,GO:0006396,GO:0008239,GO:0070009",nucleic acid binding;RNA binding;polyribonucleotide nucleotidyltransferase activity;mRNA catabolic process;RNA processing;dipeptidyl-peptidase activity;serine-type aminopeptidase activity,"GO_MF,GO_MF,GO_MF,GO_BP,GO_BP,GO_MF,GO_MF",2.7.7.8,"PF00013,PF00575,PF01138,PF10459,PF03726,PF03725"
MGYG000001345_02070,6,tkt,tkt,Transketolase,Transketolase,COG0021,G,ko:K00615,"map00030,map00710,map01051,map01100,map01110,map01120,map01200,map01230",Pentose phosphate pathway;Carbon fixation in photosynthetic organisms;Biosynthesis of ansamycins;Metabolic pathways;Biosynthesis of secondary metabolites;Microbial metabolism in diverse environments;Carbon metabolism;Biosynthesis of amino acids,GO:0003824,catalytic activity,GO_MF,2.2.1.1,"PF02779,PF00456"
MGYG000001345_02370,1,serC,serC,Phosphoserine aminotransferase,Phosphoserine aminotransferase,COG1932,HE,ko:K00831,"map00260,map00270,map00680,map00750,map01100,map01110,map01120,map01200,map01230,map01240","Glycine, serine and threonine metabolism;Cysteine and methionine metabolism;Methane metabolism;Vitamin B6 metabolism;Metabolic pathways;Biosynthesis of secondary metabolites;Microbial metabolism in diverse environments;Carbon metabolism;Biosynthesis of amino acids;Biosynthesis of cofactors","GO:0004648,GO:0006564",O-phospho-L-serine:2-oxoglutarate aminotransferase activity;L-serine biosynthetic process,"GO_MF,GO_BP",2.6.1.52,PF00266
MGYG000001345_04697,1,fusA_2,fusA,Elongation factor G,Elongation factor G,COG0480,J,ko:K02355,-,-,"GO:0003924,GO:0005525,GO:0003746,GO:0006414",GTPase activity;GTP binding;translation elongation factor activity;translational elongation,"GO_MF,GO_MF,GO_MF,GO_BP",-,"PF10431,PF00009,PF03144,PF00679,PF03764,PF14492"
MGYG000001345_00015,0,MGYG000001345_00015,-,hypothetical protein,-,-,-,-,-,-,-,-,-,-,-
MGYG000001347_00551,2,MGYG000001347_00551,-,hypothetical protein,-,COG2849,V,-,-,-,-,-,-,-,PF07661
MGYG000001353_00208,2,MGYG000001353_00208,-,hypothetical protein,-,-,-,-,-,-,-,-,-,-,-
MGYG000001364_03691,0,MGYG000001364_03691,-,hypothetical protein,-,-,-,-,-,-,-,-,-,-,-
MGYG000001370_00883,2,MGYG000001370_00883,-,IS982 family transposase IS1187,-,-,-,-,-,-,"GO:0003677,GO:0004803,GO:0006313",DNA binding;transposase activity;DNA transposition,"GO_MF,GO_MF,GO_BP",-,PF01609
MGYG000001378_00118,1,MGYG000001378_00118,secD,hypothetical protein,Protein translocase subunit SecD,"COG0341,COG0342",UU,"ko:K03072,ko:K12257","map03060,map03070,map02024,map03060,map03070",Protein export;Bacterial secretion system;Quorum sensing;Protein export;Bacterial secretion system,"GO:0015450,GO:0006886",protein-transporting ATPase activity;intracellular protein transport,"GO_MF,GO_BP",-,"PF02355,PF07549"
MGYG000001378_00441,6,rbr,rbr,Rubrerythrin,Rubrerythrin,COG1592,C,-,-,-,"GO:0016491,GO:0046872,GO:0005506",oxidoreductase activity;metal ion binding;iron ion binding,"GO_MF,GO_MF,GO_MF",-,PF02915
MGYG000001378_00616,0,MGYG000001378_00616,-,hypothetical protein,-,-,-,-,-,-,-,-,-,-,-
MGYG000001378_04015,0,susC_64,-,TonB-dependent receptor SusC,-,"COG1629,COG4771,COG4206",PPH,-,-,-,-,-,-,-,"PF00593,PF13715,PF07715"
MGYG000001378_04298,3,katA,katA,Catalase,Catalase,COG0753,P,ko:K03781,"map00380,map00630,map01100,map01110,map01200,map04011,map04016,map04068,map04146,map04211,map04212,map04213,map05014,map05022,map05208",Tryptophan metabolism;Glyoxylate and dicarboxylate metabolism;Metabolic pathways;Biosynthesis of secondary metabolites;Carbon metabolism;MAPK signaling pathway - yeast;MAPK signaling pathway - plant;FoxO signaling pathway;Peroxisome;Longevity regulating pathway;Longevity regulating pathway - worm;Longevity regulating pathway - multiple species;Amyotrophic lateral sclerosis;Pathways of neurodegeneration - multiple diseases;Chemical carcinogenesis - reactive oxygen species,"GO:0020037,GO:0004096,GO:0006979,GO:0042744",heme binding;catalase activity;response to oxidative stress;hydrogen peroxide catabolic process,"GO_MF,GO_MF,GO_BP,GO_BP",1.11.1.6,"PF06628,PF00199"
MGYG000001378_02693,5,susC_37,-,TonB-dependent receptor SusC,-,"COG4771,COG1629,COG4206",PPH,-,-,-,-,-,-,-,"PF00593,PF13715,PF07715"
MGYG000001378_02694,5,MGYG000001378_02694,-,hypothetical protein,-,-,-,ko:K15923,map00511,Other glycan degradation,"GO:0005975,GO:0004560",carbohydrate metabolic process;alpha-L-fucosidase activity,"GO_BP,GO_MF",-,PF14498
MGYG000001378_03397,3,dps,dps,DNA protection during starvation protein,DNA protection during starvation protein,COG0783,B,ko:K04047,-,-,"GO:0008199,GO:0016722","ferric iron binding;oxidoreductase activity, acting on metal ions","GO_MF,GO_MF",1.16.-.-,PF00210
MGYG000001378_04534,1,por_2,nifJ,Pyruvate synthase,Pyruvate-flavodoxin oxidoreductase,"COG1014,COG0247,COG1144,COG1013,COG0674,COG1143",CCCCCC,ko:K03737,"map00010,map00020,map00620,map00650,map00720,map01100,map01110,map01120,map01200,map01210",Glycolysis / Gluconeogenesis;Citrate cycle (TCA cycle);Pyruvate metabolism;Butanoate metabolism;Carbon fixation pathways in prokaryotes;Metabolic pathways;Biosynthesis of secondary metabolites;Microbial metabolism in diverse environments;Carbon metabolism;2-Oxocarboxylic acid metabolism,"GO:0016491,GO:0003824,GO:0030976,GO:0005506,GO:0016903,GO:0022900","oxidoreductase activity;catalytic activity;thiamine pyrophosphate binding;iron ion binding;oxidoreductase activity, acting on the aldehyde or oxo group of donors;electron transport chain","GO_MF,GO_MF,GO_MF,GO_MF,GO_MF,GO_BP",1.2.7.1,"PF01855,PF02775,PF10371,PF17147,PF01558,PF13484"
MGYG000001378_04556,0,lacZ_18,-,Beta-galactosidase,-,COG3250,G,-,-,-,"GO:0004553,GO:0005975","hydrolase activity, hydrolyzing O-glycosyl compounds;carbohydrate metabolic process","GO_MF,GO_BP",3.2.1.23,"PF02836,PF00703,PF02837"
MGYG000001378_04557,0,MGYG000001378_04557,-,hypothetical protein,-,"COG3828,COG3537",RG,-,-,-,"GO:0005975,GO:0030246",carbohydrate metabolic process;carbohydrate binding,"GO_BP,GO_MF",-,"PF17678,PF07971"
MGYG000001378_05029,6,fusA_2,fusA,Elongation factor G,Elongation factor G,COG0480,J,ko:K02355,-,-,"GO:0003924,GO:0005525,GO:0003746,GO:0006414",GTPase activity;GTP binding;translation elongation factor activity;translational elongation,"GO_MF,GO_MF,GO_MF,GO_BP",-,"PF03144,PF14492,PF00679,PF10431,PF03764,PF00009"
MGYG000001378_05036,6,rplJ,rplJ,50S ribosomal protein L10,Large ribosomal subunit protein uL10,COG0244,J,ko:K02864,map03010,Ribosome,-,-,-,-,PF00466
MGYG000001378_04701,2,MGYG000001378_04701,-,hypothetical protein,-,"COG1145,COG0437,COG1146,COG1143,COG0716,COG1149,COG2221",CCFCCRP,-,-,-,-,-,-,-,"PF13187,PF12724"
MGYG000001379_01168,2,alsT_1,alsT,Amino-acid carrier protein AlsT,Amino-acid carrier protein AlsT,COG1115,E,ko:K03310,-,-,"GO:0005283,GO:0006814,GO:0006865,GO:0016020,GO:0022857,GO:0055085",amino acid:sodium symporter activity;sodium ion transport;amino acid transport;membrane;transmembrane transporter activity;transmembrane transport,"GO_MF,GO_BP,GO_BP,GO_CC,GO_MF,GO_BP",-,PF01235
MGYG000001391_03222,5,MGYG000001391_03222,-,hypothetical protein,-,-,-,-,-,-,-,-,-,-,-
MGYG000001399_00560,1,ermD,ermF,rRNA adenine N-6-methyltransferase,rRNA adenine N-6-methyltransferase,COG0030,J,ko:K00561,-,-,"GO:0000179,GO:0000154,GO:0033104","rRNA (adenine-N6,N6-)-dimethyltransferase activity;rRNA modification;type VI protein secretion system complex","GO_MF,GO_BP,GO_CC",2.1.1.-,"PF00398,PF17642"
MGYG000001487_01736,2,MGYG000001487_01736,-,hypothetical protein,-,"COG0655,COG0431,COG2249",CCR,-,-,-,-,-,-,-,-
MGYG000001521_00188,4,MGYG000001521_00188,-,hypothetical protein,-,COG2826,X,-,-,-,-,-,-,-,PF13936
MGYG000001538_01770,2,yggS,aq_274,Pyridoxal phosphate homeostasis protein,Pyridoxal phosphate homeostasis protein,COG0325,H,ko:K06997,-,-,GO:0030170,pyridoxal phosphate binding,GO_MF,-,PF01168
MGYG000001548_01430,2,MGYG000001548_01430,-,hypothetical protein,-,COG0726,GM,-,-,-,"GO:0016810,GO:0005975","hydrolase activity, acting on carbon-nitrogen (but not peptide) bonds;carbohydrate metabolic process","GO_MF,GO_BP",-,PF01522
MGYG000001569_00561,4,MGYG000001569_00561,-,hypothetical protein,-,"COG3209,COG4223",RS,-,-,-,-,-,-,-,-
MGYG000001648_00838,4,MGYG000001648_00838,-,hypothetical protein,-,"COG6083,COG4932,COG3979,COG1404,COG4447,COG3291,COG5492,COG4124",UMGOCSRG,-,-,-,-,-,-,-,"PF16403,PF17210"
MGYG000001650_01218,2,rplJ,rplJ,50S ribosomal protein L10,Large ribosomal subunit protein uL10,COG0244,J,ko:K02864,map03010,Ribosome,"GO:0003735,GO:0006412,GO:0015934",structural constituent of ribosome;translation;large ribosomal subunit,"GO_MF,GO_BP,GO_CC",-,PF00466
MGYG000001661_02666,1,tufA,tuf,Elongation factor Tu,Elongation factor Tu,COG0050,J,ko:K02358,map04626,Plant-pathogen interaction,"GO:0003924,GO:0005525,GO:0000160,GO:0003746,GO:0006414",GTPase activity;GTP binding;phosphorelay signal transduction system;translation elongation factor activity;translational elongation,"GO_MF,GO_MF,GO_BP,GO_MF,GO_BP",-,"PF03143,PF00009,PF00072,PF03144"
MGYG000001697_02790,2,MGYG000001697_02790,-,hypothetical protein,-,-,-,-,-,-,-,-,-,-,-
MGYG000001782_01185,2,MGYG000001782_01185,-,hypothetical protein,-,"COG3087,COG1714,COG0810",DSM,ko:K03832,-,-,-,-,-,-,PF13103
MGYG000001827_00089,4,typA,bipA,GTP-binding protein TypA/BipA,Large ribosomal subunit assembly factor BipA,COG1217,T,ko:K06207,-,-,"GO:0003924,GO:0005525",GTPase activity;GTP binding,"GO_MF,GO_MF",-,"PF00679,PF00009,PF03144"
MGYG000001878_02431,2,MGYG000001878_02431,-,Keratan-sulfate endo-1%2C4-beta-galactosidase,-,COG2273,G,-,-,-,"GO:0004553,GO:0005975","hydrolase activity, hydrolyzing O-glycosyl compounds;carbohydrate metabolic process","GO_MF,GO_BP",3.2.1.103,PF00722
MGYG000001931_00803,2,MGYG000001931_00803,-,hypothetical protein,-,-,-,-,-,-,-,-,-,-,-
MGYG000001977_01479,2,MGYG000001977_01479,-,hypothetical protein,-,-,-,-,-,-,-,-,-,-,-
MGYG000002150_00626,2,lepA,lepA,Elongation factor 4,Elongation factor 4,COG0481,J,ko:K03596,map05134,Legionellosis,"GO:0003924,GO:0005525",GTPase activity;GTP binding,"GO_MF,GO_MF",3.6.5.-,"PF00009,PF00679,PF03144,PF06421"
MGYG000002162_00218,4,copA_1,cadA,putative copper-exporting P-type ATPase,Cadmium-transporting ATPase,COG2217,P,ko:K01534,-,-,"GO:0005215,GO:0005524,GO:0016887,GO:0016020,GO:0000166",transporter activity;ATP binding;ATP hydrolysis activity;membrane;nucleotide binding,"GO_MF,GO_MF,GO_MF,GO_CC,GO_MF",3.6.3.54,PF00702
MGYG000002170_00735,5,MGYG000002170_00735,-,hypothetical protein,-,COG0591,E,-,-,-,"GO:0022857,GO:0055085,GO:0016020",transmembrane transporter activity;transmembrane transport;membrane,"GO_MF,GO_BP,GO_CC",-,PF00474
MGYG000002171_00642,2,MGYG000002171_00642,-,hypothetical protein,-,-,-,-,-,-,-,-,-,-,-
MGYG000002179_00081,2,MGYG000002179_00081,-,hypothetical protein,-,-,-,-,-,-,-,-,-,-,-
MGYG000002213_00821,2,yafP,-,putative N-acetyltransferase YafP,-,"COG0456,COG1246",JE,ko:K03830,-,-,GO:0016747,"acyltransferase activity, transferring groups other than amino-acyl groups",GO_MF,2.3.1.-,PF13673
MGYG000002273_05519,5,MGYG000002273_05519,-,hypothetical protein,-,-,-,-,-,-,-,-,-,-,-
MGYG000002323_03729,2,nrdD,nrdD,Anaerobic ribonucleoside-triphosphate reductase,Anaerobic ribonucleoside-triphosphate reductase,COG1328,F,ko:K21636,"map00230,map00240,map01100,map01232",Purine metabolism;Pyrimidine metabolism;Metabolic pathways;Nucleotide metabolism,"GO:0003824,GO:0008998,GO:0016491,GO:0006260",catalytic activity;ribonucleoside-triphosphate reductase (thioredoxin) activity;oxidoreductase activity;DNA replication,"GO_MF,GO_MF,GO_MF,GO_BP",1.1.98.6,"PF03477,PF13597,PF13193,PF00501"
MGYG000002326_01168,3,lipO_2,-,Lipoprotein LipO,-,COG1653,G,-,-,-,-,-,-,-,PF01547
MGYG000002350_03530,5,argS,argS,Arginine--tRNA ligase,Arginine--tRNA ligase,COG0018,J,ko:K01887,map00970,Aminoacyl-tRNA biosynthesis,"GO:0004814,GO:0005524,GO:0006420,GO:0000166,GO:0004812,GO:0006418,GO:0005737",arginine-tRNA ligase activity;ATP binding;arginyl-tRNA aminoacylation;nucleotide binding;aminoacyl-tRNA ligase activity;tRNA aminoacylation for protein translation;cytoplasm,"GO_MF,GO_MF,GO_BP,GO_MF,GO_MF,GO_BP,GO_CC",6.1.1.19,"PF03485,PF00750,PF05746"
MGYG000002367_00965,2,ribF,ribCF,Riboflavin biosynthesis protein RibF,Bifunctional riboflavin kinase/FMN adenylyltransferase,COG0196,H,ko:K11753,"map00740,map01100,map01110,map01240",Riboflavin metabolism;Metabolic pathways;Biosynthesis of secondary metabolites;Biosynthesis of cofactors,"GO:0003919,GO:0008531,GO:0009231,GO:0003824,GO:0009058",FMN adenylyltransferase activity;riboflavin kinase activity;riboflavin biosynthetic process;catalytic activity;biosynthetic process,"GO_MF,GO_MF,GO_BP,GO_MF,GO_BP",-,"PF06574,PF01687"
MGYG000002399_01941,2,sdcS,sdcS,Sodium-dependent dicarboxylate transporter SdcS,Sodium-dependent dicarboxylate transporter SdcS,COG0471,G,ko:K14445,-,-,"GO:0022857,GO:0055085,GO:0016020",transmembrane transporter activity;transmembrane transport;membrane,"GO_MF,GO_BP,GO_CC",-,PF00939
MGYG000002412_00870,2,MGYG000002412_00870,-,hypothetical protein,-,-,-,-,-,-,"GO:0003677,GO:0004803,GO:0006313",DNA binding;transposase activity;DNA transposition,"GO_MF,GO_MF,GO_BP",-,PF01609
MGYG000002417_01048,2,yofA_1,-,HTH-type transcriptional regulator YofA,-,COG0583,K,-,-,-,"GO:0003700,GO:0006355",DNA-binding transcription factor activity;regulation of DNA-templated transcription,"GO_MF,GO_BP",-,"PF00126,PF03466"
MGYG000002421_00371,2,MGYG000002421_00371,-,hypothetical protein,-,COG1766,NU,ko:K02409,map02040,Flagellar assembly,"GO:0003774,GO:0071973,GO:0009431","cytoskeletal motor activity;bacterial-type flagellum-dependent cell motility;bacterial-type flagellum basal body, MS ring","GO_MF,GO_BP,GO_CC",-,"PF08345,PF01514"
MGYG000002439_02564,2,purR_10,-,HTH-type transcriptional repressor PurR,-,"COG1609,COG1879",KG,-,-,-,"GO:0003677,GO:0006355",DNA binding;regulation of DNA-templated transcription,"GO_MF,GO_BP",-,"PF00356,PF13407"
MGYG000002439_03510,2,arnC_2,-,Undecaprenyl-phosphate 4-deoxy-4-formamido-L-arabinose transferase,-,COG0463,M,-,-,-,-,-,-,2.4.2.53,PF00535
MGYG000002458_02400,4,hsrA_1,-,putative transport protein HsrA,-,COG2814,G,-,-,-,"GO:0022857,GO:0055085",transmembrane transporter activity;transmembrane transport,"GO_MF,GO_BP",-,PF07690
MGYG000002478_01478,5,pckA,pckA,Phosphoenolpyruvate carboxykinase (ATP),Phosphoenolpyruvate carboxykinase (ATP),COG1866,C,ko:K01610,"map00010,map00020,map00620,map00710,map01100,map01110,map01120,map01200",Glycolysis / Gluconeogenesis;Citrate cycle (TCA cycle);Pyruvate metabolism;Carbon fixation in photosynthetic organisms;Metabolic pathways;Biosynthesis of secondary metabolites;Microbial metabolism in diverse environments;Carbon metabolism,"GO:0004612,GO:0005524,GO:0006094,GO:0004611,GO:0017076",phosphoenolpyruvate carboxykinase (ATP) activity;ATP binding;gluconeogenesis;phosphoenolpyruvate carboxykinase activity;purine nucleotide binding,"GO_MF,GO_MF,GO_BP,GO_MF,GO_MF",4.1.1.49,PF01293
MGYG000002483_02401,2,rhaR_6,-,HTH-type transcriptional activator RhaR,-,COG4753,TK,ko:K07720,map02020,Two-component system,"GO:0000160,GO:0003700,GO:0043565,GO:0006355",phosphorelay signal transduction system;DNA-binding transcription factor activity;sequence-specific DNA binding;regulation of DNA-templated transcription,"GO_BP,GO_MF,GO_MF,GO_BP",-,"PF00072,PF12833"
MGYG000002502_04135,2,MGYG000002502_04135,-,hypothetical protein,-,-,-,-,-,-,-,-,-,-,-
MGYG000002515_03750,2,MGYG000002515_03750,-,hypothetical protein,-,"COG1388,COG2373,COG5846,COG3210",MRDU,ko:K13735,"map05100,map05135",Bacterial invasion of epithelial cells;Yersinia infection,GO:0007155,cell adhesion,GO_BP,-,"PF09134,PF11924"
MGYG000002527_00970,4,MGYG000002527_00970,-,Magnesium transporter MgtE,-,COG2239,P,ko:K06213,-,-,"GO:0008324,GO:0006812,GO:0015095,GO:0015693,GO:0016020",monoatomic cation transmembrane transporter activity;monoatomic cation transport;magnesium ion transmembrane transporter activity;magnesium ion transport;membrane,"GO_MF,GO_BP,GO_MF,GO_BP,GO_CC",-,"PF01769,PF00571,PF03448"
MGYG000002546_01428,4,lysN,-,2-aminoadipate transaminase,-,COG1167,KE,ko:K05825,"map00300,map01100,map01110,map01210",Lysine biosynthesis;Metabolic pathways;Biosynthesis of secondary metabolites;2-Oxocarboxylic acid metabolism,"GO:0030170,GO:0009058",pyridoxal phosphate binding;biosynthetic process,"GO_MF,GO_BP",2.6.1.39,PF00155
MGYG000002549_03187,2,MGYG000002549_03187,-,hypothetical protein,-,-,-,-,-,-,-,-,-,-,-
MGYG000002561_00341,2,MGYG000002561_00341,-,hypothetical protein,-,-,-,-,-,-,-,-,-,-,-
MGYG000002621_01712,2,MGYG000002621_01712,-,hypothetical protein,-,"COG0791,COG3807",MS,-,-,-,-,-,-,-,"PF00877,PF18348,PF08239"
MGYG000002652_00897,4,MGYG000002652_00897,-,hypothetical protein,-,"COG6083,COG3568,COG6085,COG4447,COG3823,COG1404,COG2931,COG0823",URUCOOQU,-,-,-,-,-,-,-,-
MGYG000002697_01517,2,MGYG000002697_01517,-,hypothetical protein,-,-,-,-,-,-,-,-,-,-,-
MGYG000002725_02444,2,MGYG000002725_02444,-,hypothetical protein,-,-,-,-,-,-,-,-,-,-,-
MGYG000002738_02571,6,MGYG000002738_02571,-,hypothetical protein,-,COG5423,S,-,-,-,-,-,-,-,PF10050
MGYG000002768_01018,4,pyrR,pyrR,Bifunctional protein PyrR,Bifunctional protein PyrR,COG2065,F,ko:K02825,"map00240,map01100,map01232",Pyrimidine metabolism;Metabolic pathways;Nucleotide metabolism,-,-,-,-,PF00156
MGYG000002831_00434,1,rluB,rluB,Ribosomal large subunit pseudouridine synthase B,Ribosomal large subunit pseudouridine synthase B,COG1187,J,"ko:K06178,ko:K06183",-,-,"GO:0003723,GO:0016866,GO:0001522,GO:0009451,GO:0009982",RNA binding;intramolecular transferase activity;pseudouridine synthesis;RNA modification;pseudouridine synthase activity,"GO_MF,GO_MF,GO_BP,GO_BP,GO_MF",5.4.99.22,"PF00849,PF01479"
MGYG000002840_00240,2,hisH,hisH,Imidazole glycerol phosphate synthase subunit HisH,Imidazole glycerol phosphate synthase subunit HisH,COG0118,E,ko:K02501,"map00340,map01100,map01110,map01230",Histidine metabolism;Metabolic pathways;Biosynthesis of secondary metabolites;Biosynthesis of amino acids,"GO:0016763,GO:0000105",pentosyltransferase activity;L-histidine biosynthetic process,"GO_MF,GO_BP",2.4.2.-,PF00117
MGYG000002935_02204,2,MGYG000002935_02204,-,hypothetical protein,-,-,-,-,-,-,-,-,-,-,-
MGYG000002946_01565,2,malL,malL,Oligo-1%2C6-glucosidase,"Oligo-1,6-glucosidase",COG0366,G,ko:K01176,"map00500,map01100,map01110,map04970,map04972,map04973",Starch and sucrose metabolism;Metabolic pathways;Biosynthesis of secondary metabolites;Salivary secretion;Pancreatic secretion;Carbohydrate digestion and absorption,GO:0005975,carbohydrate metabolic process,GO_BP,3.2.1.10,"PF16657,PF00128"
MGYG000002967_00452,2,MGYG000002967_00452,-,hypothetical protein,-,COG1075,I,-,-,-,GO:0098599,palmitoyl hydrolase activity,GO_MF,-,PF02089
MGYG000003076_01974,2,MGYG000003076_01974,-,hypothetical protein,-,-,-,-,-,-,-,-,-,-,-
MGYG000003177_00208,2,MGYG000003177_00208,-,hypothetical protein,-,-,-,-,-,-,-,-,-,-,-
MGYG000003193_01584,4,MGYG000003193_01584,-,hypothetical protein,-,-,-,-,-,-,-,-,-,-,-
MGYG000003210_00467,4,MGYG000003210_00467,yodJ,hypothetical protein,Putative carboxypeptidase YodJ,"COG2247,COG1876,COG3409",MMM,ko:K07260,"map00550,map01100,map01502,map02020",Peptidoglycan biosynthesis;Metabolic pathways;Vancomycin resistance;Two-component system,"GO:0008233,GO:0006508",peptidase activity;proteolysis,"GO_MF,GO_BP",-,PF02557
MGYG000003226_00901,4,cbpA,-,Cellobiose phosphorylase,-,COG3459,G,ko:K00702,"map00500,map01100",Starch and sucrose metabolism;Metabolic pathways,"GO:0005975,GO:0003824,GO:0030246",carbohydrate metabolic process;catalytic activity;carbohydrate binding,"GO_BP,GO_MF,GO_MF",2.4.1.20,"PF17167,PF06165"
MGYG000003255_00568,2,fabF,fabF,3-oxoacyl-[acyl-carrier-protein] synthase 2,3-oxoacyl-[acyl-carrier-protein] synthase 2,COG0304,IQ,ko:K09458,"map00061,map00780,map01100,map01212,map01240",Fatty acid biosynthesis;Biotin metabolism;Metabolic pathways;Fatty acid metabolism;Biosynthesis of cofactors,"GO:0016746,GO:0016747,GO:0006633,GO:0004315","acyltransferase activity;acyltransferase activity, transferring groups other than amino-acyl groups;fatty acid biosynthetic process;3-oxoacyl-[acyl-carrier-protein] synthase activity","GO_MF,GO_MF,GO_BP,GO_MF",2.3.1.179,"PF02801,PF00109"
MGYG000003259_00064,4,MGYG000003259_00064,-,hypothetical protein,-,COG2179,M,ko:K07015,-,-,GO:0008962,phosphatidylglycerophosphatase activity,GO_MF,-,PF13242
MGYG000003376_01042,4,mnmG_2,mnmG2,tRNA uridine 5-carboxymethylaminomethyl modification enzyme MnmG,tRNA uridine 5-carboxymethylaminomethyl modification enzyme MnmG 2,COG0445,J,ko:K03495,-,-,"GO:0050660,GO:0008033,GO:0002098",flavin adenine dinucleotide binding;tRNA processing;tRNA wobble uridine modification,"GO_MF,GO_BP,GO_BP",-,"PF13932,PF01134"
MGYG000003388_01777,4,avtA,avtA,Valine--pyruvate aminotransferase,Valine--pyruvate aminotransferase,COG3977,E,ko:K00835,"map00290,map01100,map01110","Valine, leucine and isoleucine biosynthesis;Metabolic pathways;Biosynthesis of secondary metabolites","GO:0030170,GO:0009058",pyridoxal phosphate binding;biosynthetic process,"GO_MF,GO_BP",2.6.1.66,PF00155
MGYG000003391_00060,1,MGYG000003391_00060,-,hypothetical protein,-,-,-,-,-,-,-,-,-,-,-
MGYG000003479_01670,2,MGYG000003479_01670,-,hypothetical protein,-,"COG1506,COG2755",EDI,-,-,-,-,-,-,-,PF13472
MGYG000003493_01179,4,cbiD,cbiD,Cobalt-precorrin-5B C(1)-methyltransferase,Cobalt-precorrin-5B C(1)-methyltransferase,"COG2099,COG1903",HH,ko:K02188,"map00860,map01100,map01240",Porphyrin metabolism;Metabolic pathways;Biosynthesis of cofactors,"GO:0008168,GO:0009236,GO:0016994",methyltransferase activity;cobalamin biosynthetic process;precorrin-6A reductase activity,"GO_MF,GO_BP,GO_MF",2.1.1.195,"PF02571,PF01888"
MGYG000003505_00741,0,MGYG000003505_00741,-,hypothetical protein,-,-,-,-,-,-,-,-,-,-,-
MGYG000003521_01370,2,MGYG000003521_01370,-,hypothetical protein,-,-,-,-,-,-,-,-,-,-,-
MGYG000003533_01309,4,MGYG000003533_01309,-,hypothetical protein,-,"COG1112,COG2852",LL,-,-,-,GO:0004386,helicase activity,GO_MF,-,"PF13195,PF13086,PF13087,PF18741"
MGYG000003549_00803,2,MGYG000003549_00803,TT_C0602,Phenylacetate-coenzyme A ligase,Phenylacetate-coenzyme A ligase,COG1541,H,ko:K01912,"map00360,map01100,map01120,map05111",Phenylalanine metabolism;Metabolic pathways;Microbial metabolism in diverse environments;Biofilm formation - Vibrio cholerae,"GO:0047475,GO:0010124",phenylacetate-CoA ligase activity;phenylacetate catabolic process,"GO_MF,GO_BP",6.2.1.30,"PF14535,PF00501"
MGYG000003564_00365,2,MGYG000003564_00365,-,hypothetical protein,-,-,-,-,-,-,-,-,-,-,-
MGYG000003567_00399,4,MGYG000003567_00399,-,hypothetical protein,-,-,-,-,-,-,-,-,-,-,-
MGYG000003626_02368,2,MGYG000003626_02368,-,hypothetical protein,-,-,-,-,-,-,-,-,-,-,-
MGYG000003638_00160,2,MGYG000003638_00160,-,hypothetical protein,-,-,-,-,-,-,-,-,-,-,-
MGYG000003662_01544,2,rpsI,rpsI,30S ribosomal protein S9,Small ribosomal subunit protein uS9,COG0103,J,ko:K02996,map03010,Ribosome,"GO:0003735,GO:0006412,GO:0005840",structural constituent of ribosome;translation;ribosome,"GO_MF,GO_BP,GO_CC",-,PF00380
MGYG000003676_00326,2,MGYG000003676_00326,-,hypothetical protein,-,"COG0212,COG1896",HFR,ko:K06952,"map00230,map00240,map01100,map01232",Purine metabolism;Pyrimidine metabolism;Metabolic pathways;Nucleotide metabolism,-,-,-,-,-
MGYG000003693_01038,2,MGYG000003693_01038,-,hypothetical protein,-,-,-,-,-,-,-,-,-,-,-
MGYG000003911_01648,4,MGYG000003911_01648,-,hypothetical protein,-,"COG4667,COG0221",IC,-,-,-,GO:0006629,lipid metabolic process,GO_BP,-,PF01734
MGYG000003922_03296,2,MGYG000003922_03296,-,hypothetical protein,-,-,-,-,-,-,-,-,-,-,-
MGYG000003957_01172,2,MGYG000003957_01172,-,hypothetical protein,-,-,-,-,-,-,-,-,-,-,-
MGYG000004003_01905,5,MGYG000004003_01905,-,hypothetical protein,-,-,-,-,-,-,-,-,-,-,-
MGYG000004050_01709,2,MGYG000004050_01709,-,hypothetical protein,-,-,-,-,-,-,-,-,-,-,-
MGYG000004053_01935,2,MGYG000004053_01935,-,hypothetical protein,-,-,-,-,-,-,-,-,-,-,-
MGYG000004215_01366,0,MGYG000004215_01366,-,hypothetical protein,-,-,-,-,-,-,-,-,-,-,PF12508
MGYG000004255_00712,2,MGYG000004255_00712,-,hypothetical protein,-,"COG2911,COG2982",UM,-,-,-,"GO:0009306,GO:0005886",protein secretion;plasma membrane,"GO_BP,GO_CC",-,PF04357
MGYG000004390_01758,2,MGYG000004390_01758,-,hypothetical protein,-,COG1112,L,ko:K10742,map03030,DNA replication,GO:0004386,helicase activity,GO_MF,-,"PF13087,PF13086"
MGYG000004468_01982,2,MGYG000004468_01982,-,hypothetical protein,-,-,-,-,-,-,-,-,-,-,-
MGYG000004529_00947,2,MGYG000004529_00947,-,hypothetical protein,-,COG1961,L,-,-,-,-,-,-,-,PF13408
MGYG000004571_01184,2,MGYG000004571_01184,-,hypothetical protein,-,-,-,-,-,-,-,-,-,-,-
MGYG000004627_01534,5,MGYG000004627_01534,-,hypothetical protein,-,"COG6083,COG4447",UC,-,-,-,"GO:0008234,GO:0006508",cysteine-type peptidase activity;proteolysis,"GO_MF,GO_BP",-,"PF01640,PF13734"
MGYG000004629_01063,2,MGYG000004629_01063,-,Glycogen synthase,-,COG0438,M,ko:K13668,"map00571,map01100",Lipoarabinomannan (LAM) biosynthesis;Metabolic pathways,GO:0016757,glycosyltransferase activity,GO_MF,2.4.1.11,"PF13439,PF00534"
MGYG000004632_00804,2,MGYG000004632_00804,-,hypothetical protein,-,"COG0778,COG4659,COG0348,COG3976,COG3901,COG1477",CCCRKHO,"ko:K02574,ko:K21559",-,-,"GO:0010181,GO:0016020",FMN binding;membrane,"GO_MF,GO_CC",-,"PF04205,PF12801"
MGYG000004652_00800,4,MGYG000004652_00800,-,hypothetical protein,-,-,-,-,-,-,-,-,-,-,-
MGYG000004711_02887,6,MGYG000004711_02887,-,hypothetical protein,-,"COG1647,COG0596,COG1506,COG2173",QHREM,-,-,-,-,-,-,-,PF12146
MGYG000004748_00450,1,gapA,gapA,Glyceraldehyde-3-phosphate dehydrogenase A,Glyceraldehyde-3-phosphate dehydrogenase,COG0057,G,ko:K00134,"map00010,map00710,map01100,map01110,map01120,map01200,map01230,map04066,map05010,map05130,map05132,map05415",Glycolysis / Gluconeogenesis;Carbon fixation in photosynthetic organisms;Metabolic pathways;Biosynthesis of secondary metabolites;Microbial metabolism in diverse environments;Carbon metabolism;Biosynthesis of amino acids;HIF-1 signaling pathway;Alzheimer disease;Pathogenic Escherichia coli infection;Salmonella infection;Diabetic cardiomyopathy,"GO:0016620,GO:0050661,GO:0051287,GO:0006006","oxidoreductase activity, acting on the aldehyde or oxo group of donors, NAD or NADP as acceptor;NADP binding;NAD binding;glucose metabolic process","GO_MF,GO_MF,GO_MF,GO_BP",1.2.1.12,"PF00044,PF02800"
MGYG000004775_02249,4,hemA,hemA,Glutamyl-tRNA reductase,Glutamyl-tRNA reductase,"COG1648,COG0373",HH,ko:K02492,"map00860,map01100,map01110,map01120,map01240",Porphyrin metabolism;Metabolic pathways;Biosynthesis of secondary metabolites;Microbial metabolism in diverse environments;Biosynthesis of cofactors,"GO:0008883,GO:0050661,GO:0033014",glutamyl-tRNA reductase activity;NADP binding;tetrapyrrole biosynthetic process,"GO_MF,GO_MF,GO_BP",1.2.1.70,"PF01488,PF05201"
MGYG000004797_02460,2,MGYG000004797_02460,-,hypothetical protein,-,-,-,-,-,-,-,-,-,-,-
MGYG000004869_01077,4,MGYG000004869_01077,-,hypothetical protein,-,-,-,-,-,-,-,-,-,-,-
MGYG000004886_00025,4,MGYG000004886_00025,-,hypothetical protein,-,"COG3115,COG0810",DM,-,-,-,-,-,-,-,-
MGYG000004889_00443,4,topA,topA,DNA topoisomerase 1,DNA topoisomerase 1,"COG0551,COG0550",LL,ko:K03168,-,-,"GO:0003677,GO:0003917,GO:0006265,GO:0003916,GO:0005694","DNA binding;DNA topoisomerase type I (single strand cut, ATP-independent) activity;DNA topological change;DNA topoisomerase activity;chromosome","GO_MF,GO_MF,GO_BP,GO_MF,GO_CC",5.99.1.2,"PF01131,PF01396,PF01751"
MGYG000004894_00169,4,MGYG000004894_00169,-,hypothetical protein,-,-,-,-,-,-,-,-,-,-,-
MGYG000004899_03381,4,MGYG000004899_03381,-,hypothetical protein,-,-,-,-,-,-,-,-,-,-,-
MGYG000004899_01853,2,mip,mip,Peptidyl-prolyl cis-trans isomerase Mip,Peptidyl-prolyl cis-trans isomerase Mip,COG0545,O,ko:K01802,-,-,"GO:0006457,GO:0003755",protein folding;peptidyl-prolyl cis-trans isomerase activity,"GO_BP,GO_MF",5.2.1.8,"PF00254,PF01346"
BVU_RS02475,4,BVU_RS02475,-,IS66 family transposase,-,COG3436,X,-,-,-,GO:0004803,transposase activity,GO_MF,-,PF03050
MGYG000000013_03731,6,glyA,glyA,Serine hydroxymethyltransferase,Serine hydroxymethyltransferase,COG0112,E,ko:K00600,"map00260,map00460,map00630,map00670,map00680,map01100,map01110,map01120,map01200,map01230,map01240,map01523","Glycine, serine and threonine metabolism;Cyanoamino acid metabolism;Glyoxylate and dicarboxylate metabolism;One carbon pool by folate;Methane metabolism;Metabolic pathways;Biosynthesis of secondary metabolites;Microbial metabolism in diverse environments;Carbon metabolism;Biosynthesis of amino acids;Biosynthesis of cofactors;Antifolate resistance","GO:0004372,GO:0030170,GO:0019264,GO:0035999",glycine hydroxymethyltransferase activity;pyridoxal phosphate binding;glycine biosynthetic process from serine;tetrahydrofolate interconversion,"GO_MF,GO_MF,GO_BP,GO_BP",2.1.2.1,PF00464
MGYG000000013_01070,1,MGYG000000013_01070,-,hypothetical protein,-,"COG3063,COG4753,COG5713,COG2207",NWTKCK,-,-,-,"GO:0003700,GO:0043565,GO:0006355",DNA-binding transcription factor activity;sequence-specific DNA binding;regulation of DNA-templated transcription,"GO_MF,GO_MF,GO_BP",-,PF12833
MGYG000000013_01109,6,MGYG000000013_01109,-,hypothetical protein,-,COG1413,R,-,-,-,-,-,-,-,PF13569
MGYG000000013_02687,1,MGYG000000013_02687,-,hypothetical protein,-,COG0822,O,-,-,-,-,-,-,-,-
MGYG000000013_02732,6,rbr3A,rbr3A,Reverse rubrerythrin-1,Reverse rubrerythrin-1,COG1592,C,-,-,-,"GO:0016491,GO:0046872,GO:0005506",oxidoreductase activity;metal ion binding;iron ion binding,"GO_MF,GO_MF,GO_MF",1.11.1.1,PF02915
MGYG000000013_04059,1,glkA,-,Glucokinase,-,COG1940,GK,ko:K00845,"map00010,map00052,map00500,map00520,map00521,map00524,map01100,map01110,map01120,map01200,map01250","Glycolysis / Gluconeogenesis;Galactose metabolism;Starch and sucrose metabolism;Amino sugar and nucleotide sugar metabolism;Streptomycin biosynthesis;Neomycin, kanamycin and gentamicin biosynthesis;Metabolic pathways;Biosynthesis of secondary metabolites;Microbial metabolism in diverse environments;Carbon metabolism;Biosynthesis of nucleotide sugars",-,-,-,2.7.1.2,PF00480
MGYG000000013_00280,5,MGYG000000013_00280,-,hypothetical protein,-,"COG4206,COG1629,COG4772",HPP,-,-,-,-,-,-,-,PF00593
MGYG000000013_00467,1,fabF_1,fabF,3-oxoacyl-[acyl-carrier-protein] synthase 2,3-oxoacyl-[acyl-carrier-protein] synthase 2,COG0304,IQ,ko:K09458,"map00061,map00780,map01100,map01212,map01240",Fatty acid biosynthesis;Biotin metabolism;Metabolic pathways;Fatty acid metabolism;Biosynthesis of cofactors,"GO:0016746,GO:0016747,GO:0006633,GO:0004315","acyltransferase activity;acyltransferase activity, transferring groups other than amino-acyl groups;fatty acid biosynthetic process;3-oxoacyl-[acyl-carrier-protein] synthase activity","GO_MF,GO_MF,GO_BP,GO_MF",2.3.1.179,"PF02801,PF00109"
MGYG000000013_03528,1,frdA,-,Fumarate reductase flavoprotein subunit,-,COG1053,C,ko:K00239,"map00020,map00190,map00650,map00720,map01100,map01110,map01120,map01200,map05134",Citrate cycle (TCA cycle);Oxidative phosphorylation;Butanoate metabolism;Carbon fixation pathways in prokaryotes;Metabolic pathways;Biosynthesis of secondary metabolites;Microbial metabolism in diverse environments;Carbon metabolism;Legionellosis,GO:0016491,oxidoreductase activity,GO_MF,1.3.5.4,"PF00890,PF02910"
MGYG000000013_01747,1,MGYG000000013_01747,-,hypothetical protein,-,COG0811,U,ko:K03561,-,-,-,-,-,-,PF01618
MGYG000000013_01888,5,iolG_3,-,Inositol 2-dehydrogenase/D-chiro-inositol 3-dehydrogenase,-,COG0673,R,-,-,-,GO:0000166,nucleotide binding,GO_MF,1.1.1.18,PF01408
MGYG000000013_01898,5,fusA_1,-,Elongation factor G,-,COG0480,J,ko:K02355,-,-,"GO:0003924,GO:0005525",GTPase activity;GTP binding,"GO_MF,GO_MF",-,"PF03764,PF00679,PF03144,PF00009,PF14492"
MGYG000000013_02217,1,rplO,rplO,50S ribosomal protein L15,Large ribosomal subunit protein uL15,COG0200,J,ko:K02876,map03010,Ribosome,"GO:0003735,GO:0006412,GO:0005840,GO:0015934",structural constituent of ribosome;translation;ribosome;large ribosomal subunit,"GO_MF,GO_BP,GO_CC,GO_CC",-,PF00828
MGYG000000013_02219,1,rpsE,rpsE,30S ribosomal protein S5,Small ribosomal subunit protein uS5,COG0098,J,ko:K02988,map03010,Ribosome,"GO:0003723,GO:0003735,GO:0006412,GO:0005840,GO:0015935",RNA binding;structural constituent of ribosome;translation;ribosome;small ribosomal subunit,"GO_MF,GO_MF,GO_BP,GO_CC,GO_CC",-,"PF03719,PF00333"
MGYG000000013_02222,1,rpsH,rpsH,30S ribosomal protein S8,Small ribosomal subunit protein uS8,COG0096,J,ko:K02994,map03010,Ribosome,"GO:0003735,GO:0006412,GO:0005840",structural constituent of ribosome;translation;ribosome,"GO_MF,GO_BP,GO_CC",-,PF00410
MGYG000000013_02356,1,korA_1,korA,2-oxoglutarate oxidoreductase subunit KorA,2-oxoglutarate oxidoreductase subunit KorA,"COG0674,COG1014",CC,ko:K00174,"map00010,map00020,map00620,map00650,map00720,map01100,map01110,map01120,map01200,map01210",Glycolysis / Gluconeogenesis;Citrate cycle (TCA cycle);Pyruvate metabolism;Butanoate metabolism;Carbon fixation pathways in prokaryotes;Metabolic pathways;Biosynthesis of secondary metabolites;Microbial metabolism in diverse environments;Carbon metabolism;2-Oxocarboxylic acid metabolism,"GO:0016491,GO:0003824,GO:0016903","oxidoreductase activity;catalytic activity;oxidoreductase activity, acting on the aldehyde or oxo group of donors","GO_MF,GO_MF,GO_MF",1.2.7.3,"PF01558,PF01855,PF17147"
MGYG000000013_03150,6,rplM,rplM,50S ribosomal protein L13,Large ribosomal subunit protein uL13,COG0102,J,ko:K02871,map03010,Ribosome,"GO:0003735,GO:0006412,GO:0005840",structural constituent of ribosome;translation;ribosome,"GO_MF,GO_BP,GO_CC",-,PF00572
MGYG000000029_00377,5,fusA_1,-,Elongation factor G,-,COG0480,J,ko:K02355,-,-,"GO:0003924,GO:0005525",GTPase activity;GTP binding,"GO_MF,GO_MF",-,"PF00679,PF14492,PF00009,PF03764,PF03144"
MGYG000000029_01702,1,pgcA,pgcA,Phosphoglucomutase,Phosphoglucomutase,COG1109,G,ko:K01835,"map00010,map00030,map00052,map00230,map00500,map00520,map00521,map01100,map01110,map01120,map01250",Glycolysis / Gluconeogenesis;Pentose phosphate pathway;Galactose metabolism;Purine metabolism;Starch and sucrose metabolism;Amino sugar and nucleotide sugar metabolism;Streptomycin biosynthesis;Metabolic pathways;Biosynthesis of secondary metabolites;Microbial metabolism in diverse environments;Biosynthesis of nucleotide sugars,"GO:0016868,GO:0005975,GO:0000287",intramolecular phosphotransferase activity;carbohydrate metabolic process;magnesium ion binding,"GO_MF,GO_BP,GO_MF",5.4.2.2,"PF02880,PF00408,PF02878,PF02879"
MGYG000000054_01790,6,rnr,-,Ribonuclease R,-,COG0557,K,"ko:K12573,ko:K12585","map03018,map03018",RNA degradation;RNA degradation,"GO:0003723,GO:0004540,GO:0003676,GO:0016070,GO:0004518",RNA binding;RNA nuclease activity;nucleic acid binding;RNA metabolic process;nuclease activity,"GO_MF,GO_MF,GO_MF,GO_BP,GO_MF",3.1.13.1,"PF00773,PF00575,PF17876"
MGYG000000196_02526,4,MGYG000000196_02526,-,hypothetical protein,-,COG6083,U,-,-,-,-,-,-,-,PF14717
MGYG000000196_02527,5,MGYG000000196_02527,-,hypothetical protein,-,COG3391,R,-,-,-,-,-,-,-,PF16820
MGYG000000196_02528,4,MGYG000000196_02528,-,hypothetical protein,-,-,-,-,-,-,-,-,-,-,-
MGYG000000265_04194,4,MGYG000000265_04194,-,hypothetical protein,-,COG5527,X,-,-,-,"GO:0003887,GO:0006270",DNA-directed DNA polymerase activity;DNA replication initiation,"GO_MF,GO_BP",-,PF01051
MGYG000000284_03234,1,MGYG000000284_03234,-,hypothetical protein,-,COG0811,U,ko:K03561,-,-,-,-,-,-,PF01618
MGYG000000814_01152,2,mfd,mfd,Transcription-repair-coupling factor,Transcription-repair-coupling factor,COG1197,LK,ko:K03723,map03420,Nucleotide excision repair,"GO:0003684,GO:0005524,GO:0006281,GO:0003676",damaged DNA binding;ATP binding;DNA repair;nucleic acid binding,"GO_MF,GO_MF,GO_BP,GO_MF",3.6.4.-,"PF03461,PF02559,PF00270,PF00271,PF17757"
MGYG000001345_01176,6,MGYG000001345_01176,-,hypothetical protein,-,COG0760,O,"ko:K01802,ko:K03770",-,-,-,-,-,-,"PF13616,PF13623"
MGYG000001345_02944,5,xylE_2,xylE,D-xylose-proton symporter,D-xylose-proton symporter,COG0477,GEPR,ko:K08138,-,-,"GO:0022857,GO:0055085,GO:0016020",transmembrane transporter activity;transmembrane transport;membrane,"GO_MF,GO_BP,GO_CC",-,PF00083
MGYG000001345_02083,1,MGYG000001345_02083,-,hypothetical protein,-,COG0738,G,ko:K02429,-,-,"GO:0022857,GO:0055085",transmembrane transporter activity;transmembrane transport,"GO_MF,GO_BP",-,PF07690
MGYG000001345_04075,1,mdtC_2,-,Multidrug resistance protein MdtC,-,COG0841,V,ko:K03296,-,-,"GO:0022857,GO:0055085,GO:0016020",transmembrane transporter activity;transmembrane transport;membrane,"GO_MF,GO_BP,GO_CC",-,PF00873
MGYG000001345_04456,1,MGYG000001345_04456,fklB,hypothetical protein,FKBP-type 22 kDa peptidyl-prolyl cis-trans isomerase,COG0545,O,"ko:K03772,ko:K03773",-,-,"GO:0006457,GO:0003755",protein folding;peptidyl-prolyl cis-trans isomerase activity,"GO_BP,GO_MF",-,"PF00254,PF01346"
MGYG000001345_01407,0,MGYG000001345_01407,NMB0315,hypothetical protein,DD-carboxypeptidase/endopeptidase Mpg,"COG5846,COG0739,COG5821,COG1388",DMDM,-,-,-,-,-,-,-,"PF01551,PF01476"
MGYG000001345_01500,5,MGYG000001345_01500,-,hypothetical protein,-,-,-,-,-,-,-,-,-,-,PF03993
MGYG000001378_04235,1,MGYG000001378_04235,-,hypothetical protein,-,-,-,-,-,-,-,-,-,-,-
MGYG000001378_04236,1,MGYG000001378_04236,-,hypothetical protein,-,COG0848,U,-,-,-,"GO:0022857,GO:0055085",transmembrane transporter activity;transmembrane transport,"GO_MF,GO_BP",-,PF02472
MGYG000001378_04237,1,MGYG000001378_04237,-,hypothetical protein,-,COG0848,U,ko:K03559,-,-,"GO:0022857,GO:0055085",transmembrane transporter activity;transmembrane transport,"GO_MF,GO_BP",-,PF02472
MGYG000001378_01467,5,fucI,fucI,L-fucose isomerase,L-fucose isomerase,COG2407,G,ko:K01818,"map00040,map00051,map01100,map01120",Pentose and glucuronate interconversions;Fructose and mannose metabolism;Metabolic pathways;Microbial metabolism in diverse environments,"GO:0008736,GO:0030145,GO:0019317,GO:0005737,GO:0016861,GO:0005996,GO:0006004","L-fucose isomerase activity;manganese ion binding;fucose catabolic process;cytoplasm;intramolecular oxidoreductase activity, interconverting aldoses and ketoses;monosaccharide metabolic process;fucose metabolic process","GO_MF,GO_MF,GO_BP,GO_CC,GO_MF,GO_BP,GO_BP",5.3.1.25,"PF07881,PF07882,PF02952"
MGYG000001378_03560,3,nagB_3,BT_0258,Glucosamine-6-phosphate deaminase,Putative glucosamine-6-phosphate deaminase-like protein BT_0258,"COG2120,COG0363",GG,ko:K02564,"map00520,map01100",Amino sugar and nucleotide sugar metabolism;Metabolic pathways,"GO:0004342,GO:0006044,GO:0005975",glucosamine-6-phosphate deaminase activity;N-acetylglucosamine metabolic process;carbohydrate metabolic process,"GO_MF,GO_BP,GO_BP",3.5.99.6,"PF01182,PF02585"
MGYG000001378_04480,5,MGYG000001378_04480,rbpA,hypothetical protein,Putative RNA-binding protein RbpA,COG0724,J,-,-,-,"GO:0003723,GO:0003676",RNA binding;nucleic acid binding,"GO_MF,GO_MF",-,PF00076
MGYG000001378_04599,6,caiA,-,Crotonobetainyl-CoA dehydrogenase,-,COG1960,I,-,-,-,"GO:0003995,GO:0016627,GO:0050660","acyl-CoA dehydrogenase activity;oxidoreductase activity, acting on the CH-CH group of donors;flavin adenine dinucleotide binding","GO_MF,GO_MF,GO_MF",1.3.99.-,"PF00441,PF02771,PF12186,PF02770"
MGYG000001461_01988,2,MGYG000001461_01988,-,hypothetical protein,-,COG3935,L,-,-,-,-,-,-,-,-
MGYG000001617_00143,2,MGYG000001617_00143,-,hypothetical protein,-,COG0179,CE,-,-,-,GO:0003824,catalytic activity,GO_MF,-,PF01557
MGYG000001826_00177,6,oppB,dppB,Oligopeptide transport system permease protein OppB,Dipeptide transport system permease protein DppB,COG0601,EP,-,-,-,"GO:0055085,GO:0016020",transmembrane transport;membrane,"GO_BP,GO_CC",-,PF00528
MGYG000001995_01621,0,MGYG000001995_01621,-,hypothetical protein,-,-,-,-,-,-,-,-,-,-,PF17170
MGYG000002451_02267,2,MGYG000002451_02267,-,hypothetical protein,-,-,-,-,-,-,-,-,-,-,-
MGYG000002475_03527,2,MGYG000002475_03527,-,hypothetical protein,-,"COG0437,COG4231,COG1142",CCC,-,-,-,-,-,-,-,PF00037
MGYG000002561_01179,2,rcsC_22,-,Sensor histidine kinase RcsC,-,"COG5979,COG2203,COG0784,COG5809,COG2984,COG0642",TTTDTRT,-,-,-,"GO:0000160,GO:0005515,GO:0000155,GO:0007165,GO:0016772,GO:0016310","phosphorelay signal transduction system;protein binding;phosphorelay sensor kinase activity;signal transduction;transferase activity, transferring phosphorus-containing groups;phosphorylation","GO_BP,GO_MF,GO_MF,GO_BP,GO_MF,GO_BP",2.7.13.3,"PF00512,PF00072,PF02518"
MGYG000003247_01401,4,MGYG000003247_01401,-,hypothetical protein,-,COG2755,DI,-,-,-,-,-,-,-,PF13472
MGYG000004016_00467,2,ypdF,yqhT,Aminopeptidase YpdF,Uncharacterized peptidase YqhT,COG0006,E,ko:K01262,-,-,-,-,-,3.4.11.-,PF00557
MGYG000004566_01069,2,hsdR,hsdR,Type I restriction enzyme EcoR124II R protein,Type I restriction enzyme EcoR124I/EcoR124II endonuclease subunit,COG0610,V,ko:K01153,-,-,"GO:0003677,GO:0005524,GO:0009035,GO:0009307",DNA binding;ATP binding;type I site-specific deoxyribonuclease activity;DNA restriction-modification system,"GO_MF,GO_MF,GO_MF,GO_BP",3.1.21.3,"PF18766,PF12008"
MGYG000000463_00405,4,lacX,-,Protein LacX%2C plasmid,-,COG2017,G,ko:K01785,"map00010,map00052,map01100,map01110,map01120",Glycolysis / Gluconeogenesis;Galactose metabolism;Metabolic pathways;Biosynthesis of secondary metabolites;Microbial metabolism in diverse environments,"GO:0016853,GO:0005975,GO:0003824,GO:0030246",isomerase activity;carbohydrate metabolic process;catalytic activity;carbohydrate binding,"GO_MF,GO_BP,GO_MF,GO_MF",-,PF01263
MGYG000001345_00024,4,rcsC_1,-,Sensor histidine kinase RcsC,-,"COG3706,COG2169,COG2207,COG0642,COG5002,COG0745,COG3292",TKLKTTTKT,-,-,-,"GO:0000160,GO:0000155,GO:0007165,GO:0016772,GO:0016310,GO:0005515,GO:0003700,GO:0043565,GO:0006355","phosphorelay signal transduction system;phosphorelay sensor kinase activity;signal transduction;transferase activity, transferring phosphorus-containing groups;phosphorylation;protein binding;DNA-binding transcription factor activity;sequence-specific DNA binding;regulation of DNA-templated transcription","GO_BP,GO_MF,GO_BP,GO_MF,GO_BP,GO_MF,GO_MF,GO_MF,GO_BP",2.7.13.3,"PF02518,PF07495,PF07494,PF00072,PF12833"
MGYG000001422_05573,4,MGYG000001422_05573,-,hypothetical protein,-,COG5527,X,-,-,-,"GO:0003887,GO:0006270",DNA-directed DNA polymerase activity;DNA replication initiation,"GO_MF,GO_BP",-,PF01051
MGYG000001422_05582,4,MGYG000001422_05582,-,hypothetical protein,-,-,-,-,-,-,-,-,-,-,-
MGYG000001422_05584,4,MGYG000001422_05584,-,hypothetical protein,-,COG4679,VX,-,-,-,"GO:0003723,GO:0003964,GO:0006278",RNA binding;RNA-directed DNA polymerase activity;RNA-templated DNA biosynthetic process,"GO_MF,GO_MF,GO_BP",-,"PF00078,PF05973"
MGYG000001859_01920,4,MGYG000001859_01920,-,Putative two-component membrane permease complex subunit SMU_747c,-,COG0701,PV,ko:K07089,-,-,-,-,-,-,PF03773
MGYG000001977_03163,4,MGYG000001977_03163,-,hypothetical protein,-,"COG4977,COG0693",KV,-,-,-,-,-,-,-,PF01965
MGYG000001977_03164,4,MGYG000001977_03164,-,hypothetical protein,-,"COG4753,COG3292,COG2207",TKTK,-,-,-,"GO:0003700,GO:0043565,GO:0006355",DNA-binding transcription factor activity;sequence-specific DNA binding;regulation of DNA-templated transcription,"GO_MF,GO_MF,GO_BP",-,PF12833
MGYG000001977_03165,4,MGYG000001977_03165,-,hypothetical protein,-,"COG6083,COG2247",UM,ko:K12132,-,-,-,-,-,-,-
MGYG000000013_03321,1,gyrA_2,gyrA,DNA gyrase subunit A,DNA gyrase subunit A,COG0188,L,ko:K02469,-,-,"GO:0003677,GO:0003918,GO:0005524,GO:0006265,GO:0005694,GO:0003916,GO:0006259","DNA binding;DNA topoisomerase type II (double strand cut, ATP-hydrolyzing) activity;ATP binding;DNA topological change;chromosome;DNA topoisomerase activity;DNA metabolic process","GO_MF,GO_MF,GO_MF,GO_BP,GO_CC,GO_MF,GO_BP",5.99.1.3,"PF03989,PF00521"
MGYG000000013_03961,6,MGYG000000013_03961,-,hypothetical protein,-,COG0811,U,ko:K03561,-,-,-,-,-,-,PF01618
MGYG000000013_04034,1,mdh_2,-,Malate dehydrogenase,-,COG0039,C,ko:K00024,"map00020,map00270,map00620,map00630,map00680,map00710,map00720,map01100,map01110,map01120,map01200",Citrate cycle (TCA cycle);Cysteine and methionine metabolism;Pyruvate metabolism;Glyoxylate and dicarboxylate metabolism;Methane metabolism;Carbon fixation in photosynthetic organisms;Carbon fixation pathways in prokaryotes;Metabolic pathways;Biosynthesis of secondary metabolites;Microbial metabolism in diverse environments;Carbon metabolism,"GO:0016491,GO:0016616,GO:0019752,GO:0016615,GO:0006108,GO:0003824","oxidoreductase activity;oxidoreductase activity, acting on the CH-OH group of donors, NAD or NADP as acceptor;carboxylic acid metabolic process;malate dehydrogenase activity;malate metabolic process;catalytic activity","GO_MF,GO_MF,GO_BP,GO_MF,GO_BP,GO_MF",1.1.1.37,"PF00056,PF02866"
MGYG000000013_00029,1,MGYG000000013_00029,-,hypothetical protein,-,-,-,-,-,-,-,-,-,-,-
MGYG000000013_00396,5,gyrB_1,gyrB,DNA gyrase subunit B,DNA gyrase subunit B,COG0187,L,ko:K02470,-,-,"GO:0003677,GO:0003918,GO:0005524,GO:0006265,GO:0005694","DNA binding;DNA topoisomerase type II (double strand cut, ATP-hydrolyzing) activity;ATP binding;DNA topological change;chromosome","GO_MF,GO_MF,GO_MF,GO_BP,GO_CC",5.99.1.3,"PF01751,PF02518,PF00986,PF00204"
MGYG000000013_00411,1,lepA_1,infB,Elongation factor 4,Translation initiation factor IF-2,"COG3064,COG3115,COG0532,COG3266,COG0810",MDJDM,ko:K02519,-,-,"GO:0003743,GO:0003924,GO:0005525,GO:0006413",translation initiation factor activity;GTPase activity;GTP binding;translational initiation,"GO_MF,GO_MF,GO_MF,GO_BP",-,"PF04760,PF00009,PF11987"
MGYG000000013_00888,3,eno,eno,Enolase,Enolase,COG0148,G,ko:K01689,"map00010,map00680,map01100,map01110,map01120,map01200,map01230,map03018,map04066,map04820",Glycolysis / Gluconeogenesis;Methane metabolism;Metabolic pathways;Biosynthesis of secondary metabolites;Microbial metabolism in diverse environments;Carbon metabolism;Biosynthesis of amino acids;RNA degradation;HIF-1 signaling pathway;Cytoskeleton in muscle cells,"GO:0000287,GO:0004634,GO:0006096,GO:0000015",magnesium ion binding;phosphopyruvate hydratase activity;glycolytic process;phosphopyruvate hydratase complex,"GO_MF,GO_MF,GO_BP,GO_CC",4.2.1.11,"PF03952,PF00113"
MGYG000000013_03503,5,susC_51,-,TonB-dependent receptor SusC,-,"COG4772,COG4771,COG1629,COG4206",PPPH,-,-,-,-,-,-,-,"PF00593,PF13715,PF07715"
MGYG000000013_01778,3,aroC,aroC,Chorismate synthase,Chorismate synthase,COG0082,E,ko:K01736,"map00400,map01100,map01110,map01230","Phenylalanine, tyrosine and tryptophan biosynthesis;Metabolic pathways;Biosynthesis of secondary metabolites;Biosynthesis of amino acids","GO:0004107,GO:0009073",chorismate synthase activity;aromatic amino acid family biosynthetic process,"GO_MF,GO_BP",4.2.3.5,PF01264
MGYG000000013_04256,3,gnd,gnd,6-phosphogluconate dehydrogenase%2C decarboxylating,"6-phosphogluconate dehydrogenase, decarboxylating",COG0362,G,ko:K00033,"map00030,map00480,map01100,map01110,map01120,map01200",Pentose phosphate pathway;Glutathione metabolism;Metabolic pathways;Biosynthesis of secondary metabolites;Microbial metabolism in diverse environments;Carbon metabolism,"GO:0004616,GO:0006098,GO:0050661",phosphogluconate dehydrogenase (decarboxylating) activity;pentose-phosphate shunt;NADP binding,"GO_MF,GO_BP,GO_MF",1.1.1.44,"PF00393,PF03446"
MGYG000000013_02257,6,xerD_4,xerC,Tyrosine recombinase XerD,Tyrosine recombinase XerC,"COG4974,COG1544",LJ,ko:K03733,-,-,"GO:0003677,GO:0006310,GO:0015074",DNA binding;DNA recombination;DNA integration,"GO_MF,GO_BP,GO_BP",-,"PF00589,PF02899"
MGYG000000013_02339,6,ahpF,ahpF,Alkyl hydroperoxide reductase subunit F,Alkyl hydroperoxide reductase subunit F,COG3634,V,ko:K03387,-,-,"GO:0016491,GO:0050660,GO:0051287,GO:0102039,GO:0000302",oxidoreductase activity;flavin adenine dinucleotide binding;NAD binding;NADH-dependent peroxiredoxin activity;response to reactive oxygen species,"GO_MF,GO_MF,GO_MF,GO_MF,GO_BP",1.8.1.-,"PF13192,PF07992"
MGYG000000013_02918,5,MGYG000000013_02918,-,hypothetical protein,-,"COG2811,COG3164,COG2982,COG3064",CMMM,ko:K07289,-,-,-,-,-,-,PF13502
MGYG000000013_03193,0,MGYG000000013_03193,rbpD,hypothetical protein,Putative RNA-binding protein RbpD,COG0724,J,-,-,-,"GO:0003723,GO:0003676",RNA binding;nucleic acid binding,"GO_MF,GO_MF",-,PF00076
MGYG000000236_04191,0,MGYG000000236_04191,-,hypothetical protein,-,"COG1002,COG4123",VJ,-,-,-,"GO:0003676,GO:0008168,GO:0032259,GO:0006304",nucleic acid binding;methyltransferase activity;methylation;DNA modification,"GO_MF,GO_MF,GO_BP,GO_BP",-,"PF12950,PF07669"
MGYG000000675_03431,3,ahpC,ahpC,Alkyl hydroperoxide reductase C,Alkyl hydroperoxide reductase C,COG0450,V,ko:K03386,map04214,Apoptosis - fly,"GO:0016209,GO:0016491,GO:0051920,GO:0006979",antioxidant activity;oxidoreductase activity;peroxiredoxin activity;response to oxidative stress,"GO_MF,GO_MF,GO_MF,GO_BP",1.11.1.15,"PF10417,PF00578"
MGYG000001345_03387,3,acnD,-,2-methylcitrate dehydratase (2-methyl-trans-aconitate forming),-,COG1048,C,ko:K01681,"map00020,map00630,map00720,map01100,map01110,map01120,map01200,map01210,map01230",Citrate cycle (TCA cycle);Glyoxylate and dicarboxylate metabolism;Carbon fixation pathways in prokaryotes;Metabolic pathways;Biosynthesis of secondary metabolites;Microbial metabolism in diverse environments;Carbon metabolism;2-Oxocarboxylic acid metabolism;Biosynthesis of amino acids,-,-,-,4.2.1.117,"PF00694,PF00330"
MGYG000001345_03389,3,gltA,-,Citrate synthase,-,COG0372,C,"ko:K01647,ko:K01659","map00020,map00630,map01100,map01110,map01120,map01200,map01210,map01230,map00640,map01100",Citrate cycle (TCA cycle);Glyoxylate and dicarboxylate metabolism;Metabolic pathways;Biosynthesis of secondary metabolites;Microbial metabolism in diverse environments;Carbon metabolism;2-Oxocarboxylic acid metabolism;Biosynthesis of amino acids;Propanoate metabolism;Metabolic pathways,GO:0046912,"acyltransferase activity, acyl groups converted into alkyl on transfer",GO_MF,2.3.3.16,PF00285
MGYG000001345_03600,2,MGYG000001345_03600,-,hypothetical protein,-,"COG4771,COG4206,COG1629",PHP,-,-,-,-,-,-,-,"PF00593,PF13715,PF07715"
MGYG000001378_03048,0,MGYG000001378_03048,-,hypothetical protein,-,COG2373,R,-,-,-,GO:0004866,endopeptidase inhibitor activity,GO_MF,-,"PF17973,PF01835,PF00207"
MGYG000001378_03213,6,MGYG000001378_03213,rluB,hypothetical protein,Ribosomal large subunit pseudouridine synthase B,COG1187,J,ko:K06178,-,-,"GO:0003723,GO:0016866,GO:0001522,GO:0009451,GO:0009982",RNA binding;intramolecular transferase activity;pseudouridine synthesis;RNA modification;pseudouridine synthase activity,"GO_MF,GO_MF,GO_BP,GO_BP,GO_MF",-,"PF01479,PF00849"
MGYG000001378_04017,6,susC_65,-,TonB-dependent receptor SusC,-,"COG4206,COG1629,COG4771",HPP,-,-,-,-,-,-,-,"PF00593,PF13715,PF07715"
MGYG000001378_04109,5,MGYG000001378_04109,BT_2157,hypothetical protein,3-keto-disaccharide hydrolase,-,-,-,-,-,GO:0016787,hydrolase activity,GO_MF,-,PF06439
MGYG000001378_01773,3,MGYG000001378_01773,-,hypothetical protein,-,COG2885,M,-,-,-,-,-,-,-,PF00691
MGYG000001378_02129,0,susC_28,-,TonB-dependent receptor SusC,-,"COG4771,COG4206,COG1629",PHP,-,-,-,-,-,-,-,"PF00593,PF13715,PF07715"
MGYG000000013_01752,1,MGYG000000013_01752,-,hypothetical protein,-,COG0810,M,ko:K03832,-,-,"GO:0031992,GO:0015891,GO:0030288,GO:0055085",energy transducer activity;siderophore transport;outer membrane-bounded periplasmic space;transmembrane transport,"GO_MF,GO_BP,GO_CC,GO_BP",-,PF03544
MGYG000000013_02239,1,rpsG,rpsG,30S ribosomal protein S7,Small ribosomal subunit protein uS7,COG0049,J,ko:K02992,map03010,Ribosome,"GO:0006412,GO:0003735,GO:0015935",translation;structural constituent of ribosome;small ribosomal subunit,"GO_BP,GO_MF,GO_CC",-,PF00177
MGYG000000013_03191,1,tig,-,Trigger factor,-,COG0544,O,-,-,-,"GO:0010181,GO:0016491,GO:0006457,GO:0015031",FMN binding;oxidoreductase activity;protein folding;protein transport,"GO_MF,GO_MF,GO_BP,GO_BP",5.2.1.8,"PF05697,PF00724,PF07992"
MGYG000001378_00035,1,typA,bipA,GTP-binding protein TypA/BipA,Large ribosomal subunit assembly factor BipA,COG1217,T,ko:K06207,-,-,"GO:0003924,GO:0005525",GTPase activity;GTP binding,"GO_MF,GO_MF",-,"PF00679,PF03144,PF00009"
MGYG000001378_04018,6,MGYG000001378_04018,-,hypothetical protein,-,-,-,ko:K21572,-,-,GO:0005515,protein binding,GO_MF,-,"PF14322,PF07980"
MGYG000001378_01176,1,ppdK,ppdK,Pyruvate%2C phosphate dikinase,"Pyruvate, phosphate dikinase",COG0574,G,ko:K01006,"map00010,map00620,map00710,map00720,map01100,map01110,map01120,map01200",Glycolysis / Gluconeogenesis;Pyruvate metabolism;Carbon fixation in photosynthetic organisms;Carbon fixation pathways in prokaryotes;Metabolic pathways;Biosynthesis of secondary metabolites;Microbial metabolism in diverse environments;Carbon metabolism,"GO:0016772,GO:0016310,GO:0005524,GO:0016301,GO:0050242,GO:0006090,GO:0003824","transferase activity, transferring phosphorus-containing groups;phosphorylation;ATP binding;kinase activity;pyruvate, phosphate dikinase activity;pyruvate metabolic process;catalytic activity","GO_MF,GO_BP,GO_MF,GO_MF,GO_MF,GO_BP,GO_MF",2.7.9.1,"PF01326,PF02896,PF00391"
MGYG000000013_01224,1,pgk,pgk,Phosphoglycerate kinase,Phosphoglycerate kinase,COG0126,G,ko:K00927,"map00010,map00710,map01100,map01110,map01120,map01200,map01230,map04066",Glycolysis / Gluconeogenesis;Carbon fixation in photosynthetic organisms;Metabolic pathways;Biosynthesis of secondary metabolites;Microbial metabolism in diverse environments;Carbon metabolism;Biosynthesis of amino acids;HIF-1 signaling pathway,"GO:0004618,GO:0006096",phosphoglycerate kinase activity;glycolytic process,"GO_MF,GO_BP",2.7.2.3,PF00162
MGYG000000013_03258,5,uxaB,uxaB,Altronate oxidoreductase,Altronate oxidoreductase,COG0246,G,"ko:K00009,ko:K00041","map00051,map01100,map00040,map01100",Fructose and mannose metabolism;Metabolic pathways;Pentose and glucuronate interconversions;Metabolic pathways,"GO:0004672,GO:0006468,GO:0016491",protein kinase activity;protein phosphorylation;oxidoreductase activity,"GO_MF,GO_BP,GO_MF",1.1.1.58,"PF08125,PF01232,PF06293"
MGYG000000013_01768,1,MGYG000000013_01768,Dole_2039,Ketol-acid reductoisomerase (NAD(+)),Ketol-acid reductoisomerase (NAD(+)),COG0059,EH,ko:K00053,"map00290,map00770,map01100,map01110,map01210,map01230","Valine, leucine and isoleucine biosynthesis;Pantothenate and CoA biosynthesis;Metabolic pathways;Biosynthesis of secondary metabolites;2-Oxocarboxylic acid metabolism;Biosynthesis of amino acids","GO:0004455,GO:0009082,GO:0016491",ketol-acid reductoisomerase activity;branched-chain amino acid biosynthetic process;oxidoreductase activity,"GO_MF,GO_BP,GO_MF",1.1.1.382,"PF01450,PF07991"
MGYG000001345_00962,5,MGYG000001345_00962,-,hypothetical protein,-,"COG4771,COG4206,COG1629",PHP,-,-,-,-,-,-,-,"PF13715,PF07715"
MGYG000000013_01288,6,rho,rho,Transcription termination factor Rho,Transcription termination factor Rho,"COG3064,COG1158",MK,ko:K03628,map03018,RNA degradation,"GO:0005524,GO:0016887,GO:0003723,GO:0008186,GO:0006353,GO:0003676","ATP binding;ATP hydrolysis activity;RNA binding;ATP-dependent activity, acting on RNA;DNA-templated transcription termination;nucleic acid binding","GO_MF,GO_MF,GO_MF,GO_MF,GO_BP,GO_MF",3.6.4.-,"PF07497,PF07498,PF00006"
MGYG000000013_02871,6,MGYG000000013_02871,-,hypothetical protein,-,-,-,-,-,-,-,-,-,-,PF07332
MGYG000000013_03985,1,pnp_2,pnp,Polyribonucleotide nucleotidyltransferase,Polyribonucleotide nucleotidyltransferase,COG1185,J,ko:K00962,map03018,RNA degradation,"GO:0003676,GO:0003723,GO:0004654,GO:0006402,GO:0006396,GO:0008239,GO:0070009",nucleic acid binding;RNA binding;polyribonucleotide nucleotidyltransferase activity;mRNA catabolic process;RNA processing;dipeptidyl-peptidase activity;serine-type aminopeptidase activity,"GO_MF,GO_MF,GO_MF,GO_BP,GO_BP,GO_MF,GO_MF",2.7.7.8,"PF01138,PF00575,PF10459,PF03725,PF03726,PF00013"
MGYG000000013_00365,3,ecfG_1,-,ECF RNA polymerase sigma factor EcfG,-,COG1595,K,ko:K03088,-,-,"GO:0003700,GO:0006352,GO:0006355,GO:0003677,GO:0016987",DNA-binding transcription factor activity;DNA-templated transcription initiation;regulation of DNA-templated transcription;DNA binding;sigma factor activity,"GO_MF,GO_BP,GO_BP,GO_MF,GO_MF",-,"PF08281,PF04542"
MGYG000000013_00617,1,MGYG000000013_00617,-,hypothetical protein,-,COG3408,G,-,-,-,"GO:0005975,GO:0004134,GO:0004135,GO:0005980","carbohydrate metabolic process;4-alpha-glucanotransferase activity;amylo-alpha-1,6-glucosidase activity;glycogen catabolic process","GO_BP,GO_MF,GO_MF,GO_BP",-,"PF12439,PF06202"
MGYG000000013_01655,1,nrdD,-,Anaerobic ribonucleoside-triphosphate reductase,-,COG1328,F,ko:K21636,"map00230,map00240,map01100,map01232",Purine metabolism;Pyrimidine metabolism;Metabolic pathways;Nucleotide metabolism,"GO:0008998,GO:0016491,GO:0006260",ribonucleoside-triphosphate reductase (thioredoxin) activity;oxidoreductase activity;DNA replication,"GO_MF,GO_MF,GO_BP",1.1.98.6,"PF03477,PF13597"
MGYG000000013_02095,0,MGYG000000013_02095,-,hypothetical protein,-,"COG0457,COG2909,COG0653,COG2319,COG3899,COG5713,COG5635",RKURRCT,-,-,-,GO:0005515,protein binding,GO_MF,-,"PF13424,PF13181,PF13191,PF13271"
MGYG000000013_04182,5,gcvP,gcvP,Glycine dehydrogenase (decarboxylating),Glycine dehydrogenase (decarboxylating),"COG1003,COG0403",EE,"ko:K00281,ko:K00283","map00260,map00630,map00785,map01100,map01110,map01200,map00260,map00630,map00785,map01100,map01110,map01200","Glycine, serine and threonine metabolism;Glyoxylate and dicarboxylate metabolism;Lipoic acid metabolism;Metabolic pathways;Biosynthesis of secondary metabolites;Carbon metabolism;Glycine, serine and threonine metabolism;Glyoxylate and dicarboxylate metabolism;Lipoic acid metabolism;Metabolic pathways;Biosynthesis of secondary metabolites;Carbon metabolism","GO:0004375,GO:0006544,GO:0006546",glycine dehydrogenase (decarboxylating) activity;glycine metabolic process;glycine catabolic process,"GO_MF,GO_BP,GO_BP",1.4.4.2,PF02347
MGYG000000029_00628,0,recD2_1,-,ATP-dependent RecD-like DNA helicase,-,"COG1112,COG2852",LL,-,-,-,GO:0004386,helicase activity,GO_MF,3.6.4.12,"PF13086,PF18741,PF11784,PF13195,PF13087"
MGYG000001072_01411,0,MGYG000001072_01411,-,ISL3 family transposase ISAcma23,-,COG3464,X,-,-,-,-,-,-,-,"PF01610,PF14690"
MGYG000001345_01184,1,MGYG000001345_01184,-,hypothetical protein,-,COG1314,U,ko:K03075,"map02024,map03060,map03070",Quorum sensing;Protein export;Bacterial secretion system,"GO:0015450,GO:0009306,GO:0016020",protein-transporting ATPase activity;protein secretion;membrane,"GO_MF,GO_BP,GO_CC",-,PF03840
MGYG000001345_03261,1,MGYG000001345_03261,-,hypothetical protein,-,COG0209,F,ko:K00525,"map00230,map00240,map01100,map01232",Purine metabolism;Pyrimidine metabolism;Metabolic pathways;Nucleotide metabolism,"GO:0000166,GO:0004748,GO:0031419,GO:0005524,GO:0009263","nucleotide binding;ribonucleoside-diphosphate reductase activity, thioredoxin disulfide as acceptor;cobalamin binding;ATP binding;deoxyribonucleotide biosynthetic process","GO_MF,GO_MF,GO_MF,GO_MF,GO_BP",-,"PF02867,PF00317"
MGYG000001345_03427,1,MGYG000001345_03427,-,hypothetical protein,-,-,-,-,-,-,GO:0005515,protein binding,GO_MF,-,PF12771
MGYG000001345_03428,1,susC_30,-,TonB-dependent receptor SusC,-,"COG4206,COG4771,COG1629",HPP,-,-,-,-,-,-,-,"PF00593,PF13715,PF07715"
MGYG000001345_04076,1,oprM_3,-,Outer membrane protein OprM,-,COG1538,M,-,-,-,"GO:0015562,GO:0055085,GO:0022857,GO:0016020",efflux transmembrane transporter activity;transmembrane transport;transmembrane transporter activity;membrane,"GO_MF,GO_BP,GO_MF,GO_CC",-,PF02321
MGYG000001345_04297,1,leuS,leuS,Leucine--tRNA ligase,Leucine--tRNA ligase,COG0495,J,ko:K01869,map00970,Aminoacyl-tRNA biosynthesis,"GO:0000166,GO:0004812,GO:0005524,GO:0006418,GO:0004823,GO:0006429,GO:0002161",nucleotide binding;aminoacyl-tRNA ligase activity;ATP binding;tRNA aminoacylation for protein translation;leucine-tRNA ligase activity;leucyl-tRNA aminoacylation;aminoacyl-tRNA editing activity,"GO_MF,GO_MF,GO_MF,GO_BP,GO_MF,GO_BP,GO_MF",6.1.1.4,"PF13603,PF08264,PF00133"
MGYG000001345_04451,3,ecfG_5,-,ECF RNA polymerase sigma factor EcfG,-,COG1595,K,ko:K03088,-,-,"GO:0003700,GO:0006352,GO:0006355,GO:0003677,GO:0016987",DNA-binding transcription factor activity;DNA-templated transcription initiation;regulation of DNA-templated transcription;DNA binding;sigma factor activity,"GO_MF,GO_BP,GO_BP,GO_MF,GO_MF",-,"PF04542,PF08281"
MGYG000001345_04678,1,xerD_4,xerC,Tyrosine recombinase XerD,Tyrosine recombinase XerC,"COG4974,COG1544",LJ,ko:K03733,-,-,"GO:0003677,GO:0006310,GO:0015074",DNA binding;DNA recombination;DNA integration,"GO_MF,GO_BP,GO_BP",-,"PF02899,PF00589"
MGYG000001345_01484,1,alaS,alaS,Alanine--tRNA ligase,Alanine--tRNA ligase,COG0013,J,ko:K01872,map00970,Aminoacyl-tRNA biosynthesis,"GO:0000166,GO:0005737,GO:0003676,GO:0004812,GO:0005524,GO:0043039,GO:0004813,GO:0006419",nucleotide binding;cytoplasm;nucleic acid binding;aminoacyl-tRNA ligase activity;ATP binding;tRNA aminoacylation;alanine-tRNA ligase activity;alanyl-tRNA aminoacylation,"GO_MF,GO_CC,GO_MF,GO_MF,GO_MF,GO_BP,GO_MF,GO_BP",6.1.1.7,"PF01411,PF07973,PF02272"
MGYG000001345_01497,0,ftsH,ftsH,ATP-dependent zinc metalloprotease FtsH,ATP-dependent zinc metalloprotease FtsH,COG0465,O,ko:K03798,-,-,"GO:0004176,GO:0004222,GO:0005524,GO:0006508,GO:0003700,GO:0006352,GO:0006355,GO:0016887,GO:0016020,GO:0008270,GO:0003677,GO:0016987",ATP-dependent peptidase activity;metalloendopeptidase activity;ATP binding;proteolysis;DNA-binding transcription factor activity;DNA-templated transcription initiation;regulation of DNA-templated transcription;ATP hydrolysis activity;membrane;zinc ion binding;DNA binding;sigma factor activity,"GO_MF,GO_MF,GO_MF,GO_BP,GO_MF,GO_BP,GO_BP,GO_MF,GO_CC,GO_MF,GO_MF,GO_MF",3.4.24.-,"PF04539,PF04545,PF06480,PF00004,PF17862,PF04542,PF01434"
MGYG000001378_00256,5,MGYG000001378_00256,BACOVA_02650,IPT/TIG domain-containing protein,IPT/TIG domain-containing protein BACOVA_02650,-,-,-,-,-,GO:0030247,polysaccharide binding,GO_MF,-,PF18329
MGYG000001378_00257,5,MGYG000001378_00257,BACOVA_02651,SusD-like protein,SusD-like protein BACOVA_02651,-,-,ko:K21572,-,-,GO:0005515,protein binding,GO_MF,-,"PF14322,PF07980"
MGYG000001378_00258,5,susC_8,-,TonB-dependent receptor SusC,-,"COG1629,COG4771,COG4206",PPH,-,-,-,-,-,-,-,"PF00593,PF13715,PF07715"
MGYG000001378_00259,5,MGYG000001378_00259,BACOVA_02653,Xyloglucan-specific endo-beta-1%2C4-glucanase BoGH5A,"Xyloglucan-specific endo-beta-1,4-glucanase BoGH5A","COG2730,COG5297",GG,ko:K01179,"map00500,map01100,map02020",Starch and sucrose metabolism;Metabolic pathways;Two-component system,"GO:0004553,GO:0000272","hydrolase activity, hydrolyzing O-glycosyl compounds;polysaccharide catabolic process","GO_MF,GO_BP",3.2.1.151,"PF00150,PF13004"
MGYG000001378_00262,1,MGYG000001378_00262,BACOVA_02659,Beta-glucosidase BoGH3B,Beta-glucosidase BoGH3B,COG1472,G,ko:K05349,"map00460,map00500,map00946,map00999,map01100,map01110",Cyanoamino acid metabolism;Starch and sucrose metabolism;Degradation of flavonoids;Biosynthesis of various plant secondary metabolites;Metabolic pathways;Biosynthesis of secondary metabolites,"GO:0004553,GO:0005975","hydrolase activity, hydrolyzing O-glycosyl compounds;carbohydrate metabolic process","GO_MF,GO_BP",3.2.1.21,"PF00933,PF01915,PF14310"
MGYG000001378_00506,1,MGYG000001378_00506,-,hypothetical protein,-,COG1950,S,-,-,-,-,-,-,-,PF11028
MGYG000001378_02974,1,susC_46,-,TonB-dependent receptor SusC,-,"COG4771,COG1629",PP,-,-,-,-,-,-,-,"PF00593,PF13715,PF07715"
MGYG000001378_02975,5,MGYG000001378_02975,-,hypothetical protein,-,-,-,ko:K21572,-,-,GO:0005515,protein binding,GO_MF,-,"PF14322,PF07980"
MGYG000001378_02976,1,MGYG000001378_02976,-,hypothetical protein,-,-,-,-,-,-,GO:0005515,protein binding,GO_MF,-,PF17161
MGYG000001378_02977,5,MGYG000001378_02977,-,hypothetical protein,-,"COG6083,COG2755,COG3979,COG3866,COG4677",UDIGGGI,ko:K01051,"map00040,map01100,map02020",Pentose and glucuronate interconversions;Metabolic pathways;Two-component system,"GO:0030599,GO:0042545",pectinesterase activity;cell wall modification,"GO_MF,GO_BP",-,PF01095
MGYG000001378_02978,5,MGYG000001378_02978,-,hypothetical protein,-,"COG4677,COG3866,COG3979,COG6083",GIGGU,-,-,-,-,-,-,-,-
MGYG000001378_04264,1,susC_69,-,TonB-dependent receptor SusC,-,"COG4206,COG1629,COG4771",HPP,-,-,-,-,-,-,-,"PF00593,PF13715,PF07715"
MGYG000001378_02748,1,glgB_2,susA,1%2C4-alpha-glucan branching enzyme GlgB,Neopullulanase SusA,COG0366,G,ko:K21575,-,-,GO:0005975,carbohydrate metabolic process,GO_BP,2.4.1.18,"PF10438,PF00128,PF09087"
MGYG000001378_02749,1,susB_2,susB,Glucan 1%2C4-alpha-glucosidase SusB,"Glucan 1,4-alpha-glucosidase SusB",-,-,"ko:K01187,ko:K21574","map00052,map00500,map01100,map01110,map00500,map01100",Galactose metabolism;Starch and sucrose metabolism;Metabolic pathways;Biosynthesis of secondary metabolites;Starch and sucrose metabolism;Metabolic pathways,GO:0030246,carbohydrate binding,GO_MF,3.2.1.3,"PF10566,PF14508,PF14509"
MGYG000001378_02750,5,susC_40,susC,TonB-dependent receptor SusC,TonB-dependent receptor SusC,"COG4771,COG1629,COG4206",PPH,ko:K21573,-,-,-,-,-,-,"PF00593,PF13715,PF07715"
MGYG000001378_02751,5,susD_1,susD,Starch-binding protein SusD,Starch-binding protein SusD,-,-,ko:K21572,-,-,GO:0005515,protein binding,GO_MF,-,"PF14322,PF07980"
MGYG000001378_03332,1,MGYG000001378_03332,-,hypothetical protein,-,-,-,ko:K21571,-,-,-,-,-,-,"PF17141,PF17138,PF14292"
MGYG000001378_03333,1,susD_2,-,Starch-binding protein SusD,-,-,-,ko:K21572,-,-,GO:0005515,protein binding,GO_MF,-,"PF14322,PF07980"
MGYG000001378_03334,1,susC_52,susC,TonB-dependent receptor SusC,TonB-dependent receptor SusC,"COG4206,COG1629,COG4771",HPP,ko:K21573,-,-,-,-,-,-,"PF00593,PF13715,PF07715"
MGYG000001378_03525,1,susC_58,-,TonB-dependent receptor SusC,-,"COG4771,COG4206,COG1629",PHP,-,-,-,-,-,-,-,"PF00593,PF13715,PF07715"
MGYG000001378_03526,1,MGYG000001378_03526,-,hypothetical protein,-,-,-,ko:K21572,-,-,GO:0005515,protein binding,GO_MF,-,"PF14322,PF07980"
MGYG000001378_03531,1,MGYG000001378_03531,-,hypothetical protein,-,"COG6083,COG1404,COG3823",UOO,-,-,-,"GO:0008236,GO:0006508,GO:0004252",serine-type peptidase activity;proteolysis;serine-type endopeptidase activity,"GO_MF,GO_BP,GO_MF",-,"PF16361,PF00082"
MGYG000002717_02459,5,MGYG000002717_02459,BACOVA_02645,Beta-galactosidase BoGH2A,Beta-galactosidase BoGH2A,COG3250,G,ko:K01190,"map00052,map00511,map00600,map01100",Galactose metabolism;Other glycan degradation;Sphingolipid metabolism;Metabolic pathways,"GO:0004553,GO:0005975","hydrolase activity, hydrolyzing O-glycosyl compounds;carbohydrate metabolic process","GO_MF,GO_BP",3.2.1.23,"PF18565,PF02837,PF16355,PF02836,PF00703"
MGYG000004753_01391,2,MGYG000004753_01391,-,hypothetical protein,-,-,-,-,-,-,-,-,-,-,-
MGYG000000013_03819,3,sodB,sodB,Superoxide dismutase [Mn/Fe],Superoxide dismutase [Fe],COG0605,P,ko:K04564,"map04013,map04068,map04146,map04211,map04212,map04213,map05016,map05208,map05417",MAPK signaling pathway - fly;FoxO signaling pathway;Peroxisome;Longevity regulating pathway;Longevity regulating pathway - worm;Longevity regulating pathway - multiple species;Huntington disease;Chemical carcinogenesis - reactive oxygen species;Lipid and atherosclerosis,"GO:0004784,GO:0046872,GO:0006801",superoxide dismutase activity;metal ion binding;superoxide metabolic process,"GO_MF,GO_MF,GO_BP",1.15.1.1,"PF00081,PF02777"
MGYG000000013_01490,3,pccB_2,pccB,Propionyl-CoA carboxylase beta chain,Propionyl-CoA carboxylase beta chain,COG4799,I,ko:K01966,"map00280,map00630,map00640,map01100,map01110,map01120,map01200","Valine, leucine and isoleucine degradation;Glyoxylate and dicarboxylate metabolism;Propanoate metabolism;Metabolic pathways;Biosynthesis of secondary metabolites;Microbial metabolism in diverse environments;Carbon metabolism",GO:0016874,ligase activity,GO_MF,6.4.1.3,PF01039
MGYG000000013_01582,6,ftnA,ftnA,Bacterial non-heme ferritin,Bacterial non-heme ferritin,COG1528,P,ko:K02217,-,-,"GO:0008199,GO:0006826,GO:0006879",ferric iron binding;iron ion transport;intracellular iron ion homeostasis,"GO_MF,GO_BP,GO_BP",1.16.3.2,PF00210
MGYG000000013_03247,3,MGYG000000013_03247,-,hypothetical protein,-,-,-,-,-,-,-,-,-,-,PF11810
MGYG000000013_03320,0,clpC,clpC,ATP-dependent Clp protease ATP-binding subunit ClpC,ATP-dependent Clp protease ATP-binding subunit ClpC,COG0542,O,ko:K03696,-,-,"GO:0005524,GO:0005515,GO:0016887",ATP binding;protein binding;ATP hydrolysis activity,"GO_MF,GO_MF,GO_MF",-,"PF07724,PF17871,PF10431,PF00004,PF02861"
MGYG000000013_03330,6,MGYG000000013_03330,-,hypothetical protein,-,COG0589,T,-,-,-,-,-,-,-,"PF18145,PF09413,PF00582"
MGYG000000013_04068,3,cdr,-,Coenzyme A disulfide reductase,-,"COG2210,COG0607,COG0446,COG0425",CPHJHO,-,-,-,GO:0016491,oxidoreductase activity,GO_MF,1.8.1.14,"PF07992,PF02852,PF00581,PF01206,PF13686"
MGYG000000013_04796,3,pyrD_2,-,Dihydroorotate dehydrogenase,-,COG0167,F,ko:K00226,"map00240,map01100,map01240",Pyrimidine metabolism;Metabolic pathways;Biosynthesis of cofactors,"GO:0016627,GO:0005737,GO:0004152,GO:0006222","oxidoreductase activity, acting on the CH-CH group of donors;cytoplasm;dihydroorotate dehydrogenase activity;UMP biosynthetic process","GO_MF,GO_CC,GO_MF,GO_BP",1.3.-.-,PF01180
MGYG000000013_04800,3,tpx,tpx,Thiol peroxidase,Thiol peroxidase,COG2077,O,ko:K02111,"map00190,map00195,map01100",Oxidative phosphorylation;Photosynthesis;Metabolic pathways,"GO:0005524,GO:0015986,GO:0008379,GO:0016209,GO:0046034,GO:1902600,GO:0046933,GO:0045261,GO:0016491,GO:0016684,GO:0032559","ATP binding;proton motive force-driven ATP synthesis;thioredoxin peroxidase activity;antioxidant activity;ATP metabolic process;proton transmembrane transport;proton-transporting ATP synthase activity, rotational mechanism;proton-transporting ATP synthase complex, catalytic core F(1);oxidoreductase activity;oxidoreductase activity, acting on peroxide as acceptor;adenyl ribonucleotide binding","GO_MF,GO_BP,GO_MF,GO_MF,GO_BP,GO_BP,GO_MF,GO_CC,GO_MF,GO_MF,GO_MF",1.11.1.15,"PF00306,PF00006,PF02874,PF08534"
MGYG000000013_00425,3,MGYG000000013_00425,-,hypothetical protein,-,COG3560,R,ko:K07078,-,-,"GO:0016491,GO:0034599",oxidoreductase activity;cellular response to oxidative stress,"GO_MF,GO_BP",-,PF00881
MGYG000000013_01719,0,ddh,ddh,Meso-diaminopimelate D-dehydrogenase,Meso-diaminopimelate D-dehydrogenase,"COG1748,COG3804,COG1712,COG0673,COG2344",ESERK,ko:K03340,"map00300,map01100,map01110,map01230",Lysine biosynthesis;Metabolic pathways;Biosynthesis of secondary metabolites;Biosynthesis of amino acids,"GO:0016620,GO:0051287,GO:0047850,GO:0009089","oxidoreductase activity, acting on the aldehyde or oxo group of donors, NAD or NADP as acceptor;NAD binding;diaminopimelate dehydrogenase activity;lysine biosynthetic process via diaminopimelate","GO_MF,GO_MF,GO_MF,GO_BP",1.4.1.16,"PF01118,PF16654"
MGYG000000013_01896,3,mprA_1,rprY,Response regulator MprA,Transcriptional regulatory protein RprY,COG0745,TK,-,-,-,"GO:0000160,GO:0003677,GO:0006355",phosphorelay signal transduction system;DNA binding;regulation of DNA-templated transcription,"GO_BP,GO_MF,GO_BP",-,"PF14253,PF00072,PF00486"
MGYG000000013_01897,0,sasA_4,rprX,Adaptive-response sensory-kinase SasA,Sensor protein RprX,"COG2205,COG0642",TT,ko:K07636,map02020,Two-component system,"GO:0000155,GO:0007165,GO:0016772,GO:0016310","phosphorelay sensor kinase activity;signal transduction;transferase activity, transferring phosphorus-containing groups;phosphorylation","GO_MF,GO_BP,GO_MF,GO_BP",2.7.-.-,"PF00512,PF02518"
MGYG000000013_01991,1,susC_29,-,TonB-dependent receptor SusC,-,"COG4206,COG1629,COG4771",HPP,-,-,-,-,-,-,-,"PF00593,PF13715,PF07715"
MGYG000000013_02001,3,MGYG000000013_02001,-,hypothetical protein,-,"COG1196,COG4372",DS,-,-,-,-,-,-,-,-
MGYG000000013_04244,0,cydA,cydA,Cytochrome bd ubiquinol oxidase subunit 1,Cytochrome bd ubiquinol oxidase subunit 1,COG1271,C,ko:K00425,"map00190,map01100,map02020",Oxidative phosphorylation;Metabolic pathways;Two-component system,"GO:0009055,GO:0019646,GO:0070069",electron transfer activity;aerobic electron transport chain;cytochrome complex,"GO_MF,GO_BP,GO_CC",1.10.3.-,PF01654
MGYG000000013_04255,3,zwf,zwf,Glucose-6-phosphate 1-dehydrogenase,Glucose-6-phosphate 1-dehydrogenase,COG0364,G,ko:K00036,"map00030,map00480,map01100,map01110,map01120,map01200,map05230,map05415",Pentose phosphate pathway;Glutathione metabolism;Metabolic pathways;Biosynthesis of secondary metabolites;Microbial metabolism in diverse environments;Carbon metabolism;Central carbon metabolism in cancer;Diabetic cardiomyopathy,"GO:0016614,GO:0050661,GO:0006006,GO:0004345","oxidoreductase activity, acting on CH-OH group of donors;NADP binding;glucose metabolic process;glucose-6-phosphate dehydrogenase activity","GO_MF,GO_MF,GO_BP,GO_MF",1.1.1.49,"PF02781,PF00479"
MGYG000000013_02285,4,MGYG000000013_02285,-,hypothetical protein,-,COG0810,M,ko:K03832,-,-,GO:0055085,transmembrane transport,GO_BP,-,PF03544
MGYG000000013_02340,3,ahpC,ahpC,Alkyl hydroperoxide reductase C,Alkyl hydroperoxide reductase C,COG0450,V,ko:K03386,map04214,Apoptosis - fly,"GO:0016209,GO:0016491,GO:0051920,GO:0006979",antioxidant activity;oxidoreductase activity;peroxiredoxin activity;response to oxidative stress,"GO_MF,GO_MF,GO_MF,GO_BP",1.11.1.15,"PF00578,PF10417"
MGYG000000013_03180,3,MGYG000000013_03180,-,Outer membrane protein 40,-,COG2885,M,-,-,-,-,-,-,-,PF00691
MGYG000000029_00322,3,susC_5,-,TonB-dependent receptor SusC,-,"COG4771,COG1629,COG4206",PPH,-,-,-,-,-,-,-,"PF07715,PF00593"
MGYG000000029_02297,3,MGYG000000029_02297,-,hypothetical protein,-,"COG3040,COG1090",MR,ko:K07071,-,-,-,-,-,-,"PF08212,PF08338,PF01370"
MGYG000001345_01234,3,lutB,-,Lactate utilization protein B,-,COG1139,C,ko:K18929,-,-,"GO:0006089,GO:0051536",lactate metabolic process;iron-sulfur cluster binding,"GO_BP,GO_MF",-,"PF11870,PF02589,PF13183"
MGYG000001345_03388,3,icd,icd,Isocitrate dehydrogenase [NADP],Isocitrate dehydrogenase [NADP],COG0538,C,ko:K00031,"map00020,map00480,map00720,map01100,map01110,map01120,map01200,map01210,map01230,map04146,map05230",Citrate cycle (TCA cycle);Glutathione metabolism;Carbon fixation pathways in prokaryotes;Metabolic pathways;Biosynthesis of secondary metabolites;Microbial metabolism in diverse environments;Carbon metabolism;2-Oxocarboxylic acid metabolism;Biosynthesis of amino acids;Peroxisome;Central carbon metabolism in cancer,"GO:0004450,GO:0006099,GO:0000287,GO:0016616,GO:0051287","isocitrate dehydrogenase (NADP+) activity;tricarboxylic acid cycle;magnesium ion binding;oxidoreductase activity, acting on the CH-OH group of donors, NAD or NADP as acceptor;NAD binding","GO_MF,GO_BP,GO_MF,GO_MF,GO_MF",1.1.1.42,PF00180
MGYG000001345_02126,6,MGYG000001345_02126,-,hypothetical protein,-,COG4980,R,-,-,-,-,-,-,-,PF12732
MGYG000001345_02386,3,copA,pacS,putative copper-importing P-type ATPase A,Probable copper-transporting ATPase PacS,"COG2608,COG2217",PP,"ko:K01533,ko:K17686","map01524,map04016,map04978",Platinum drug resistance;MAPK signaling pathway - plant;Mineral absorption,"GO:0005215,GO:0005524,GO:0016887,GO:0016020,GO:0046872,GO:0000166,GO:0019829,GO:0006812",transporter activity;ATP binding;ATP hydrolysis activity;membrane;metal ion binding;nucleotide binding;ATPase-coupled monoatomic cation transmembrane transporter activity;monoatomic cation transport,"GO_MF,GO_MF,GO_MF,GO_CC,GO_MF,GO_MF,GO_MF,GO_BP",3.6.3.54,"PF00122,PF00403,PF00702"
MGYG000001345_00665,6,MGYG000001345_00665,-,hypothetical protein,-,COG1875,R,ko:K07175,-,-,GO:0005524,ATP binding,GO_MF,-,"PF13638,PF02562"
MGYG000001345_00911,3,MGYG000001345_00911,-,NADH dehydrogenase-like protein,-,COG1252,C,ko:K03885,"map00190,map01100",Oxidative phosphorylation;Metabolic pathways,GO:0016491,oxidoreductase activity,GO_MF,1.6.99.-,PF07992
MGYG000001378_04051,0,dnaE_2,-,DNA polymerase III subunit alpha,-,COG0587,L,ko:K02337,"map03030,map03430,map03440",DNA replication;Mismatch repair;Homologous recombination,"GO:0003824,GO:0008408,GO:0006260",catalytic activity;3'-5' exonuclease activity;DNA replication,"GO_MF,GO_MF,GO_BP",2.7.7.7,"PF17657,PF07733,PF02811,PF14579"
MGYG000001378_03504,3,yhhW_2,MT0190,Quercetin 2%2C3-dioxygenase,"Putative quercetin 2,3-dioxygenase MT0190",COG1741,R,ko:K06911,-,-,-,-,-,1.13.11.24,"PF17954,PF02678"
MGYG000001378_02110,3,tal,tal,Transaldolase,Probable transaldolase,COG0176,G,"ko:K00616,ko:K08314","map00030,map01100,map01110,map01120,map01200,map01230",Pentose phosphate pathway;Metabolic pathways;Biosynthesis of secondary metabolites;Microbial metabolism in diverse environments;Carbon metabolism;Biosynthesis of amino acids,"GO:0005975,GO:0004801,GO:0016832",carbohydrate metabolic process;transaldolase activity;aldehyde-lyase activity,"GO_BP,GO_MF,GO_MF",2.2.1.2,PF00923
MGYG000001378_02111,3,fbaB_1,fbaB,Fructose-bisphosphate aldolase class 1,Fructose-bisphosphate aldolase class 1,COG1830,G,ko:K11645,"map00010,map00030,map00051,map00680,map00710,map01100,map01110,map01120,map01200,map01230",Glycolysis / Gluconeogenesis;Pentose phosphate pathway;Fructose and mannose metabolism;Methane metabolism;Carbon fixation in photosynthetic organisms;Metabolic pathways;Biosynthesis of secondary metabolites;Microbial metabolism in diverse environments;Carbon metabolism;Biosynthesis of amino acids,"GO:0016829,GO:0004332",lyase activity;fructose-bisphosphate aldolase activity,"GO_MF,GO_MF",4.1.2.13,PF01791
MGYG000003252_00839,1,susC_17,-,TonB-dependent receptor SusC,-,"COG4206,COG4771,COG1629",HPP,-,-,-,-,-,-,-,"PF07715,PF00593,PF13715"
MGYG000000013_02225,6,rplX,rplX,50S ribosomal protein L24,Large ribosomal subunit protein uL24,COG0198,J,ko:K02895,map03010,Ribosome,"GO:0003735,GO:0006412,GO:0005840,GO:0003723",structural constituent of ribosome;translation;ribosome;RNA binding,"GO_MF,GO_BP,GO_CC,GO_MF",-,"PF00467,PF17136"
MGYG000000013_02346,6,topA,topA,DNA topoisomerase 1,DNA topoisomerase 1,"COG1754,COG0550",SL,ko:K03168,-,-,"GO:0003677,GO:0003917,GO:0006265,GO:0003916","DNA binding;DNA topoisomerase type I (single strand cut, ATP-independent) activity;DNA topological change;DNA topoisomerase activity","GO_MF,GO_MF,GO_BP,GO_MF",5.99.1.2,"PF01751,PF01131,PF13368"
MGYG000000013_01693,1,gdhA,gdhA,NAD(P)-specific glutamate dehydrogenase,Glutamate dehydrogenase,COG0334,E,ko:K00262,"map00220,map00250,map00910,map01100,map01120","Arginine biosynthesis;Alanine, aspartate and glutamate metabolism;Nitrogen metabolism;Metabolic pathways;Microbial metabolism in diverse environments","GO:0016491,GO:0006520,GO:0016639","oxidoreductase activity;amino acid metabolic process;oxidoreductase activity, acting on the CH-NH2 group of donors, NAD or NADP as acceptor","GO_MF,GO_BP,GO_MF",1.4.1.3,"PF00208,PF02812"
MGYG000000013_02246,1,rplJ,rplJ,50S ribosomal protein L10,Large ribosomal subunit protein uL10,COG0244,J,ko:K02864,map03010,Ribosome,-,-,-,-,PF00466
MGYG000000013_03177,1,carB_1,-,Carbamoyl-phosphate synthase large chain,-,"COG0458,COG1803",EFG,ko:K01955,"map00240,map00250,map01100,map01240","Pyrimidine metabolism;Alanine, aspartate and glutamate metabolism;Metabolic pathways;Biosynthesis of cofactors","GO:0005524,GO:0046872",ATP binding;metal ion binding,"GO_MF,GO_MF",6.3.5.5,"PF02142,PF02786,PF02787"
MGYG000001345_00460,1,MGYG000001345_00460,-,hypothetical protein,-,"COG0305,COG3598,COG0467,COG0358",LLTL,ko:K17680,map05017,Spinocerebellar ataxia,"GO:0003678,GO:0005524,GO:0006260",DNA helicase activity;ATP binding;DNA replication,"GO_MF,GO_MF,GO_BP",-,"PF13155,PF03796"
MGYG000001345_04074,1,mdtE_1,-,Multidrug resistance protein MdtE,-,COG0845,MV,ko:K03585,"map01501,map01503",beta-Lactam resistance;Cationic antimicrobial peptide (CAMP) resistance,"GO:0022857,GO:0055085,GO:0016020",transmembrane transporter activity;transmembrane transport;membrane,"GO_MF,GO_BP,GO_CC",-,PF16576
MGYG000001378_03529,1,MGYG000001378_03529,-,hypothetical protein,-,COG4886,U,-,-,-,-,-,-,-,"PF18805,PF14660"
MGYG000002717_02379,1,yagG_2,-,Putative glycoside/cation symporter YagG,-,COG2211,G,ko:K03292,-,-,"GO:0006814,GO:0016020,GO:0022857,GO:0015293,GO:0008643",sodium ion transport;membrane;transmembrane transporter activity;symporter activity;carbohydrate transport,"GO_BP,GO_CC,GO_MF,GO_MF,GO_BP",-,PF13347
MGYG000002717_02380,1,MGYG000002717_02380,BF0772,4-O-beta-D-mannosyl-D-glucose phosphorylase,4-O-beta-D-mannosyl-D-glucose phosphorylase,COG2152,G,ko:K16212,-,-,-,-,-,2.4.1.281,PF04041
MGYG000002717_02381,1,manA_1,-,Mannan endo-1%2C4-beta-mannosidase,-,"COG4124,COG3934",GG,"ko:K01218,ko:K19355","map00051,map01100,map02024,map00051,map01100",Fructose and mannose metabolism;Metabolic pathways;Quorum sensing;Fructose and mannose metabolism;Metabolic pathways,"GO:0016985,GO:0006080,GO:0004553","mannan endo-1,4-beta-mannosidase activity;substituted mannan metabolic process;hydrolase activity, hydrolyzing O-glycosyl compounds","GO_MF,GO_BP,GO_MF",3.2.1.78,PF02156
MGYG000002717_02382,1,manA_2,-,Mannan endo-1%2C4-beta-mannosidase,-,"COG6083,COG5297,COG4124",UGG,ko:K01218,"map00051,map01100,map02024",Fructose and mannose metabolism;Metabolic pathways;Quorum sensing,"GO:0016985,GO:0006080,GO:0004553","mannan endo-1,4-beta-mannosidase activity;substituted mannan metabolic process;hydrolase activity, hydrolyzing O-glycosyl compounds","GO_MF,GO_BP,GO_MF",3.2.1.78,PF02156
MGYG000002717_02383,1,aes_2,-,Acetyl esterase,-,COG0657,I,-,-,-,GO:0016787,hydrolase activity,GO_MF,3.1.1.-,PF07859
MGYG000002717_03637,1,bfce_2,bfce,Cellobiose 2-epimerase,Cellobiose 2-epimerase,COG2942,G,ko:K16213,-,-,"GO:0005975,GO:0047736",carbohydrate metabolic process;cellobiose epimerase activity,"GO_BP,GO_MF",5.1.3.11,PF07221
MGYG000003252_00838,1,MGYG000003252_00838,-,hypothetical protein,-,-,-,-,-,-,-,-,-,-,-
MGYG000003252_00840,1,MGYG000003252_00840,-,hypothetical protein,-,-,-,ko:K21572,-,-,GO:0005515,protein binding,GO_MF,-,"PF14322,PF07980"
MGYG000003252_00841,1,MGYG000003252_00841,-,hypothetical protein,-,-,-,-,-,-,GO:0030247,polysaccharide binding,GO_MF,-,PF18329
MGYG000003252_00847,1,axe7A_1,-,Acetyl esterase Axe7A,-,COG3458,Q,-,-,-,GO:0016788,"hydrolase activity, acting on ester bonds",GO_MF,3.1.1.-,PF05448
MGYG000004476_00721,2,MGYG000004476_00721,-,hypothetical protein,-,"COG1470,COG3976",SR,-,-,-,-,-,-,-,-
MGYG000004676_01353,2,MGYG000004676_01353,-,hypothetical protein,-,-,-,-,-,-,-,-,-,-,-
MGYG000000289_00802,2,MGYG000000289_00802,-,hypothetical protein,-,"COG5297,COG3401",GR,-,-,-,-,-,-,-,"PF12951,PF18370"
MGYG000000417_01213,2,gpsA,gpsA,Glycerol-3-phosphate dehydrogenase [NAD(P)+],Glycerol-3-phosphate dehydrogenase [NAD(P)+],COG0240,C,ko:K00057,"map00564,map01110",Glycerophospholipid metabolism;Biosynthesis of secondary metabolites,"GO:0005975,GO:0006072,GO:0016616,GO:0051287,GO:0046168","carbohydrate metabolic process;glycerol-3-phosphate metabolic process;oxidoreductase activity, acting on the CH-OH group of donors, NAD or NADP as acceptor;NAD binding;glycerol-3-phosphate catabolic process","GO_BP,GO_BP,GO_MF,GO_MF,GO_BP",1.1.1.94,"PF01210,PF07479"
MGYG000000502_02184,2,MGYG000000502_02184,-,hypothetical protein,-,-,-,-,-,-,GO:0005515,protein binding,GO_MF,-,PF13414
MGYG000003922_01843,2,nuoL,ndhF,NADH-quinone oxidoreductase subunit L,NAD(P)H-quinone oxidoreductase chain 5,COG1009,C,ko:K00341,"map00190,map01100",Oxidative phosphorylation;Metabolic pathways,"GO:0008137,GO:0042773",NADH dehydrogenase (ubiquinone) activity;ATP synthesis coupled electron transport,"GO_MF,GO_BP",1.6.5.11,"PF00662,PF00361"
MGYG000000013_03300,3,ecfG_3,-,ECF RNA polymerase sigma factor EcfG,-,COG1595,K,ko:K03088,-,-,"GO:0003700,GO:0006352,GO:0006355,GO:0003677,GO:0016987",DNA-binding transcription factor activity;DNA-templated transcription initiation;regulation of DNA-templated transcription;DNA binding;sigma factor activity,"GO_MF,GO_BP,GO_BP,GO_MF,GO_MF",-,"PF08281,PF04542"
MGYG000001004_00517,4,MGYG000001004_00517,-,hypothetical protein,-,COG4905,S,-,-,-,-,-,-,-,PF06541
MGYG000001442_01260,2,penA,penA,Penicillin-binding protein 2B,Penicillin-binding protein 2B,COG0768,DM,"ko:K00687,ko:K12553,ko:K21465,ko:K21466","map00550,map01100,map01501,map00550,map01100,map01501,map00550,map01100,map00550,map01100",Peptidoglycan biosynthesis;Metabolic pathways;beta-Lactam resistance;Peptidoglycan biosynthesis;Metabolic pathways;beta-Lactam resistance;Peptidoglycan biosynthesis;Metabolic pathways;Peptidoglycan biosynthesis;Metabolic pathways,GO:0008658,penicillin binding,GO_MF,-,"PF03717,PF00905"
MGYG000002010_00955,3,ylaC,-,RNA polymerase sigma factor YlaC,-,COG1595,K,ko:K03088,-,-,"GO:0003700,GO:0006352,GO:0006355,GO:0003677,GO:0016987",DNA-binding transcription factor activity;DNA-templated transcription initiation;regulation of DNA-templated transcription;DNA binding;sigma factor activity,"GO_MF,GO_BP,GO_BP,GO_MF,GO_MF",-,"PF08281,PF04542"
MGYG000002614_00120,2,ccpA,-,Catabolite control protein A,-,COG1609,K,ko:K02529,-,-,"GO:0003677,GO:0006355",DNA binding;regulation of DNA-templated transcription,"GO_MF,GO_BP",-,"PF00532,PF00356"
MGYG000002829_04048,3,mggB,-,Mannosylglucosyl-3-phosphoglycerate phosphatase,-,"COG4870,COG1506,COG5846,COG0596,COG0737,COG1388,COG1912,COG1652,COG2365",OEDHRFVMHVPT,ko:K11751,"map00230,map00240,map00760,map01100,map01110,map01232",Purine metabolism;Pyrimidine metabolism;Nicotinate and nicotinamide metabolism;Metabolic pathways;Biosynthesis of secondary metabolites;Nucleotide metabolism,"GO:0016787,GO:0009166",hydrolase activity;nucleotide catabolic process,"GO_MF,GO_BP",3.1.3.-,"PF01476,PF00149,PF02872"
MGYG000003337_00381,0,MGYG000003337_00381,-,hypothetical protein,-,-,-,-,-,-,-,-,-,-,-
MGYG000003445_01289,2,aas,-,Bifunctional protein Aas,-,"COG0204,COG4123,COG1033,COG0500,COG4106,COG4258,COG2227",IJRQRCRH,ko:K07003,-,-,"GO:0016746,GO:0016020",acyltransferase activity;membrane,"GO_MF,GO_CC",6.2.1.20,"PF03176,PF01553"
MGYG000003539_00102,2,MGYG000003539_00102,-,hypothetical protein,-,"COG4105,COG5714,COG4649,COG1729,COG2976,COG3063,COG4235,COG2956,COG4783,COG0457",MCSDTNWCOMMOR,-,-,-,GO:0005515,protein binding,GO_MF,-,"PF13432,PF13174"
MGYG000000013_02734,3,MGYG000000013_02734,trxA,hypothetical protein,Thioredoxin,"COG3118,COG0526",OO,-,-,-,-,-,-,-,PF00085
MGYG000000675_03698,3,sodB,sodB,Superoxide dismutase [Mn/Fe],Superoxide dismutase [Fe],COG0605,P,ko:K04564,"map04013,map04068,map04146,map04211,map04212,map04213,map05016,map05208,map05417",MAPK signaling pathway - fly;FoxO signaling pathway;Peroxisome;Longevity regulating pathway;Longevity regulating pathway - worm;Longevity regulating pathway - multiple species;Huntington disease;Chemical carcinogenesis - reactive oxygen species;Lipid and atherosclerosis,"GO:0004784,GO:0046872,GO:0006801",superoxide dismutase activity;metal ion binding;superoxide metabolic process,"GO_MF,GO_MF,GO_BP",1.15.1.1,"PF00081,PF02777"
MGYG000001345_01341,3,MGYG000001345_01341,-,Outer membrane protein 40,-,COG2885,M,-,-,-,-,-,-,-,PF00691
MGYG000002549_01638,3,sodB,sodB,Superoxide dismutase [Mn/Fe],Superoxide dismutase [Fe],COG0605,P,ko:K04564,"map04013,map04068,map04146,map04211,map04212,map04213,map05016,map05208,map05417",MAPK signaling pathway - fly;FoxO signaling pathway;Peroxisome;Longevity regulating pathway;Longevity regulating pathway - worm;Longevity regulating pathway - multiple species;Huntington disease;Chemical carcinogenesis - reactive oxygen species;Lipid and atherosclerosis,"GO:0004784,GO:0046872,GO:0006801",superoxide dismutase activity;metal ion binding;superoxide metabolic process,"GO_MF,GO_MF,GO_BP",1.15.1.1,"PF02777,PF00081"
MGYG000000013_01097,2,MGYG000000013_01097,-,hypothetical protein,-,COG1196,D,-,-,-,-,-,-,-,-
MGYG000000655_00083,2,glnA_3,glnA,Glutamine synthetase,Glutamine synthetase,COG3968,E,ko:K01915,"map00220,map00250,map00630,map00910,map01100,map01120,map01230,map02020,map04217,map04724,map04727","Arginine biosynthesis;Alanine, aspartate and glutamate metabolism;Glyoxylate and dicarboxylate metabolism;Nitrogen metabolism;Metabolic pathways;Microbial metabolism in diverse environments;Biosynthesis of amino acids;Two-component system;Necroptosis;Glutamatergic synapse;GABAergic synapse","GO:0004356,GO:0003824",glutamine synthetase activity;catalytic activity,"GO_MF,GO_MF",6.3.1.2,"PF00120,PF18318,PF12437"
MGYG000001422_05583,4,MGYG000001422_05583,-,hypothetical protein,-,-,-,-,-,-,-,-,-,-,-
MGYG000000013_01136,0,MGYG000000013_01136,-,hypothetical protein,-,"COG6083,COG3250,COG3507",UGG,ko:K05349,"map00460,map00500,map00946,map00999,map01100,map01110",Cyanoamino acid metabolism;Starch and sucrose metabolism;Degradation of flavonoids;Biosynthesis of various plant secondary metabolites;Metabolic pathways;Biosynthesis of secondary metabolites,"GO:0004553,GO:0005975","hydrolase activity, hydrolyzing O-glycosyl compounds;carbohydrate metabolic process","GO_MF,GO_BP",-,PF04616
MGYG000000013_01139,0,nagZ_1,-,Beta-hexosaminidase,-,COG1472,G,ko:K05349,"map00460,map00500,map00946,map00999,map01100,map01110",Cyanoamino acid metabolism;Starch and sucrose metabolism;Degradation of flavonoids;Biosynthesis of various plant secondary metabolites;Metabolic pathways;Biosynthesis of secondary metabolites,"GO:0004553,GO:0005975","hydrolase activity, hydrolyzing O-glycosyl compounds;carbohydrate metabolic process","GO_MF,GO_BP",3.2.1.52,"PF14310,PF00933,PF01915"
MGYG000000013_01140,0,MGYG000000013_01140,-,hypothetical protein,-,-,-,ko:K05970,-,-,GO:0001681,sialate O-acetylesterase activity,GO_MF,-,PF03629
MGYG000000013_01141,0,MGYG000000013_01141,-,hypothetical protein,-,COG3507,G,-,-,-,"GO:0004553,GO:0005975,GO:0005515,GO:0001681","hydrolase activity, hydrolyzing O-glycosyl compounds;carbohydrate metabolic process;protein binding;sialate O-acetylesterase activity","GO_MF,GO_BP,GO_MF,GO_MF",-,"PF00754,PF04616,PF03629"
MGYG000000013_01144,6,xyl3A_3,-,Xylan 1%2C4-beta-xylosidase,-,COG1472,G,ko:K05349,"map00460,map00500,map00946,map00999,map01100,map01110",Cyanoamino acid metabolism;Starch and sucrose metabolism;Degradation of flavonoids;Biosynthesis of various plant secondary metabolites;Metabolic pathways;Biosynthesis of secondary metabolites,"GO:0004553,GO:0005975","hydrolase activity, hydrolyzing O-glycosyl compounds;carbohydrate metabolic process","GO_MF,GO_BP",3.2.1.37,"PF14310,PF00933,PF07691,PF01915"
MGYG000000013_01146,0,lacZ_5,-,Beta-galactosidase,-,COG3250,G,-,-,-,"GO:0004553,GO:0005975,GO:0016798","hydrolase activity, hydrolyzing O-glycosyl compounds;carbohydrate metabolic process;hydrolase activity, acting on glycosyl bonds","GO_MF,GO_BP,GO_MF",3.2.1.23,"PF02837,PF00703,PF02836"
MGYG000000013_01147,0,MGYG000000013_01147,-,hypothetical protein,-,-,-,-,-,-,-,-,-,-,-
MGYG000000013_01361,3,yhhW,sll1773,Quercetin 2%2C3-dioxygenase,"Putative quercetin 2,3-dioxygenase sll1773",COG1741,R,ko:K06911,-,-,-,-,-,1.13.11.24,"PF02678,PF17954"
MGYG000000013_01362,3,ldhA,ldhA,D-lactate dehydrogenase,D-lactate dehydrogenase,"COG0588,COG1052",GCHR,ko:K03778,"map00620,map01100,map01120",Pyruvate metabolism;Metabolic pathways;Microbial metabolism in diverse environments,"GO:0016616,GO:0051287","oxidoreductase activity, acting on the CH-OH group of donors, NAD or NADP as acceptor;NAD binding","GO_MF,GO_MF",1.1.1.28,"PF00389,PF02826"
MGYG000000013_01436,3,MGYG000000013_01436,-,hypothetical protein,-,"COG3369,COG2388,COG3592",SRS,-,-,-,-,-,-,-,PF06902
MGYG000000013_01470,3,MGYG000000013_01470,-,hypothetical protein,-,COG0628,R,-,-,-,-,-,-,-,PF01594
MGYG000000013_01491,3,cfiB_1,accC1,2-oxoglutarate carboxylase small subunit,Biotin carboxylase 1,COG4770,I,"ko:K01961,ko:K01965","map00061,map00620,map00640,map00720,map01100,map01110,map01120,map01200,map01212,map00280,map00630,map00640,map01100,map01110,map01120,map01200","Fatty acid biosynthesis;Pyruvate metabolism;Propanoate metabolism;Carbon fixation pathways in prokaryotes;Metabolic pathways;Biosynthesis of secondary metabolites;Microbial metabolism in diverse environments;Carbon metabolism;Fatty acid metabolism;Valine, leucine and isoleucine degradation;Glyoxylate and dicarboxylate metabolism;Propanoate metabolism;Metabolic pathways;Biosynthesis of secondary metabolites;Microbial metabolism in diverse environments;Carbon metabolism","GO:0016874,GO:0005524,GO:0046872",ligase activity;ATP binding;metal ion binding,"GO_MF,GO_MF,GO_MF",6.4.1.7,"PF00289,PF02786,PF02785"
MGYG000000013_02735,3,MGYG000000013_02735,slr0233,Thioredoxin C-2,Thioredoxin-like protein slr0233,"COG3118,COG0526",OO,ko:K03671,"map04621,map05012,map05132,map05418",NOD-like receptor signaling pathway;Parkinson disease;Salmonella infection;Fluid shear stress and atherosclerosis,GO:0015035,protein-disulfide reductase activity,GO_MF,-,PF00085
MGYG000000013_03248,3,MGYG000000013_03248,-,hypothetical protein,-,COG2259,S,ko:K15977,-,-,-,-,-,-,PF07681
MGYG000000013_04003,3,rd,rd,Rubredoxin,Rubredoxin,COG1773,P,-,-,-,"GO:0046872,GO:0005506,GO:0009055",metal ion binding;iron ion binding;electron transfer activity,"GO_MF,GO_MF,GO_MF",1.-.-.-,PF00301
MGYG000000013_04053,3,msrAB,msrAB,Peptide methionine sulfoxide reductase MsrA/MsrB,Peptide methionine sulfoxide reductase MsrA/MsrB,"COG0225,COG0229",OO,"ko:K07304,ko:K12267",-,-,"GO:0008113,GO:0033743,GO:0016671,GO:0006979,GO:0030091","peptide-methionine (S)-S-oxide reductase activity;peptide-methionine (R)-S-oxide reductase activity;oxidoreductase activity, acting on a sulfur group of donors, disulfide as acceptor;response to oxidative stress;protein repair","GO_MF,GO_MF,GO_MF,GO_BP,GO_BP",-,"PF01625,PF01641"
MGYG000000013_04066,3,MGYG000000013_04066,-,hypothetical protein,-,-,-,-,-,-,-,-,-,-,PF13590
MGYG000000013_00016,3,MGYG000000013_00016,-,hypothetical protein,-,"COG2911,COG2982",UM,-,-,-,"GO:0009306,GO:0005886",protein secretion;plasma membrane,"GO_BP,GO_CC",-,PF04357
MGYG000000013_00923,3,MGYG000000013_00923,-,hypothetical protein,-,"COG3187,COG3650",OS,-,-,-,-,-,-,-,PF03724
MGYG000000013_02273,3,ansB,ansB,L-asparaginase 2,L-asparaginase 2,COG0252,JE,"ko:K07791,ko:K07792",map02020,Two-component system,"GO:0004067,GO:0006528,GO:0015556,GO:0015740,GO:0016020,GO:0006520",asparaginase activity;asparagine metabolic process;C4-dicarboxylate transmembrane transporter activity;C4-dicarboxylate transport;membrane;amino acid metabolic process,"GO_MF,GO_BP,GO_MF,GO_BP,GO_CC,GO_BP",3.5.1.1,"PF00710,PF03605,PF17763"
MGYG000000013_02454,3,sigH,-,ECF RNA polymerase sigma factor SigH,-,COG1595,K,ko:K03088,-,-,"GO:0003700,GO:0006352,GO:0006355,GO:0003677,GO:0016987",DNA-binding transcription factor activity;DNA-templated transcription initiation;regulation of DNA-templated transcription;DNA binding;sigma factor activity,"GO_MF,GO_BP,GO_BP,GO_MF,GO_MF",-,"PF08281,PF04542"
MGYG000000013_02484,3,MGYG000000013_02484,-,hypothetical protein,-,-,-,-,-,-,-,-,-,-,-
MGYG000000013_03007,3,ftsH,ftsH,ATP-dependent zinc metalloprotease FtsH,ATP-dependent zinc metalloprotease FtsH,COG0465,O,ko:K03798,-,-,"GO:0004176,GO:0004222,GO:0005524,GO:0006508,GO:0003700,GO:0006352,GO:0006355,GO:0016887,GO:0016020,GO:0008270,GO:0003677,GO:0016987",ATP-dependent peptidase activity;metalloendopeptidase activity;ATP binding;proteolysis;DNA-binding transcription factor activity;DNA-templated transcription initiation;regulation of DNA-templated transcription;ATP hydrolysis activity;membrane;zinc ion binding;DNA binding;sigma factor activity,"GO_MF,GO_MF,GO_MF,GO_BP,GO_MF,GO_BP,GO_BP,GO_MF,GO_CC,GO_MF,GO_MF,GO_MF",3.4.24.-,"PF06480,PF17862,PF04539,PF04542,PF04545,PF00004,PF01434"
MGYG000000029_03114,3,susC_37,-,TonB-dependent receptor SusC,-,"COG4771,COG4206,COG1629",PHP,-,-,-,-,-,-,-,"PF07715,PF13715,PF00593"
MGYG000001345_02424,3,MGYG000001345_02424,-,hypothetical protein,-,-,-,-,-,-,-,-,-,-,-
MGYG000001345_04305,6,MGYG000001345_04305,-,hypothetical protein,-,"COG3828,COG3537",RG,-,-,-,"GO:0005975,GO:0030246",carbohydrate metabolic process;carbohydrate binding,"GO_BP,GO_MF",-,"PF17678,PF07971"
MGYG000001378_01081,3,nhaP2,nhaP2,K(+)/H(+) antiporter NhaP2,K(+)/H(+) antiporter NhaP2,COG3263,CP,ko:K11105,-,-,"GO:0008324,GO:0006813,GO:0015297,GO:0006812,GO:0055085,GO:1902600,GO:0016020",monoatomic cation transmembrane transporter activity;potassium ion transport;antiporter activity;monoatomic cation transport;transmembrane transport;proton transmembrane transport;membrane,"GO_MF,GO_BP,GO_MF,GO_BP,GO_BP,GO_BP,GO_CC",-,"PF00999,PF02080"
MGYG000001378_04555,0,MGYG000001378_04555,-,hypothetical protein,-,"COG3507,COG6083",GU,-,-,-,"GO:0030246,GO:0004553,GO:0005975","carbohydrate binding;hydrolase activity, hydrolyzing O-glycosyl compounds;carbohydrate metabolic process","GO_MF,GO_MF,GO_BP",-,"PF03422,PF04616"
MGYG000001378_04558,0,MGYG000001378_04558,-,hypothetical protein,-,"COG3947,COG3055,COG3629",TKMK,-,-,-,GO:0005515,protein binding,GO_MF,-,-
MGYG000001378_04561,6,MGYG000001378_04561,-,hypothetical protein,-,-,-,-,-,-,-,-,-,-,PF14307
MGYG000001378_04562,6,MGYG000001378_04562,-,hypothetical protein,-,-,-,-,-,-,-,-,-,-,"PF18099,PF16402"
MGYG000001378_01819,6,uxuA_1,uxuA,Mannonate dehydratase,Mannonate dehydratase,COG1312,G,ko:K01686,"map00040,map01100",Pentose and glucuronate interconversions;Metabolic pathways,"GO:0008927,GO:0006064",mannonate dehydratase activity;glucuronate catabolic process,"GO_MF,GO_BP",4.2.1.8,PF03786
MGYG000001378_01847,3,MGYG000001378_01847,trxA,hypothetical protein,Thioredoxin,COG3118,O,-,-,-,GO:0015035,protein-disulfide reductase activity,GO_MF,-,PF00085
MGYG000001378_02052,0,der_1,feoB1,GTPase Der,Fe(2+) transport protein A/Fe(2+) transporter FeoB fusion protein,"COG0370,COG1918",PP,ko:K04759,-,-,"GO:0005525,GO:0015093,GO:0006826,GO:0016020,GO:0046914",GTP binding;ferrous iron transmembrane transporter activity;iron ion transport;membrane;transition metal ion binding,"GO_MF,GO_MF,GO_BP,GO_CC,GO_MF",-,"PF17910,PF07670,PF02421,PF07664,PF04023"
MGYG000001378_02112,3,gpmA_1,gpmA2,2%2C3-bisphosphoglycerate-dependent phosphoglycerate mutase,"2,3-bisphosphoglycerate-dependent phosphoglycerate mutase 2","COG1052,COG0588",CHRG,ko:K01834,"map00010,map00260,map00680,map01100,map01110,map01120,map01200,map01230,map04922,map05230","Glycolysis / Gluconeogenesis;Glycine, serine and threonine metabolism;Methane metabolism;Metabolic pathways;Biosynthesis of secondary metabolites;Microbial metabolism in diverse environments;Carbon metabolism;Biosynthesis of amino acids;Glucagon signaling pathway;Central carbon metabolism in cancer","GO:0003824,GO:0016868,GO:0006096",catalytic activity;intramolecular phosphotransferase activity;glycolytic process,"GO_MF,GO_MF,GO_BP",5.4.2.11,PF00300
MGYG000003094_02632,0,MGYG000003094_02632,-,IS1182 family transposase ISBf3,-,COG3666,X,-,-,-,-,-,-,-,"PF13751,PF05598"
MGYG000001345_03784,5,MGYG000001345_03784,-,hypothetical protein,-,-,-,ko:K21572,-,-,GO:0005515,protein binding,GO_MF,-,"PF07980,PF14322"
MGYG000001345_03785,5,MGYG000001345_03785,-,hypothetical protein,-,"COG4771,COG4206",PH,-,-,-,-,-,-,-,PF07715
MGYG000001345_03786,5,MGYG000001345_03786,-,hypothetical protein,-,-,-,ko:K21572,-,-,GO:0005515,protein binding,GO_MF,-,"PF07980,PF14322"
MGYG000001345_03787,5,susC_36,-,TonB-dependent receptor SusC,-,"COG4206,COG4771,COG1629",HPP,-,-,-,-,-,-,-,"PF00593,PF13715,PF07715"
MGYG000000013_03471,4,MGYG000000013_03471,-,hypothetical protein,-,-,-,-,-,-,GO:0005515,protein binding,GO_MF,-,PF12741
MGYG000000013_03473,4,MGYG000000013_03473,-,hypothetical protein,-,-,-,-,-,-,-,-,-,-,"PF08522,PF13385"
MGYG000001378_02752,4,susE,susE,Outer membrane protein SusE,Outer membrane protein SusE,-,-,ko:K21571,-,-,"GO:2001070,GO:0019867",starch binding;outer membrane,"GO_MF,GO_CC",-,"PF16411,PF14292"
MGYG000001378_02753,4,susF,-,Outer membrane protein SusF,-,-,-,ko:K21571,-,-,"GO:2001070,GO:0019867",starch binding;outer membrane,"GO_MF,GO_CC",-,"PF16411,PF17142"
MGYG000001378_02754,5,glgB_3,-,1%2C4-alpha-glucan branching enzyme GlgB,-,"COG6083,COG0296",UG,-,-,-,GO:0005975,carbohydrate metabolic process,GO_BP,2.4.1.18,PF00128
MGYG000001548_04068,2,cmpR_3,-,HTH-type transcriptional activator CmpR,-,COG0583,K,-,-,-,"GO:0003700,GO:0006355",DNA-binding transcription factor activity;regulation of DNA-templated transcription,"GO_MF,GO_BP",-,"PF00126,PF03466"
MGYG000001378_02967,0,MGYG000001378_02967,-,hypothetical protein,-,"COG1629,COG4771,COG4206",PPH,-,-,-,-,-,-,-,"PF00593,PF13715,PF07715"
MGYG000000013_02675,3,MGYG000000013_02675,-,hypothetical protein,-,-,-,-,-,-,-,-,-,-,PF14059
MGYG000000013_02771,3,dxs_2,-,1-deoxy-D-xylulose-5-phosphate synthase,-,"COG1071,COG0022",CC,ko:K11381,"map00280,map00640,map00785,map01100,map01110,map01210","Valine, leucine and isoleucine degradation;Propanoate metabolism;Lipoic acid metabolism;Metabolic pathways;Biosynthesis of secondary metabolites;2-Oxocarboxylic acid metabolism","GO:0016624,GO:0003824","oxidoreductase activity, acting on the aldehyde or oxo group of donors, disulfide as acceptor;catalytic activity","GO_MF,GO_MF",2.2.1.7,"PF00676,PF02779,PF02780"
MGYG000000013_03979,0,gadB,gadB,Glutamate decarboxylase,Glutamate decarboxylase,COG0076,E,"ko:K01580,ko:K01634","map00250,map00410,map00430,map00650,map01100,map01110,map01120,map02024,map04727,map04940,map00600,map01100,map04071","Alanine, aspartate and glutamate metabolism;beta-Alanine metabolism;Taurine and hypotaurine metabolism;Butanoate metabolism;Metabolic pathways;Biosynthesis of secondary metabolites;Microbial metabolism in diverse environments;Quorum sensing;GABAergic synapse;Type I diabetes mellitus;Sphingolipid metabolism;Metabolic pathways;Sphingolipid signaling pathway","GO:0016830,GO:0030170,GO:0019752,GO:0004351,GO:0006536",carbon-carbon lyase activity;pyridoxal phosphate binding;carboxylic acid metabolic process;glutamate decarboxylase activity;glutamate metabolic process,"GO_MF,GO_MF,GO_BP,GO_MF,GO_BP",4.1.1.15,PF00282
MGYG000000013_04801,3,MGYG000000013_04801,-,hypothetical protein,-,-,-,-,-,-,-,-,-,-,PF11276
MGYG000001378_01022,0,asD,asD,Bifunctional aspartate aminotransferase and L-aspartate beta-decarboxylase,Bifunctional aspartate aminotransferase and L-aspartate beta-decarboxylase,COG0436,E,ko:K09758,"map00250,map00270,map01100,map01230","Alanine, aspartate and glutamate metabolism;Cysteine and methionine metabolism;Metabolic pathways;Biosynthesis of amino acids","GO:0030170,GO:0009058",pyridoxal phosphate binding;biosynthetic process,"GO_MF,GO_BP",2.6.1.1,PF00155
MGYG000001378_04606,3,MGYG000001378_04606,-,hypothetical protein,-,COG2194,M,-,-,-,"GO:0016020,GO:0016772","membrane;transferase activity, transferring phosphorus-containing groups","GO_CC,GO_MF",-,"PF08019,PF00884"
MGYG000001378_04610,3,poxB,poxB,Pyruvate dehydrogenase [ubiquinone],Pyruvate dehydrogenase [ubiquinone],COG0028,EH,"ko:K00156,ko:K01652","map00620,map01100,map00290,map00650,map00660,map00770,map01100,map01110,map01210,map01230","Pyruvate metabolism;Metabolic pathways;Valine, leucine and isoleucine biosynthesis;Butanoate metabolism;C5-Branched dibasic acid metabolism;Pantothenate and CoA biosynthesis;Metabolic pathways;Biosynthesis of secondary metabolites;2-Oxocarboxylic acid metabolism;Biosynthesis of amino acids","GO:0000287,GO:0030976,GO:0003824",magnesium ion binding;thiamine pyrophosphate binding;catalytic activity,"GO_MF,GO_MF,GO_MF",1.2.5.1,"PF02776,PF00205,PF02775"
MGYG000001378_02109,3,rcsC_27,-,Sensor histidine kinase RcsC,-,"COG3437,COG2207,COG3292,COG0745,COG0642",TKTTKT,-,-,-,"GO:0000160,GO:0000155,GO:0007165,GO:0016772,GO:0016310,GO:0005515,GO:0003700,GO:0043565,GO:0006355","phosphorelay signal transduction system;phosphorelay sensor kinase activity;signal transduction;transferase activity, transferring phosphorus-containing groups;phosphorylation;protein binding;DNA-binding transcription factor activity;sequence-specific DNA binding;regulation of DNA-templated transcription","GO_BP,GO_MF,GO_BP,GO_MF,GO_BP,GO_MF,GO_MF,GO_MF,GO_BP",2.7.13.3,"PF07495,PF12833,PF02518,PF00512,PF00072,PF07494"
MGYG000001378_02226,5,MGYG000001378_02226,-,hypothetical protein,-,"COG1629,COG4206",PH,-,-,-,-,-,-,-,"PF13715,PF07715"
