name	taxonomy_id	taxonomy_lvl	kraken_assigned_reads	added_reads	new_est_reads	fraction_total_reads
Roseburia hominis	3527	S	2036619	2768734	4805353	0.11149
Roseburia sp900552665	553	S	689819	758587	1448406	0.03361
Roseburia sp003483745	1065	S	27314	4390	31704	0.00074
Roseburia sp900756925	5931	S	12474	1135	13609	0.00032
Roseburia sp900542495	5468	S	10325	6194	16519	0.00038
MGYG000004752	5968	S	726	6	732	0.00002
Agathobacter rectalis	3500	S	715695	717946	1433641	0.03326
Agathobacter faecis	4822	S	153584	156641	310225	0.00720
Agathobacter sp900543445	2485	S	37098	2659	39757	0.00092
Agathobacter sp900552085	1062	S	8616	1069	9685	0.00022
Agathobacter sp900548765	964	S	5057	323	5380	0.00012
Agathobacter sp900547695	1842	S	3061	932	3993	0.00009
Agathobacter sp900546625	3698	S	2231	314	2545	0.00006
UMGS1375 sp900066615	368	S	741836	1270214	2012050	0.04668
UMGS1375 sp900551235	5322	S	1076	397	1473	0.00003
Acetatifactor sp900066365	178	S	337346	578679	916025	0.02125
MGYG000004203	5391	S	11684	2876	14560	0.00034
Acetatifactor sp900766575	1111	S	11442	4498	15940	0.00037
Acetatifactor sp900760705	2769	S	745	138	883	0.00002
Enterocloster citroniae	452	S	113623	63459	177082	0.00411
Enterocloster sp000155435	2012	S	96303	29581	125884	0.00292
Enterocloster clostridioformis	2110	S	57213	87925	145138	0.00337
Enterocloster bolteae	2298	S	28103	32673	60776	0.00141
Enterocloster sp900541315	1909	S	13424	6532	19956	0.00046
Enterocloster sp900543885	1384	S	10007	7164	17171	0.00040
Enterocloster sp900551225	3873	S	8162	75	8237	0.00019
MGYG000001954	2868	S	1947	909	2856	0.00007
Enterocloster sp900555045	4051	S	1438	74	1512	0.00004
Enterocloster sp900547035	2449	S	708	292	1000	0.00002
Enterocloster sp900753815	2887	S	705	40	745	0.00002
Enterocloster sp900538485	1705	S	684	100	784	0.00002
Enterocloster sp900540675	5259	S	268	134	402	0.00001
Enterocloster sp900549235	2470	S	230	42	272	0.00001
Enterocloster sp005845215	1686	S	162	31	193	0.00000
Enterocloster clostridioformis_A	2404	S	131	159	290	0.00001
Fusicatenibacter saccharivorans	528	S	434413	891310	1325723	0.03076
Fusicatenibacter sp900772675	4803	S	4839	544	5383	0.00012
MGYG000004233	5425	S	262	21	283	0.00001
Blautia_A hydrogenotrophica	163	S	64169	6795	70964	0.00165
Blautia_A sp900066145	455	S	43692	73315	117007	0.00271
Blautia_A wexlerae_A	2045	S	25143	85579	110722	0.00257
Blautia_A sp900066335	544	S	11173	14820	25993	0.00060
Blautia_A sp003474435	474	S	6898	10522	17420	0.00040
Blautia_A obeum_B	529	S	6585	19456	26041	0.00060
Blautia_A sp000436615	3260	S	6265	13415	19680	0.00046
Blautia_A luti	431	S	5916	8564	14480	0.00034
Blautia_A sp900548245	5947	S	4864	7360	12224	0.00028
Blautia_A sp003471165	454	S	4138	7176	11314	0.00026
Blautia_A obeum	467	S	2821	6039	8860	0.00021
Blautia_A sp900120195	413	S	837	2500	3337	0.00008
MGYG000001189	1846	S	493	190	683	0.00002
Blautia_A sp900763175	1172	S	241	62	303	0.00001
Blautia_A sp900551075	4024	S	193	3	196	0.00000
Blautia_A sp900551715	4041	S	125	24	149	0.00000
Blautia_A wexlerae_B	6002	S	112	395	507	0.00001
Blautia_A sp900542045	3881	S	89	3	92	0.00000
Blautia_A sp900549015	4977	S	47	82	129	0.00000
Blautia_A sp900547615	1888	S	32	42	74	0.00000
UBA9502 sp003480315	540	S	78813	119323	198136	0.00460
UBA9502 sp003506385	556	S	56169	143251	199420	0.00463
UBA9502 sp900540335	2466	S	364	43	407	0.00001
CAG-81 sp900066535	460	S	224492	242097	466589	0.01083
MGYG000004582	5790	S	1929	85	2014	0.00005
MGYG000004677	5889	S	146	1	147	0.00000
MGYG000002628	3645	S	118	4	122	0.00000
Clostridium_Q saccharolyticum_A	3490	S	199417	197926	397343	0.00922
Clostridium_Q sp900547735	2464	S	751	26	777	0.00002
Clostridium_Q sp000435655	4123	S	300	29	329	0.00001
MGYG000002170	3103	S	93	9	102	0.00000
Eubacterium_G sp000434315	366	S	93241	77534	170775	0.00396
Eubacterium_G sp000432355	410	S	29638	36529	66167	0.00154
Eubacterium_G sp000435815	459	S	11912	16374	28286	0.00066
Eubacterium_G sp900550135	2492	S	295	358	653	0.00002
Eubacterium_G sp900548465	5221	S	269	297	566	0.00001
MGYG000001032	1669	S	44	5	49	0.00000
UBA7182 sp003480725	370	S	153553	141664	295217	0.00685
Lachnospira rogosae_A	245	S	66689	61062	127751	0.00296
Lachnospira sp000436475	3600	S	52783	22940	75723	0.00176
Lachnospira sp900772425	5576	S	3593	324	3917	0.00009
Lachnospira sp900545725	5581	S	628	70	698	0.00002
Lachnospira sp900316325	5511	S	337	12	349	0.00001
Lachnospira sp900547255	1192	S	121	4	125	0.00000
Lachnospira sp900552795	2915	S	54	8	62	0.00000
TF01-11 sp001414325	526	S	26611	51040	77651	0.00180
TF01-11 sp003529475	3255	S	14261	26000	40261	0.00093
TF01-11 sp000436755	2716	S	9509	15624	25133	0.00058
TF01-11 sp003524945	567	S	4981	8452	13433	0.00031
RUG115 sp900066395	388	S	116383	102978	219361	0.00509
Lactonifactor sp009677585	6089	S	115887	19353	135240	0.00314
COE1 sp001916965	5628	S	109211	41833	151044	0.00350
Lachnoclostridium_A sp003464085	566	S	66488	1202	67690	0.00157
Lachnoclostridium_A edouardi	3413	S	26133	7756	33889	0.00079
Lachnoclostridium_A sp002160755	1915	S	10127	83	10210	0.00024
MGYG000001952	2865	S	5199	700	5899	0.00014
Hungatella sp005845265	382	S	96352	63473	159825	0.00371
Anaerobutyricum hallii	543	S	3874	67295	71169	0.00165
Anaerobutyricum soehngenii	244	S	1181	22147	23328	0.00054
Anaerobutyricum sp002161065	3725	S	66	6	72	0.00000
Eubacterium_I sp900066595	207	S	66200	53197	119397	0.00277
Eubacterium_I sp900546495	1596	S	427	124	551	0.00001
AF33-28 sp003477885	457	S	66062	16871	82933	0.00192
Dorea_A longicatena_B	3241	S	53240	86172	139412	0.00323
Mediterraneibacter sp900752395	5145	S	19075	1963	21038	0.00049
Mediterraneibacter lactaris	2011	S	16236	10338	26574	0.00062
Mediterraneibacter torques	2093	S	9796	10396	20192	0.00047
Mediterraneibacter massiliensis	2356	S	2219	758	2977	0.00007
MGYG000002772	3809	S	263	182	445	0.00001
MGYG000004609	5819	S	73	30	103	0.00000
MGYG000004558	5767	S	70	13	83	0.00000
MGYG000000545	1064	S	63	13	76	0.00000
Mediterraneibacter sp900555215	3616	S	49	2	51	0.00000
Mediterraneibacter sp900751785	1649	S	30	1	31	0.00000
MGYG000002150	3086	S	25	2	27	0.00000
Mediterraneibacter sp900553885	1872	S	23	8	31	0.00000
Coprococcus sp000433075	3251	S	25279	15926	41205	0.00096
Coprococcus sp000154245	2576	S	4646	17540	22186	0.00051
Coprococcus sp900761435	4307	S	2044	31	2075	0.00005
Coprococcus sp900066115	437	S	328	1116	1444	0.00003
Coprococcus sp900767685	714	S	48	27	75	0.00000
Coprococcus sp900548215	2615	S	25	16	41	0.00000
Blautia hominis	3437	S	10936	920	11856	0.00028
Blautia hansenii	2573	S	7589	24100	31689	0.00074
Blautia sp001304935	340	S	5623	1255	6878	0.00016
Blautia coccoides	2551	S	2216	501	2717	0.00006
Blautia sp900547685	2446	S	283	219	502	0.00001
Blautia sp003287895	3085	S	65	17	82	0.00000
MGYG000002212	3154	S	62	11	73	0.00000
Blautia sp900543715	2438	S	34	5	39	0.00000
Blautia sp900539145	1618	S	15	38	53	0.00000
Lacrimispora sp902363835	384	S	41667	257	41924	0.00097
UBA7160 sp902363665	363	S	41324	35050	76374	0.00177
Eisenbergiella tayi	3301	S	40740	13452	54192	0.00126
Eisenbergiella sp900539715	617	S	80	6	86	0.00000
Eisenbergiella sp900555195	5318	S	67	3	70	0.00000
Eisenbergiella sp900544445	4111	S	54	0	54	0.00000
CAG-45 sp000438375	386	S	37096	24535	61631	0.00143
Bacteroides_F pectinophilus	2017	S	31022	29252	60274	0.00140
Marvinbryantia sp900066075	3239	S	30410	17354	47764	0.00111
Marvinbryantia sp900544685	4045	S	58	6	64	0.00000
Marvinbryantia sp014385005	5923	S	27	0	27	0.00000
UBA3402 sp003478355	561	S	26648	56141	82789	0.00192
MGYG000000680	1248	S	197	34	231	0.00001
AM51-8 sp003478275	564	S	20422	18356	38778	0.00090
AM51-8 sp900761925	5251	S	270	9	279	0.00001
Schaedlerella glycyrrhizinilytica	2099	S	14171	6830	21001	0.00049
Schaedlerella sp900066545	551	S	5587	7288	12875	0.00030
MGYG000001994	2912	S	251	175	426	0.00001
Catenibacillus sp902363555	347	S	16883	2434	19317	0.00045
Catenibacillus sp900557175	1916	S	46	1	47	0.00000
Muricomes sp000509105	421	S	1852	11744	13596	0.00032
Muricomes contortus_B	2305	S	499	2961	3460	0.00008
MGYG000003777	4930	S	26	1	27	0.00000
Clostridium_AP scindens	2001	S	14461	5316	19777	0.00046
CAG-95 sp900066375	3247	S	11198	12195	23393	0.00054
CAG-95 sp000438155	5294	S	418	244	662	0.00002
MGYG000002657	3682	S	359	160	519	0.00001
CAG-95 sp900553305	4806	S	108	27	135	0.00000
Faecalimonas umbilicata	2206	S	11432	7269	18701	0.00043
Faecalimonas sp900550235	1634	S	62	22	84	0.00000
Faecalimonas sp900555395	6060	S	55	3	58	0.00000
CAG-56 sp900539525	1633	S	7293	1643	8936	0.00021
CAG-56 sp900752065	1664	S	3895	1111	5006	0.00012
MGYG000001219	1883	S	62	12	74	0.00000
Acetivibrio_A ethanolgignens	3468	S	10358	4484	14842	0.00034
Lachnoclostridium_B sp900066555	461	S	5711	7872	13583	0.00032
Lachnoclostridium_B sp000765215	3359	S	3583	1857	5440	0.00013
MGYG000004572	5783	S	40	3	43	0.00000
Anaerosporobacter mobilis	4019	S	9203	117	9320	0.00022
GCA-900066755 sp902363085	283	S	8761	3213	11974	0.00028
Sellimonas sp002161525	3252	S	3602	2673	6275	0.00015
Sellimonas intestinalis	395	S	3119	1840	4959	0.00012
OF09-33XD sp003481995	3238	S	6995	1459	8454	0.00020
Eubacterium_F sp003491505	464	S	5935	2806	8741	0.00020
UBA3766 sp900769175	4622	S	5228	1003771	1008999	0.02341
CAG-632 sp900539185	1476	S	4762	523	5285	0.00012
CAG-632 sp002406015	2673	S	92	21	113	0.00000
MGYG000000627	1178	S	90	2	92	0.00000
Mediterraneibacter_A butyricigenes	403	S	4851	8812	13663	0.00032
CAG-127 sp900553925	983	S	4815	264	5079	0.00012
MGYG000004689	5900	S	4794	4178	8972	0.00021
Dorea formicigenerans	377	S	4365	9596	13961	0.00032
Extibacter hylemonae	2579	S	4042	67	4109	0.00010
Anaerostipes rhamnosivorans	1616	S	3167	970	4137	0.00010
HGM12587 sp900766915	4518	S	2989	588	3577	0.00008
1XD42-69 sp014287635	4276	S	2236	687	2923	0.00007
GCA-900066135 sp900543575	4413	S	1856	113	1969	0.00005
MGYG000004839	6057	S	208	60	268	0.00001
CAG-303 sp900539455	5111	S	1950	240	2190	0.00005
CAG-510 sp900550475	2881	S	853	164	1017	0.00002
CAG-510 sp000434615	1038	S	509	70	579	0.00001
CAG-510 sp900551115	3076	S	492	67	559	0.00001
UBA2856 sp009696445	5797	S	1864	23	1887	0.00004
UBA11774 sp003507655	800	S	1321	414	1735	0.00004
MGYG000000626	1176	S	914	86	1000	0.00002
MGYG000003578	4693	S	376	57	433	0.00001
MGYG000004039	5204	S	284	82	366	0.00001
MGYG000004169	5353	S	177	118	295	0.00001
UBA2882 sp900549665	1011	S	832	221	1053	0.00002
CAG-590 sp900544905	5084	S	331	30	361	0.00001
CAG-590 sp900548855	2677	S	274	126	400	0.00001
MGYG000000356	697	S	618	202	820	0.00002
Anaerosacchariphilus sp002160765	4936	S	456	91	547	0.00001
Anaerosacchariphilus sp014290175	2954	S	39	17	56	0.00000
MGYG000000721	1306	S	469	34	503	0.00001
CAG-791 sp900315055	4735	S	303	1	304	0.00001
CAG-791 sp000431495	1141	S	71	2	73	0.00000
MGYG000002075	3004	S	346	55	401	0.00001
CAG-882 sp900545175	5079	S	181	36	217	0.00001
CAG-882 sp900545455	3064	S	45	7	52	0.00000
MGYG000002243	3194	S	15	46	61	0.00000
Oribacterium sp004554245	1052	S	12	106	118	0.00000
Oribacterium sp900770445	4714	S	10	44	54	0.00000
MGYG000003442	4535	S	2	12	14	0.00000
MGYG000004774	5992	S	214	16	230	0.00001
MGYG000000574	1099	S	213	45	258	0.00001
MGYG000004519	5724	S	207	11	218	0.00001
CAG-411 sp000437275	1722	S	189	126	315	0.00001
MGYG000000378	751	S	184	17	201	0.00000
Butyrivibrio_A sp900768755	4600	S	94	0	94	0.00000
Butyrivibrio_A sp000431815	956	S	82	7	89	0.00000
CAG-194 sp000432915	5802	S	172	18	190	0.00000
MGYG000000361	709	S	134	12	146	0.00000
MGYG000002210	3153	S	119	28	147	0.00000
MGYG000000346	676	S	117	7	124	0.00000
Merdimonas sp900553355	1615	S	116	27	143	0.00000
Dorea_B phocaeensis	2451	S	112	35	147	0.00000
MGYG000003769	4919	S	111	10	121	0.00000
MGYG000004879	6100	S	111	13	124	0.00000
MGYG000003970	5131	S	106	40	146	0.00000
MGYG000004380	5575	S	105	9	114	0.00000
Robinsoniella sp900540475	1703	S	102	0	102	0.00000
Anaerocolumna aminovalerica	3880	S	94	0	94	0.00000
MGYG000004884	6104	S	91	1	92	0.00000
Massilistercora timonensis	3145	S	88	15	103	0.00000
CAG-317 sp900543415	1715	S	39	40	79	0.00000
CAG-317 sp000433535	2548	S	16	21	37	0.00000
MGYG000004781	5998	S	40	18	58	0.00000
UMGS680 sp900544525	1620	S	11	6	17	0.00000
MGYG000002052	2981	S	73	0	73	0.00000
MGYG000000387	768	S	59	2	61	0.00000
UMGS1472 sp900552095	1844	S	57	2	59	0.00000
MGYG000003273	4348	S	55	11	66	0.00000
MGYG000004660	5871	S	51	1	52	0.00000
Frisingicoccus sp900757195	5759	S	27	0	27	0.00000
RUG14107 sp900772685	3680	S	23	0	23	0.00000
MGYG000000578	1106	S	10	0	10	0.00000
Anaerotignum faecicola	423	S	58356	77508	135864	0.00315
Anaerotignum lactatifermentans	2705	S	6557	60035	66592	0.00155
Anaerotignum sp001304995	117	S	3859	36391	40250	0.00093
MGYG000002623	3640	S	99	562	661	0.00002
UMGS1670 sp900548595	5852	S	57467	6532	63999	0.00148
UMGS1670 sp900546215	5479	S	179	5	184	0.00000
UMGS1670 sp900553995	831	S	157	4	161	0.00000
CAG-274 sp000432155	1814	S	1828	75	1903	0.00004
UMGS1441 sp900551755	1839	S	1706	36	1742	0.00004
MGYG000001833	2718	S	12	0	12	0.00000
MGYG000004775	5993	S	1048	263	1311	0.00003
NSJ-32 sp014384895	4274	S	388	215	603	0.00001
MGYG000001033	1672	S	8	0	8	0.00000
Niameybacter sp900549765	1617	S	12	0	12	0.00000
Faecalibacterium prausnitzii	1996	S	65419	149956	215375	0.00500
Faecalibacterium prausnitzii_G	3565	S	35772	60748	96520	0.00224
Faecalibacterium prausnitzii_I	3235	S	20484	13815	34299	0.00080
Faecalibacterium prausnitzii_D	3233	S	12267	21053	33320	0.00077
Faecalibacterium sp900539945	5056	S	3453	2463	5916	0.00014
Faecalibacterium sp900551435	4802	S	1103	216	1319	0.00003
MGYG000000876	1493	S	873	1932	2805	0.00007
Faecalibacterium sp003449675	3660	S	616	906	1522	0.00004
Faecalibacterium prausnitzii_C	132	S	597	828	1425	0.00003
Faecalibacterium prausnitzii_J	3636	S	282	386	668	0.00002
Faecalibacterium sp900758465	2969	S	217	136	353	0.00001
MGYG000002610	3630	S	204	137	341	0.00001
Faecalibacterium sp900765105	5531	S	157	51	208	0.00000
Faecalibacterium sp900540455	3171	S	155	39	194	0.00000
MGYG000002223	3170	S	154	174	328	0.00001
Faecalibacterium sp900539885	4216	S	124	100	224	0.00001
UBA1394 sp900066845	233	S	17646	5782	23428	0.00054
MGYG000004304	5499	S	61	2	63	0.00000
UBA1394 sp900554975	5674	S	15	3	18	0.00000
Gemmiger formicilis	265	S	4691	9039	13730	0.00032
Gemmiger variabilis	2026	S	2765	1694	4459	0.00010
Gemmiger sp900539695	2477	S	306	150	456	0.00001
Gemmiger sp900540775	1810	S	36	47	83	0.00000
Gemmiger sp900540595	5075	S	19	19	38	0.00000
Gemmiger sp900548355	1538	S	16	0	16	0.00000
Gemmiger variabilis_A	1097	S	12	7	19	0.00000
MGYG000004732	5946	S	12	0	12	0.00000
Gemmiger sp900556255	1646	S	11	5	16	0.00000
MGYG000000724	1310	S	10	4	14	0.00000
CAG-353 sp900066885	272	S	6513	3820	10333	0.00024
CAG-353 sp900768995	836	S	15	0	15	0.00000
Massilioclostridium methylpentosum	2039	S	2997	578	3575	0.00008
Ruminococcus_D sp900539835	3921	S	1447	143	1590	0.00004
Ruminococcus_D sp000434695	5478	S	880	129	1009	0.00002
Ruminococcus_D sp900543145	2810	S	394	37	431	0.00001
Ruminococcus_D sp900770285	4703	S	149	32	181	0.00000
Ruminococcus_D sp900539095	1864	S	91	18	109	0.00000
Anaerotruncus rubiinfantis	353	S	1568	221	1789	0.00004
Harryflintia acetispora	3405	S	998	487	1485	0.00003
MGYG000004586	5793	S	504	102	606	0.00001
Ruminococcus_C sp000437175	5472	S	317	116	433	0.00001
Ruminococcus_C sp900765125	4414	S	109	58	167	0.00000
UBA5884 sp900551505	5542	S	960	9	969	0.00002
MGYG000004517	5721	S	10	0	10	0.00000
CAG-115 sp900768705	4595	S	137	10	147	0.00000
CAG-115 sp000432175	2985	S	30	6	36	0.00000
CAG-115 sp900768125	959	S	18	3	21	0.00000
CAG-115 sp900766795	4508	S	14	1	15	0.00000
CAG-115 sp003516865	2926	S	10	0	10	0.00000
CAG-115 sp003507295	1086	S	9	4	13	0.00000
CAG-115 sp003531585	711	S	8	2	10	0.00000
MGYG000004384	5580	S	109	21	130	0.00000
Ruminococcus sp900761275	2539	S	36	11	47	0.00000
MGYG000003005	4060	S	25	6	31	0.00000
MGYG000004598	5807	S	7	0	7	0.00000
Ruminococcus sp900540005	2627	S	5	1	6	0.00000
MGYG000004057	5222	S	3	0	3	0.00000
Ruminiclostridium_E sp003512525	2781	S	16	95	111	0.00000
Ruminiclostridium_E sp900539195	5004	S	5	30	35	0.00000
MGYG000002708	3744	S	49	92	141	0.00000
MGYG000002677	3707	S	47	4	51	0.00000
UBA3818 sp900557155	3716	S	30	10	40	0.00000
MGYG000004849	6065	S	88	23	111	0.00000
MGYG000002089	3014	S	2	0	2	0.00000
UMGS1601 sp900545345	4146	S	80	1	81	0.00000
UMGS1601 sp900553335	5437	S	9	0	9	0.00000
MGYG000001106	1760	S	61	5	66	0.00000
Pygmaiobacter massiliensis	633	S	14	0	14	0.00000
UMGS966 sp900547185	3722	S	60	16	76	0.00000
MGYG000003299	4376	S	6	2	8	0.00000
UMGS966 sp900761965	2968	S	2	0	2	0.00000
Negativibacillus sp900547455	5854	S	22	3	25	0.00000
Negativibacillus sp900547015	3061	S	15	4	19	0.00000
Negativibacillus sp000435195	1696	S	4	1	5	0.00000
Angelakisella sp900552845	3032	S	29	4	33	0.00000
Angelakisella sp900547385	5290	S	8	2	10	0.00000
MGYG000002221	3168	S	28	3	31	0.00000
UMGS1889 sp900556055	1015	S	8	0	8	0.00000
MGYG000004184	5372	S	32	15	47	0.00000
Ruthenibacterium sp900759375	5324	S	11	1	12	0.00000
Ruthenibacterium sp900546885	3091	S	9	2	11	0.00000
MGYG000004791	6009	S	6	0	6	0.00000
QAMM01 sp003150405	4996	S	16	1	17	0.00000
QAMM01 sp900552945	4393	S	11	5	16	0.00000
MGYG000002017	2937	S	21	4	25	0.00000
UMGS363 sp900768245	5822	S	13	2	15	0.00000
UMGS363 sp900550695	3222	S	3	1	4	0.00000
MGYG000003858	5018	S	2	0	2	0.00000
MGYG000000425	838	S	18	0	18	0.00000
UBA1409 sp900760125	2499	S	13	0	13	0.00000
HGM13233 sp900762805	5280	S	11	0	11	0.00000
UBA866 sp900543295	2440	S	7	2	9	0.00000
Ruminococcus_E bromii	3489	S	106921	59572	166493	0.00386
Ruminococcus_E sp900755995	1730	S	1100	902	2002	0.00005
MGYG000003112	4153	S	43	4	47	0.00000
Ruminococcus_E sp900314705	5150	S	36	1	37	0.00000
CAG-180 sp900540295	4221	S	27809	446	28255	0.00066
MGYG000003752	4900	S	94	13	107	0.00000
MGYG000003557	4666	S	5	0	5	0.00000
Pseudoruminococcus massiliensis	166	S	15368	12952	28320	0.00066
Pseudoruminococcus sp902765855	796	S	117	9	126	0.00000
Caproiciproducens sp000752215	2268	S	13424	153	13577	0.00032
Caproiciproducens sp900546895	3982	S	48	0	48	0.00000
HGM12814 sp900770165	4696	S	13138	2133	15271	0.00035
MGYG000004076	5244	S	4245	292	4537	0.00011
MGYG000004159	5342	S	3380	535	3915	0.00009
MGYG000000388	770	S	2	0	2	0.00000
Clostridium_E merdae	3417	S	370	590	960	0.00002
Clostridium_E jeddahense	2252	S	180	4393	4573	0.00011
Clostridium_E sporosphaeroides	592	S	10	307	317	0.00001
Marseille-P4683 sp900232885	350	S	4768	3185	7953	0.00018
An172 sp002160515	1545	S	4387	353	4740	0.00011
Clostridium_A leptum	228	S	1965	1164	3129	0.00007
MGYG000003872	5029	S	144	11	155	0.00000
MGYG000003768	4918	S	4	0	4	0.00000
Eubacterium_R sp900540305	4211	S	493	163	656	0.00002
Eubacterium_R sp002493325	1752	S	129	28	157	0.00000
MGYG000000443	874	S	51	20	71	0.00000
Eubacterium_R sp900767025	4530	S	35	11	46	0.00000
Eubacterium_R sp900540235	3218	S	28	4	32	0.00000
Eubacterium_R sp900539775	889	S	27	6	33	0.00000
Eubacterium_R sp000436835	1201	S	12	6	18	0.00000
Eubacterium_R sp014465955	5901	S	11	0	11	0.00000
MGYG000001572	2412	S	11	2	13	0.00000
Eubacterium_R sp900547915	4101	S	9	1	10	0.00000
Eubacterium_R sp900542875	1893	S	6	0	6	0.00000
Eubacterium_R sp900764665	3808	S	4	0	4	0.00000
Eubacterium_R sp900555015	1567	S	3	0	3	0.00000
MGYG000001799	2679	S	1	0	1	0.00000
Eubacterium_R sp900766895	4521	S	1	0	1	0.00000
Acutalibacter sp900755895	1729	S	762	784	1546	0.00004
MGYG000004807	6025	S	19	7	26	0.00000
Acutalibacter sp900543305	3131	S	11	0	11	0.00000
Acutalibacter sp000432995	2658	S	8	0	8	0.00000
MGYG000001979	2898	S	4	0	4	0.00000
Acutalibacter sp900548545	5935	S	4	0	4	0.00000
RUG420 sp900542575	4202	S	324	35	359	0.00001
RUG420 sp900771085	4751	S	7	0	7	0.00000
CAG-177 sp900771185	4764	S	144	30	174	0.00000
CAG-177 sp003538135	5450	S	47	64	111	0.00000
CAG-177 sp000431775	2917	S	29	14	43	0.00000
CAG-177 sp003514385	1309	S	2	1	3	0.00000
MGYG000003524	4630	S	2	0	2	0.00000
CAG-488 sp900539465	3846	S	133	2	135	0.00000
CAG-488 sp003486665	5607	S	21	6	27	0.00000
CAG-488 sp900554995	4586	S	3	1	4	0.00000
CAG-488 sp000434055	1231	S	2	0	2	0.00000
UBA5905 sp004558485	5282	S	101	29	130	0.00000
UBA5905 sp900764115	3060	S	7	0	7	0.00000
UBA5905 sp002437905	2847	S	6	1	7	0.00000
UBA5905 sp900549155	2957	S	2	0	2	0.00000
UBA5905 sp900763035	3019	S	2	0	2	0.00000
UMGS1071 sp900541905	5295	S	79	31	110	0.00000
UMGS1071 sp900542375	5429	S	19	4	23	0.00000
MGYG000004873	6093	S	15	0	15	0.00000
UMGS1071 sp900548305	4103	S	8	4	12	0.00000
MGYG000004560	5769	S	48	12	60	0.00000
MGYG000004543	5749	S	32	2	34	0.00000
UBA737 sp900543215	1799	S	7	4	11	0.00000
MGYG000001837	2723	S	7	0	7	0.00000
UBA737 sp900547305	3214	S	5	2	7	0.00000
UBA737 sp900554525	4040	S	5	1	6	0.00000
UBA737 sp900754145	2903	S	5	0	5	0.00000
UBA737 sp002431945	5382	S	4	1	5	0.00000
UBA737 sp900768035	4569	S	3	0	3	0.00000
UBA737 sp900769375	4644	S	3	0	3	0.00000
UBA737 sp900549055	1908	S	1	0	1	0.00000
UBA737 sp900549755	895	S	1	1	2	0.00000
UMGS905 sp900540085	3893	S	112	34	146	0.00000
MGYG000003863	5022	S	53	31	84	0.00000
Hydrogeniiclostridium sp900550095	3899	S	19	1	20	0.00000
MGYG000004229	5421	S	56	10	66	0.00000
UMGS1491 sp900552265	1600	S	33	3	36	0.00000
UMGS1491 sp900757335	1779	S	10	1	11	0.00000
UMGS1491 sp900554335	4794	S	2	0	2	0.00000
UMGS1279 sp900761625	4311	S	38	5	43	0.00000
MGYG000000704	1280	S	5	0	5	0.00000
MGYG000003947	5103	S	5	0	5	0.00000
MGYG000003887	5045	S	40	21	61	0.00000
MGYG000004131	5312	S	7	0	7	0.00000
UMGS1976 sp900769535	4654	S	46	0	46	0.00000
UBA1691 sp900549825	1427	S	36	6	42	0.00000
UBA1691 sp900552985	3136	S	4	0	4	0.00000
UMGS1397 sp900551425	5996	S	27	4	31	0.00000
UMGS1397 sp900761355	4304	S	13	3	16	0.00000
UMGS1532 sp900552605	1556	S	28	6	34	0.00000
UBA1417 sp003531055	4782	S	16	17	33	0.00000
UBA1417 sp002305575	6107	S	9	1	10	0.00000
MGYG000003211	4268	S	21	3	24	0.00000
RUG806 sp900313475	4583	S	15	5	20	0.00000
UBA6857 sp900768075	4571	S	6	0	6	0.00000
UBA6857 sp900767015	4524	S	5	0	5	0.00000
UBA6857 sp900555805	3199	S	2	0	2	0.00000
MGYG000004322	5517	S	12	0	12	0.00000
Anaeromassilibacillus sp002159845	3070	S	11	5	16	0.00000
UBA1227 sp900545655	4386	S	9	0	9	0.00000
UBA945 sp900549675	627	S	9	1	10	0.00000
UMGS1474 sp900552115	5486	S	8	0	8	0.00000
MGYG000004727	5940	S	8	0	8	0.00000
UMGS856 sp900760305	2506	S	7	2	9	0.00000
MGYG000002702	3738	S	7	1	8	0.00000
MGYG000004892	6113	S	7	0	7	0.00000
MGYG000002038	2966	S	5	0	5	0.00000
UMGS403 sp900540865	3095	S	4	1	5	0.00000
MGYG000000456	894	S	4	0	4	0.00000
MGYG000004032	5196	S	3	0	3	0.00000
MGYG000003841	5000	S	3	0	3	0.00000
DTU089 sp002440045	1677	S	3	0	3	0.00000
UMGS1487 sp900552225	4354	S	3	0	3	0.00000
MGYG000000505	989	S	2	0	2	0.00000
UBA1081 sp900543395	3216	S	1	0	1	0.00000
Lawsonibacter sp900066825	229	S	5472	13255	18727	0.00043
Lawsonibacter asaccharolyticus	2306	S	2938	1534	4472	0.00010
Lawsonibacter sp014287875	273	S	1538	3019	4557	0.00011
Lawsonibacter sp900763995	4388	S	28	2	30	0.00000
Lawsonibacter sp900549405	6050	S	13	2	15	0.00000
Lawsonibacter sp900766145	3608	S	11	1	12	0.00000
Lawsonibacter sp900553135	2441	S	6	0	6	0.00000
CAG-110 sp900544945	4493	S	3821	2878	6699	0.00016
CAG-110 sp003525905	2989	S	981	192	1173	0.00003
CAG-110 sp900769995	4685	S	353	3	356	0.00001
CAG-110 sp900554625	4105	S	126	66	192	0.00000
CAG-110 sp900553805	5389	S	119	4	123	0.00000
CAG-110 sp900544705	1297	S	102	25	127	0.00000
CAG-110 sp000435995	5535	S	78	18	96	0.00000
CAG-110 sp900556935	3210	S	41	1	42	0.00000
CAG-110 sp900752285	2625	S	28	4	32	0.00000
CAG-110 sp900762245	4343	S	17	0	17	0.00000
CAG-110 sp000434635	1337	S	12	4	16	0.00000
MGYG000002255	3211	S	10	0	10	0.00000
CAG-110 sp900547405	982	S	9	0	9	0.00000
CAG-110 sp900554705	3203	S	8	0	8	0.00000
CAG-110 sp900769835	4670	S	6	0	6	0.00000
CAG-110 sp900549495	4980	S	3	0	3	0.00000
MGYG000000736	1329	S	2	0	2	0.00000
CAG-110 sp900548795	3835	S	2	0	2	0.00000
CAG-110 sp900544405	4368	S	2	0	2	0.00000
MGYG000003850	5008	S	1	0	1	0.00000
MGYG000000710	1290	S	1	0	1	0.00000
Evtepia gabavorous	3450	S	2553	1013	3566	0.00008
Evtepia sp900546255	5346	S	12	1	13	0.00000
Evtepia sp004556345	1889	S	11	0	11	0.00000
Evtepia sp900758955	1902	S	5	0	5	0.00000
MGYG000000739	1333	S	2	0	2	0.00000
CAG-83 sp000435555	3759	S	2125	1093	3218	0.00007
CAG-83 sp900549395	3762	S	157	81	238	0.00001
CAG-83 sp003487665	3834	S	41	6	47	0.00000
CAG-83 sp900545585	3078	S	13	3	16	0.00000
CAG-83 sp900552725	1278	S	12	4	16	0.00000
CAG-83 sp900551995	3079	S	11	1	12	0.00000
CAG-83 sp900545495	1494	S	7	1	8	0.00000
CAG-83 sp900550615	2602	S	7	0	7	0.00000
CAG-83 sp900756715	5266	S	6	0	6	0.00000
CAG-83 sp900556015	5678	S	5	0	5	0.00000
CAG-83 sp902388735	3615	S	5	0	5	0.00000
CAG-83 sp900552475	5237	S	4	1	5	0.00000
CAG-83 sp001916855	5384	S	4	1	5	0.00000
CAG-83 sp900547745	5691	S	2	0	2	0.00000
Pseudoflavonifractor capillosus	231	S	1843	1187	3030	0.00007
Dysosmobacter sp900770295	4704	S	905	117	1022	0.00002
MGYG000003910	5064	S	83	8	91	0.00000
MGYG000002680	3709	S	69	28	97	0.00000
Dysosmobacter sp900556925	1425	S	57	23	80	0.00000
MGYG000002704	3740	S	29	13	42	0.00000
Dysosmobacter sp900546705	1539	S	25	1	26	0.00000
MGYG000002229	3176	S	21	3	24	0.00000
Dysosmobacter sp900544615	1455	S	17	5	22	0.00000
Dysosmobacter sp900548505	3711	S	16	6	22	0.00000
Dysosmobacter sp900551885	2861	S	15	1	16	0.00000
Dysosmobacter sp900550685	6001	S	10	3	13	0.00000
Dysosmobacter sp900763685	3047	S	6	2	8	0.00000
Dysosmobacter sp001916835	2986	S	6	3	9	0.00000
Dysosmobacter sp004553545	5894	S	5	2	7	0.00000
CAG-103 sp900317855	1500	S	467	291	758	0.00002
CAG-103 sp000432375	5730	S	190	144	334	0.00001
MGYG000002753	3791	S	32	14	46	0.00000
CAG-103 sp900543625	1791	S	16	4	20	0.00000
CAG-103 sp004556965	1687	S	5	1	6	0.00000
Oscillibacter ruminantium	4021	S	756	3	759	0.00002
MGYG000002727	3767	S	407	101	508	0.00001
UBA9475 sp900549885	3701	S	185	45	230	0.00001
UBA9475 sp900554075	5937	S	14	2	16	0.00000
MGYG000004206	5394	S	130	18	148	0.00000
ER4 sp900763705	3049	S	37	15	52	0.00000
ER4 sp900546295	5685	S	9	2	11	0.00000
ER4 sp900317525	3751	S	8	5	13	0.00000
ER4 sp900768135	1353	S	3	0	3	0.00000
UBA1777 sp900549545	2859	S	35	10	45	0.00000
MGYG000000746	1342	S	35	11	46	0.00000
MGYG000004062	5227	S	28	4	32	0.00000
UBA1777 sp900547315	5311	S	8	23	31	0.00000
MGYG000004139	5321	S	6	4	10	0.00000
UBA1777 sp900549645	4981	S	5	16	21	0.00000
UBA1777 sp900754515	1907	S	4	2	6	0.00000
MGYG000003938	5092	S	4	4	8	0.00000
UBA1777 sp900549865	1850	S	3	0	3	0.00000
MGYG000002084	3010	S	3	2	5	0.00000
MGYG000004327	5522	S	85	17	102	0.00000
F23-B02 sp001916715	5584	S	4	3	7	0.00000
F23-B02 sp900556535	3752	S	3	1	4	0.00000
F23-B02 sp000431075	5388	S	2	0	2	0.00000
F23-B02 sp004558025	5883	S	2	0	2	0.00000
F23-B02 sp900760205	2500	S	1	0	1	0.00000
F23-B02 sp002472405	2824	S	1	0	1	0.00000
MGYG000004686	5897	S	68	39	107	0.00000
MGYG000002067	2996	S	33	11	44	0.00000
MGYG000002071	2999	S	6	2	8	0.00000
MGYG000004068	5234	S	90	10	100	0.00000
MGYG000002828	3872	S	17	0	17	0.00000
UMGS1872 sp900555795	4975	S	61	4	65	0.00000
UMGS1872 sp902373635	1973	S	12	2	14	0.00000
MGYG000002213	3155	S	3	1	4	0.00000
CAG-170 sp900751035	4790	S	33	7	40	0.00000
CAG-170 sp000432135	4049	S	20	8	28	0.00000
MGYG000004702	5913	S	18	4	22	0.00000
CAG-170 sp900555665	1498	S	1	0	1	0.00000
NK3B98 sp900758315	1867	S	27	9	36	0.00000
NK3B98 sp900545815	5446	S	6	0	6	0.00000
UBA738 sp900763675	2962	S	8	1	9	0.00000
UBA738 sp004557735	1807	S	5	2	7	0.00000
UBA738 sp003522945	5319	S	4	2	6	0.00000
MGYG000000735	1328	S	2	0	2	0.00000
MGYG000000377	749	S	13	0	13	0.00000
MGYG000002068	2997	S	4	0	4	0.00000
UBA5446 sp900545405	5766	S	3	1	4	0.00000
UBA5446 sp900752445	6051	S	3	0	3	0.00000
UBA5446 sp900543085	4976	S	2	0	2	0.00000
UBA5446 sp900544765	3885	S	1	0	1	0.00000
MGYG000003869	5026	S	11	1	12	0.00000
MGYG000002696	3731	S	11	1	12	0.00000
MGYG000004811	6030	S	9	2	11	0.00000
Marseille-P3106 sp900169975	5323	S	7	0	7	0.00000
MGYG000003297	4374	S	4	1	5	0.00000
HGM12998 sp900756495	5242	S	3	0	3	0.00000
MGYG000003289	4364	S	1	0	1	0.00000
HGM12669 sp900761935	5440	S	4295	1841	6136	0.00014
MGYG000001133	1788	S	16	7	23	0.00000
UMGS911 sp003343545	3700	S	1250	180	1430	0.00003
MGYG000000386	766	S	13	3	16	0.00000
UMGS911 sp900545935	3761	S	9	1	10	0.00000
Firm-07 sp900770145	4697	S	496	235	731	0.00002
MGYG000004035	5200	S	376	216	592	0.00001
UMGS1815 sp900555345	6028	S	7	3	10	0.00000
MGYG000000719	1303	S	245	16	261	0.00001
MGYG000001879	2771	S	15	5	20	0.00000
UMGS1312 sp900550625	5134	S	128	166	294	0.00001
QALR01 sp900542425	4120	S	52	3	55	0.00000
QALR01 sp900552255	3705	S	41	7	48	0.00000
QALR01 sp900553085	5675	S	1	0	1	0.00000
CAG-724 sp900551005	4131	S	62	57	119	0.00000
MGYG000000750	1348	S	15	12	27	0.00000
CAG-724 sp003524145	995	S	1	2	3	0.00000
MGYG000004722	5934	S	63	13	76	0.00000
MGYG000000352	691	S	3	0	3	0.00000
UMGS1865 sp900547725	4551	S	48	22	70	0.00000
UMGS1865 sp900555785	822	S	11	2	13	0.00000
UMGS1696 sp900763885	3055	S	53	4	57	0.00000
UMGS1696 sp900554225	919	S	3	0	3	0.00000
UMGS902 sp003343845	2977	S	10	2	12	0.00000
MGYG000004098	5273	S	7	2	9	0.00000
UMGS902 sp900546635	1514	S	4	1	5	0.00000
MGYG000003839	4997	S	2	0	2	0.00000
UMGS902 sp900761025	5402	S	1	0	1	0.00000
MGYG000000350	687	S	19	4	23	0.00000
CAG-841 sp002479075	3219	S	6	2	8	0.00000
CAG-841 sp000437375	908	S	2	3	5	0.00000
HGM12657 sp900760575	4284	S	5	2	7	0.00000
CAG-272 sp000433515	5293	S	4	0	4	0.00000
UMGS874 sp900546315	3913	S	4	0	4	0.00000
UMGS2055 sp900557635	5158	S	3	0	3	0.00000
CAG-390 sp900753295	1202	S	2	0	2	0.00000
UBA11512 sp003522145	5125	S	1	0	1	0.00000
UBA644 sp002299265	1950	S	6470	1174	7644	0.00018
HGM12619 sp900753195	2759	S	51	6	57	0.00000
MGYG000004033	5198	S	15	1	16	0.00000
Agathobaculum butyriciproducens	432	S	5879	5946	11825	0.00027
Agathobaculum sp900557315	1452	S	42	13	55	0.00000
Agathobaculum sp900555465	3074	S	25	15	40	0.00000
Agathobaculum sp900544475	1768	S	8	0	8	0.00000
MGYG000004135	5317	S	2	0	2	0.00000
MGYG000002627	3644	S	482	12	494	0.00001
MGYG000004122	5302	S	7	0	7	0.00000
MGYG000002604	3623	S	1	0	1	0.00000
MGYG000003305	4383	S	101	1	102	0.00000
MGYG000004857	6076	S	82	2	84	0.00000
Butyricicoccus_A sp002395695	1774	S	57	16	73	0.00000
MGYG000003907	5061	S	39	2	41	0.00000
MGYG000001891	2787	S	16	0	16	0.00000
UMGS882 sp900546385	937	S	670	37	707	0.00002
MGYG000004231	5423	S	11	1	12	0.00000
UMGS882 sp900757905	721	S	5	0	5	0.00000
UMGS1052 sp900548115	3963	S	67	17	84	0.00000
MGYG000004125	5305	S	14	6	20	0.00000
UCG-010 sp900754535	2920	S	5	0	5	0.00000
QAMX01 sp004555605	2992	S	272	18	290	0.00001
QAMX01 sp003149835	5920	S	230	1	231	0.00001
QAKW01 sp003343605	2812	S	21	1	22	0.00000
MGYG000004760	5978	S	14	2	16	0.00000
MGYG000004100	5275	S	9	1	10	0.00000
Peptostreptococcus russellii_A	2445	S	17524	3594	21118	0.00049
Peptostreptococcus anaerobius	594	S	23	13	36	0.00000
Peptostreptococcus sp900759325	1899	S	8	0	8	0.00000
Terrisporobacter sp902363255	297	S	677	1440	2117	0.00005
Terrisporobacter glycolicus_A	81	S	107	122	229	0.00001
Clostridioides difficile	3350	S	74	1025	1099	0.00003
Clostridioides difficile_A	3351	S	4	42	46	0.00000
Intestinibacter bartlettii	215	S	504	65	569	0.00001
Paraclostridium sordellii	392	S	69	301	370	0.00001
Paraclostridium bifermentans	137	S	21	81	102	0.00000
Peptacetobacter hiranonis	2024	S	257	38	295	0.00001
Peptacetobacter sp900539645	3897	S	56	6	62	0.00000
GCA-900066495 sp902362365	65	S	84	137	221	0.00001
GCA-900066495 sp900066495	194	S	13	13	26	0.00000
Romboutsia timonensis	3584	S	3	3	6	0.00000
BX12 sp902363595	345	S	5175	1299	6474	0.00015
BX12 sp014333425	4267	S	40	2	42	0.00000
UBA1191 sp900066305	176	S	711	1083	1794	0.00004
UBA1191 sp900543485	4009	S	284	330	614	0.00001
MGYG000004481	5684	S	135	24	159	0.00000
UBA1191 sp900549125	5178	S	14	2	16	0.00000
MGYG000003623	4744	S	3	0	3	0.00000
MGYG000003324	4405	S	1040	545	1585	0.00004
VUNA01 sp002299625	5132	S	877	63	940	0.00002
Bacilliculturomica massiliensis	299	S	1240	23	1263	0.00003
Emergencia timonensis	2383	S	731	471	1202	0.00003
Emergencia sp900551775	3135	S	35	3	38	0.00000
CAG-238 sp900551415	1229	S	78	5	83	0.00000
CAG-145 sp900542565	2789	S	47	7	54	0.00000
MGYG000004863	6082	S	14	0	14	0.00000
CAG-145 sp900754795	5359	S	2	0	2	0.00000
MGYG000004123	5303	S	58	12	70	0.00000
S5-A14a sp900553025	4855	S	43	11	54	0.00000
MGYG000001953	2867	S	27	3	30	0.00000
Mobilibacterium timonense	1143	S	14	0	14	0.00000
UMGS973 sp900547295	1849	S	8	0	8	0.00000
Alterileibacterium massiliense	4895	S	6	1	7	0.00000
Eubacterium_T sp900766045	3619	S	5	0	5	0.00000
Criibacterium bergeronii	4902	S	9	2	11	0.00000
MGYG000003743	4889	S	1	0	1	0.00000
CAG-245 sp900761475	5545	S	17299	4113	21412	0.00050
MGYG000000732	1325	S	375	360	735	0.00002
MGYG000004449	5649	S	30	10	40	0.00000
CAG-245 sp900758165	5896	S	14	4	18	0.00000
CAG-492 sp000434335	5430	S	4341	999	5340	0.00012
MGYG000004904	6125	S	114	121	235	0.00001
CAG-492 sp900557195	1605	S	80	88	168	0.00000
CAG-269 sp900754285	2908	S	867	211	1078	0.00003
MGYG000004458	5658	S	654	167	821	0.00002
CAG-269 sp003525075	4578	S	521	283	804	0.00002
CAG-269 sp900551615	1404	S	459	258	717	0.00002
CAG-269 sp000431335	1764	S	183	92	275	0.00001
MGYG000000738	1331	S	164	41	205	0.00000
MGYG000004800	6018	S	148	44	192	0.00000
CAG-269 sp900555615	4359	S	134	82	216	0.00001
MGYG000004411	5605	S	100	18	118	0.00000
CAG-269 sp900753165	2854	S	52	47	99	0.00000
CAG-269 sp900554365	4132	S	39	3	42	0.00000
MGYG000000656	1210	S	26	10	36	0.00000
MGYG000004103	5278	S	18	4	22	0.00000
CAG-269 sp900552555	1468	S	15	9	24	0.00000
MGYG000001739	2607	S	8	1	9	0.00000
CAG-269 sp001916065	3601	S	7	4	11	0.00000
MGYG000000432	853	S	6	2	8	0.00000
CAG-269 sp900762425	4356	S	5	0	5	0.00000
CAG-269 sp000435535	1838	S	5	2	7	0.00000
CAG-269 sp900554565	1841	S	2	0	2	0.00000
MGYG000004212	5400	S	1	0	1	0.00000
CAG-354 sp900555085	3592	S	402	81	483	0.00001
CAG-354 sp900759015	1878	S	93	18	111	0.00000
MGYG000004119	5299	S	5	0	5	0.00000
CAG-354 sp900754085	5551	S	5	0	5	0.00000
MGYG000000384	762	S	2	0	2	0.00000
MGYG000002201	3143	S	293	36	329	0.00001
UMGS1781 sp900553365	5366	S	10	64	74	0.00000
UMGS1781 sp900555075	2776	S	7	48	55	0.00000
UMGS1781 sp900553695	2496	S	4	25	29	0.00000
MGYG000001861	2749	S	145	85	230	0.00001
HGM13634 sp900770385	952	S	1	0	1	0.00000
UMGS1663 sp900553405	3838	S	106	26	132	0.00000
UMGS1663 sp900553865	2494	S	2	1	3	0.00000
MGYG000004594	5803	S	2	0	2	0.00000
MGYG000002797	3837	S	78	15	93	0.00000
CAG-273 sp003507395	732	S	41	4	45	0.00000
MGYG000004539	5744	S	15	1	16	0.00000
MGYG000004078	5247	S	8	1	9	0.00000
CAG-273 sp000438355	5513	S	2	0	2	0.00000
MGYG000004477	5680	S	1	0	1	0.00000
UMGS1933 sp900772235	4796	S	56	81	137	0.00000
UMGS1933 sp900556455	4151	S	1	0	1	0.00000
MGYG000000423	835	S	27	7	34	0.00000
UBA7001 sp900768805	4601	S	11	0	11	0.00000
UMGS1994 sp900556975	3851	S	27	2	29	0.00000
MGYG000003781	4934	S	19	1	20	0.00000
MGYG000003749	4897	S	2	0	2	0.00000
CAG-452 sp000434035	2535	S	15	4	19	0.00000
CAG-452 sp900770415	5135	S	2	0	2	0.00000
UMGS1901 sp900553755	3113	S	10	3	13	0.00000
UMGS1864 sp900555835	3226	S	6	0	6	0.00000
CAG-793 sp900557475	5380	S	3	0	3	0.00000
UMGS1754 sp900759475	1830	S	3	0	3	0.00000
CAG-465 sp900554875	5089	S	12	0	12	0.00000
MGYG000004306	5501	S	6	2	8	0.00000
MGYG000004427	5623	S	6	0	6	0.00000
MGYG000002769	3806	S	2	0	2	0.00000
Anaerococcus rubeinfantis	2359	S	3130	2072	5202	0.00012
Anaerococcus senegalensis	2185	S	958	1357	2315	0.00005
Anaerococcus nagyae	3229	S	425	319	744	0.00002
Anaerococcus jeddahensis	2301	S	205	304	509	0.00001
MGYG000003782	4935	S	146	109	255	0.00001
Anaerococcus vaginalis_B	3282	S	120	167	287	0.00001
Anaerococcus sp900541365	4249	S	11	4	15	0.00000
Anaerococcus prevotii	3934	S	10	8	18	0.00000
MGYG000003789	4942	S	4	1	5	0.00000
Anaerococcus lactolyticus	4933	S	3	0	3	0.00000
Anaerococcus prevotii_A	3855	S	1	1	2	0.00000
Anaerococcus sp900550345	3929	S	1	1	2	0.00000
MGYG000003785	4938	S	1	0	1	0.00000
Lagierella massiliensis	2338	S	2595	227	2822	0.00007
Peptoniphilus_C sp902363535	352	S	2520	3085	5605	0.00013
Peptoniphilus_C urinimassiliensis	4859	S	1	0	1	0.00000
Peptoniphilus_A raoultii	4899	S	698	598	1296	0.00003
Peptoniphilus_A sp900538655	4199	S	86	146	232	0.00001
Peptoniphilus_A harei_A	334	S	85	308	393	0.00001
Finegoldia magna	5890	S	1345	1700	3045	0.00007
Finegoldia magna_F	3862	S	2	1	3	0.00000
Neofamilia massiliensis	2320	S	956	563	1519	0.00004
Kallipyga massiliensis	3285	S	892	412	1304	0.00003
Murdochiella vaginalis	2403	S	305	418	723	0.00002
Murdochiella massiliensis	2375	S	26	31	57	0.00000
Peptoniphilus_B duerdenii	4906	S	199	171	370	0.00001
MGYG000003778	4931	S	24	18	42	0.00000
Ezakiella coagulans	4883	S	5	0	5	0.00000
Fenollaria massiliensis	4881	S	8	2	10	0.00000
Sporanaerobacter acetigenes	2455	S	750	653	1403	0.00003
CABMKH01 sp902386935	3420	S	627	361	988	0.00002
Tissierella sp002266425	3859	S	2	0	2	0.00000
Sedimentibacter sp003457065	4844	S	4	0	4	0.00000
Clostridium beijerinckii	5878	S	4601	256	4857	0.00011
Clostridium celatum	2184	S	1448	545	1993	0.00005
Clostridium paraputrificum	383	S	869	183	1052	0.00002
Clostridium disporicum_A	191	S	758	237	995	0.00002
Clostridium sp900547475	4155	S	170	177	347	0.00001
Clostridium saudiense	381	S	154	155	309	0.00001
Clostridium tertium	2033	S	57	9	66	0.00000
Clostridium sp900539375	1606	S	19	0	19	0.00000
Clostridium sp900540255	1453	S	13	12	25	0.00000
Clostridium sp900769625	4657	S	10	1	11	0.00000
MGYG000004852	6070	S	5	7	12	0.00000
Clostridium_H massiliodielmoense	3393	S	1778	161	1939	0.00004
Clostridium_J senegalense	2155	S	94	229	323	0.00001
Clostridium_J sp000821305	2265	S	67	300	367	0.00001
Clostridium_J ihumii	2566	S	66	141	207	0.00000
Clostridium_J sp902363375	321	S	25	78	103	0.00000
Clostridium_J sp900548455	4191	S	17	12	29	0.00000
Clostridium_P massiliamazoniense	2335	S	727	510	1237	0.00003
Clostridium_F niameyense	2303	S	337	66	403	0.00001
Clostridium_F tepidum	4158	S	247	69	316	0.00001
Clostridium_F botulinum	3330	S	7	0	7	0.00000
Clostridium_AA polynesiense	2273	S	253	20	273	0.00001
MGYG000003416	4503	S	14	0	14	0.00000
Clostridium_B sp902809985	3989	S	11	1	12	0.00000
Clostridium_G cochlearium	4188	S	3	0	3	0.00000
Monoglobus pectinilyticus	3424	S	2875	774	3649	0.00008
Monoglobus sp900554105	5918	S	530	276	806	0.00002
Monoglobus sp900542675	3066	S	31	0	31	0.00000
UMGS1326 sp900550775	1887	S	368	5	373	0.00001
UMGS1820 sp900769795	4669	S	32	0	32	0.00000
UMGS1820 sp900545865	5201	S	3	0	3	0.00000
UMGS1820 sp900555375	1885	S	2	1	3	0.00000
UMGS1494 sp900552305	5348	S	7	1	8	0.00000
MGYG000004144	5326	S	2	0	2	0.00000
UMGS1388 sp900551345	4118	S	314	17	331	0.00001
Eubacterium callanderi	338	S	1737	479	2216	0.00005
Anaerofustis sp900549875	1424	S	26	0	26	0.00000
Garciella sp900555725	4838	S	7	0	7	0.00000
MGYG000002685	3718	S	396	35	431	0.00001
UBA9506 sp003506415	1439	S	130	3	133	0.00000
UMGS755 sp900545185	5230	S	94	3	97	0.00000
MGYG000004845	6062	S	35	6	41	0.00000
MGYG000002713	3749	S	15	1	16	0.00000
MGYG000004193	5381	S	414	23	437	0.00001
MGYG000000674	1239	S	23	2	25	0.00000
MGYG000004439	5639	S	7	0	7	0.00000
UMGS1883 sp900763305	5414	S	437	6	443	0.00001
UMGS1851 sp900555605	2656	S	197	1	198	0.00000
UMGS1537 sp900552695	2530	S	17	5	22	0.00000
MGYG000000455	892	S	9	0	9	0.00000
MGYG000000728	1319	S	52	2	54	0.00000
MGYG000002719	3758	S	65	11	76	0.00000
MGYG000004133	5315	S	45	2	47	0.00000
HGM11507 sp900761005	2528	S	73	36	109	0.00000
UMGS1840 sp900555525	2793	S	16	0	16	0.00000
KA00274 sp902373515	1965	S	7	0	7	0.00000
UMGS687 sp900545735	2853	S	7979	3237	11216	0.00026
UMGS687 sp900544595	2857	S	50	6	56	0.00000
MGYG000000459	900	S	529	80	609	0.00001
MGYG000004882	6103	S	195	34	229	0.00001
UBA11517 sp900555365	1586	S	169	18	187	0.00000
UBA11517 sp003522085	1482	S	17	1	18	0.00000
MGYG000001853	2741	S	13	0	13	0.00000
MGYG000004512	5716	S	237	19	256	0.00001
MGYG000000751	1350	S	204	63	267	0.00001
UMGS1470 sp900766395	1247	S	14	1	15	0.00000
UMGS2069 sp900557585	3105	S	13	1	14	0.00000
HGM11367 sp900767835	4556	S	10	5	15	0.00000
Christensenella sp001678845	3406	S	3995	35	4030	0.00009
UMGS743 sp900545085	2618	S	482	23	505	0.00001
MGYG000001822	2708	S	107	9	116	0.00000
MGYG000004235	5428	S	81	56	137	0.00000
MGYG000003304	4381	S	9	0	9	0.00000
QANA01 sp900554725	3133	S	2	0	2	0.00000
NSJ-63 sp014384805	3024	S	1	0	1	0.00000
SFDB01 sp004558825	1301	S	2439	774	3213	0.00007
UMGS693 sp900544555	5003	S	998	61	1059	0.00002
UMGS1241 sp900540495	1561	S	425	211	636	0.00001
UMGS1241 sp900550525	5367	S	6	2	8	0.00000
UMGS1241 sp900549955	1513	S	4	1	5	0.00000
UMGS946 sp900547135	4144	S	101	31	132	0.00000
UMGS946 sp900544965	5236	S	31	15	46	0.00000
SFEL01 sp004557245	5439	S	10	9	19	0.00000
CAG-1024 sp000432015	1492	S	6	2	8	0.00000
MGYG000002204	3147	S	6	0	6	0.00000
UBA1685 sp002320595	1786	S	4	0	4	0.00000
MGYG000003526	4632	S	2	0	2	0.00000
HGM11377 sp900755035	2952	S	2160	250	2410	0.00006
CAG-475 sp900548005	2837	S	635	881	1516	0.00004
CAG-475 sp900547975	5007	S	60	94	154	0.00000
CAG-475 sp000434435	1281	S	2	0	2	0.00000
UMGS1688 sp900544575	4219	S	66	4	70	0.00000
UMGS1688 sp900554085	3122	S	27	38	65	0.00000
MGYG000004615	5825	S	4	0	4	0.00000
UMGS1688 sp900545885	4974	S	1	0	1	0.00000
MGYG000000749	1347	S	43	9	52	0.00000
MGYG000001904	2805	S	6	0	6	0.00000
MGYG000003562	4672	S	3	0	3	0.00000
UBA7597 sp900542935	847	S	1047	1220	2267	0.00005
UBA7597 sp900767195	5633	S	2	0	2	0.00000
UBA1259 sp900769565	4656	S	362	14	376	0.00001
UBA1259 sp900770685	4727	S	159	6	165	0.00000
UBA1259 sp900771345	4769	S	39	4	43	0.00000
MGYG000001863	2751	S	2	0	2	0.00000
UBA10281 sp000437515	1450	S	329	220	549	0.00001
UBA10281 sp900767885	5557	S	13	6	19	0.00000
UBA10281 sp900548285	1327	S	3	2	5	0.00000
UBA10281 sp900554485	4494	S	3	0	3	0.00000
UBA10281 sp900556195	1216	S	1	1	2	0.00000
MGYG000002654	3678	S	1	0	1	0.00000
MGYG000003953	5110	S	94	41	135	0.00000
MGYG000000676	1241	S	26	2	28	0.00000
Borkfalkia sp900557285	3721	S	2	0	2	0.00000
MGYG000003737	4880	S	157	17	174	0.00000
MGYG000001854	2742	S	139	26	165	0.00000
MGYG000001852	2740	S	1	0	1	0.00000
HGM11416 sp900768525	980	S	44	30	74	0.00000
HGM11416 sp900766495	954	S	5	0	5	0.00000
MGYG000001864	2753	S	35	21	56	0.00000
QALS01 sp003150575	809	S	5	4	9	0.00000
QALS01 sp900555925	668	S	1	1	2	0.00000
MGYG000001914	2819	S	1	0	1	0.00000
MGYG000000399	791	S	1	0	1	0.00000
UBA11524 sp900769075	4612	S	1828	80	1908	0.00004
SFFH01 sp900542445	4290	S	475	77	552	0.00001
SFFH01 sp900548125	2511	S	234	36	270	0.00001
SFFH01 sp900542395	3000	S	18	5	23	0.00000
MGYG000004154	5336	S	1	0	1	0.00000
MGYG000004174	5360	S	217	15	232	0.00001
Firm-11 sp900540045	5032	S	84	54	138	0.00000
Firm-11 sp900550955	6003	S	44	1	45	0.00000
Firm-11 sp900548145	5260	S	11	3	14	0.00000
MGYG000004168	5352	S	11	0	11	0.00000
Firm-11 sp900553905	3026	S	4	0	4	0.00000
MGYG000004107	5283	S	2	0	2	0.00000
MGYG000003871	5028	S	21	12	33	0.00000
UMGS1600 sp900553315	1759	S	10	1	11	0.00000
UMGS1600 sp900553295	1901	S	1	0	1	0.00000
MGYG000003833	4991	S	11	2	13	0.00000
MGYG000002151	3087	S	9	0	9	0.00000
MGYG000000727	1316	S	6	0	6	0.00000
MGYG000000747	1344	S	6	0	6	0.00000
SFMI01 sp004556155	5219	S	6	0	6	0.00000
MGYG000003308	4387	S	5	0	5	0.00000
UMGS1603 sp900553265	2709	S	4	0	4	0.00000
MGYG000003490	4589	S	4	0	4	0.00000
MGYG000004874	6095	S	2	0	2	0.00000
MGYG000001880	2774	S	1751	66	1817	0.00004
HGM11327 sp900759935	5248	S	434	22	456	0.00001
MGYG000003766	4916	S	5	0	5	0.00000
CAG-1435 sp003537755	4602	S	1098	509	1607	0.00004
CAG-1435 sp900769665	2735	S	31	20	51	0.00000
UMGS1707 sp900554285	5632	S	311	77	388	0.00001
UMGS929 sp900546875	2714	S	82	36	118	0.00000
SFEB01 sp004558105	2897	S	5	2	7	0.00000
UMGS416 sp900542005	1542	S	1312	38	1350	0.00003
UMGS1975 sp900556815	5882	S	763	23	786	0.00002
UMGS1975 sp900546685	3710	S	14	1	15	0.00000
UMGS1975 sp900751745	2841	S	4	0	4	0.00000
UBA10677 sp900767465	5739	S	237	135	372	0.00001
UBA10677 sp003533505	804	S	39	41	80	0.00000
UBA10677 sp900760475	4277	S	11	8	19	0.00000
MGYG000003931	5086	S	120	17	137	0.00000
UMGS1795 sp900553555	5788	S	49	19	68	0.00000
UMGS1795 sp900555125	3057	S	22	21	43	0.00000
CAG-552 sp000435495	5118	S	2	0	2	0.00000
MGYG000003235	4302	S	178	20	198	0.00000
CABKMX01 sp902373595	1979	S	117	3	120	0.00000
MGYG000000698	1271	S	51	1	52	0.00000
UMGS1322 sp900769815	4667	S	14	0	14	0.00000
MGYG000001850	2737	S	6	1	7	0.00000
MGYG000003474	4572	S	1	0	1	0.00000
QALW01 sp900547955	2784	S	2	2	4	0.00000
QALW01 sp900552055	5343	S	1	1	2	0.00000
Bacteroides cellulosilyticus	3457	S	597235	680648	1277883	0.02965
Bacteroides intestinalis	3474	S	170402	352867	523269	0.01214
Bacteroides fragilis	2044	S	134820	96235	231055	0.00536
Bacteroides sp002491635	205	S	126052	39605	165657	0.00384
Bacteroides salyersiae	2197	S	122048	136135	258183	0.00599
Bacteroides sp900547205	4391	S	86268	8164	94432	0.00219
Bacteroides xylanisolvens	2057	S	79347	380481	459828	0.01067
Bacteroides ovatus	2098	S	78111	305752	383863	0.00891
Bacteroides sp003545565	487	S	73237	40996	114233	0.00265
Bacteroides sp900766195	4436	S	46537	20339	66876	0.00155
Bacteroides fluxus	2086	S	45586	33959	79545	0.00185
Bacteroides oleiciplenus	2183	S	41954	52943	94897	0.00220
Bacteroides neonati	2246	S	41490	7006	48496	0.00113
Bacteroides eggerthii	2015	S	39948	47853	87801	0.00204
Bacteroides stercorirosoris	3234	S	32779	55934	88713	0.00206
Bacteroides sp900765785	4424	S	22694	30114	52808	0.00123
Bacteroides pyogenes	1401	S	1433	310	1743	0.00004
Bacteroides togonis	1207	S	1313	1069	2382	0.00006
MGYG000002585	3605	S	811	110	921	0.00002
Bacteroides sp007896885	4442	S	805	294	1099	0.00003
Bacteroides graminisolvens	4112	S	731	31	762	0.00002
Bacteroides sp900553815	5373	S	636	132	768	0.00002
MGYG000001807	2687	S	603	42	645	0.00001
MGYG000004188	5376	S	546	300	846	0.00002
Phocaeicola massiliensis	517	S	641807	807921	1449728	0.03364
Phocaeicola sp900066445	180	S	289026	143591	432617	0.01004
Phocaeicola dorei	3484	S	228020	901301	1129321	0.02620
Phocaeicola plebeius	2078	S	211620	294043	505663	0.01173
Phocaeicola sp000436795	4141	S	118760	169208	287968	0.00668
Phocaeicola sp900066455	181	S	68248	102520	170768	0.00396
Phocaeicola coprophilus	555	S	34229	19302	53531	0.00124
Phocaeicola vulgatus	6128	S	30556	10783794	10814350	0.25091
Phocaeicola sartorii	6015	S	19335	29284	48619	0.00113
Phocaeicola sp902388365	3581	S	13775	676	14451	0.00034
Phocaeicola salanitronis	1590	S	11617	24617	36234	0.00084
Phocaeicola sp000432735	2721	S	4545	2978	7523	0.00017
Phocaeicola sp900552645	1543	S	2216	662	2878	0.00007
Phocaeicola sp900553185	1678	S	2010	1581	3591	0.00008
Phocaeicola sp900542985	3589	S	1915	675	2590	0.00006
Phocaeicola sp002161565	2667	S	1499	3446	4945	0.00011
Phocaeicola sp000434735	2879	S	1019	262	1281	0.00003
Phocaeicola sp900551065	2660	S	729	981	1710	0.00004
MGYG000002614	3633	S	692	144	836	0.00002
Phocaeicola sp900546355	2825	S	631	758	1389	0.00003
Phocaeicola sp900546095	3639	S	564	157	721	0.00002
Phocaeicola sp900544675	2832	S	556	136	692	0.00002
Phocaeicola sp002161765	3983	S	474	241	715	0.00002
Phocaeicola sp900551445	5369	S	459	516	975	0.00002
Phocaeicola sp900552075	1520	S	206	355	561	0.00001
Prevotella sp000436595	1682	S	256935	158255	415190	0.00963
Prevotella stercorea	473	S	16579	16387	32966	0.00076
Prevotella corporis	4426	S	15226	17486	32712	0.00076
Prevotella disiens	4819	S	12942	3922	16864	0.00039
Prevotella oralis	2218	S	9704	467	10171	0.00024
Prevotella copri_A	4824	S	7875	12328	20203	0.00047
Prevotella rara	3381	S	2220	1325	3545	0.00008
Prevotella sp000436035	1267	S	1787	227	2014	0.00005
Prevotella sp900554545	4421	S	1705	918	2623	0.00006
Prevotella sp003447235	2755	S	1550	233	1783	0.00004
Prevotella sp900553465	3775	S	712	121	833	0.00002
Prevotella sp000436915	3067	S	664	71	735	0.00002
Prevotella sp900553965	2686	S	649	179	828	0.00002
MGYG000004462	5665	S	585	37	622	0.00001
Prevotella sp000436695	5909	S	471	102	573	0.00001
Prevotella sp900557255	3256	S	451	196	647	0.00002
Prevotella sp000435635	5066	S	231	46	277	0.00001
Prevotella sp900543585	1784	S	194	37	231	0.00001
Prevotella bergensis	4915	S	188	97	285	0.00001
Prevotella pectinovora	1751	S	184	112	296	0.00001
Prevotella melaninogenica	4361	S	163	74	237	0.00001
Prevotella lascolaii	1819	S	157	95	252	0.00001
Prevotella sp900545525	1464	S	149	8	157	0.00000
Prevotella sp900540375	1629	S	126	0	126	0.00000
MGYG000004009	5171	S	111	13	124	0.00000
Prevotella sp900546535	1199	S	106	50	156	0.00000
Prevotella buccalis	4886	S	97	3	100	0.00000
Prevotella sp900556275	5914	S	93	11	104	0.00000
Prevotella sp900770025	4686	S	92	1	93	0.00000
Prevotella sp900552515	2893	S	92	61	153	0.00000
Prevotella oris	5035	S	82	33	115	0.00000
Prevotella sp900765465	4422	S	77	211	288	0.00001
MGYG000004495	5699	S	63	0	63	0.00000
Prevotella sp900547005	2834	S	58	10	68	0.00000
Prevotella timonensis	4947	S	57	3	60	0.00000
Prevotella sp002251295	3677	S	56	11	67	0.00000
Prevotella sp000431975	1390	S	55	1	56	0.00000
MGYG000002613	3632	S	52	2	54	0.00000
Prevotella sp900315955	2888	S	49	6	55	0.00000
Prevotella sp900548195	3876	S	49	15	64	0.00000
Prevotella sp900556825	3101	S	49	5	54	0.00000
Prevotella sp900553595	4558	S	47	2	49	0.00000
Prevotella sp000433175	4808	S	45	6	51	0.00000
Prevotella sp900762125	4342	S	45	0	45	0.00000
Prevotella sp900770395	1027	S	45	0	45	0.00000
Prevotella denticola	4200	S	43	26	69	0.00000
MGYG000004348	5543	S	38	8	46	0.00000
Prevotella sp002480935	5770	S	36	0	36	0.00000
Prevotella sp002251385	5566	S	36	0	36	0.00000
Prevotella sp002265625	5586	S	35	3	38	0.00000
Prevotella sp900552675	1275	S	35	3	38	0.00000
Prevotella sp900769275	4620	S	34	0	34	0.00000
Prevotella sp900554695	1673	S	34	4	38	0.00000
Prevotella sp900544495	2842	S	33	12	45	0.00000
Prevotella sp900769055	4613	S	30	1	31	0.00000
Prevotella sp900540415	3579	S	29	3	32	0.00000
Prevotella sp900771975	4788	S	29	6	35	0.00000
Prevotella sp900555035	4015	S	27	12	39	0.00000
Prevotella sp900551055	5851	S	25	7	32	0.00000
MGYG000004880	6101	S	25	0	25	0.00000
Prevotella sp900550035	4411	S	25	14	39	0.00000
Prevotella sp900551985	3877	S	25	21	46	0.00000
Prevotella sp002251365	1717	S	24	2	26	0.00000
Prevotella sp900313215	2644	S	23	4	27	0.00000
Prevotella sp900772835	3691	S	23	0	23	0.00000
Prevotella sp900544825	3008	S	23	20	43	0.00000
Prevotella sp900548585	4970	S	20	0	20	0.00000
Prevotella veroralis	3654	S	19	0	19	0.00000
Prevotella sp900770845	4743	S	19	0	19	0.00000
Prevotella sp900543975	1040	S	18	1	19	0.00000
Prevotella sp900557405	1904	S	18	1	19	0.00000
MGYG000002092	3018	S	17	0	17	0.00000
MGYG000004621	5831	S	16	0	16	0.00000
Prevotella sp002299635	1181	S	15	1	16	0.00000
Prevotella sp900552965	3696	S	15	5	20	0.00000
Prevotella sp900554045	1679	S	13	2	15	0.00000
Prevotella sp900767615	3622	S	11	10	21	0.00000
Paraprevotella clara	3556	S	16428	18463	34891	0.00081
Paraprevotella xylaniphila	2091	S	3710	3476	7186	0.00017
MGYG000004824	6042	S	525	103	628	0.00001
Paraprevotella sp900546665	1084	S	383	135	518	0.00001
Paraprevotella sp900760455	2512	S	253	63	316	0.00001
Paraprevotella sp900548345	1466	S	159	64	223	0.00001
MGYG000001886	2779	S	64	9	73	0.00000
MGYG000003470	4568	S	6643	46	6689	0.00016
UBA4372 sp900543815	1274	S	16	0	16	0.00000
MGYG000004885	6105	S	940	160	1100	0.00003
Prevotellamassilia sp004552865	4734	S	423	2	425	0.00001
Prevotellamassilia sp004557035	4761	S	410	0	410	0.00001
Prevotellamassilia sp900540885	3978	S	349	76	425	0.00001
Prevotellamassilia sp000437675	4310	S	230	17	247	0.00001
Prevotellamassilia sp900542795	2480	S	174	7	181	0.00000
Prevotellamassilia sp900541575	2823	S	79	8	87	0.00000
Prevotellamassilia sp900772575	4801	S	40	1	41	0.00000
MGYG000000658	1215	S	31	0	31	0.00000
Prevotellamassilia sp900768625	4587	S	27	3	30	0.00000
MGYG000002575	3596	S	2460	1258	3718	0.00009
CAG-462 sp900291465	5981	S	1860	366	2226	0.00005
HGM04792 sp900770705	4730	S	1056	10	1066	0.00002
UBA6398 sp003150315	5395	S	131	7	138	0.00000
UBA6382 sp900557555	5782	S	107	12	119	0.00000
MGYG000003301	4378	S	67	2	69	0.00000
HGM04593 sp900770665	4728	S	63	0	63	0.00000
MGYG000000682	1252	S	55	2	57	0.00000
CAG-617 sp000438115	2645	S	22	0	22	0.00000
MGYG000004596	5805	S	18	0	18	0.00000
Alloprevotella tannerae	5485	S	10	1	11	0.00000
Parabacteroides distasonis	3438	S	455961	378718	834679	0.01937
Parabacteroides merdae	184	S	206425	244915	451340	0.01047
Parabacteroides acidifaciens	3451	S	68991	14954	83945	0.00195
Parabacteroides sp003480915	4828	S	5233	6148	11381	0.00026
Parabacteroides faecis	419	S	4585	3887	8472	0.00020
Parabacteroides chinchillae	3414	S	4081	660	4741	0.00011
Parabacteroides sp900548175	2770	S	1944	244	2188	0.00005
Parabacteroides massiliensis	2959	S	538	196	734	0.00002
Parabacteroides sp900547435	4136	S	527	125	652	0.00002
Parabacteroides sp900540715	569	S	394	107	501	0.00001
MGYG000004180	5368	S	239	110	349	0.00001
Parabacteroides sp900549585	1268	S	223	44	267	0.00001
Parabacteroides sp900760525	3607	S	221	95	316	0.00001
Parabacteroides sp900552415	2795	S	157	6	163	0.00000
RC9 sp900771005	4748	S	114740	11186	125926	0.00292
RC9 sp900769905	4687	S	53125	6170	59295	0.00138
MGYG000004050	5216	S	40452	2864	43316	0.00101
RC9 sp000431015	1234	S	7796	6180	13976	0.00032
MGYG000004790	6008	S	3610	172	3782	0.00009
RC9 sp001915575	5151	S	1009	20	1029	0.00002
RC9 sp900546395	3919	S	868	68	936	0.00002
RC9 sp900546445	5393	S	380	9	389	0.00001
RC9 sp000434935	1733	S	47	12	59	0.00000
RC9 sp000435075	2483	S	40	6	46	0.00000
RC9 sp004556005	4631	S	32	1	33	0.00000
RC9 sp900546925	2683	S	18	3	21	0.00000
MGYG000000393	779	S	10	0	10	0.00000
MGYG000000592	1127	S	3	2	5	0.00000
UBA1232 sp004561775	4674	S	4902	138	5040	0.00012
UBA1232 sp900769735	4662	S	3288	82	3370	0.00008
UBA1232 sp900769385	4646	S	158	1	159	0.00000
UBA1232 sp900544815	3041	S	71	3	74	0.00000
CAG-831 sp000432775	2649	S	756	1451	2207	0.00005
CAG-831 sp900771335	4768	S	578	20	598	0.00001
CAG-831 sp900769885	4673	S	390	4	394	0.00001
CAG-831 sp900550465	2647	S	8	17	25	0.00000
Alistipes sp900770635	4722	S	39279	4781	44060	0.00102
Alistipes putredinis	1999	S	5765	10407	16172	0.00038
Alistipes sp900769445	4647	S	4758	392	5150	0.00012
Alistipes onderdonkii	239	S	2010	1294	3304	0.00008
Alistipes sp002358415	199	S	768	82	850	0.00002
Alistipes shahii	75	S	483	2471	2954	0.00007
Alistipes finegoldii	5868	S	320	444	764	0.00002
Alistipes sp902363575	348	S	198	206	404	0.00001
Alistipes sp900550925	5154	S	175	30	205	0.00000
MGYG000003599	4715	S	95	0	95	0.00000
Alistipes timonensis	2402	S	73	41	114	0.00000
Alistipes sp900770585	4721	S	70	0	70	0.00000
MGYG000002203	3146	S	52	11	63	0.00000
Alistipes sp900769525	4650	S	36	0	36	0.00000
Alistipes dispar	2925	S	31	7	38	0.00000
Alistipes sp900550375	1443	S	24	1	25	0.00000
Alistipes sp900761235	5433	S	21	0	21	0.00000
Alistipes sp900021155	5109	S	18	3	21	0.00000
Alistipes sp900546065	817	S	16	4	20	0.00000
MGYG000003941	5095	S	11	5	16	0.00000
MGYG000004768	5986	S	11	10	21	0.00000
MGYG000002675	3703	S	10	0	10	0.00000
MGYG000003467	4565	S	8	0	8	0.00000
Alistipes sp900542505	5740	S	8	3	11	0.00000
Alistipes sp001941065	864	S	6	9	15	0.00000
Alistipes sp902388705	3612	S	5	0	5	0.00000
Alistipes sp900553175	4074	S	4	0	4	0.00000
Alistipes sp900290115	5750	S	3	3	6	0.00000
MGYG000002674	3702	S	3	1	4	0.00000
Alistipes_A indistinctus	2109	S	13599	3730	17329	0.00040
Alistipes_A sp900240235	412	S	2238	1438	3676	0.00009
Alistipes_A sp900549685	4073	S	50	308	358	0.00001
Alistipes_A sp900546005	5281	S	44	36	80	0.00000
Alistipes_A sp900545315	5672	S	42	17	59	0.00000
Tidjanibacter inops_A	3353	S	4611	801	5412	0.00013
Rikenella microfusus	5081	S	1178	70	1248	0.00003
Dysgonomonas gadei	2096	S	63161	997	64158	0.00149
Dysgonomonas sp900556485	4178	S	2239	99	2338	0.00005
Dysgonomonas sp900079735	4435	S	98	34	132	0.00000
Dysgonomonas capnocytophagoides	1434	S	96	2	98	0.00000
MGYG000003338	4415	S	85	2	87	0.00000
Fermentimonas caenicola	2313	S	12221	472	12693	0.00029
Odoribacter sp900541415	5062	S	15667	4541	20208	0.00047
Odoribacter massiliensis	2389	S	10390	8580	18970	0.00044
MGYG000003076	4125	S	2433	570	3003	0.00007
MGYG000004711	5922	S	1318	215	1533	0.00004
MGYG000004650	5860	S	467	739	1206	0.00003
MGYG000004822	6040	S	193	4	197	0.00000
Odoribacter sp900544025	636	S	130	38	168	0.00000
Butyricimonas virosa	458	S	13750	1422	15172	0.00035
Butyricimonas sp900759925	4259	S	6489	14	6503	0.00015
Butyricimonas faecalis	2507	S	109	3	112	0.00000
Gabonibacter massiliensis	2358	S	4838	255	5093	0.00012
Gabonibacter sp900543425	2452	S	20	2	22	0.00000
Muribaculum intestinale	203	S	7493	1169	8662	0.00020
Muribaculum sp002358615	204	S	4878	886	5764	0.00013
Muribaculum sp002492595	2860	S	367	17	384	0.00001
Muribaculum sp001701195	1836	S	27	0	27	0.00000
CAG-279 sp900541935	3949	S	3304	1114	4418	0.00010
CAG-279 sp900548875	2838	S	212	361	573	0.00001
CAG-279 sp900544305	1094	S	205	323	528	0.00001
CAG-279 sp000437795	3577	S	93	41	134	0.00000
MGYG000003434	4526	S	84	3	87	0.00000
MGYG000003881	5038	S	70	68	138	0.00000
CAG-279 sp900541555	1505	S	69	4	73	0.00000
CAG-279 sp900550025	5264	S	59	52	111	0.00000
Sodaliphilus sp004557565	5677	S	3648	344	3992	0.00009
MGYG000003799	4952	S	95	13	108	0.00000
MGYG000003728	4868	S	33	11	44	0.00000
Sodaliphilus sp900770215	4705	S	12	0	12	0.00000
CAG-485 sp900552315	1444	S	414	72	486	0.00001
CAG-485 sp900554845	3800	S	365	281	646	0.00001
MGYG000004705	5916	S	160	40	200	0.00000
MGYG000004042	5207	S	124	3	127	0.00000
CAG-485 sp900761855	5147	S	104	1	105	0.00000
CAG-485 sp900766975	4525	S	34	0	34	0.00000
CAG-485 sp900555915	4222	S	29	1	30	0.00000
MGYG000003816	4972	S	27	0	27	0.00000
CAG-485 sp900542185	4089	S	24	28	52	0.00000
MGYG000004377	5571	S	20	1	21	0.00000
CAG-485 sp900549375	6048	S	19	1	20	0.00000
CAG-485 sp900760815	2488	S	16	0	16	0.00000
CAG-485 sp900321585	1955	S	13	19	32	0.00000
CAG-485 sp000437495	4207	S	13	2	15	0.00000
CAG-485 sp002491165	1246	S	7	0	7	0.00000
CAG-485 sp900554345	3763	S	6	0	6	0.00000
MGYG000004853	6071	S	6	0	6	0.00000
CAG-485 sp900556595	2978	S	4	0	4	0.00000
CAG-485 sp900541835	3628	S	2	0	2	0.00000
MGYG000002064	2995	S	520	8	528	0.00001
MGYG000004428	5624	S	96	3	99	0.00000
CAG-873 sp900755985	1731	S	50	2	52	0.00000
MGYG000001666	2521	S	43	7	50	0.00000
CAG-873 sp900548975	2864	S	28	2	30	0.00000
CAG-873 sp004552725	4520	S	28	0	28	0.00000
CAG-873 sp001701165	2849	S	27	0	27	0.00000
CAG-873 sp004552485	1235	S	25	0	25	0.00000
CAG-873 sp900759825	4256	S	23	0	23	0.00000
MGYG000000448	883	S	15	1	16	0.00000
MGYG000004213	5401	S	12	0	12	0.00000
CAG-873 sp002493945	5146	S	5	0	5	0.00000
Duncaniella sp001701225	2606	S	396	14	410	0.00001
Duncaniella dubosii	2813	S	58	19	77	0.00000
Duncaniella sp900544535	1446	S	50	6	56	0.00000
UBA7173 sp900768685	4597	S	139	1	140	0.00000
UBA7173 sp900540205	1487	S	57	3	60	0.00000
UBA7173 sp900555165	5814	S	26	1	27	0.00000
UBA7173 sp900552325	1463	S	22	11	33	0.00000
UBA7173 sp900546835	1227	S	20	6	26	0.00000
MGYG000004820	6038	S	20	1	21	0.00000
UBA7173 sp900759895	2491	S	11	4	15	0.00000
MGYG000001839	2725	S	11	0	11	0.00000
MGYG000001885	2778	S	11	0	11	0.00000
UBA7173 sp001701135	2848	S	8	0	8	0.00000
Paramuribaculum sp900546365	4248	S	35	8	43	0.00000
MGYG000001775	2650	S	29	13	42	0.00000
Paramuribaculum sp900760855	2540	S	28	4	32	0.00000
Paramuribaculum sp900759915	5932	S	19	6	25	0.00000
HGM05232 sp900759955	4261	S	78	1	79	0.00000
Amulumruptor sp900539915	4227	S	25	3	28	0.00000
Amulumruptor sp900547825	5449	S	13	0	13	0.00000
Amulumruptor sp001689515	3093	S	10	1	11	0.00000
MGYG000004432	5629	S	50	5	55	0.00000
SFTJ01 sp900769345	4640	S	42	0	42	0.00000
Porphyromonas_A somerae	1699	S	12260	1780	14040	0.00033
Porphyromonas_A sp001808555	4319	S	278	120	398	0.00001
MGYG000003746	4892	S	17	5	22	0.00000
Porphyromonas_A sp900554935	5467	S	13	2	15	0.00000
Porphyromonas sp900539765	1488	S	5692	2402	8094	0.00019
Porphyromonas sp900538385	3822	S	1069	1677	2746	0.00006
Porphyromonas gingivalis	4377	S	471	6	477	0.00001
Porphyromonas pasteri	3052	S	206	1	207	0.00000
MGYG000003813	4969	S	80	0	80	0.00000
Porphyromonas asaccharolytica	5464	S	8	11	19	0.00000
Barnesiella intestinihominis	373	S	9147	4496	13643	0.00032
Barnesiella sp900538705	1581	S	376	26	402	0.00001
Barnesiella sp002159975	888	S	81	2	83	0.00000
RF16 sp900542355	610	S	7762	87	7849	0.00018
MGYG000003633	4756	S	95	4	99	0.00000
SFVR01 sp900769035	4610	S	203	2	205	0.00000
SFVR01 sp900771035	4757	S	66	3	69	0.00000
UBA1181 sp900769555	4653	S	101	1	102	0.00000
HGM05398 sp900767385	4541	S	43	2	45	0.00000
Coprobacter secundus	2334	S	5811	569	6380	0.00015
UBA11471 sp000434215	1208	S	3874	782	4656	0.00011
UBA11471 sp900542765	5182	S	843	111	954	0.00002
MGYG000003994	5155	S	38	13	51	0.00000
MGYG000004037	5202	S	26	4	30	0.00000
UBA3388 sp002358835	4720	S	147	1	148	0.00000
UBA3388 sp900545215	3692	S	61	2	63	0.00000
HGM05376 sp900769785	4661	S	67	0	67	0.00000
F082 sp900769945	4678	S	52	8	60	0.00000
F082 sp900771045	4753	S	7	0	7	0.00000
F082 sp900542475	4780	S	4	0	4	0.00000
W3P20-009 sp900766825	4513	S	50	0	50	0.00000
Chryseobacterium gambrini	1749	S	110	1	111	0.00000
Epilithonimonas bovis	4958	S	11	1	12	0.00000
UBA1820 sp002314265	887	S	18	12	30	0.00000
UBA1820 sp003150615	827	S	17	0	17	0.00000
MGYG000003905	5060	S	3	2	5	0.00000
Flavobacterium lindanitolerans	1744	S	9	0	9	0.00000
Sutterella wadsworthensis	2075	S	497276	178754	676030	0.01569
Sutterella parvirubra	2139	S	3692	877	4569	0.00011
Sutterella wadsworthensis_A	2160	S	1902	2337	4239	0.00010
Sutterella sp900545275	1535	S	107	36	143	0.00000
MGYG000000821	1440	S	50	2	52	0.00000
MGYG000004829	6047	S	21	1	22	0.00000
Sutterella sp900754475	5905	S	21	11	32	0.00000
Sutterella faecalis	5654	S	19	3	22	0.00000
MGYG000003914	5068	S	13	4	17	0.00000
MGYG000000560	1085	S	7	0	7	0.00000
Sutterella sp900762445	5010	S	6	0	6	0.00000
Sutterella seckii_A	2894	S	4	2	6	0.00000
MGYG000000632	1182	S	3	1	4	0.00000
MGYG000001574	2414	S	3	0	3	0.00000
MGYG000002062	2993	S	2	0	2	0.00000
MGYG000004096	5271	S	2	0	2	0.00000
Sutterella sp900764215	4220	S	2	0	2	0.00000
MGYG000003441	4534	S	25947	7430	33377	0.00077
Oxalobacter formigenes	2037	S	2889	5176	8065	0.00019
Oxalobacter formigenes_B	3515	S	31	17	48	0.00000
MGYG000004749	5965	S	11	42	53	0.00000
Oxalobacter sp900760095	5228	S	3	0	3	0.00000
MGYG000003451	4546	S	2	5	7	0.00000
MGYG000004251	5445	S	2	4	6	0.00000
Parasutterella excrementihominis	1985	S	4877	372	5249	0.00012
Parasutterella sp009767915	2830	S	5	0	5	0.00000
Pigmentiphaga sp002188635	3436	S	392	189	581	0.00001
Achromobacter xylosoxidans	277	S	351	35	386	0.00001
CAG-521 sp000437635	1092	S	53	144	197	0.00000
MGYG000000351	689	S	20	19	39	0.00000
CAG-521 sp900546995	1431	S	20	7	27	0.00000
MGYG000001892	2788	S	4	3	7	0.00000
CAG-521 sp902388655	3611	S	3	0	3	0.00000
CAG-521 sp900553105	5836	S	2	6	8	0.00000
MGYG000001900	2797	S	1	2	3	0.00000
Duodenibacillus sp900544255	4362	S	231	17	248	0.00001
Duodenibacillus sp900544335	936	S	5	0	5	0.00000
Duodenibacillus sp900762555	1299	S	5	0	5	0.00000
Duodenibacillus sp900552915	1089	S	4	0	4	0.00000
Pelistega indica	3334	S	226	86	312	0.00001
Turicimonas sp900542195	3662	S	8	0	8	0.00000
Comamonas kerstersii	5332	S	7	0	7	0.00000
Acidovorax sp000302535	1937	S	2	8	10	0.00000
Cupriavidus metallidurans	4879	S	2	5	7	0.00000
Vitreoscilla massiliensis	2345	S	2489	910	3399	0.00008
Neisseria subflava_C	4463	S	9	161	170	0.00000
Neisseria macacae	2104	S	7	169	176	0.00000
MGYG000003735	4877	S	78	5	83	0.00000
MGYG000000634	1187	S	5	0	5	0.00000
Azonexus sp900549295	1746	S	2	1	3	0.00000
Providencia rettgeri_D	2027	S	27913	2796	30709	0.00071
Providencia stuartii	2007	S	1727	569	2296	0.00005
Providencia alcalifaciens	2251	S	14	1	15	0.00000
Providencia alcalifaciens_A	2250	S	2	0	2	0.00000
Escherichia coli_D	3516	S	8935	25100	34035	0.00079
Escherichia albertii	3517	S	1239	1847	3086	0.00007
Escherichia sp000208585	3291	S	319	817	1136	0.00003
Plesiomonas shigelloides	3551	S	15631	8343	23974	0.00056
Citrobacter europaeus	3504	S	2994	5640	8634	0.00020
Citrobacter gillenii	3549	S	114	359	473	0.00001
Citrobacter youngae	341	S	14	20	34	0.00000
Phytobacter sp002377245	4452	S	828	610	1438	0.00003
Phytobacter massiliensis	2188	S	282	333	615	0.00001
Phytobacter ursingii	3532	S	54	395	449	0.00001
Phytobacter diazotrophicus	3948	S	2	1	3	0.00000
Cronobacter sakazakii	3462	S	47	696	743	0.00002
Cronobacter malonaticus	3491	S	14	182	196	0.00000
Leminorella richardii	3371	S	596	249	845	0.00002
Leminorella grimontii	3267	S	2	0	2	0.00000
Enterobacter_D kobei_A	4433	S	577	2322	2899	0.00007
Salmonella bongori	3505	S	416	468	884	0.00002
Edwardsiella tarda	2064	S	276	57	333	0.00001
Pantoea septica	3423	S	162	344	506	0.00001
Pantoea anthophila	4454	S	53	17	70	0.00000
Pantoea ananatis	4473	S	4	0	4	0.00000
Pantoea eucalypti	4170	S	3	1	4	0.00000
Pantoea agglomerans	4457	S	1	0	1	0.00000
Enterobacter chengduensis	3512	S	32	187	219	0.00001
Enterobacter cancerogenus	2022	S	25	50	75	0.00000
Enterobacter cloacae	3510	S	11	32	43	0.00000
Enterobacter hormaechei_A	3514	S	10	61	71	0.00000
Enterobacter sichuanensis	3508	S	2	5	7	0.00000
Enterobacter cloacae_K	3511	S	2	7	9	0.00000
Enterobacter ludwigii	3513	S	2	3	5	0.00000
Enterobacter asburiae_B	3529	S	2	16	18	0.00000
Enterobacter kobei	503	S	1	4	5	0.00000
Enterobacter bugandensis	3864	S	1	3	4	0.00000
Proteus sp001722135	3411	S	99	17	116	0.00000
Proteus sp003144505	6032	S	43	96	139	0.00000
Proteus vulgaris	3526	S	1	0	1	0.00000
Yersinia enterocolitica	3307	S	68	73	141	0.00000
Yersinia massiliensis	3469	S	25	9	34	0.00000
Yersinia frederiksenii	3470	S	5	2	7	0.00000
Pseudescherichia sp002298805	4439	S	139	131	270	0.00001
Klebsiella quasivariicola	4228	S	38	87	125	0.00000
Klebsiella pneumoniae	3554	S	30	95	125	0.00000
Klebsiella aerogenes	3507	S	23	46	69	0.00000
Klebsiella variicola	3521	S	6	9	15	0.00000
MGYG000003882	5039	S	2	1	3	0.00000
Cedecea davisae	2216	S	75	104	179	0.00000
Serratia marcescens_I	3323	S	23	48	71	0.00000
Serratia surfactantfaciens	3528	S	13	14	27	0.00000
Serratia ureilytica	4481	S	4	4	8	0.00000
Serratia liquefaciens	4849	S	1	0	1	0.00000
Enterobacter_A timonensis	2369	S	68	124	192	0.00000
Citrobacter_A sedlakii	2567	S	47	72	119	0.00000
Klebsiella_A oxytoca	305	S	40	59	99	0.00000
Hafnia alvei	3518	S	23	12	35	0.00000
Kluyvera ascorbata_B	3499	S	12	59	71	0.00000
Franconibacter helveticus	4157	S	10	1	11	0.00000
Raoultella ornithinolytica	3340	S	7	20	27	0.00000
Chimaeribacter coloradensis	4167	S	5	1	6	0.00000
Mixta calida	4235	S	4	1	5	0.00000
Kosakonia cowanii	5041	S	4	2	6	0.00000
Leclercia adecarboxylata_C	4241	S	1	1	2	0.00000
Vibrio cholerae	3275	S	10265	4946	15211	0.00035
Vibrio metoecus	3348	S	293	16	309	0.00001
Vibrio furnissii	2584	S	44	11	55	0.00000
Vibrio vulnificus	3547	S	39	0	39	0.00000
Vibrio fluvialis	2572	S	16	0	16	0.00000
Succinivibrio sp900770725	4731	S	1699	327	2026	0.00005
MGYG000000708	1287	S	22	1	23	0.00000
UBA2804 sp900768635	4591	S	65	17	82	0.00000
Anaerobiospirillum succiniciproducens	4533	S	7	4	11	0.00000
Anaerobiospirillum sp900543125	660	S	1	0	1	0.00000
WG-1 sp900539665	4550	S	13	1	14	0.00000
MGYG000001890	2785	S	6	0	6	0.00000
Haemophilus_D parainfluenzae_N	3935	S	598	302	900	0.00002
MGYG000000860	1471	S	334	167	501	0.00001
MGYG000001112	1765	S	11	5	16	0.00000
MGYG000004837	6054	S	9	7	16	0.00000
Haemophilus_D sp900756155	1622	S	6	2	8	0.00000
Haemophilus_D parainfluenzae_L	1736	S	5	1	6	0.00000
MGYG000003021	4076	S	3	0	3	0.00000
Haemophilus sp002998595	3658	S	21	1	22	0.00000
Haemophilus influenzae	4474	S	21	0	21	0.00000
Aeromonas dhakensis	2557	S	31	572	603	0.00001
Aeromonas veronii_A	2556	S	4	43	47	0.00000
Aeromonas caviae	3539	S	4	51	55	0.00000
Acinetobacter variabilis	3314	S	565	830	1395	0.00003
Acinetobacter junii	2055	S	182	581	763	0.00002
Acinetobacter sp900766635	4500	S	31	6	37	0.00000
Acinetobacter pittii	3318	S	16	75	91	0.00000
Acinetobacter courvalinii	3315	S	15	36	51	0.00000
Acinetobacter baumannii	3316	S	2	7	9	0.00000
Acinetobacter sp900771065	4755	S	1	0	1	0.00000
Pseudomonas_B luteola	2241	S	290	269	559	0.00001
Pseudomonas citronellolis	5333	S	5	4	9	0.00000
Pseudomonas_R sp900766265	4462	S	1	1	2	0.00000
Salinicola tamaricis	4071	S	105	75	180	0.00000
Stenotrophomonas bentonitica_A	3367	S	612	2880	3492	0.00008
Stenotrophomonas maltophilia_AK	3368	S	1	20	21	0.00000
Stenotrophomonas maltophilia	3928	S	1	26	27	0.00000
Xanthomonas_B massiliensis	2366	S	425	523	948	0.00002
MGYG000004298	5492	S	783	1662	2445	0.00006
CAG-977 sp900553035	3598	S	10	1	11	0.00000
CAG-977 sp900768845	4603	S	2	3	5	0.00000
UBA2903 sp002349565	5687	S	11	47	58	0.00000
CAAHEQ01 sp900772625	3668	S	1086	29	1115	0.00003
UBA7488 sp002477185	6127	S	298	114	412	0.00001
MGYG000004537	5742	S	2	1	3	0.00000
MGYG000004361	5556	S	1	0	1	0.00000
MGYG000000637	1191	S	1176	26	1202	0.00003
CAG-495 sp001917125	3634	S	14	1	15	0.00000
MGYG000004444	5644	S	10	3	13	0.00000
MGYG000004400	5596	S	8	0	8	0.00000
MGYG000000394	784	S	5	0	5	0.00000
CAG-495 sp900540425	2904	S	4	0	4	0.00000
RUG410 sp900769705	990	S	12	6	18	0.00000
MGYG000000617	1164	S	3	1	4	0.00000
51-20 sp001917175	2941	S	4	0	4	0.00000
MGYG000003817	4973	S	4	1	5	0.00000
51-20 sp900539605	4983	S	3	1	4	0.00000
51-20 sp900762565	4358	S	1	0	1	0.00000
CAG-267 sp001917135	4278	S	6	4	10	0.00000
CAG-267 sp900551865	1490	S	4	1	5	0.00000
MGYG000000610	1155	S	4	0	4	0.00000
Rs-D84 sp900546225	3195	S	85	4014	4099	0.00010
Rs-D84 sp900546185	1587	S	19	50	69	0.00000
Rs-D84 sp900550565	4786	S	15	60	75	0.00000
Rs-D84 sp900549365	1125	S	2	91	93	0.00000
MGYG000003371	4446	S	39	101	140	0.00000
Bradyrhizobium sp000015165	4186	S	10	4	14	0.00000
Caulobacter sp903900155	1931	S	1	0	1	0.00000
Lentilactobacillus parafarraginis	3561	S	15502	943	16445	0.00038
Lentilactobacillus kefiri	3476	S	34	7	41	0.00000
Lactobacillus delbrueckii	2085	S	5082	310	5392	0.00013
Lactobacillus crispatus	3320	S	612	990	1602	0.00004
Lactobacillus hominis	3336	S	294	165	459	0.00001
Lactobacillus iners	2106	S	208	20	228	0.00001
Lactobacillus acidophilus	3363	S	62	43	105	0.00000
Lactobacillus johnsonii	92	S	23	27	50	0.00000
Lactobacillus paragasseri	3374	S	16	71	87	0.00000
Lactobacillus intestinalis	91	S	15	9	24	0.00000
Lactobacillus gallinarum	4412	S	4	12	16	0.00000
Lactobacillus kalixensis	4011	S	3	0	3	0.00000
Lactobacillus amylovorus	397	S	2	6	8	0.00000
Leuconostoc lactis	5862	S	3717	257	3974	0.00009
Leuconostoc citreum	4487	S	7	0	7	0.00000
Ligilactobacillus salivarius	3292	S	2245	1065	3310	0.00008
Ligilactobacillus animalis	286	S	428	183	611	0.00001
Ligilactobacillus agilis	3377	S	156	35	191	0.00000
Limosilactobacillus reuteri_E	2043	S	1610	1693	3303	0.00008
Limosilactobacillus vaginalis_A	130	S	85	48	133	0.00000
Limosilactobacillus fermentum	406	S	69	11	80	0.00000
Limosilactobacillus oris	1723	S	2	0	2	0.00000
Limosilactobacillus timonensis	6039	S	1	0	1	0.00000
MGYG000004840	6058	S	1	0	1	0.00000
Levilactobacillus brevis	3365	S	2391	448	2839	0.00007
Levilactobacillus namurensis	6079	S	29	0	29	0.00000
Pediococcus pentosaceus	3347	S	983	1310	2293	0.00005
Pediococcus acidilactici	1988	S	17	6	23	0.00000
Weissella cibaria	522	S	134	1688	1822	0.00004
Weissella paramesenteroides	2052	S	26	32	58	0.00000
Weissella confusa_B	6119	S	7	123	130	0.00000
Weissella viridescens	1754	S	1	0	1	0.00000
Lacticaseibacillus paracasei	3375	S	138	15	153	0.00000
Lacticaseibacillus sp900540605	1458	S	5	0	5	0.00000
Loigolactobacillus coryniformis	4847	S	120	4	124	0.00000
Companilactobacillus farciminis	6006	S	13	2	15	0.00000
Companilactobacillus farciminis_A	1442	S	1	0	1	0.00000
Lactiplantibacillus pentosus	3825	S	6	0	6	0.00000
Schleiferilactobacillus harbinensis	3812	S	3	0	3	0.00000
Fructilactobacillus sanfranciscensis	2974	S	2	0	2	0.00000
Streptococcus sp000411475	2209	S	721	211	932	0.00002
Streptococcus infantarius	2008	S	395	50	445	0.00001
Streptococcus mutans	559	S	259	2	261	0.00001
Streptococcus oralis_E	4882	S	116	35	151	0.00000
Streptococcus anginosus_C	3319	S	111	40	151	0.00000
Streptococcus agalactiae	3321	S	99	20	119	0.00000
Streptococcus vestibularis	1108	S	69	11	80	0.00000
Streptococcus koreensis	3258	S	47	15	62	0.00000
Streptococcus sanguinis_H	3614	S	31	0	31	0.00000
Streptococcus sp900550895	5463	S	20	8	28	0.00000
Streptococcus sp902363395	319	S	14	10	24	0.00000
MGYG000000576	1102	S	12	0	12	0.00000
Streptococcus mitis_AC	4445	S	7	1	8	0.00000
MGYG000003797	4950	S	6	1	7	0.00000
Streptococcus parasanguinis_B	453	S	5	3	8	0.00000
Streptococcus anginosus	2076	S	5	1	6	0.00000
Streptococcus oralis_S	4195	S	5	2	7	0.00000
Streptococcus timonensis	2397	S	5	1	6	0.00000
Streptococcus equinus	2077	S	4	0	4	0.00000
Streptococcus mitis_D	1607	S	4	1	5	0.00000
Streptococcus constellatus	5515	S	4	1	5	0.00000
Streptococcus sp900755085	1704	S	3	1	4	0.00000
Streptococcus oralis	3932	S	2	1	3	0.00000
Streptococcus parasanguinis	135	S	1	0	1	0.00000
Streptococcus peroris	3863	S	1	0	1	0.00000
Streptococcus rubneri	4038	S	1	0	1	0.00000
MGYG000001197	1858	S	1	0	1	0.00000
Streptococcus infantis_I	631	S	1	0	1	0.00000
Lactococcus_A piscium_C	4053	S	48	0	48	0.00000
Lactococcus lactis_E	1381	S	17	1	18	0.00000
Lactococcus garvieae	1110	S	2	0	2	0.00000
Lactococcus garvieae_B	1648	S	2	0	2	0.00000
Enterococcus_G italicus	654	S	105	23	128	0.00000
Enterococcus_A devriesei	4845	S	92	56	148	0.00000
Enterococcus_A avium	3230	S	6	2	8	0.00000
Enterococcus_A pallens	4025	S	6	0	6	0.00000
Enterococcus_D gallinarum	304	S	61	44	105	0.00000
Enterococcus_D casseliflavus	506	S	4	16	20	0.00000
Enterococcus_D sp002850555	637	S	1	3	4	0.00000
Enterococcus caccae	3472	S	48	1	49	0.00000
Enterococcus_B lactis	3287	S	24	40	64	0.00000
Enterococcus_B durans	399	S	6	4	10	0.00000
Enterococcus_C asini	401	S	6	2	8	0.00000
Enterococcus_C dispar	1870	S	1	0	1	0.00000
Listeria grayi	1993	S	433	38	471	0.00001
Listeria monocytogenes_B	3293	S	5	2	7	0.00000
Listeria innocua	2132	S	4	2	6	0.00000
Vagococcus sp003462485	3261	S	293	12	305	0.00001
Granulicatella sp001058355	3883	S	24	2	26	0.00000
Faecalibacillus intestinalis	186	S	8253	13283	21536	0.00050
Faecalibacillus faecis	3447	S	2164	2223	4387	0.00010
Longibaculum muris	358	S	3390	1038	4428	0.00010
Longibaculum sp900538465	2484	S	4	1	5	0.00000
Catenibacterium mitsuokai	142	S	375	180	555	0.00001
Catenibacterium sp900540665	1435	S	132	18	150	0.00000
Catenibacterium sp900764565	4400	S	4	0	4	0.00000
Catenibacterium sp900540685	4779	S	2	0	2	0.00000
Stoquefichus massiliensis	2230	S	495	430	925	0.00002
Stoquefichus sp001244545	6092	S	16	8	24	0.00000
Coprobacillus cateniformis	2141	S	318	692	1010	0.00002
Beduini sp902363625	355	S	296	14	310	0.00001
Erysipelatoclostridium sp002160495	5843	S	17	17	34	0.00000
Massiliomicrobiota sp002160865	1923	S	10	3	13	0.00000
Holdemania massiliensis	2193	S	2479	3343	5822	0.00014
Holdemania sp900120005	3817	S	17	0	17	0.00000
Holdemanella sp900547815	1209	S	1898	1863	3761	0.00009
Holdemanella sp002299315	530	S	77	178	255	0.00001
Holdemanella sp003436425	4826	S	10	12	22	0.00000
Holdemanella sp900754615	5569	S	2	3	5	0.00000
Bulleidia moorei	418	S	1173	408	1581	0.00004
Bulleidia massiliensis_B	4741	S	41	43	84	0.00000
MGYG000001826	2712	S	24	0	24	0.00000
MGYG000003586	4702	S	7	8	15	0.00000
Bulleidia sp900539965	1383	S	3	3	6	0.00000
Dielma fastidiosa	2182	S	523	920	1443	0.00003
Dielma sp001305055	3300	S	174	216	390	0.00001
Absicoccus sp000434355	549	S	447	908	1355	0.00003
Clostridium_AQ sp000165065	2065	S	128	132	260	0.00001
Clostridium_AQ innocuum	2133	S	58	102	160	0.00000
Longicatena caecimuris	2136	S	121	219	340	0.00001
MGYG000004077	5246	S	79	82	161	0.00000
Faecalicoccus sp900546545	4817	S	41	18	59	0.00000
Merdibacter sp900543035	4133	S	26	5	31	0.00000
Merdibacter sp900759455	5031	S	2	0	2	0.00000
Massilicoli timonensis	1833	S	20	3	23	0.00000
CAG-1000 sp900772435	5277	S	1155	728	1883	0.00004
CAG-1000 sp004552445	4623	S	472	3713	4185	0.00010
CAG-1000 sp000434555	5604	S	297	315	612	0.00001
MGYG000004204	5392	S	81	58	139	0.00000
CAG-1000 sp000436975	2623	S	23	8	31	0.00000
CAG-1000 sp900761555	849	S	3	3	6	0.00000
CAG-878 sp000432255	3627	S	1998	2335	4333	0.00010
CAG-611 sp000434175	2858	S	93	1278	1371	0.00003
CAG-611 sp900552235	858	S	1	10	11	0.00000
CAG-302 sp000431795	5094	S	1121	762	1883	0.00004
CAG-302 sp900549325	3217	S	3	1	4	0.00000
MGYG000004012	5174	S	1	0	1	0.00000
UBA3631 sp900544605	3854	S	912	510	1422	0.00003
MGYG000004527	5731	S	863	696	1559	0.00004
UBA5026 sp900552335	3201	S	381	268	649	0.00002
UBA5026 sp900557305	5537	S	69	154	223	0.00001
UBA5026 sp900546745	5330	S	26	26	52	0.00000
UBA7057 sp900543675	598	S	384	37	421	0.00001
UBA7057 sp900542735	1840	S	2	0	2	0.00000
CAG-822 sp900546055	5300	S	369	75	444	0.00001
CAG-914 sp000437895	1504	S	279	202	481	0.00001
CAG-594 sp000434835	5258	S	114	121	235	0.00001
CAG-594 sp900759985	2498	S	42	1	43	0.00000
CAG-594 sp900771805	4785	S	5	16	21	0.00000
MGYG000004395	5591	S	3	1	4	0.00000
MGYG000002182	3119	S	134	262	396	0.00001
MGYG000004509	5714	S	31	84	115	0.00000
CAG-533 sp000434495	3109	S	115	132	247	0.00001
CAG-533 sp900551105	3209	S	26	30	56	0.00000
UMGS1648 sp900553765	1681	S	133	23	156	0.00000
HGM10766 sp900757295	5254	S	85	33	118	0.00000
CAG-582 sp000435515	5188	S	84	53	137	0.00000
CAG-605 sp900545005	3910	S	10	44	54	0.00000
CAG-605 sp000433255	650	S	3	2	5	0.00000
CAG-605 sp000433475	5160	S	1	9	10	0.00000
MGYG000004620	5830	S	1	11	12	0.00000
CAG-460 sp900751815	5752	S	74	8	82	0.00000
MGYG000004242	5434	S	2	3	5	0.00000
CAG-460 sp000437315	5547	S	1	2	3	0.00000
CAG-877 sp900554305	2946	S	34	28	62	0.00000
CAG-877 sp900554315	2878	S	11	4	15	0.00000
CAG-877 sp000433455	3845	S	2	2	4	0.00000
MGYG000004455	5655	S	2	3	5	0.00000
CAG-877 sp900753325	1684	S	1	0	1	0.00000
CAG-877 sp900548695	3974	S	1	0	1	0.00000
MGYG000004795	6013	S	1	1	2	0.00000
CAG-710 sp000432595	829	S	43	23	66	0.00000
MGYG000004170	5354	S	2	2	4	0.00000
UMGS1124 sp900548725	3840	S	38	15	53	0.00000
MGYG000001840	2727	S	27	12	39	0.00000
MGYG000001968	2884	S	8	0	8	0.00000
CAG-988 sp003149915	4135	S	19	1	20	0.00000
MGYG000001743	2613	S	16	10	26	0.00000
CAG-776 sp900758895	1903	S	8	20	28	0.00000
CAG-776 sp900549285	2833	S	7	0	7	0.00000
CAG-762 sp000432575	1054	S	10	13	23	0.00000
MGYG000001917	2822	S	1	1	2	0.00000
UMGS2068 sp900769635	5713	S	5	2	7	0.00000
CAG-451 sp000438295	1296	S	1	1	2	0.00000
MGYG000004502	5706	S	1	0	1	0.00000
CAG-433 sp900546245	5810	S	3	1	4	0.00000
RUG705 sp900551455	3151	S	2	3	5	0.00000
RUG705 sp900759875	2534	S	1	0	1	0.00000
UMGS1613 sp900553395	3189	S	2	1	3	0.00000
MGYG000004530	5734	S	1	1	2	0.00000
MGYG000004216	5406	S	2	0	2	0.00000
MGYG000004051	5217	S	2	4	6	0.00000
HGM10873 sp900753645	5959	S	2	0	2	0.00000
MGYG000004299	5493	S	1	0	1	0.00000
Bacillus_BE massilionigeriensis	3396	S	9398	1410	10808	0.00025
Neobacillus sp000821085	2275	S	188	15	203	0.00000
Bacillus_BD tuaregi	3402	S	96	10	106	0.00000
Weizmannia coagulans	442	S	4196	274	4470	0.00010
Bacillus_J andreraoultii	2309	S	1743	340	2083	0.00005
Bacillus_BN massilioanorexius	2191	S	40	6	46	0.00000
Bacillus_BN testis	2304	S	23	34	57	0.00000
Peribacillus simplex	263	S	9	1	10	0.00000
Pradoshia sp001183965	5363	S	3	0	3	0.00000
UBA4855 sp900540365	1578	S	1762	1164	2926	0.00007
UBA4855 sp900540395	1602	S	1390	703	2093	0.00005
RUG131 sp900315885	5113	S	2512	392	2904	0.00007
UBA4951 sp900542595	2715	S	28	13	41	0.00000
UBA733 sp900767605	1257	S	3	1	4	0.00000
MGYG000003426	4516	S	1	0	1	0.00000
UBA733 sp900767825	4605	S	1	0	1	0.00000
MGYG000004440	5640	S	1149	130	1279	0.00003
MGYG000004199	5387	S	9	2	11	0.00000
CAG-449 sp900551385	5692	S	3	1	4	0.00000
CAG-449 sp000432895	843	S	2	2	4	0.00000
UBA3210 sp900755065	2956	S	28	2	30	0.00000
UBA7642 sp900539865	2524	S	69	7	76	0.00000
UBA7642 sp900549915	4574	S	8	1	9	0.00000
UBA7642 sp900763245	4367	S	4	0	4	0.00000
UBA7642 sp900770925	929	S	1	0	1	0.00000
MGYG000004606	5816	S	9	0	9	0.00000
MGYG000004029	5193	S	34	78	112	0.00000
CAG-631 sp900754115	1691	S	7	6	13	0.00000
MGYG000001800	2680	S	1	0	1	0.00000
CAG-631 sp000433015	4325	S	1	1	2	0.00000
Paenibacillus_A ihumii	2336	S	2886	587	3473	0.00008
Paenibacillus_A sp900069005	2376	S	228	38	266	0.00001
Paenibacillus_A tuaregi	2384	S	225	117	342	0.00001
Paenibacillus_A senegalimassiliensis	2353	S	126	18	144	0.00000
Paenibacillus_A sp900766135	4431	S	7	0	7	0.00000
Paenibacillus odorifer	3410	S	724	574	1298	0.00003
Paenibacillus polymyxa	4815	S	132	12	144	0.00000
Paenibacillus lautus_A	2090	S	22	3	25	0.00000
Paenibacillus amylolyticus	4122	S	12	0	12	0.00000
Cohnella sp900169535	3400	S	302	32	334	0.00001
Gorillibacterium timonense	2342	S	153	9	162	0.00000
Ureaplasma sp900544585	1419	S	3292	4	3296	0.00008
Ureaplasma parvum	4459	S	139	81	220	0.00001
Mycoplasmopsis bovis	5887	S	10	0	10	0.00000
Metamycoplasma hominis	4491	S	3	0	3	0.00000
CAG-313 sp900539265	4295	S	1509	2890	4399	0.00010
CAG-313 sp003539625	5651	S	182	139	321	0.00001
CAG-313 sp000433035	3130	S	3	4	7	0.00000
CAG-313 sp900760745	5743	S	2	0	2	0.00000
HGM10611 sp900770645	4724	S	4	8	12	0.00000
UMGS1109 sp900548675	2663	S	2	5	7	0.00000
Tener-01 sp001940985	680	S	330	119	449	0.00001
MGYG000004423	5619	S	2	15	17	0.00000
Oceanobacillus jeddahense	2261	S	772	530	1302	0.00003
Oceanobacillus caeni	3378	S	38	13	51	0.00000
Oceanobacillus massiliensis	2145	S	33	19	52	0.00000
Gracilibacillus phocaeensis	2385	S	582	254	836	0.00002
Gracilibacillus massiliensis	2349	S	6	0	6	0.00000
Virgibacillus kapii	2259	S	34	13	47	0.00000
Virgibacillus picturae	2569	S	7	8	15	0.00000
Thalassobacillus devorans	2324	S	95	26	121	0.00000
Turicibacter sanguinis	372	S	1336	92	1428	0.00003
Risungbinella massiliensis	2290	S	676	18	694	0.00002
Numidum massiliense	2329	S	384	6	390	0.00001
Bacillus_A wiedmannii	3331	S	193	210	403	0.00001
Ferdinandcohnia timonensis	2150	S	29	157	186	0.00000
Bacillus licheniformis	3332	S	10	426	436	0.00001
Bacillus subtilis	101	S	5	47	52	0.00000
Rubeoparvulum massiliense	2296	S	897	19	916	0.00002
Kurthia massiliensis	2154	S	63	266	329	0.00001
Kurthia senegalensis	3272	S	27	106	133	0.00000
Planococcus massiliensis	2277	S	90	9	99	0.00000
Psychrobacillus sp012843435	5177	S	10	1	11	0.00000
Ureibacillus endophyticus	5747	S	2	0	2	0.00000
Exiguobacterium sp902362975	249	S	109	445	554	0.00001
Exiguobacterium sp003467445	545	S	2	7	9	0.00000
Alkalihalobacillus alcalophilus	3297	S	197	5	202	0.00000
Staphylococcus epidermidis	339	S	41	58	99	0.00000
Staphylococcus capitis	4483	S	3	4	7	0.00000
Staphylococcus xylosus	87	S	1	7	8	0.00000
Staphylococcus_A lentus	96	S	13	8	21	0.00000
Aneurinibacillus aneurinilyticus	2234	S	60	3	63	0.00000
Anaeroplasma sp900767915	963	S	8	0	8	0.00000
Anaeroplasma sp900770055	4691	S	1	5	6	0.00000
CAG-307 sp900547045	5497	S	1	0	1	0.00000
Sporolactobacillus sp900543345	3988	S	3	0	3	0.00000
Collinsella sp900542275	4016	S	13784	14147	27931	0.00065
MGYG000002746	3784	S	399	271	670	0.00002
Collinsella ihuae	2371	S	368	21	389	0.00001
Collinsella sp900541145	581	S	311	293	604	0.00001
Collinsella sp900752475	2587	S	259	180	439	0.00001
Collinsella sp900541285	1608	S	231	953	1184	0.00003
Collinsella aerofaciens_F	266	S	154	241	395	0.00001
Collinsella sp900765185	4417	S	152	583	735	0.00002
Collinsella sp003487125	5701	S	114	161	275	0.00001
MGYG000003050	4098	S	100	28	128	0.00000
Collinsella sp900762325	4350	S	89	385	474	0.00001
Collinsella tanakaei	2105	S	70	6	76	0.00000
Collinsella sp003437035	547	S	53	58	111	0.00000
Collinsella sp900555815	3911	S	18	55	73	0.00000
MGYG000003109	4149	S	17	11	28	0.00000
Collinsella sp900553705	4097	S	15	14	29	0.00000
Collinsella sp900554985	4075	S	15	13	28	0.00000
Collinsella sp900550825	3905	S	15	53	68	0.00000
MGYG000003732	4872	S	14	11	25	0.00000
Collinsella sp900556365	3050	S	14	25	39	0.00000
Collinsella sp900549535	3909	S	13	16	29	0.00000
Collinsella sp900549215	1612	S	13	17	30	0.00000
Collinsella sp002232035	391	S	12	15	27	0.00000
Collinsella sp900554585	3976	S	9	3	12	0.00000
MGYG000004549	5756	S	9	21	30	0.00000
MGYG000001196	1857	S	9	6	15	0.00000
MGYG000000934	1554	S	8	22	30	0.00000
Collinsella sp900549195	4081	S	8	8	16	0.00000
Collinsella stercoris	2578	S	8	0	8	0.00000
Collinsella sp900757265	1777	S	7	3	10	0.00000
Collinsella sp900754435	5962	S	7	7	14	0.00000
Collinsella sp900548565	4080	S	7	8	15	0.00000
MGYG000003823	4979	S	7	6	13	0.00000
MGYG000002921	3970	S	7	6	13	0.00000
Collinsella sp900550415	1447	S	6	18	24	0.00000
Collinsella sp900548935	1562	S	6	3	9	0.00000
Collinsella sp900553935	1571	S	5	5	10	0.00000
Collinsella sp900544755	1413	S	5	4	9	0.00000
MGYG000003923	5077	S	5	4	9	0.00000
Collinsella sp900765115	4416	S	5	11	16	0.00000
Collinsella sp900767675	4559	S	4	2	6	0.00000
MGYG000004651	5861	S	4	1	5	0.00000
MGYG000001916	2821	S	4	3	7	0.00000
MGYG000002743	3781	S	4	3	7	0.00000
MGYG000004772	5990	S	4	7	11	0.00000
MGYG000003915	5069	S	3	1	4	0.00000
MGYG000001150	1802	S	3	3	6	0.00000
Collinsella sp900556445	6061	S	3	4	7	0.00000
Collinsella sp900549085	3042	S	3	1	4	0.00000
Collinsella sp900544425	1481	S	3	38	41	0.00000
Collinsella sp900542315	3888	S	3	1	4	0.00000
MGYG000004301	5495	S	2	1	3	0.00000
Collinsella bouchesdurhonensis	1900	S	2	0	2	0.00000
Collinsella sp900542155	1469	S	2	1	3	0.00000
Collinsella sp900556285	4208	S	2	1	3	0.00000
MGYG000001575	2415	S	2	0	2	0.00000
Collinsella sp900757185	1776	S	2	1	3	0.00000
MGYG000003698	4825	S	2	3	5	0.00000
MGYG000004664	5875	S	2	0	2	0.00000
Collinsella aerofaciens_H	5903	S	2	7	9	0.00000
MGYG000002793	3833	S	1	0	1	0.00000
MGYG000004421	5617	S	1	0	1	0.00000
Collinsella sp900555355	1496	S	1	2	3	0.00000
MGYG000002130	3062	S	1	0	1	0.00000
Collinsella sp900550355	619	S	1	0	1	0.00000
MGYG000001583	2423	S	1	8	9	0.00000
MGYG000001582	2422	S	1	3	4	0.00000
MGYG000002808	3848	S	1	0	1	0.00000
Collinsella aerofaciens_A	3555	S	1	2	3	0.00000
MGYG000003175	4225	S	1	0	1	0.00000
Collinsella sp900543615	4083	S	1	0	1	0.00000
Collinsella sp900545905	4231	S	1	0	1	0.00000
MGYG000002759	3797	S	1	0	1	0.00000
Collinsella sp900540095	1613	S	1	0	1	0.00000
MGYG000003894	5051	S	1	0	1	0.00000
Collinsella sp900544205	3902	S	1	0	1	0.00000
MGYG000000210	465	S	1	1	2	0.00000
MGYG000002730	3768	S	1	0	1	0.00000
Collinsella sp900551555	5811	S	1	0	1	0.00000
MGYG000004765	5983	S	1	0	1	0.00000
Collinsella sp900555765	5984	S	1	7	8	0.00000
MGYG000001724	2592	S	1	0	1	0.00000
MGYG000001679	2537	S	1	1	2	0.00000
Collinsella sp900768265	1036	S	1	0	1	0.00000
Enorma massiliensis	2166	S	179	17	196	0.00000
Enorma sp900751795	5792	S	1	0	1	0.00000
RUG013 sp001486445	2351	S	1072	284	1356	0.00003
Enteroscipio rubneri	3442	S	470	3047	3517	0.00008
Gordonibacter massiliensis	3403	S	443	504	947	0.00002
Rubneribacter badeniensis	3444	S	227	437	664	0.00002
Eggerthella lenta	3564	S	185	1076	1261	0.00003
Eggerthella sp014287365	6052	S	5	13	18	0.00000
CAG-1427 sp900539675	4058	S	24	13	37	0.00000
MGYG000003745	4891	S	18	1	19	0.00000
CAG-1427 sp900753095	2698	S	16	7	23	0.00000
CAG-1427 sp900548955	5474	S	11	1	12	0.00000
MGYG000000616	1163	S	5	16	21	0.00000
CAG-1427 sp000434775	1821	S	2	0	2	0.00000
CAG-1427 sp900540345	1738	S	2	1	3	0.00000
MGYG000000300	602	S	1	2	3	0.00000
MGYG000004728	5941	S	1	0	1	0.00000
CAG-1427 sp000435675	5252	S	1	3	4	0.00000
MGYG000004635	5846	S	63	139	202	0.00000
Slackia_A sp900553775	1527	S	15	20	35	0.00000
Slackia_A sp900553655	5377	S	3	1	4	0.00000
Slackia_A sp900555495	2486	S	2	0	2	0.00000
MGYG000004264	5460	S	1	0	1	0.00000
UMGS1502 sp900552365	1145	S	20	0	20	0.00000
MGYG000004183	5370	S	12	0	12	0.00000
MGYG000004554	5761	S	2	0	2	0.00000
MGYG000004817	6035	S	7	36	43	0.00000
MGYG000004654	5864	S	2	1	3	0.00000
MGYG000004592	5800	S	2	0	2	0.00000
MGYG000001600	2444	S	1	0	1	0.00000
DNF00809 sp001552935	1960	S	1	0	1	0.00000
MGYG000000635	1189	S	1	0	1	0.00000
Olsenella sp001457795	2343	S	2615	49	2664	0.00006
Olsenella sp900555995	6097	S	252	23	275	0.00001
Lancefieldella parvula	3954	S	540	9	549	0.00001
Lancefieldella sp902373375	1945	S	4	0	4	0.00000
Lancefieldella sp900555335	1399	S	1	0	1	0.00000
Olsenella_E timonensis	3397	S	368	64	432	0.00001
Parolsenella sp900549525	3842	S	4	0	4	0.00000
Parolsenella sp900543875	5451	S	2	0	2	0.00000
Parolsenella sp900544655	1875	S	1	0	1	0.00000
Parolsenella sp900552935	3037	S	1	0	1	0.00000
UBA7741 sp900314575	5973	S	3	0	3	0.00000
Atopobium minutum	5454	S	2	0	2	0.00000
Olsenella_B sp900770865	4745	S	1	0	1	0.00000
QAMH01 sp900544245	5320	S	20	113	133	0.00000
QAMH01 sp003149935	1855	S	2	26	28	0.00000
CACZQA01 sp902783175	2699	S	21	6	27	0.00000
CACZQA01 sp900758075	1895	S	3	0	3	0.00000
Bifidobacterium vaginale_G	1974	S	2658	3286	5944	0.00014
Bifidobacterium catenulatum	2292	S	1152	4234	5386	0.00012
Bifidobacterium thermophilum	3305	S	568	360	928	0.00002
Bifidobacterium scardovii	4458	S	439	177	616	0.00001
Bifidobacterium dentium	2067	S	408	1324	1732	0.00004
Bifidobacterium infantis	1982	S	317	2890	3207	0.00007
Bifidobacterium animalis	3460	S	210	1126	1336	0.00003
Bifidobacterium globosum	3344	S	19	19	38	0.00000
Bifidobacterium gallinarum	4119	S	6	20	26	0.00000
Bifidobacterium ruminantium	4547	S	6	8	14	0.00000
Bifidobacterium vaginale_F	4035	S	2	2	4	0.00000
Bifidobacterium sp002884815	4917	S	1	0	1	0.00000
Bifidobacterium italicum	5945	S	1	3	4	0.00000
Parascardovia denticolens	3992	S	30	0	30	0.00000
Pauljensenia radingae_A	2347	S	287	1602	1889	0.00004
Pauljensenia sp000308055	2161	S	99	1837	1936	0.00004
Pauljensenia polynesiensis	2274	S	65	20	85	0.00000
Pauljensenia sp900541895	601	S	1	16	17	0.00000
Pauljensenia culturomici	4963	S	1	0	1	0.00000
Flaviflexus massiliensis	2326	S	271	171	442	0.00001
Varibaculum cambriense	3941	S	121	248	369	0.00001
Varibaculum massiliense	4905	S	4	0	4	0.00000
Actinomyces graevenitzii	3993	S	1	1	2	0.00000
Actinomyces sp000220835	5954	S	1	1	2	0.00000
MGYG000000642	1197	S	1	1	2	0.00000
MGYG000004080	5249	S	1	1	2	0.00000
MGYG000004886	6106	S	1087	457	1544	0.00004
Rothia mucilaginosa_B	1946	S	12	2	14	0.00000
Rothia mucilaginosa_A	4168	S	6	2	8	0.00000
Rothia terrae	641	S	3	0	3	0.00000
Rothia mucilaginosa	612	S	2	0	2	0.00000
Rothia aeria	4056	S	2	0	2	0.00000
Mobilicoccus massiliensis	2285	S	609	72	681	0.00002
Brevibacterium senegalense	2158	S	494	41	535	0.00001
MGYG000003791	4944	S	8	1	9	0.00000
MGYG000003792	4945	S	2	0	2	0.00000
Corynebacterium pacaense	3398	S	885	1080	1965	0.00005
MGYG000003805	4959	S	547	264	811	0.00002
Corynebacterium bouchesdurhonense	2379	S	497	472	969	0.00002
Corynebacterium propinquum	255	S	470	442	912	0.00002
Corynebacterium amycolatum_A	2200	S	111	229	340	0.00001
Corynebacterium provencense	2373	S	90	141	231	0.00001
Corynebacterium kroppenstedtii_A	3930	S	8	0	8	0.00000
Corynebacterium aurimucosum_E	4455	S	2	2	4	0.00000
Mycobacterium avium	3269	S	2255	788	3043	0.00007
Lawsonella clevelandensis	3939	S	17	185	202	0.00000
MGYG000003716	4852	S	3	4	7	0.00000
Blastococcus massiliensis	2255	S	321	70	391	0.00001
Cutibacterium acnes	314	S	2262	2676	4938	0.00011
Cutibacterium granulosum	4182	S	80	150	230	0.00001
Mitsuokella jalaludinii	148	S	18338	4236	22574	0.00052
Mitsuokella sp900552565	4781	S	2	0	2	0.00000
Megamonas funiformis	3246	S	336	130	466	0.00001
Anaerovibrio sp900548165	3046	S	76	3	79	0.00000
UBA2913 sp900770895	4747	S	16	0	16	0.00000
CABIZH01 sp902363205	292	S	552	16	568	0.00001
UBA5809 sp002417965	1387	S	2592	86	2678	0.00006
Dialister succinatiphilus	2134	S	1358	997	2355	0.00005
Dialister sp900543165	1912	S	10	1	11	0.00000
Dialister sp900541605	1336	S	7	0	7	0.00000
Dialister sp900541485	1623	S	4	2	6	0.00000
Dialister sp900557365	3583	S	2	0	2	0.00000
Dialister sp900759415	6023	S	1	0	1	0.00000
MGYG000000411	813	S	1	0	1	0.00000
UBA1822 sp002314995	6031	S	474	677	1151	0.00003
UBA1822 sp900545365	1817	S	305	157	462	0.00001
MGYG000004095	5270	S	93	27	120	0.00000
MGYG000004110	5289	S	18	2	20	0.00000
Allisonella histaminiformans	4046	S	393	70	463	0.00001
Veillonella atypica	2214	S	1593	1527	3120	0.00007
Veillonella dispar_A	471	S	505	914	1419	0.00003
Veillonella sp900552445	5884	S	112	97	209	0.00000
Veillonella sp009929605	4488	S	21	12	33	0.00000
MGYG000003784	4937	S	15	41	56	0.00000
MGYG000002642	3661	S	4	10	14	0.00000
Veillonella dispar	1975	S	3	8	11	0.00000
Veillonella sp900757715	3659	S	3	1	4	0.00000
Veillonella sp900549805	3647	S	2	0	2	0.00000
MGYG000000818	1436	S	1	1	2	0.00000
Veillonella sp900556785	588	S	1	2	3	0.00000
MGYG000004782	5999	S	43	14	57	0.00000
Veillonella_A magna	3586	S	5	0	5	0.00000
Veillonella_A sp900765165	4418	S	5	1	6	0.00000
Veillonella_A seminalis	1595	S	4	3	7	0.00000
Veillonella_A sp900545795	1395	S	3	1	4	0.00000
Megasphaera massiliensis	2560	S	664	808	1472	0.00003
Megasphaera sp000417505	3308	S	352	1094	1446	0.00003
Megasphaera sp002319965	4050	S	9	5	14	0.00000
Megasphaera cerevisiae	6014	S	9	3	12	0.00000
Megasphaera elsdenii	3568	S	4	23	27	0.00000
Anaeroglobus massiliensis	2399	S	385	155	540	0.00001
Anaeroglobus geminatus	2633	S	12	7	19	0.00000
Anaeroglobus sp900240295	4948	S	2	0	2	0.00000
Caecibacter massiliensis	2401	S	27	260	287	0.00001
Caecibacter sp003467125	558	S	10	72	82	0.00000
Caecibacter sp900549385	5593	S	6	3	9	0.00000
28L sp000177555	1967	S	22	1	23	0.00000
UMGS915 sp900546795	5470	S	2	0	2	0.00000
MGYG000003772	4923	S	116	32	148	0.00000
Negativicoccus massiliensis	1361	S	1	1	2	0.00000
Negativicoccus succinicivorans	3947	S	1	0	1	0.00000
Phascolarctobacterium sp900544795	2476	S	6625	351	6976	0.00016
Phascolarctobacterium sp900551745	1534	S	356	20	376	0.00001
Phascolarctobacterium sp900545535	5025	S	142	4	146	0.00000
MGYG000001870	2760	S	13	0	13	0.00000
Phascolarctobacterium_A succinatutens	2079	S	459	621	1080	0.00003
Phascolarctobacterium_A sp900552005	2479	S	168	26	194	0.00000
Phascolarctobacterium_A sp900545025	1547	S	66	134	200	0.00000
MGYG000001858	2745	S	59	6	65	0.00000
Phascolarctobacterium_A sp900541915	1393	S	12	23	35	0.00000
Phascolarctobacterium_A sp900552855	614	S	6	0	6	0.00000
MGYG000003635	4758	S	2	0	2	0.00000
Acidaminococcus timonensis	4575	S	238	11	249	0.00001
Acidaminococcus fermentans_A	6024	S	2	0	2	0.00000
Acidaminococcus sp900538365	1461	S	1	0	1	0.00000
MGYG000004836	6053	S	1	0	1	0.00000
Succiniclasticum sp900315805	3007	S	8	0	8	0.00000
Treponema_D sp900769975	4683	S	33754	5374	39128	0.00091
Treponema_D sp900767955	4564	S	994	11	1005	0.00002
Treponema_D sp002449305	4807	S	21	0	21	0.00000
Treponema_D sp900541995	947	S	4	0	4	0.00000
MGYG000004493	5697	S	4	0	4	0.00000
Spiro-01 sp900769955	4680	S	1215	3	1218	0.00003
MGYG000004865	6084	S	2	0	2	0.00000
Brachyspira aalborgi	984	S	3255	152	3407	0.00008
MGYG000001906	2807	S	34229	16945	51174	0.00119
CAG-484 sp900321895	5565	S	6	0	6	0.00000
MGYG000004459	5660	S	1944	14	1958	0.00005
CAG-196 sp900549855	3844	S	803	132	935	0.00002
CAG-196 sp002102975	4126	S	18	2	20	0.00000
CAG-196 sp900553895	1166	S	5	4	9	0.00000
MGYG000003506	4604	S	3	4	7	0.00000
Zag1 sp900769355	1063	S	95	19	114	0.00000
Zag1 sp000437435	1430	S	5	0	5	0.00000
Zag1 sp900551675	3096	S	5	0	5	0.00000
MGYG000000422	833	S	4	0	4	0.00000
Zag1 sp900556295	1000	S	2	0	2	0.00000
Zag1 sp900555175	2659	S	2	0	2	0.00000
Zag1 sp001917115	713	S	1	0	1	0.00000
Zag1 sp000433095	865	S	1	0	1	0.00000
Zag1 sp900767135	957	S	1	0	1	0.00000
CAG-306 sp000980375	863	S	95	1	96	0.00000
MGYG000003930	5085	S	7	0	7	0.00000
UMGS1477 sp900553845	3925	S	54	13	67	0.00000
UMGS951 sp900547585	625	S	51	2	53	0.00000
Zag111 sp900555325	2791	S	19	4	23	0.00000
MGYG000002077	3006	S	7	1	8	0.00000
Zag111 sp900551965	5047	S	4	0	4	0.00000
MGYG000000385	764	S	2	0	2	0.00000
Zag111 sp004558955	3182	S	2	0	2	0.00000
Zag111 sp002103105	5722	S	2	0	2	0.00000
RUG841 sp900772035	5823	S	8	4	12	0.00000
MGYG000003857	5017	S	3	2	5	0.00000
QAMI01 sp900554095	2765	S	8	0	8	0.00000
QAMI01 sp900551915	2876	S	5	0	5	0.00000
QHMH01 sp003258795	910	S	10	0	10	0.00000
Gastranaerophilus phascolarctosicola	2863	S	9	4	13	0.00000
UBA1221 sp900770525	1023	S	5	0	5	0.00000
UMGS1585 sp900766355	986	S	1	0	1	0.00000
UMGS1585 sp900553205	1032	S	1	0	1	0.00000
UBA6984 sp900550295	3184	S	1	0	1	0.00000
Bilophila wadsworthia	2073	S	7983	4114	12097	0.00028
Bilophila sp900553145	2481	S	169	19	188	0.00000
Bilophila sp900550745	5630	S	145	32	177	0.00000
MGYG000001832	2717	S	44	0	44	0.00000
MGYG000002706	3742	S	7	1	8	0.00000
Desulfovibrio piger	2025	S	449	538	987	0.00002
Desulfovibrio legallii	515	S	379	497	876	0.00002
Desulfovibrio desulfuricans	3637	S	339	70	409	0.00001
Desulfovibrio sp900319575	4010	S	316	32	348	0.00001
Desulfovibrio fairfieldensis	1986	S	267	203	470	0.00001
Desulfovibrio desulfuricans_A	3094	S	144	612	756	0.00002
MGYG000004670	5881	S	68	7	75	0.00000
MGYG000004864	6083	S	28	117	145	0.00000
Desulfovibrio sp900540515	3890	S	5	3	8	0.00000
Desulfovibrio sp002159665	2814	S	2	0	2	0.00000
Nitratidesulfovibrio vulgaris	6069	S	111	6	117	0.00000
MGYG000000566	1091	S	12	7	19	0.00000
Mailhella sp900555975	5078	S	3	0	3	0.00000
MGYG000004649	5859	S	3	0	3	0.00000
MGYG000004659	5869	S	3	0	3	0.00000
Mailhella sp900553065	1072	S	1	0	1	0.00000
Mailhella sp900541395	3068	S	1	0	1	0.00000
UBA2834 sp004561445	5778	S	4599	1243	5842	0.00014
TM7x sp900556355	1798	S	2210	338	2548	0.00006
TM7x sp900555425	4034	S	10	1	11	0.00000
TM7x sp900557595	5487	S	3	0	3	0.00000
Helicobacter_D pullorum	2014	S	915	3604	4519	0.00010
Helicobacter_D winghamensis	2036	S	19	14	33	0.00000
Helicobacter_D sp900770765	4738	S	2	0	2	0.00000
HGM08974 sp900766555	4480	S	281	54	335	0.00001
Helicobacter_A rappini	2035	S	183	156	339	0.00001
Helicobacter_B macacae	2247	S	97	54	151	0.00000
Helicobacter_B sp001854545	3446	S	24	6	30	0.00000
Helicobacter_F sp002287135	4708	S	8	5	13	0.00000
MGYG000003438	4532	S	7	4	11	0.00000
Aliarcobacter butzleri	3343	S	522	312	834	0.00002
Campylobacter_A curvus	2575	S	61	53	114	0.00000
Campylobacter_A concisus_G	3433	S	42	209	251	0.00001
Campylobacter_A concisus_R	2127	S	1	1	2	0.00000
Campylobacter_A concisus_B	3426	S	1	5	6	0.00000
Campylobacter_A concisus_I	3429	S	1	4	5	0.00000
Campylobacter sp900753405	1685	S	55	35	90	0.00000
Campylobacter fetus	1077	S	4	2	6	0.00000
Campylobacter_D coli_B	3304	S	1	16	17	0.00000
Campylobacter_B sp900539505	1726	S	1	0	1	0.00000
CAG-312 sp900760665	5705	S	672	1538	2210	0.00005
CAG-312 sp002405555	4544	S	251	112	363	0.00001
MGYG000003846	5006	S	2	0	2	0.00000
CAG-312 sp900548275	4576	S	1	0	1	0.00000
UMGS1490 sp900552245	1601	S	8	0	8	0.00000
UMGS1490 sp900547395	1475	S	3	0	3	0.00000
MGYG000001791	2671	S	2	1	3	0.00000
MGYG000004418	5614	S	1	0	1	0.00000
Akkermansia sp900766865	4499	S	349	158	507	0.00001
MGYG000003447	4542	S	16	2	18	0.00000
Akkermansia sp001580195	3362	S	13	159	172	0.00000
Akkermansia muciniphila_B	3455	S	8	105	113	0.00000
Akkermansia sp900548895	5736	S	4	0	4	0.00000
Victivallis vadensis	3477	S	509	144	653	0.00002
Victivallis sp900551245	5704	S	6	0	6	0.00000
Victivallis sp900761715	4317	S	5	0	5	0.00000
MGYG000000720	1304	S	4	0	4	0.00000
UMGS1518 sp900552575	1599	S	248	30	278	0.00001
UBA11452 sp003526375	1101	S	177	481	658	0.00002
MGYG000001792	2672	S	17	1	18	0.00000
UBA1829 sp900760615	2777	S	40	3	43	0.00000
UBA1829 sp900549045	1050	S	7	0	7	0.00000
MGYG000001812	2694	S	10	0	10	0.00000
CAAGGB01 sp900769285	4634	S	3	6	9	0.00000
MGYG000002219	3164	S	249	44	293	0.00001
RUG572 sp900771305	4765	S	7	0	7	0.00000
MGYG000003639	4762	S	1	7	8	0.00000
Fusobacterium nucleatum_E	1403	S	253	414	667	0.00002
Fusobacterium vincentii	2059	S	73	904	977	0.00002
Fusobacterium periodonticum_D	2028	S	8	522	530	0.00001
Fusobacterium periodonticum_B	2062	S	7	287	294	0.00001
Fusobacterium polymorphum	2249	S	5	161	166	0.00000
Fusobacterium_B sp900545035	2437	S	687	164	851	0.00002
Fusobacterium_B sp900542625	5504	S	185	350	535	0.00001
Fusobacterium_A ulcerans_A	3594	S	108	184	292	0.00001
Fusobacterium_A sp900549465	1579	S	40	142	182	0.00000
Fusobacterium_A sp900764925	6046	S	7	14	21	0.00000
Fusobacterium_A sp900015295	1530	S	2	4	6	0.00000
Fusobacterium_A varium_A	1800	S	2	1	3	0.00000
Cetobacterium_A sp900766645	1048	S	4	1	5	0.00000
Leptotrichia wadei_A	3653	S	17	810	827	0.00002
Sneathia amnii	5720	S	4	6	10	0.00000
Sneathia sanguinegens	4451	S	1	0	1	0.00000
MGYG000001020	1655	S	3038	343	3381	0.00008
MGYG000004118	5298	S	9	0	9	0.00000
UMGS1590 sp900759105	1826	S	136	96	232	0.00001
UMGS1590 sp900553245	1708	S	5	0	5	0.00000
UMGS1590 sp900552455	1659	S	2	0	2	0.00000
UBA7185 sp900756555	1757	S	80	2	82	0.00000
MGYG000004093	5267	S	4	0	4	0.00000
Acetomicrobium hydrogeniformans	2051	S	1494	263	1757	0.00004
MGYG000003788	4941	S	89	7	96	0.00000
Pyramidobacter piscolens	2431	S	1	3	4	0.00000
Jonquetella anthropi	4861	S	6	0	6	0.00000
An23 sp900544635	5773	S	7	0	7	0.00000
Bruticola sp900772775	3693	S	699	15	714	0.00002
Bruticola sp004554425	1060	S	3	0	3	0.00000
MGYG000002669	3697	S	3	0	3	0.00000
UBA1174 sp900556855	3686	S	399	0	399	0.00001
UBA1436 sp900540405	5696	S	8	0	8	0.00000
CADBRU01 sp900762815	997	S	2	0	2	0.00000
HGM14224 sp900761905	4333	S	75	0	75	0.00000
MGYG000003389	4469	S	74	0	74	0.00000
UBA4248 sp004554395	3676	S	15	0	15	0.00000
MGYG000001856	26	S	3	141	144	0.00000
MGYG000004312	51	S	3	326	329	0.00001
Methanomethylophilus alvus	36	S	1	0	1	0.00000
MGYG000003962	49	S	1	0	1	0.00000
Methanobrevibacter_A sp900766745	8	S	390	0	390	0.00001
Methanobrevibacter_A oralis	30	S	5	0	5	0.00000
Methanosphaera stadtmanae	33	S	3	0	3	0.00000
Methanosphaera cuniculi	54	S	2	0	2	0.00000
Haloferax massiliensis	23	S	2	0	2	0.00000
