name	MG	Con	2mo	4mo	6mo
Phocaeicola vulgatus	0.11149	0.25091	0.27628	0.2441	0.25884
Bacteroides eggerthii	0.03806	0.00204	0.00247	0.00559	0.00237
Agathobacter sp900543445	0.0357	0.00092	0.00092	0.00054	0.00047
Phocaeicola massiliensis	0.03469	0.03364	0.04222	0.05066	0.03253
Phocaeicola dorei	0.03308	0.0262	0.0322	0.05022	0.02677
Bacteroides sp003545565	0.02845	0.00265	0.00446	0.00977	0.00303
Phocaeicola sp000436795	0.02802	0.00668	0.01051	0.01702	0.00895
Agathobacter rectalis	0.02572	0.03326	0.02797	0.02183	0.02071
Alistipes putredinis	0.02439	0.00038	0.0003	0.00058	0.00032
Faecalibacterium sp900539945	0.02396	0.00014	0.0001	0.00008	0.00015
Faecalibacterium prausnitzii_G	0.02297	0.00224	0.00149	0.0014	0.00149
Roseburia sp900552665	0.01967	0.03361	0.02533	0.02382	0.01379
Bacteroides cellulosilyticus	0.01878	0.02965	0.04072	0.05665	0.02715
Bacteroides xylanisolvens	0.01565	0.01067	0.0131	0.02505	0.00896
Parabacteroides merdae	0.0154	0.01047	0.00781	0.01189	0.00686
Bacteroides ovatus	0.01415	0.00891	0.01422	0.02162	0.00825
Phocaeicola sartorii	0.01339	0.00113	0.00126	0.0011	0.00128
Phocaeicola sp000432735	0.01335	0.00017	0.00032	0.00033	0.00023
Alistipes shahii	0.01316	0.00007	0.00006	0.00019	0.0001
Anaerobutyricum hallii	0.01193	0.00165	0.00166	0.0008	0.00137
Parabacteroides distasonis	0.01066	0.01937	0.01799	0.01359	0.02125
Agathobaculum butyriciproducens	0.01018	0.00027	0.00036	0.00017	0.00055
Blautia_A wexlerae_A	0.01001	0.00257	0.00196	0.00102	0.00366
Fusicatenibacter saccharivorans	0.00969	0.03076	0.01666	0.00833	0.10514
Ruminococcus_E sp900755995	0.00949	0.00005	0.00003	0.00003	0.00003
Acetatifactor sp900066365	0.00859	0.02125	0.01369	0.01392	0.00956
Faecalibacterium prausnitzii_C	0.00757	0.00003	0.00002	0.00002	0.00002
Blautia_A sp900066335	0.00753	0.0006	0.00023	0.00019	0.00078
Phascolarctobacterium sp900551745	0.00719	0.00001	0	0.00002	0.00001
Bacteroides sp900765785	0.00697	0.00123	0.0011	0.00091	0.00148
Escherichia coli_D	0.00673	0.00079	0.00098	0.00029	0.00147
Ruminococcus_D sp900539095	0.00661	0	0	0	0
Agathobacter faecis	0.00645	0.0072	0.00689	0.00404	0.00334
MGYG000000876	0.0061	0.00007	0.00004	0.00005	0.00004
Dorea_A longicatena_B	0.00599	0.00323	0.00233	0.00198	0.01226
Bacteroides sp002491635	0.00563	0.00384	0.0054	0.00698	0.00345
CAG-274 sp000432155	0.00557	0.00004	0.00001	0.00002	0.0001
Agathobacter sp900546625	0.00555	0.00006	0.00004	0.00003	0.00005
Roseburia hominis	0.0055	0.11149	0.10084	0.08757	0.03649
Phocaeicola plebeius	0.00548	0.01173	0.01581	0.02446	0.01294
Blautia_A obeum	0.00534	0.00021	0.00007	0.00008	0.00027
Faecalibacterium sp003449675	0.00516	0.00004	0.00002	0.00002	0.00002
Bifidobacterium ruminantium	0.00464	0	0	0	0
Bacteroides stercorirosoris	0.00459	0.00206	0.00315	0.00331	0.00216
Faecalibacterium prausnitzii	0.00456	0.005	0.00305	0.00364	0.00317
UMGS1375 sp900066615	0.00442	0.04668	0.0324	0.01307	0.07406
Roseburia sp003483745	0.00428	0.00074	0.0006	0.00033	0.00036
Bacteroides oleiciplenus	0.00418	0.0022	0.00367	0.00488	0.00232
Bacteroides intestinalis	0.0041	0.01214	0.01589	0.0191	0.01174
Phocaeicola coprophilus	0.00365	0.00124	0.00151	0.00236	0.0016
Ruminococcus_E bromii	0.00357	0.00386	0.00309	0.00195	0.00231
Bacteroides fluxus	0.00352	0.00185	0.00285	0.00642	0.00206
Blautia_A sp000436615	0.00334	0.00046	0.00015	0.00019	0.00018
Gemmiger sp900539695	0.00325	0.00001	0	0.00001	0
Faecalibacterium prausnitzii_D	0.0032	0.00077	0.00061	0.00058	0.0006
Mediterraneibacter torques	0.00291	0.00047	0.00036	0.00023	0.00059
MGYG000002772	0.00288	0.00001	0.00001	0.00001	0.00002
MGYG000002575	0.00287	0.00009	0.00009	0.0001	0.00008
Roseburia sp900542495	0.00287	0.00038	0.00029	0.00026	0.0004
Phocaeicola sp900542985	0.00285	0.00006	0.0001	0.00012	0.00008
Faecalibacterium prausnitzii_I	0.00282	0.0008	0.00058	0.00047	0.00048
Blautia_A sp900066145	0.00271	0.00271	0.0015	0.00108	0.0038
CAG-245 sp900761475	0.0027	0.0005	0.00037	0.00031	0.00152
Bifidobacterium infantis	0.00258	0.00007	0.00021	0.00006	0.00011
Enterocloster sp900541315	0.00256	0.00046	0.00028	0.0001	0.0007
Faecalibacterium prausnitzii_J	0.00253	0.00002	0.00001	0.00001	0.00001
Acetatifactor sp900766575	0.00251	0.00037	0.00026	0.00013	0.00058
Phocaeicola sp902388365	0.0025	0.00034	0.00038	0.00036	0.00038
Phocaeicola sp900066445	0.00249	0.01004	0.01298	0.01879	0.01063
Bilophila wadsworthia	0.00235	0.00028	0.00026	0.00016	0.00029
Blautia_A sp003471165	0.00231	0.00026	0.00022	0.00012	0.00031
Eubacterium_G sp000434315	0.00223	0.00396	0.0029	0.00242	0.00328
Blautia_A wexlerae_B	0.00222	0.00001	0.00001	0	0.00001
MGYG000000732	0.00218	0.00002	0.00001	0.00001	0.00005
Faecalibacillus intestinalis	0.00211	0.0005	0.00074	0.0004	0.00076
MGYG000002585	0.00209	0.00002	0.00003	0.00005	0.00002
Faecalibacterium sp900758465	0.00208	0.00001	0.00001	0.00001	0.00001
Bacteroides salyersiae	0.00201	0.00599	0.00835	0.01429	0.0053
Faecalibacterium sp900765105	0.00199	0	0	0	0
MGYG000004188	0.00192	0.00002	0.00003	0.00005	0.00002
Bacteroides sp900547205	0.00189	0.00219	0.00382	0.0054	0.00159
Lachnospira sp000436475	0.00185	0.00176	0.0016	0.00103	0.00084
Faecalibacterium sp900551435	0.00176	0.00003	0.00003	0.00003	0.00004
CAG-510 sp000434615	0.00172	0.00001	0.00001	0.00001	0.00001
Phascolarctobacterium sp900545535	0.00169	0	0	0.00001	0
Dorea formicigenerans	0.00167	0.00032	0.00024	0.00017	0.00089
Alistipes onderdonkii	0.00164	0.00008	0.00007	0.00023	0.00002
MGYG000002610	0.00154	0.00001	0	0	0
CAG-103 sp000432375	0.00152	0.00001	0	0	0
Alistipes finegoldii	0.0015	0.00002	0.00002	0.00002	0.00003
Phocaeicola sp900546355	0.00146	0.00003	0.00005	0.00005	0.00004
MGYG000004650	0.00145	0.00003	0.00004	0.00003	0.00004
MGYG000002704	0.00141	0	0	0	0
Bacteroides fragilis	0.00139	0.00536	0.00713	0.01109	0.00462
Bifidobacterium catenulatum	0.00138	0.00012	0.00017	0.00018	0.00011
MGYG000002680	0.00134	0	0	0	0
Phocaeicola sp000434735	0.00132	0.00003	0.00005	0.00006	0.00004
Phocaeicola sp900066455	0.00132	0.00396	0.00544	0.00803	0.00474
Veillonella sp900552445	0.00132	0	0.00001	0.00001	0.00001
Holdemanella sp900547815	0.00132	0.00009	0.0001	0.00009	0.0001
Phocaeicola sp900553185	0.00128	0.00008	0.00009	0.00009	0.00009
Paraprevotella xylaniphila	0.00128	0.00017	0.0002	0.00022	0.00019
Streptococcus vestibularis	0.00124	0	0	0	0
UBA9502 sp003480315	0.00122	0.0046	0.00325	0.00145	0.00533
Barnesiella intestinihominis	0.0012	0.00032	0.00029	0.00032	0.00039
UBA7160 sp902363665	0.00117	0.00177	0.00129	0.00075	0.00275
Bacteroides pyogenes	0.00114	0.00004	0.00005	0.00008	0.00006
Prevotella corporis	0.00114	0.00076	0.00082	0.00071	0.00074
Lachnospira rogosae_A	0.00114	0.00296	0.00203	0.00142	0.00386
MGYG000002223	0.00114	0.00001	0	0.00001	0.00001
Paraprevotella clara	0.00113	0.00081	0.00087	0.00085	0.00087
MGYG000003112	0.00111	0	0	0	0
Phocaeicola sp900551065	0.0011	0.00004	0.00006	0.00009	0.00005
Alistipes sp001941065	0.0011	0	0	0	0
NSJ-32 sp014384895	0.00109	0.00001	0.00001	0	0.00002
Phocaeicola sp002161565	0.00106	0.00011	0.00014	0.00019	0.00013
MGYG000002614	0.00105	0.00002	0.00003	0.00003	0.00002
Faecalibacterium sp900539885	0.00103	0.00001	0.00001	0	0
Agathobacter sp900547695	0.00101	0.00009	0.00007	0.00004	0.00013
Lawsonibacter sp900066825	0.001	0.00043	0.00043	0.00013	0.00066
Lawsonibacter asaccharolyticus	0.00096	0.0001	0.00007	0.00005	0.0001
UBA9502 sp003506385	0.00095	0.00463	0.00348	0.00141	0.00612
Clostridium_Q saccharolyticum_A	0.00094	0.00922	0.00831	0.00508	0.00897
Anaerobutyricum soehngenii	0.00093	0.00054	0.00039	0.00031	0.00024
Paraprevotella sp900546665	0.00092	0.00001	0.00002	0.00002	0.00001
Bacteroides sp900553815	0.00091	0.00002	0.00002	0.00003	0.00002
Phocaeicola salanitronis	0.00089	0.00084	0.00148	0.00125	0.0008
UBA3402 sp003478355	0.00089	0.00192	0.0015	0.00062	0.00232
Blautia_A luti	0.00086	0.00034	0.00025	0.00016	0.00037
CAG-81 sp900066535	0.00085	0.01083	0.01091	0.00848	0.01568
Phocaeicola sp900544675	0.00084	0.00002	0.00003	0.00003	0.00002
Phocaeicola sp900552075	0.00083	0.00001	0.00002	0.00003	0.00002
Prevotella rara	0.0008	0.00008	0.00008	0.00009	0.0001
Schaedlerella sp900066545	0.0008	0.0003	0.00028	0.00011	0.00032
Phocaeicola sp900546095	0.00079	0.00002	0.00002	0.00003	0.00002
Eubacterium_G sp000432355	0.00079	0.00154	0.0011	0.00094	0.002
Collinsella sp002232035	0.00079	0	0	0	0
CAG-110 sp003525905	0.00078	0.00003	0.00001	0.00001	0.00003
MGYG000001807	0.00077	0.00001	0.00002	0.00002	0.00002
Bacteroides togonis	0.00077	0.00006	0.00006	0.0001	0.00007
Phascolarctobacterium sp900544795	0.00077	0.00016	0.00012	0.00045	0.00013
Muricomes contortus_B	0.00076	0.00008	0.00005	0.00002	0.00004
CAG-269 sp900754285	0.00076	0.00003	0.00002	0.00001	0.00007
Parabacteroides sp900760525	0.00075	0.00001	0.00001	0.00001	0.00001
Blautia_A sp900763175	0.00074	0.00001	0.00001	0	0.00001
RUG115 sp900066395	0.00074	0.00509	0.00493	0.00378	0.00196
Mediterraneibacter_A butyricigenes	0.00074	0.00032	0.00024	0.00016	0.0003
Dysosmobacter sp900556925	0.00074	0	0	0	0
Phocaeicola sp900551445	0.00073	0.00002	0.00003	0.00004	0.00002
Prevotella sp000436595	0.00073	0.00963	0.0156	0.0197	0.00971
Fusicatenibacter sp900772675	0.00073	0.00012	0.00006	0.00003	0.00046
Eubacterium_G sp900550135	0.00072	0.00002	0.00001	0.00001	0.00001
Ruminococcus_C sp000437175	0.00072	0.00001	0.00001	0.00001	0.00002
Phocaeicola sp002161765	0.0007	0.00002	0.00003	0.00003	0.00002
AM51-8 sp900761925	0.00068	0.00001	0	0	0.00001
MGYG000002727	0.00067	0.00001	0.00002	0.00001	0.00003
Parabacteroides faecis	0.00065	0.0002	0.00015	0.00021	0.00027
Eubacterium_I sp900546495	0.00064	0.00001	0.00001	0	0.00004
Faecalibacterium sp900540455	0.00064	0	0	0	0
Methanobrevibacter_A sp900766745	0.00062	0.00001	0.00001	0.00001	0.00001
CAG-485 sp900554845	0.0006	0.00001	0.00002	0.00002	0.00002
Schaedlerella glycyrrhizinilytica	0.0006	0.00049	0.0005	0.00033	0.00037
Prevotella sp000436695	0.00059	0.00001	0.00002	0.00002	0.00002
An172 sp002160515	0.00059	0.00011	0.00008	0.00005	0.00008
Sellimonas intestinalis	0.00058	0.00012	0.00007	0.00006	0.00008
Ruminococcus_C sp900765125	0.00058	0	0	0	0.00001
Blautia_A sp900548245	0.00057	0.00028	0.00021	0.00013	0.00031
Bacteroides neonati	0.00056	0.00113	0.0013	0.00121	0.00089
Blautia_A sp003474435	0.00056	0.0004	0.00033	0.00024	0.00039
Bacteroides_F pectinophilus	0.00054	0.0014	0.00114	0.00049	0.00174
Enterocloster citroniae	0.00052	0.00411	0.00236	0.0011	0.00463
Parabacteroides sp003480915	0.00051	0.00026	0.00024	0.0003	0.00032
Parabacteroides sp900548175	0.0005	0.00005	0.00005	0.00006	0.00006
Parabacteroides sp900540715	0.0005	0.00001	0.00002	0.00002	0.00001
MGYG000004180	0.0005	0.00001	0.00001	0.00001	0.00001
Evtepia sp900546255	0.0005	0	0	0	0
MGYG000001112	0.0005	0	0	0	0
Prevotella sp900554545	0.00048	0.00006	0.00004	0.00018	0.00006
Longicatena caecimuris	0.00048	0.00001	0.00001	0	0.00001
Parabacteroides massiliensis	0.00047	0.00002	0.00002	0.00002	0.00002
Bifidobacterium dentium	0.00047	0.00004	0.00006	0.00004	0.00002
TF01-11 sp000436755	0.00046	0.00058	0.00061	0.00053	0.00101
MGYG000004686	0.00045	0	0	0	0
MGYG000004817	0.00045	0	0	0	#N/A
Zag1 sp900769355	0.00045	0	0	0	0
Prevotellamassilia sp000437675	0.00044	0.00001	0.00001	0.00001	0.00001
Alistipes_A sp900240235	0.00043	0.00009	0.00012	0.00017	0.00006
CAG-877 sp900554305	0.00043	0	0	0	0
Duncaniella sp900544535	0.00042	0	0	0	0
MGYG000000574	0.00042	0.00001	0	0	0.00001
UBA7182 sp003480725	0.00042	0.00685	0.00602	0.00305	0.00784
UMGS1071 sp900541905	0.00042	0	0	0	0
Bacteroides sp900766195	0.00041	0.00155	0.00171	0.00235	0.00177
Clostridium_A leptum	0.00041	0.00007	0.00006	0.00002	0.00009
Agathobacter sp900552085	0.0004	0.00022	0.00016	0.00019	0.00011
Bacteroides sp007896885	0.00039	0.00003	0.00004	0.00005	0.00003
MGYG000004824	0.00039	0.00001	0.00002	0.00002	0.00002
MGYG000003076	0.00039	0.00007	0.00014	0.00023	0.00009
Enterocloster sp900543885	0.00039	0.0004	0.00026	0.0001	0.00068
Coprococcus sp900066115	0.00039	0.00003	0.00003	0.00002	0.00003
MGYG000004068	0.00039	0	0	0	0.00001
UBA1822 sp002314995	0.00039	0.00003	0.00003	0.00004	0.00003
Alistipes timonensis	0.00038	0	0	0.00001	0
MGYG000004711	0.00038	0.00004	0.00007	0.00011	0.00004
Blautia_A sp900120195	0.00038	0.00008	0.00004	0.00004	0.00008
Blautia sp900547685	0.00038	0.00001	0.00002	0.00002	0.00001
Faecalibacillus faecis	0.00038	0.0001	0.00015	0.00011	0.00014
Bacteroides graminisolvens	0.00037	0.00002	0.00002	0.00003	0.00002
Eubacterium_G sp000435815	0.00037	0.00066	0.00042	0.0004	0.00094
MGYG000004449	0.00037	0	0	0	0
Alistipes_A indistinctus	0.00036	0.0004	0.00038	0.00034	0.00033
Prevotella melaninogenica	0.00034	0.00001	0.00001	0.00001	0.00001
MGYG000001775	0.00034	0	0	0	0
Pseudoruminococcus massiliensis	0.00034	0.00066	0.00047	0.00032	0.00042
Phocaeicola sp900552645	0.00033	0.00007	0.00006	0.00008	0.00007
Eubacterium_G sp900548465	0.00033	0.00001	0.00001	0.00001	0.00001
CAG-95 sp900066375	0.00033	0.00054	0.00045	0.0002	0.00055
GCA-900066135 sp900543575	0.00033	0.00005	0.00001	0.00001	0.00005
Anaerotignum faecicola	0.00033	0.00315	0.00318	0.001	0.00493
Ruminococcus_E sp900314705	0.00033	0	0	0	0
Prevotella disiens	0.00032	0.00039	0.00042	0.00042	0.00042
Blautia_A obeum_B	0.00032	0.0006	0.00032	0.00039	0.00105
Eisenbergiella tayi	0.00032	0.00126	0.00067	0.00027	0.00161
Clostridium_AP scindens	0.00032	0.00046	0.00035	0.00028	0.00046
Ruminococcus_D sp000434695	0.00032	0.00002	0.00002	0	0.00004
Haemophilus_D parainfluenzae_L	0.00032	0	0	0	0
Prevotella sp900765465	0.00031	0.00001	0	0	0.00001
Enterocloster bolteae	0.00031	0.00141	0.00083	0.0007	0.00117
TF01-11 sp001414325	0.00031	0.0018	0.00145	0.00055	0.00218
MGYG000004849	0.00031	0	0	0	0
Eggerthella lenta	0.00031	0.00003	0.00004	0.00002	0.00002
Parabacteroides acidifaciens	0.0003	0.00195	0.00216	0.00195	0.00188
RC9 sp000435075	0.0003	0	0	0	0
Coprobacter secundus	0.0003	0.00015	0.00015	0.00017	0.00016
OF09-33XD sp003481995	0.0003	0.0002	0.00015	0.0001	0.00024
CAG-411 sp000437275	0.0003	0.00001	0.00001	0	0.00001
Gemmiger formicilis	0.0003	0.00032	0.00022	0.00019	0.00024
Collinsella sp003437035	0.0003	0	0.00001	0.00001	0
MGYG000003994	0.00029	0	0	0	0
Roseburia sp900756925	0.00029	0.00032	0.00022	0.00018	0.00038
Lachnoclostridium_B sp900066555	0.00029	0.00032	0.00025	0.00021	0.00044
Marvinbryantia sp900066075	0.00029	0.00111	0.00085	0.00033	0.00158
Ruminococcus sp900761275	0.00029	0	0	0	0
Eubacterium_R sp900764665	0.00029	0	0	0	0
MGYG000003887	0.00029	0	0	0	0
Escherichia sp000208585	0.00029	0.00003	0.00003	0.00002	0.00006
Paraprevotella sp900760455	0.00028	0.00001	0.00001	0.00001	0.00001
Alistipes sp900021155	0.00028	0	0	0	0
Odoribacter massiliensis	0.00028	0.00044	0.00067	0.00116	0.00064
TF01-11 sp003524945	0.00028	0.00031	0.00025	0.00015	0.00029
Hungatella sp005845265	0.00028	0.00371	0.00231	0.00107	0.0035
Eubacterium_R sp000436835	0.00028	0	0	0	0
Collinsella sp900544755	0.00028	0	0	0	0
MGYG000001994	0.00027	0.00001	0.00001	0	0.00001
TF01-11 sp003529475	0.00027	0.00093	0.00068	0.0006	0.00092
MGYG000003910	0.00027	0	0	0	0
Escherichia albertii	0.00027	0.00007	0.0001	0.00007	0.00018
Fusobacterium_A ulcerans_A	0.00027	0.00001	0.00001	0.00001	0.00001
Mediterraneibacter lactaris	0.00026	0.00062	0.00055	0.00039	0.00065
MGYG000004689	0.00026	0.00021	0.00016	0.00011	0.00047
MGYG000001861	0.00026	0.00001	0.00001	0.00001	0.00001
Bifidobacterium scardovii	0.00026	0.00001	0.00002	0.00001	0.00002
Duncaniella dubosii	0.00025	0	0	0	0
UMGS1375 sp900551235	0.00025	0.00003	0.00003	0.00001	0.00008
CAG-95 sp000438155	0.00025	0.00002	0.00001	0.00001	0.00001
COE1 sp001916965	0.00025	0.0035	0.00369	0.00192	0.00135
CAG-45 sp000438375	0.00025	0.00143	0.00112	0.00088	0.00097
Anaerotignum lactatifermentans	0.00025	0.00155	0.00142	0.00062	0.00239
MGYG000004837	0.00025	0	0	0	0
Prevotella sp900553965	0.00024	0.00002	0.00002	0.00002	0.00002
CAG-462 sp900291465	0.00024	0.00005	0.00004	0.00006	0.00007
UBA7173 sp900759895	0.00024	0	0	0	0
Muricomes sp000509105	0.00024	0.00032	0.00022	0.00012	0.00065
Coprococcus sp000154245	0.00024	0.00051	0.00044	0.00034	0.00059
MGYG000004380	0.00024	0	0	0	0
MGYG000004775	0.00024	0.00003	0.00002	0.00002	0.00002
Dysosmobacter sp900548505	0.00024	0	0	0	0
Parabacteroides sp900549585	0.00023	0.00001	0.00001	0.00001	0.00001
Butyricimonas faecalis	0.00023	0	0	0.00001	0
MGYG000000545	0.00023	0	0	0	0
Enterocloster clostridioformis	0.00023	0.00337	0.00212	0.00137	0.00357
Lachnospira sp900772425	0.00023	0.00009	0.00008	0.00005	0.0001
MGYG000002657	0.00023	0.00001	0.00001	0.00001	0.00002
Acetivibrio_A ethanolgignens	0.00023	0.00034	0.00027	0.00016	0.00039
UBA5884 sp900551505	0.00023	0.00002	0.00002	0.00001	0.00003
Agathobaculum sp900544475	0.00023	0	0	0	0
HGM11507 sp900761005	0.00023	0	0	0	0
Haemophilus_D sp900756155	0.00023	0	0	0	0
Streptococcus parasanguinis_B	0.00023	0	0	0	0
Alistipes sp900550925	0.00022	0	0	0	0.00001
Agathobacter sp900548765	0.00022	0.00012	0.00011	0.00007	0.00007
MGYG000001189	0.00022	0.00002	0.00001	0.00001	0.00003
HGM12814 sp900770165	0.00022	0.00035	0.00024	0.00019	0.00022
MGYG000000860	0.00022	0.00001	0.00002	0.00004	0.00003
Prevotella bergensis	0.00021	0.00001	0.00001	0.00001	0.00001
CAG-279 sp900541935	0.0002	0.0001	0.00012	0.00012	0.00012
MGYG000004822	0.0002	0	0.00001	0.00001	0.00001
AM51-8 sp003478275	0.0002	0.0009	0.00077	0.00065	0.00074
MGYG000000356	0.0002	0.00002	0.00001	0.00001	0.00002
UMGS1670 sp900548595	0.0002	0.00148	0.00099	0.00076	0.00116
Eubacterium_R sp002493325	0.0002	0	0	0	0
Lawsonibacter sp014287875	0.0002	0.00011	0.00009	0.00006	0.00014
MGYG000002719	0.0002	0	0	0	0
Collinsella sp900554985	0.0002	0	0	0	0
Collinsella sp902364645	0.0002	#N/A	#N/A	#N/A	#N/A
Dysosmobacter sp900544615	0.00019	0	0	0	0
Clostridium disporicum_A	0.00019	0.00002	0.00002	0.00001	0.00002
Haemophilus_D parainfluenzae_N	0.00019	0.00002	0.00005	0.00011	0.00006
MGYG000004462	0.00018	0.00001	0.00001	0.00001	0.00001
Prevotella stercorea	0.00018	0.00076	0.00087	0.00083	0.00078
Alistipes_A sp900549685	0.00018	0.00001	0.00001	0.00001	0.00001
Butyricimonas virosa	0.00018	0.00035	0.00047	0.00093	0.00043
UBA11471 sp000434215	0.00018	0.00011	0.00012	0.00011	0.00011
CAG-632 sp002406015	0.00018	0	0	0	0
AF33-28 sp003477885	0.00018	0.00192	0.00158	0.00108	0.00111
MGYG000003005	0.00018	0	0	0	0
MGYG000002708	0.00018	0	0	0	0
CAG-103 sp900317855	0.00018	0.00002	0.00001	0.00001	0.00002
CAG-83 sp900545585	0.00018	0	0	0	0
MGYG000004800	0.00018	0	0	0	0.00001
UBA1191 sp900543485	0.00018	0.00001	0.00002	0.00002	0.00003
Collinsella aerofaciens_N	0.00018	#N/A	#N/A	#N/A	#N/A
UMGS1590 sp900759105	0.00018	0.00001	0.00001	0	0.00002
Prevotella oris	0.00017	0	0	0	0
Alistipes dispar	0.00017	0	0	0	0
Parabacteroides sp900547435	0.00017	0.00002	0.00002	0.00002	0.00002
Lachnospira sp900545725	0.00017	0.00002	0.00001	0.00001	0.00003
HGM12587 sp900766915	0.00017	0.00008	0.00008	0.00005	0.00008
MGYG000003970	0.00017	0	0	0	0
MGYG000003211	0.00017	0	0	0	0
Dysosmobacter sp900551885	0.00017	0	0	0	0
ER4 sp900763705	0.00017	0	0	0	0
Collinsella sp900555765	0.00017	0	0	0	0
Collinsella sp900555355	0.00017	0	0	0	0
Clostridium_AQ innocuum	0.00017	0	0	0	0
Streptococcus parasanguinis	0.00017	0	0	0	#N/A
Nitratidesulfovibrio vulgaris	0.00017	0	0	0	0
RC9 sp900546395	0.00016	0.00002	0.00002	0.00002	0.00004
MGYG000000680	0.00016	0.00001	0	0	0.00001
CAG-56 sp900752065	0.00016	0.00012	0.00009	0.00005	0.0002
MGYG000004169	0.00016	0.00001	0.00001	0	0
CAG-317 sp900543415	0.00016	0	0	0	0
MGYG000000443	0.00016	0	0	0	0.00001
CAG-269 sp900552555	0.00016	0	0	0	0
Collinsella sp003469205	0.00016	#N/A	#N/A	#N/A	#N/A
Sutterella wadsworthensis	0.00016	0.01569	0.02241	0.03047	0.01328
Holdemania massiliensis	0.00016	0.00014	0.00012	0.00006	0.0002
Prevotella lascolaii	0.00015	0.00001	0.00001	0.00001	0.00001
Muribaculum sp002358615	0.00015	0.00013	0.00018	0.00023	0.00016
Blautia_A sp900551715	0.00015	0	0	0	0
Blautia hansenii	0.00015	0.00074	0.00045	0.0003	0.00138
Coprococcus sp000433075	0.00015	0.00096	0.00091	0.00071	0.00088
CAG-590 sp900548855	0.00015	0.00001	0.00001	0	0.00001
Acutalibacter sp900755895	0.00015	0.00004	0.00003	0.00002	0.00003
Dysosmobacter sp900770295	0.00015	0.00002	0.00003	0.00002	0.00002
CAG-110 sp900544945	0.00015	0.00016	0.00014	0.00014	0.00017
CAG-83 sp001916855	0.00015	0	0	0	0
CAG-83 sp900552725	0.00015	0	0	0	0
ER4 sp900546295	0.00015	0	0	0	0
Eggerthella sp014287365	0.00015	0	0	0	0
Zag1 sp900767135	0.00015	0	0	0	0
Paraprevotella sp900548345	0.00014	0.00001	0.00001	0.00001	0.00001
MGYG000002203	0.00014	0	0	0	0
Alistipes sp902363575	0.00014	0.00001	0.00001	0.00001	0.00001
Parabacteroides chinchillae	0.00014	0.00011	0.0001	0.00012	0.00012
CAG-632 sp900539185	0.00014	0.00012	0.00009	0.00003	0.0002
Faecalimonas sp900550235	0.00014	0	0	0	0
Butyrivibrio_A sp000431815	0.00014	0	0	0	0
UMGS966 sp900547185	0.00014	0	0.00001	0	0.00001
MGYG000000656	0.00014	0	0	0	0
BX12 sp014333425	0.00014	0	0	0	0
Sporanaerobacter acetigenes	0.00014	0.00003	0.00003	0.00002	0.00004
Catenibacterium sp900540665	0.00014	0	0.00001	0.00001	0
Prevotella sp900553595	0.00013	0	0	0	0
MGYG000004348	0.00013	0	0	0	0
Prevotella sp900546535	0.00013	0	0.00001	0.00001	0
Alistipes sp902388705	0.00013	0	0	0	0
Odoribacter sp900544025	0.00013	0	0	0	0
MGYG000004203	0.00013	0.00034	0.00024	0.00022	0.00016
MGYG000004609	0.00013	0	0	0	0
Sellimonas sp002161525	0.00013	0.00015	0.00014	0.00009	0.00019
Lachnoclostridium_B sp000765215	0.00013	0.00013	0.00013	0.00008	0.00015
CAG-56 sp900539525	0.00013	0.00021	0.00015	0.00015	0.0001
MGYG000004039	0.00013	0.00001	0.00001	0	0
Gemmiger sp900540595	0.00013	0	0	0	0
MGYG000004384	0.00013	0	0	0	0
UBA1394 sp900554975	0.00013	0	0	0	0
Ruminiclostridium_E sp900539195	0.00013	0	0	0	0
UMGS905 sp900540085	0.00013	0	0	0	0.00001
MGYG000002229	0.00013	0	0	0	0
CAG-724 sp900551005	0.00013	0	0	0	0
Emergencia sp900551775	0.00013	0	0	0	0
Monoglobus pectinilyticus	0.00013	0.00008	0.00007	0.00005	0.00009
Collinsella sp900549715	0.00013	#N/A	#N/A	#N/A	#N/A
Allisonella histaminiformans	0.00013	0.00001	0.00001	0.00001	0.00001
MGYG000004768	0.00012	0	0	0	0
Alistipes sp900290115	0.00012	0	0	0	0
CAG-279 sp900541555	0.00012	0	0	0	0
CAG-279 sp000437795	0.00012	0	0	0	0
CAG-279 sp900548875	0.00012	0.00001	0.00002	0.00002	0.00001
Blautia_A sp900549015	0.00012	0	0	0	0
Acetatifactor sp900760705	0.00012	0.00002	0.00002	0.00002	0.00003
Enterocloster sp900549235	0.00012	0.00001	0.00001	0	0.00001
UBA9502 sp900540335	0.00012	0.00001	0.00001	0	0.00002
CAG-194 sp000432915	0.00012	0	0	0	0
MGYG000000346	0.00012	0	0	0	0
Eubacterium_F sp003491505	0.00012	0.0002	0.00015	0.0001	0.00024
Gemmiger variabilis	0.00012	0.0001	0.00008	0.00007	0.00007
Gemmiger sp900540775	0.00012	0	0	0	0
MGYG000004807	0.00012	0	0	0	0
UMGS1872 sp902373635	0.00012	0	0	0	0
QALR01 sp900553085	0.00012	0	0	0	0
UBA11517 sp900555365	0.00012	0	0	0	0.00001
Gordonibacter urolithinfaciens	0.00012	#N/A	0	0	0
Psychrobacillus sp012843435	0.00012	0	0	0	0
MGYG000004009	0.00011	0	0	0	0
Prevotella sp000436035	0.00011	0.00005	0.00006	0.00018	0.00007
Prevotella sp900557255	0.00011	0.00002	0.00002	0.00002	0.00001
CAG-279 sp900550025	0.00011	0	0	0	0
MGYG000000393	0.00011	0	0	0	0
Blautia_A sp900551075	0.00011	0	0	0	0
Lachnospira sp900547255	0.00011	0	0	0	0
Blautia coccoides	0.00011	0.00006	0.00004	0.00002	0.00018
Eubacterium_I sp900066595	0.00011	0.00277	0.0024	0.0014	0.00126
Eisenbergiella sp900539715	0.00011	0	0	0	0
CAG-882 sp900545175	0.00011	0.00001	0	0	0
UBA2882 sp900549665	0.00011	0.00002	0.00002	0.00001	0.00002
1XD42-69 sp014287635	0.00011	0.00007	0.00005	0.00005	0.00003
MGYG000004586	0.00011	0.00001	0.00001	0.00001	0.00002
Eubacterium_R sp900540305	0.00011	0.00002	0.00002	0.00001	0.00004
Anaeromassilibacillus sp002159845	0.00011	0	0	0	0
MGYG000004206	0.00011	0	0	0	0
CAG-269 sp900555615	0.00011	0.00001	0.00001	0	0.00001
CAG-269 sp900753165	0.00011	0	0	0	0
Collinsella sp900541285	0.00011	0.00003	0.00002	0.00003	0.00005
Collinsella sp900757705	0.00011	#N/A	#N/A	#N/A	#N/A
MGYG000003917	0.00011	#N/A	0	0	#N/A
Coprobacillus cateniformis	0.00011	0.00002	0.00002	0.00001	0.00004
MGYG000004118	0.00011	0	0	0	0
Prevotella sp000431975	0.0001	0	0	0	0
Prevotella copri_A	0.0001	0.00047	0.0005	0.00038	0.00045
Parabacteroides sp900552415	0.0001	0	0.00001	0.00001	0.00001
CAG-279 sp900544305	0.0001	0.00001	0.00002	0.00002	0.00001
Lachnospira sp900316325	0.0001	0.00001	0	0.00001	0.00001
Blautia sp001304935	0.0001	0.00016	0.00009	0.00007	0.00028
CAG-317 sp000433535	0.0001	0	0	0	0
MGYG000004879	0.0001	0	0	0	0
Lactonifactor sp009677585	0.0001	0.00314	0.00255	0.00101	0.00332
MGYG000000626	0.0001	0.00002	0.00002	0.00002	0.00001
MGYG000000721	0.0001	0.00001	0.00001	0.00001	0.00001
Anaerostipes rhamnosivorans	0.0001	0.0001	0.00008	0.00006	0.00015
Dorea_B phocaeensis	0.0001	0	0	0	0
Marseille-P4683 sp900232885	0.0001	0.00018	0.00013	0.00011	0.00025
UMGS1532 sp900552605	0.0001	0	0	0	0
Dysosmobacter sp900546705	0.0001	0	0	0	0
CAG-83 sp902388735	0.0001	0	0	0	0
CAG-83 sp000435555	0.0001	0.00007	0.00006	0.00005	0.00008
MGYG000002067	0.0001	0	0	0	0
Pseudoflavonifractor capillosus	0.0001	0.00007	0.00005	0.00004	0.0001
MGYG000003778	0.0001	0	0	0	0
SFEL01 sp004557245	0.0001	0	0	0	0
UMGS929 sp900546875	0.0001	0	0	0	0
Bifidobacterium gallinarum	0.0001	0	0	0	0
Collinsella sp900759335	0.0001	#N/A	#N/A	#N/A	#N/A
Collinsella sp003487125	0.0001	0.00001	0	0	0.00001
Collinsella sp900550825	0.0001	0	0	0	0
MGYG000000210	0.0001	0	#N/A	#N/A	#N/A
MGYG000003923	0.0001	0	0	0	0
MGYG000002843	0.0001	#N/A	0	0	#N/A
CAG-313 sp900539265	0.0001	0.0001	0.00008	0.00009	0.00013
MGYG000003941	0.00009	0	0	0	0
Mediterraneibacter massiliensis	0.00009	0.00007	0.00005	0.00003	0.00008
MGYG000001954	0.00009	0.00007	0.00003	0.00004	0.00005
CAG-95 sp900553305	0.00009	0	0	0	0
Faecalimonas umbilicata	0.00009	0.00043	0.0003	0.00015	0.00054
MGYG000004791	0.00009	0	0	0	0
CAG-353 sp900066885	0.00009	0.00024	0.00014	0.00007	0.00026
Eubacterium_R sp900767025	0.00009	0	0	0	0
Eubacterium_R sp900542875	0.00009	0	0	0	0
Eubacterium_R sp900540235	0.00009	0	0	0	0
MGYG000003863	0.00009	0	0	0	0
CAG-110 sp900554625	0.00009	0	0	0	0
MGYG000000386	0.00009	0	0	0	0
CAG-269 sp000431335	0.00009	0.00001	0.00001	0	0.00001
MGYG000002797	0.00009	0	0	0	0
Eubacterium callanderi	0.00009	0.00005	0.00004	0.00002	0.00005
Bifidobacterium italicum	0.00009	0	0	0	#N/A
Bifidobacterium pullorum	0.00009	#N/A	#N/A	0	0
Collinsella sp900553415	0.00009	#N/A	#N/A	0	0
MGYG000004421	0.00009	0	#N/A	#N/A	#N/A
Collinsella sp900540855	0.00009	#N/A	#N/A	#N/A	#N/A
Collinsella sp900556445	0.00009	0	0	0	#N/A
MGYG000004509	0.00009	0	0	0	0
MGYG000001906	0.00009	0.00119	0.00096	0.00083	0.00047
Fusobacterium nucleatum_E	0.00009	0.00002	0.00001	0.00001	0.00002
Prevotella sp002480935	0.00008	0	0	0	0
Prevotella pectinovora	0.00008	0.00001	0.00001	0.00001	0.00001
MGYG000001886	0.00008	0	0	0	0
Tidjanibacter inops_A	0.00008	0.00013	0.00011	0.00013	0.00016
MGYG000004233	0.00008	0.00001	0	0	0.00001
Enterocloster sp000155435	0.00008	0.00292	0.00206	0.0006	0.00383
MGYG000004582	0.00008	0.00005	0.00004	0.00004	0.00006
MGYG000003578	0.00008	0.00001	0.00001	0.00001	0.00001
GCA-900066755 sp902363085	0.00008	0.00028	0.00022	0.00014	0.00038
CAG-303 sp900539455	0.00008	0.00005	0.00004	0.00003	0.00004
UBA1394 sp900066845	0.00008	0.00054	0.00035	0.00021	0.00067
Negativibacillus sp900547015	0.00008	0	0	0	0
MGYG000004560	0.00008	0	0	0	0
CAG-488 sp900554995	0.00008	0	0	0	0
Dysosmobacter sp900550685	0.00008	0	0	0	0
CAG-103 sp900543625	0.00008	0	0	0	0
MGYG000002627	0.00008	0.00001	0	0.00001	0.00002
MGYG000000432	0.00008	0	0	0	0
UMGS1781 sp900555075	0.00008	0	0	0	0
MGYG000004481	0.00008	0	0	0	0
MGYG000003324	0.00008	0.00004	0.00004	0.00001	0.00009
MGYG000000934	0.00008	0	0	0	#N/A
MGYG000003698	0.00008	0	#N/A	0	#N/A
Collinsella sp900757185	0.00008	0	#N/A	0	0
MGYG000003915	0.00008	0	0	0	0
Collinsella sp900546115	0.00008	#N/A	0	0	#N/A
MGYG000001870	0.00008	0	0	0	0
Veillonella atypica	0.00008	0.00007	0.00002	0.00001	0.00011
MGYG000002642	0.00008	0	0	0	0
MGYG000003021	0.00008	0	0	0	0
Clostridium_AQ sp000165065	0.00008	0.00001	0.00001	0	0.00001
Dielma fastidiosa	0.00008	0.00003	0.00004	0.00003	0.00013
Prevotella sp002251385	0.00007	0	0	0	0
Prevotella sp900547005	0.00007	0	0	0	0
Prevotella sp002251295	0.00007	0	0	0	0
Prevotellamassilia sp900541575	0.00007	0	0	0	0
MGYG000004885	0.00007	0.00003	0.00004	0.00003	0.00004
Muribaculum intestinale	0.00007	0.0002	0.00027	0.00024	0.00029
Odoribacter sp900541415	0.00007	0.00047	0.00071	0.00098	0.00054
Butyricimonas sp900759925	0.00007	0.00015	0.00019	0.00017	0.00014
RC9 sp000431015	0.00007	0.00032	0.00035	0.00032	0.00032
Dysgonomonas gadei	0.00007	0.00149	0.00208	0.00278	0.00188
Dysgonomonas sp900079735	0.00007	0	0	0	0
Anaerobutyricum sp002161065	0.00007	0	0	0	0
Enterocloster sp900555045	0.00007	0.00004	0.00003	0.00004	0.00004
Lachnospira sp900552795	0.00007	0	0	0	0
CAG-510 sp900550475	0.00007	0.00002	0.00002	0.00001	0.00004
Clostridium_Q sp900547735	0.00007	0.00002	0.00002	0.00001	0.00002
Lachnoclostridium_A edouardi	0.00007	0.00079	0.00065	0.0004	0.00095
Catenibacillus sp902363555	0.00007	0.00045	0.00036	0.00026	0.00054
MGYG000003273	0.00007	0	0	0	0
MGYG000000387	0.00007	0	0	0	0
UBA11774 sp003507655	0.00007	0.00004	0.00002	0.00001	0.00007
MGYG000000378	0.00007	0	0	0	0
UMGS363 sp900768245	0.00007	0	0	0	0
UMGS1601 sp900545345	0.00007	0	0	0	0
MGYG000004184	0.00007	0	0	0	0
Eubacterium_R sp900547915	0.00007	0	0	0	0
Eubacterium_R sp900539775	0.00007	0	0	0	0
UBA737 sp900543215	0.00007	0	0	0	0
Dysosmobacter sp001916835	0.00007	0	0	0	0
CAG-83 sp900547745	0.00007	0	0	0	0
CAG-83 sp900549395	0.00007	0.00001	0	0	0.00001
ER4 sp900317525	0.00007	0	0	0	0
ER4 sp900768135	0.00007	0	0	0	0
MGYG000002213	0.00007	0	0	0	0
MGYG000004811	0.00007	0	0	0	0
UMGS902 sp900546635	0.00007	0	0	0	0
CAG-269 sp000435535	0.00007	0	0	0	0
Monoglobus sp900554105	0.00007	0.00002	0.00002	0.00001	0.00002
MGYG000000728	0.00007	0	0	0	0
Bifidobacterium thermophilum	0.00007	0.00002	0.00002	0.00002	0.00002
Pauljensenia sp001064145	0.00007	#N/A	#N/A	0	0
Collinsella sp900553935	0.00007	0	0	0	0
Collinsella sp900546105	0.00007	#N/A	#N/A	#N/A	#N/A
Collinsella sp902388345	0.00007	#N/A	#N/A	#N/A	0
Collinsella sp900553705	0.00007	0	0	0	0
Collinsella aerofaciens_F	0.00007	0.00001	0	0	0.00001
Collinsella sp003459505	0.00007	#N/A	#N/A	#N/A	0
Veillonella dispar_A	0.00007	0.00003	0.00001	0	0
Dielma sp001305055	0.00007	0.00001	0.00001	0.00001	0.00001
Enterococcus_A devriesei	0.00007	0	0	0	0
MGYG000002219	0.00007	0.00001	0.00001	0	0
Prevotella sp900545525	0.00006	0	0	0	0
Prevotella sp900769275	0.00006	0	0	0	0
Alistipes_A sp900546005	0.00006	0	0	0	0
CAG-873 sp001701165	0.00006	0	0	0	0
Dysgonomonas capnocytophagoides	0.00006	0	0	0	0
Mediterraneibacter sp900553885	0.00006	0	0	0	0
MGYG000002150	0.00006	0	0	0	0
Clostridium_Q sp000435655	0.00006	0.00001	0.00001	0	0.00001
MGYG000004839	0.00006	0.00001	0.00001	0.00001	0.00001
Marvinbryantia sp900544685	0.00006	0	0	0	0
MGYG000001219	0.00006	0	0	0	0
Merdimonas sp900553355	0.00006	0	0	0	0.00001
Ruminococcus_D sp900543145	0.00006	0.00001	0	0	0.00001
Ruminococcus_D sp900539835	0.00006	0.00004	0.00002	0.00001	0.00003
Gemmiger variabilis_A	0.00006	0	0	0	0
Ruminococcus sp900540005	0.00006	0	0	0	0
UMGS1889 sp900556055	0.00006	0	0	0	0
MGYG000001106	0.00006	0	0	0	0
Massilioclostridium methylpentosum	0.00006	0.00008	0.00005	0.00003	0.00009
MGYG000001572	0.00006	0	0	0	0
UBA737 sp900549755	0.00006	0	0	0	0
Pseudoruminococcus sp902765855	0.00006	0	0	0	0
UBA1691 sp900549825	0.00006	0	0	0	0
UBA1417 sp003531055	0.00006	0	0	0	0
CAG-83 sp900545495	0.00006	0	0	0	0
Evtepia gabavorous	0.00006	0.00008	0.00006	0.00006	0.0001
MGYG000002071	0.00006	0	0	0	#N/A
CAG-170 sp900751035	0.00006	0	0	0	0
UBA9475 sp900549885	0.00006	0.00001	0.00001	0.00001	0.00001
Agathobaculum sp900555465	0.00006	0	0	0	0
Butyricicoccus_A sp002395695	0.00006	0	0	0	0
UBA1191 sp900066305	0.00006	0.00004	0.00003	0.00003	0.00005
MGYG000004235	0.00006	0	0	0	0
MGYG000003766	0.00006	0	0	0	0
MGYG000000594	0.00006	#N/A	#N/A	0	0
MGYG000002921	0.00006	0	0	0	0
Collinsella sp900555815	0.00006	0	0	0	0
Collinsella sp900757285	0.00006	#N/A	#N/A	#N/A	#N/A
Collinsella sp900553165	0.00006	#N/A	#N/A	#N/A	#N/A
Veillonella dispar	0.00006	0	0	0	0
Catenibacterium mitsuokai	0.00006	0.00001	0.00001	0.00001	0.00001
MGYG000002826	0.00006	#N/A	#N/A	0	#N/A
Prevotella timonensis	0.00005	0	0	0	0
Prevotella sp900556825	0.00005	0	0	0	0
Prevotella sp900770395	0.00005	0	0	0	0
Prevotella sp900313215	0.00005	0	0	0	0
Prevotella sp900553465	0.00005	0.00002	0.00002	0.00002	0.00002
Prevotella sp003447235	0.00005	0.00004	0.00003	0.00006	0.00007
Prevotella sp900554695	0.00005	0	0	0	0
Prevotella sp900556275	0.00005	0	0	0	0
Prevotella sp900550035	0.00005	0	0	0	0
Prevotella sp900544825	0.00005	0	0	0	0
Prevotellamassilia sp900768625	0.00005	0	0	0	0
Prevotellamassilia sp900542795	0.00005	0	0	0.00001	0.00001
Alistipes sp900550375	0.00005	0	0	0	0
MGYG000002674	0.00005	0	0	0	0
UBA7173 sp900546835	0.00005	0	0	0	0
MGYG000004820	0.00005	0	0	0	0
HGM05232 sp900759955	0.00005	0	0	0	0
Barnesiella sp900538705	0.00005	0.00001	0.00001	0.00001	0.00001
MGYG000004558	0.00005	0	0	0	0
Enterocloster sp900753815	0.00005	0.00002	0.00001	0.00001	0.00001
CAG-510 sp900551115	0.00005	0.00001	0.00001	0	0.00002
Blautia sp003287895	0.00005	0	0	0	0
Blautia sp900539145	0.00005	0	0	0	0
MGYG000002210	0.00005	0	0	0	0
MGYG000004519	0.00005	0.00001	0	0	0.00001
MGYG000004774	0.00005	0.00001	0	0	0.00001
UMGS1441 sp900551755	0.00005	0.00004	0.00004	0.00001	0.0001
Ruminococcus_D sp900770285	0.00005	0	0	0	0
Gemmiger sp900556255	0.00005	0	0	0	0
MGYG000003858	0.00005	0	0	0	0
CAG-488 sp003486665	0.00005	0	0	0	0
RUG806 sp900313475	0.00005	0	0	0	0
Lawsonibacter sp900766145	0.00005	0	0	0	0
Lawsonibacter sp900553135	0.00005	0	0	0	0
MGYG000002753	0.00005	0	0	0	0
CAG-83 sp900550615	0.00005	0	0	0	0
CAG-83 sp900756715	0.00005	0	0	0	0
UBA738 sp003522945	0.00005	0	0	0	0
MGYG000003869	0.00005	0	0	0	0
MGYG000002696	0.00005	0	0	0	0
MGYG000004035	0.00005	0.00001	0.00001	0	0.00002
MGYG000004760	0.00005	0	0	0	0
CAG-269 sp900551615	0.00005	0.00002	0.00001	0.00001	0.00004
UMGS1901 sp900553755	0.00005	0	0	0	0
Anaerofustis sp900549875	0.00005	0	0	0	0
MGYG000002713	0.00005	0	0	0	0
MGYG000004845	0.00005	0	0	0	0
Bifidobacterium globosum	0.00005	0	0	0	0
Collinsella sp900542155	0.00005	0	0	#N/A	#N/A
Collinsella sp900557505	0.00005	#N/A	0	0	#N/A
Collinsella sp900765185	0.00005	0.00002	0.00004	0.00001	0.00002
MGYG000002743	0.00005	0	#N/A	#N/A	0
MGYG000001583	0.00005	0	#N/A	0	#N/A
Collinsella sp900754435	0.00005	0	0	0	0
MGYG000001137	0.00005	#N/A	#N/A	#N/A	#N/A
Collinsella sp900757505	0.00005	#N/A	0	#N/A	0
MGYG000003745	0.00005	0	0	0	0
Slackia_A sp900553775	0.00005	0	0	0	0
CACZQA01 sp900758075	0.00005	0	0	0	0
Streptococcus sp900755085	0.00005	0	0	0	0
MGYG000001840	0.00005	0	0	0	0
CAG-196 sp002102975	0.00005	0	0	0	0
Zag111 sp900551965	0.00005	0	0	0	0
Prevotella sp000436915	0.00004	0.00002	0.00002	0.00002	0.00002
MGYG000002092	0.00004	0	0	0	0
Prevotella sp900554045	0.00004	0	0	0	0
MGYG000002613	0.00004	0	0	0	0
Prevotella sp900543975	0.00004	0	0	0	0
Prevotella sp900540415	0.00004	0	0	0	0
Prevotella denticola	0.00004	0	0	0	0
Prevotella sp900551985	0.00004	0	0	0	0
MGYG000000658	0.00004	0	0	0	0
Prevotellamassilia sp900540885	0.00004	0.00001	0.00001	0.00001	0.00001
Prevotellamassilia sp900772575	0.00004	0	0	0	0
MGYG000000682	0.00004	0	0	0	0
Alistipes sp900542505	0.00004	0	0	0	0
Alistipes sp900761235	0.00004	0	0	0	0
Alistipes_A sp900545315	0.00004	0	0	0	0
UBA7173 sp001701135	0.00004	0	0	0	0
Barnesiella sp002159975	0.00004	0	0	0	0
RC9 sp900771005	0.00004	0.00292	0.00295	0.00286	0.00307
CAG-831 sp000432775	0.00004	0.00005	0.00006	0.0001	0.00008
Dysgonomonas sp900556485	0.00004	0.00005	0.00004	0.00005	0.00006
UBA1181 sp900769555	0.00004	0	0	0	0
Blautia_A hydrogenotrophica	0.00004	0.00165	0.00124	0.00059	0.00201
Blautia_A sp900542045	0.00004	0	0	0	0
Blautia_A sp900547615	0.00004	0	0	0	0
Mediterraneibacter sp900752395	0.00004	0.00049	0.00031	0.00012	0.00098
Mediterraneibacter sp900751785	0.00004	0	0	0	0
Enterocloster sp005845215	0.00004	0	0	0	0
Enterocloster sp900540675	0.00004	0.00001	0	0	0.00001
Enterocloster sp900538485	0.00004	0.00002	0.00001	0	0.00002
Enterocloster sp900551225	0.00004	0.00019	0.00013	0.00014	0.00016
Enterocloster sp900547035	0.00004	0.00002	0.00001	0.00001	0.00003
MGYG000001032	0.00004	0	0	0	0
MGYG000002170	0.00004	0	0	0	0
Blautia hominis	0.00004	0.00028	0.00025	0.00017	0.0003
MGYG000002212	0.00004	0	0	0	0
Eisenbergiella sp900555195	0.00004	0	0	0	0
Eisenbergiella sp900544445	0.00004	0	0	0	0
MGYG000004572	0.00004	0	0	0	0
Faecalimonas sp900555395	0.00004	0	0	0	0
CAG-590 sp900544905	0.00004	0.00001	0.00001	0.00001	0
Lachnoclostridium_A sp003464085	0.00004	0.00157	0.00103	0.00042	0.00184
CAG-882 sp900545455	0.00004	0	0	0	0
Anaerosacchariphilus sp002160765	0.00004	0.00001	0.00001	0.00001	0.00001
MGYG000004781	0.00004	0	0	0	0
MGYG000004884	0.00004	0	0	0	0
MGYG000000361	0.00004	0	0	0	0
Robinsoniella sp900540475	0.00004	0	0	0	0
CAG-127 sp900553925	0.00004	0.00012	0.00011	0.00009	0.00028
Lacrimispora sp902363835	0.00004	0.00097	0.00072	0.00042	0.0012
MGYG000004660	0.00004	0	0	0	0
Massilistercora timonensis	0.00004	0	0	0	0
Anaerosporobacter mobilis	0.00004	0.00022	0.00019	0.00014	0.00027
MGYG000004732	0.00004	0	0	0	0
MGYG000004598	0.00004	0	0	0	0
Ruminiclostridium_E sp003512525	0.00004	0	0	0	0
MGYG000002221	0.00004	0	0	0	0
QAMM01 sp900552945	0.00004	0	0	0	0
Harryflintia acetispora	0.00004	0.00003	0.00003	0.00002	0.00004
Eubacterium_R sp014465955	0.00004	0	0	0	0
Eubacterium_R sp900766895	0.00004	0	0	0	0
UMGS1071 sp900542375	0.00004	0	0	0	0
UMGS1071 sp900548305	0.00004	0	0	0	0
MGYG000004873	0.00004	0	0	0	0
UBA737 sp900554525	0.00004	0	0	0	0
MGYG000001837	0.00004	0	0	0	0
CAG-177 sp003514385	0.00004	0	0	0	0
RUG420 sp900542575	0.00004	0.00001	0.00001	0.00001	0.00001
MGYG000000456	0.00004	0	#N/A	0	0
Dysosmobacter sp004553545	0.00004	0	0	0	0
Lawsonibacter sp900549405	0.00004	0	0	0	0
CAG-110 sp900752285	0.00004	0	0	0	0
CAG-110 sp900544705	0.00004	0	0	0	0
CAG-110 sp000434635	0.00004	0	0	0	0
CAG-83 sp900551995	0.00004	0	0	0	0
CAG-83 sp003487665	0.00004	0	0	0	0
CAG-83 sp900556015	0.00004	0	0	0	0
UBA1777 sp900754515	0.00004	0	0	0	#N/A
UBA1777 sp900549545	0.00004	0	0	0	0
MGYG000004702	0.00004	0	0	0	0
MGYG000002068	0.00004	0	0	0	0
NK3B98 sp900758315	0.00004	0	0	0	0
Agathobaculum sp900557315	0.00004	0	0	0	0
MGYG000004857	0.00004	0	0	0	0
CAG-269 sp003525075	0.00004	0.00002	0.00001	0.00001	0.00004
CAG-269 sp001916065	0.00004	0	0	0	0
CAG-492 sp000434335	0.00004	0.00012	0.00009	0.00008	0.00024
Emergencia timonensis	0.00004	0.00003	0.00002	0.00001	0.00003
MGYG000004863	0.00004	0	0	0	0
UMGS973 sp900547295	0.00004	0	0	0	0
Intestinibacter bartlettii	0.00004	0.00001	0.00002	0.00001	0.00002
UMGS1537 sp900552695	0.00004	0	0	0	0
Bifidobacterium animalis	0.00004	0.00003	0.00003	0.00002	0.00002
MGYG000002808	0.00004	0	0	#N/A	#N/A
Collinsella sp900548935	0.00004	0	0	0	0
Collinsella sp900754525	0.00004	#N/A	#N/A	#N/A	0
Collinsella sp900550415	0.00004	0	0	0	0
MGYG000003885	0.00004	#N/A	#N/A	#N/A	#N/A
Collinsella sp900549195	0.00004	0	0	0	0
MGYG000004554	0.00004	0	#N/A	0	#N/A
Megasphaera cerevisiae	0.00004	0	0	0	0
Raoultella ornithinolytica	0.00004	0	0	0	0
Streptococcus mitis_AC	0.00004	0	0	0	0
CAG-822 sp900546055	0.00004	0.00001	0.00001	0.00001	0.00001
Bilophila sp900553145	0.00004	0	0	0	0
MGYG000002077	0.00004	0	0	0	0
Gastranaerophilus phascolarctosicola	0.00004	0	0	0	0
MGYG000004495	0.00003	0	0	0	0
Prevotella sp900552675	0.00003	0	0	0	0
Prevotella sp002265625	0.00003	0	0	0	0
Prevotella sp900543585	0.00003	0.00001	0.00001	0.00001	0
Prevotella sp900771975	0.00003	0	0	0	0
Prevotella sp002251365	0.00003	0	0	0	0
Prevotella sp900315955	0.00003	0	0	0	0
Prevotella sp002299635	0.00003	0	0	0	0
Prevotella oralis	0.00003	0.00024	0.00025	0.00025	0.00025
Prevotella sp900770025	0.00003	0	0	0	0
MGYG000004880	0.00003	0	0	0	0
Prevotella sp900555035	0.00003	0	0	0	0
Prevotella sp000435635	0.00003	0.00001	0.00001	0.00001	0.00001
Prevotella sp900552515	0.00003	0	0	0	0
Prevotella sp900548195	0.00003	0	0	0	0
Prevotella sp900551055	0.00003	0	0	0	0
CAG-617 sp000438115	0.00003	0	0	0	0
UBA6382 sp900557555	0.00003	0	0	0	0
Alloprevotella tannerae	0.00003	0	0	0	0
Alistipes sp002358415	0.00003	0.00002	0.00002	0.00002	0.00002
Alistipes sp900546065	0.00003	0	0	0	0
CAG-485 sp002491165	0.00003	0	0	0	0
MGYG000003816	0.00003	0	0	0	0
MGYG000001666	0.00003	0	0	0	0
SFTJ01 sp900769345	0.00003	0	0	0	0
Gabonibacter massiliensis	0.00003	0.00012	0.00015	0.00016	0.00012
Gabonibacter sp900543425	0.00003	0	0	0	0
UBA11471 sp900542765	0.00003	0.00002	0.00002	0.00002	0.00003
MGYG000003338	0.00003	0	0	0	0
MGYG000004752	0.00003	0.00002	0.00001	0.00001	0.00001
Mediterraneibacter sp900555215	0.00003	0	0	0	0
Enterocloster clostridioformis_A	0.00003	0.00001	0	0	0.00001
Blautia sp900543715	0.00003	0	0	0	0
MGYG000004677	0.00003	0	0	0	0
Coprococcus sp900548215	0.00003	0	0	0	0
Coprococcus sp900761435	0.00003	0.00005	0.00004	0.00003	0.00004
Marvinbryantia sp014385005	0.00003	0	0	0	0
MGYG000000627	0.00003	0	0	0	0
Lachnoclostridium_A sp002160755	0.00003	0.00024	0.00022	0.00013	0.00031
MGYG000001952	0.00003	0.00014	0.00009	0.00002	0.00012
Oribacterium sp900770445	0.00003	0	0	0	0
Anaerosacchariphilus sp014290175	0.00003	0	0	0	0
CAG-791 sp000431495	0.00003	0	0	0	0
Extibacter hylemonae	0.00003	0.0001	0.00007	0.00005	0.00011
MGYG000002075	0.00003	0.00001	0.00001	0	0
RUG14107 sp900772685	0.00003	0	0	0	0
UMGS1472 sp900552095	0.00003	0	0	0	0
UBA3766 sp900769175	0.00003	0.02341	0.01634	0.01679	0.01868
MGYG000002623	0.00003	0.00002	0.00002	0.00001	0.00001
Anaerotignum sp001304995	0.00003	0.00093	0.00076	0.00037	0.00159
UMGS1670 sp900546215	0.00003	0	0	0	0
UMGS1670 sp900553995	0.00003	0	0	0	0
MGYG000000724	0.00003	0	0	0	0
CAG-115 sp003531585	0.00003	0	0	0	0
Ruthenibacterium sp900546885	0.00003	0	0	0	0
CAG-353 sp900768995	0.00003	0	0	0	0
UMGS1601 sp900553335	0.00003	0	0	0	0
Angelakisella sp900552845	0.00003	0	0	0	0
Eubacterium_R sp900555015	0.00003	0	0	0	0
UBA737 sp002431945	0.00003	0	0	0	0
MGYG000001979	0.00003	0	0	0	0
Acutalibacter sp900548545	0.00003	0	0	0	0
CAG-488 sp900539465	0.00003	0	0	0	0
CAG-488 sp000434055	0.00003	0	#N/A	0	0
Hydrogeniiclostridium sp900550095	0.00003	0	0	0	0
CAG-177 sp003538135	0.00003	0	0	0	0
UBA6857 sp900768075	0.00003	0	0	0	0
UBA5905 sp002437905	0.00003	0	0	0	0
MGYG000004076	0.00003	0.00011	0.00009	0.00008	0.00009
MGYG000002702	0.00003	0	0	0	0
Caproiciproducens sp000752215	0.00003	0.00032	0.0003	0.00014	0.00029
DTU089 sp002440045	0.00003	0	0	0	0
MGYG000004727	0.00003	0	0	0	0
UBA1227 sp900545655	0.00003	0	0	0	0
Dysosmobacter sp900763685	0.00003	0	0	0	0
CAG-110 sp900547405	0.00003	0	0	0	0
CAG-83 sp900552475	0.00003	0	0	0	0
UBA1777 sp900547315	0.00003	0	0	0	0
CAG-170 sp000432135	0.00003	0	0	0	0
F23-B02 sp900556535	0.00003	0	0	0	0
Marseille-P3106 sp900169975	0.00003	0	0	0	0
MGYG000002604	0.00003	0	0	#N/A	0
MGYG000004122	0.00003	0	0	0	0
MGYG000003907	0.00003	0	0	0	0
MGYG000000719	0.00003	0.00001	0	0	0.00001
MGYG000004722	0.00003	0	0	0	0
CAG-245 sp900758165	0.00003	0	0	0	0
MGYG000004458	0.00003	0.00002	0.00002	0.00001	0.00003
CAG-269 sp900554565	0.00003	0	0	0	0
MGYG000004411	0.00003	0	0	0	0.00001
CAG-269 sp900554365	0.00003	0	0	0	0
UMGS1864 sp900555835	0.00003	0	0	0	0
UBA1191 sp900549125	0.00003	0	0	0	0
S5-A14a sp900553025	0.00003	0	0	0	0
MGYG000004123	0.00003	0	0	0	0
Clostridium_F tepidum	0.00003	0.00001	0	0	0.00001
Murdochiella vaginalis	0.00003	0.00002	0.00001	0.00001	0.00002
Garciella sp900555725	0.00003	0	0	0	0
MGYG000002685	0.00003	0.00001	0.00001	0	0.00002
MGYG000000674	0.00003	0	0	0	0
Firm-11 sp900540045	0.00003	0	0	0	0
UMGS1600 sp900553315	0.00003	0	0	0	0
UBA1685 sp002320595	0.00003	0	0	0	0
UMGS1975 sp900546685	0.00003	0	0	0	0
Pauljensenia sp900556405	0.00003	#N/A	#N/A	#N/A	0
MGYG000004886	0.00003	0.00004	0.00005	0.00003	0.00005
MGYG000002055	0.00003	#N/A	#N/A	#N/A	#N/A
Collinsella sp900757265	0.00003	0	0	0	0
MGYG000003109	0.00003	0	0	0	0
Collinsella sp900540985	0.00003	#N/A	#N/A	#N/A	#N/A
MGYG000000702	0.00003	#N/A	0	0	#N/A
Collinsella sp900542275	0.00003	0.00065	0.00067	0.00051	0.00076
Collinsella sp900551635	0.00003	#N/A	#N/A	0	0
MGYG000001114	0.00003	#N/A	#N/A	#N/A	#N/A
Collinsella sp900552705	0.00003	#N/A	#N/A	#N/A	#N/A
MGYG000001150	0.00003	0	0	0	0
MGYG000003853	0.00003	#N/A	#N/A	#N/A	#N/A
MGYG000000660	0.00003	#N/A	#N/A	#N/A	#N/A
Collinsella sp900541145	0.00003	0.00001	0.00001	0.00001	0.00001
MGYG000004023	0.00003	#N/A	#N/A	#N/A	0
Collinsella sp900542325	0.00003	#N/A	#N/A	#N/A	#N/A
Collinsella sp900757235	0.00003	#N/A	0	#N/A	#N/A
Enorma massiliensis	0.00003	0	0	0	0
Gordonibacter massiliensis	0.00003	0.00002	0.00002	0.00001	0.00001
MGYG000004895	0.00003	#N/A	#N/A	#N/A	0
Olsenella sp900555995	0.00003	0.00001	0.00001	0	0
Phascolarctobacterium_A succinatutens	0.00003	0.00003	0.00002	0.00009	0.00002
Phascolarctobacterium_A sp900541915	0.00003	0	0	0	0
Veillonella sp900765235	0.00003	#N/A	0	0	#N/A
MGYG000003784	0.00003	0	0	#N/A	0
Holdemanella sp900754615	0.00003	0	0	0	0
MGYG000001826	0.00003	0	0	0	0
Absicoccus sp000434355	0.00003	0.00003	0.00003	0.00006	0.00006
MGYG000003797	0.00003	0	0	0	0
Streptococcus sp900550895	0.00003	0	0	0	0
Streptococcus sp004166885	0.00003	#N/A	#N/A	#N/A	0
Streptococcus koreensis	0.00003	0	0	0	0
Streptococcus sp902363395	0.00003	0	0	0	0
Lactobacillus kalixensis	0.00003	0	0	0	0
Granulicatella sp001058355	0.00003	0	0	0	0
MGYG000002207	0.00003	#N/A	0	0	0
UBA5026 sp900557305	0.00003	0.00001	0	0	0
UBA7057 sp900543675	0.00003	0.00001	0.00001	0.00001	0.00001
Bilophila sp900550745	0.00003	0	0	0	0
CAG-196 sp900549855	0.00003	0.00002	0.00003	0.00002	0.00002
Fusobacterium_A sp900764925	0.00003	0	0	0	0
Prevotella sp900762125	0.00002	0	0	0	0
Prevotella sp000433175	0.00002	0	0	0	0
Prevotella veroralis	0.00002	0	0	0	0
Prevotella sp900540375	0.00002	0	0	0	0
Prevotella sp900544495	0.00002	0	0	0	0
Prevotella sp900557405	0.00002	0	0	0	0
Prevotella buccalis	0.00002	0	0	0	0
Prevotella sp900770845	0.00002	0	0	0	0
Prevotella sp900769055	0.00002	0	0	0	0
Prevotella sp900552965	0.00002	0	0	0	0
Prevotella sp900767615	0.00002	0	0	0	0
Prevotellamassilia sp004557035	0.00002	0.00001	0.00001	0.00001	0.00001
Prevotellamassilia sp004552865	0.00002	0.00001	0.00001	0.00001	0.00001
MGYG000004596	0.00002	0	0	0	0
MGYG000003470	0.00002	0.00016	0.00015	0.00017	0.00017
UBA6398 sp003150315	0.00002	0	0	0	0
HGM04593 sp900770665	0.00002	0	0	0	0
HGM04792 sp900770705	0.00002	0.00002	0.00003	0.00003	0.00003
MGYG000002675	0.00002	0	0	0	0
Rikenella microfusus	0.00002	0.00003	0.00002	0.00002	0.00003
MGYG000004705	0.00002	0	0	0.00001	0.00001
CAG-485 sp000437495	0.00002	0	0	0	0
CAG-485 sp900542185	0.00002	0	0	0	0
CAG-485 sp900549375	0.00002	0	0	0	0
CAG-485 sp900555915	0.00002	0	0	0	0
MGYG000003881	0.00002	0	0	0	0
UBA7173 sp900552325	0.00002	0	0	0	0
Paramuribaculum sp900760855	0.00002	0	0	0	0
Muribaculum sp001701195	0.00002	0	0	0	0
CAG-873 sp004552725	0.00002	0	0	0	0
MGYG000004428	0.00002	0	0	0	0
MGYG000003728	0.00002	0	0	0	0
Sodaliphilus sp004557565	0.00002	0.00009	0.00008	0.00012	0.00014
MGYG000004790	0.00002	0.00009	0.0001	0.00007	0.00008
RC9 sp900769905	0.00002	0.00138	0.00131	0.00109	0.00145
CAG-831 sp900550465	0.00002	0	0	0	0
CAG-831 sp900769885	0.00002	0.00001	0.00001	0.00001	0.00001
UBA1232 sp900544815	0.00002	0	0	0	0
UBA1232 sp900769735	0.00002	0.00008	0.00008	0.00008	0.00008
MGYG000004037	0.00002	0	0	0	0
Fermentimonas caenicola	0.00002	0.00029	0.00029	0.00025	0.00031
HGM05398 sp900767385	0.00002	0	0	0	0
SFVR01 sp900769035	0.00002	0	0	0	0.00001
Porphyromonas gingivalis	0.00002	0.00001	0.00001	0.00001	0.00001
UBA3388 sp002358835	0.00002	0	0.00001	0	0
Chryseobacterium gambrini	0.00002	0	0	0	0
UBA1820 sp003150615	0.00002	0	0	0	0
MGYG000003777	0.00002	0	0	0	0
MGYG000002628	0.00002	0	0	0	0
Coprococcus sp900767685	0.00002	0	0	0	0
Catenibacillus sp900557175	0.00002	0	0	0	0
MGYG000003442	0.00002	0	0	0	0
UMGS680 sp900544525	0.00002	0	0	0	0
Frisingicoccus sp900757195	0.00002	0	0	0	0
Anaerocolumna aminovalerica	0.00002	0	0	0	0
MGYG000001833	0.00002	0	0	0	0
Gemmiger sp900548355	0.00002	0	0	0	0
MGYG000004304	0.00002	0	0	0	0
UBA3818 sp900557155	0.00002	0	0	0	0
UMGS966 sp900761965	0.00002	0	#N/A	0	#N/A
UMGS363 sp900550695	0.00002	0	0	0	0
CAG-115 sp900768705	0.00002	0	0	0	0.00001
CAG-115 sp003516865	0.00002	0	0	0	0
CAG-115 sp900766795	0.00002	0	0	0	0
CAG-115 sp003507295	0.00002	0	0	0	0
CAG-115 sp900768125	0.00002	0	0	0	0
Negativibacillus sp900547455	0.00002	0	0	0	0
Angelakisella sp900547385	0.00002	0	0	0	0
UBA866 sp900543295	0.00002	0	0	0	0
Anaerotruncus rubiinfantis	0.00002	0.00004	0.00003	0.00002	0.00005
MGYG000002017	0.00002	0	0	0	0
UBA1409 sp900760125	0.00002	0	0	0	0
UMGS1668 sp900768105	0.00002	#N/A	#N/A	0	0
MGYG000001799	0.00002	0	#N/A	#N/A	0
MGYG000003872	0.00002	0	0	0	0
MGYG000003768	0.00002	0	0	0	0
UBA737 sp900754145	0.00002	0	0	0	#N/A
UBA737 sp900549055	0.00002	0	0	0	#N/A
UBA737 sp900768035	0.00002	0	0	0	0
Acutalibacter sp000432995	0.00002	0	0	0	0
Acutalibacter sp900543305	0.00002	0	0	0	0
CAG-177 sp000431775	0.00002	0	0	0	0
UBA1691 sp900552985	0.00002	0	0	0	0
UBA6857 sp900767015	0.00002	0	0	0	0
UBA1417 sp002305575	0.00002	0	0	0	0
MGYG000003557	0.00002	0	0	0	0
CAG-180 sp900540295	0.00002	0.00066	0.00047	0.00039	0.0003
MGYG000003752	0.00002	0	0	0	0
RUG420 sp900771085	0.00002	0	0	0	#N/A
Clostridium_E sporosphaeroides	0.00002	0.00001	0	0.00001	0.00001
MGYG000000704	0.00002	0	0	0	0
UMGS1397 sp900551425	0.00002	0	0	0	0
MGYG000000505	0.00002	0	0	0	0
UMGS403 sp900540865	0.00002	0	0	0	#N/A
UBA945 sp900549675	0.00002	0	0	0	0
MGYG000004032	0.00002	0	0	0	0
Lawsonibacter sp900763995	0.00002	0	0	0	0
CAG-103 sp004556965	0.00002	0	0	0	0
CAG-110 sp900544405	0.00002	0	0	0	0
CAG-110 sp900556935	0.00002	0	0	0	0
CAG-110 sp900762245	0.00002	0	0	0	0
CAG-110 sp900548795	0.00002	0	0	0	0
Evtepia sp004556345	0.00002	0	0	0	0
MGYG000002828	0.00002	0	0	0	0
UMGS1872 sp900555795	0.00002	0	0	0	0
MGYG000003938	0.00002	0	0	0	0
UBA1777 sp900549865	0.00002	0	0	0	0
UBA1777 sp900549645	0.00002	0	0	0	0
MGYG000000746	0.00002	0	0	0	0
F23-B02 sp000431075	0.00002	0	0	0	0
UBA9475 sp900554075	0.00002	0	0	0	0
MGYG000000377	0.00002	0	0	0	0
NK3B98 sp900545815	0.00002	0	0	0	0
MGYG000003297	0.00002	0	0	0	0
Oscillibacter ruminantium	0.00002	0.00002	0.00002	0.00001	0.00003
HGM12998 sp900756495	0.00002	0	0	0	0
MGYG000004135	0.00002	0	#N/A	0	0
UMGS911 sp900545935	0.00002	0	0	0	0
MGYG000004098	0.00002	0	0	0	0
MGYG000001133	0.00002	0	0	0	0
CAG-272 sp000433515	0.00002	0	0	0	0
MGYG000004231	0.00002	0	0	0	0
MGYG000002005	0.00002	#N/A	0	0	0
CAG-269 sp900762425	0.00002	0	0	0	0
MGYG000004103	0.00002	0	0	0	0
MGYG000000738	0.00002	0	0	0	0
MGYG000004212	0.00002	0	#N/A	0	0
CAG-273 sp003507395	0.00002	0	0	0	0
MGYG000004078	0.00002	0	0	0	0
CAG-354 sp900555085	0.00002	0.00001	0.00001	0.00001	0.00004
MGYG000000384	0.00002	0	0	#N/A	0
MGYG000000423	0.00002	0	0	0	0
UMGS1994 sp900556975	0.00002	0	0	0	0
MGYG000004306	0.00002	0	0	0	0
MGYG000004427	0.00002	0	0	0	0
BX12 sp902363595	0.00002	0.00015	0.0001	0.00006	0.00021
Alterileibacterium massiliense	0.00002	0	0	0	0
Peptacetobacter sp900539645	0.00002	0	0	0	0
Clostridioides difficile	0.00002	0.00003	0.00003	0.00001	0.00003
Clostridium sp900547475	0.00002	0.00001	0	0	0
Clostridium sp900539375	0.00002	0	0	0	0
UMGS1388 sp900551345	0.00002	0.00001	0.00001	0	0.00001
UMGS1883 sp900763305	0.00002	0.00001	0.00001	0	0.00001
Firm-11 sp900548145	0.00002	0	0	0	0
Firm-11 sp900553905	0.00002	0	0	0	0
MGYG000004154	0.00002	0	0	0	0
SFFH01 sp900542395	0.00002	0	0	0	0
MGYG000002151	0.00002	0	0	0	0
UMGS946 sp900547135	0.00002	0	0	0	0
SFDB01 sp004558825	0.00002	0.00007	0.00007	0.00005	0.00003
NSJ-63 sp014384805	0.00002	0	0	0	0
Rothia mucilaginosa_B	0.00002	0	0	0	0
Collinsella sp003466125	0.00002	#N/A	#N/A	#N/A	#N/A
Collinsella sp900554585	0.00002	0	0	0	0
MGYG000004772	0.00002	0	0	0	0
Collinsella sp900768265	0.00002	0	0	0	#N/A
Collinsella sp900757615	0.00002	#N/A	#N/A	#N/A	#N/A
Collinsella sp900556365	0.00002	0	0	0	0
Collinsella sp003436275	0.00002	#N/A	#N/A	0	0
MGYG000004408	0.00002	#N/A	#N/A	#N/A	#N/A
Collinsella sp900549535	0.00002	0	0	0	0
Collinsella sp900553215	0.00002	#N/A	0	#N/A	0
MGYG000004156	0.00002	#N/A	#N/A	#N/A	0
Collinsella sp900541195	0.00002	#N/A	#N/A	#N/A	#N/A
Collinsella sp900555745	0.00002	#N/A	#N/A	#N/A	0
Collinsella sp900547285	0.00002	#N/A	#N/A	#N/A	0
MGYG000003175	0.00002	0	0	0	#N/A
Collinsella sp900549215	0.00002	0	0	0	0
Collinsella sp003438495	0.00002	#N/A	#N/A	#N/A	#N/A
Collinsella sp900541645	0.00002	#N/A	#N/A	#N/A	#N/A
MGYG000000684	0.00002	#N/A	#N/A	#N/A	#N/A
Collinsella sp900758845	0.00002	#N/A	#N/A	#N/A	#N/A
Collinsella sp900542945	0.00002	#N/A	#N/A	#N/A	#N/A
Collinsella sp900765115	0.00002	0	0	0	0
Collinsella sp900541795	0.00002	#N/A	#N/A	#N/A	#N/A
Collinsella sp900556205	0.00002	#N/A	#N/A	#N/A	#N/A
MGYG000004549	0.00002	0	0	0	0
Collinsella sp900762325	0.00002	0.00001	0.00005	0.00001	0.00002
Collinsella sp900548565	0.00002	0	#N/A	0	0
Collinsella sp900756725	0.00002	#N/A	#N/A	0	#N/A
Collinsella sp900545905	0.00002	0	0	#N/A	0
MGYG000001679	0.00002	0	#N/A	#N/A	#N/A
MGYG000000397	0.00002	#N/A	#N/A	#N/A	#N/A
MGYG000003928	0.00002	#N/A	#N/A	#N/A	#N/A
Collinsella sp900544425	0.00002	0	0	#N/A	#N/A
Slackia_A sp900555495	0.00002	0	0	0	0
Rubneribacter badeniensis	0.00002	0.00002	0.00001	0	0.00001
MGYG000001858	0.00002	0	0	0	0
Phascolarctobacterium_A sp900545025	0.00002	0	0	0	0
Veillonella tobetsuensis	0.00002	#N/A	0	0	0
MGYG000000818	0.00002	0	#N/A	#N/A	0
Veillonella sp900757715	0.00002	0	#N/A	0	#N/A
Veillonella sp900550175	0.00002	#N/A	0	0	0
Veillonella sp900556785	0.00002	0	0	#N/A	0
Citrobacter europaeus	0.00002	0.0002	0.00022	0.00025	0.00042
Citrobacter portucalensis	0.00002	#N/A	0	0	0
Klebsiella quasivariicola	0.00002	0	0	0	0
Providencia alcalifaciens	0.00002	0	0	0	0
Leclercia adecarboxylata_C	0.00002	0	0	#N/A	0
WG-1 sp900539665	0.00002	0	0	0	0
Sutterella seckii_A	0.00002	0	0	0	0
Salinicola tamaricis	0.00002	0	0	0	0.00001
Erysipelatoclostridium sp002160495	0.00002	0	0	0	0
Stoquefichus sp001244545	0.00002	0	0	0	0
Massiliomicrobiota sp002160865	0.00002	0	0	0	0
Holdemanella sp002299315	0.00002	0.00001	0	0	0
Streptococcus sp900543065	0.00002	#N/A	#N/A	0	0
Streptococcus sanguinis_H	0.00002	0	0	0	0
Streptococcus infantis_I	0.00002	0	#N/A	0	0
Streptococcus sp900555155	0.00002	#N/A	0	#N/A	#N/A
MGYG000001743	0.00002	0	0	0	0
HGM10873 sp900753645	0.00002	0	0	0	0
CAG-631 sp900754115	0.00002	0	0	0	0
Turicibacter sanguinis	0.00002	0.00003	0.00003	0.00002	0.00005
Gemella morbillorum	0.00002	#N/A	0	0	0
CAG-196 sp900553895	0.00002	0	#N/A	#N/A	0
QAMI01 sp900554095	0.00002	0	0	0	0
Fusobacterium_A sp900549465	0.00002	0	0.00001	0.00001	0.00001
MGYG000004093	0.00002	0	#N/A	0	0
MGYG000001020	0.00002	0.00008	0.00006	0.00004	0.00005
UBA1829 sp900760615	0.00002	0	0	0	0
TM7x sp900556355	0.00002	0.00006	0.00006	0.00006	0.00006
MGYG000004621	0.00001	0	0	0	0
Prevotella sp900772835	0.00001	0	0	0	0
Prevotella sp900548585	0.00001	0	0	0	0
UBA4372 sp900543815	0.00001	0	0	0	0
MGYG000003301	0.00001	0	0	0	0
Alistipes sp900553175	0.00001	0	0	0	0
Alistipes sp900770635	0.00001	0.00102	0.00096	0.0009	0.00101
MGYG000003599	0.00001	0	0	0	0
Alistipes sp900770585	0.00001	0	0	0	0
Alistipes sp900769445	0.00001	0.00012	0.00009	0.00012	0.00015
MGYG000003467	0.00001	0	0	0	0
CAG-485 sp900552315	0.00001	0.00001	0.00001	0.00001	0.00002
CAG-485 sp900556595	0.00001	0	0	0	0
CAG-485 sp900760815	0.00001	0	0	0	0
MGYG000004853	0.00001	0	0	0	0
CAG-485 sp900766975	0.00001	0	0	0	0
CAG-485 sp900321585	0.00001	0	0	0	0
CAG-485 sp900761855	0.00001	0	0	0	0
MGYG000004377	0.00001	0	0	0	0
MGYG000003434	0.00001	0	0	0	0
Duncaniella sp001701225	0.00001	0.00001	0.00001	0.00001	0.00001
UBA7173 sp900768685	0.00001	0	0	0	0
UBA7173 sp900540205	0.00001	0	0	0	0
MGYG000001839	0.00001	0	0	0	0
Paramuribaculum sp900546365	0.00001	0	0	0	0
Paramuribaculum sp900759915	0.00001	0	0	0	0
Muribaculum sp002492595	0.00001	0.00001	0.00001	0.00001	0.00001
MGYG000000448	0.00001	0	0	0	0
CAG-873 sp900755985	0.00001	0	0	0	0
CAG-873 sp900548975	0.00001	0	0	0	0
CAG-873 sp004552485	0.00001	0	0	0	0
CAG-873 sp002493945	0.00001	0	0	0	0
CAG-873 sp900759825	0.00001	0	0	0	0
MGYG000004213	0.00001	0	0	0	0
MGYG000003799	0.00001	0	0	0	0
Sodaliphilus sp900770215	0.00001	0	0	0	0
Amulumruptor sp001689515	0.00001	0	0	0	0
Amulumruptor sp900539915	0.00001	0	0	0	0
Amulumruptor sp900547825	0.00001	0	0	0	0
MGYG000004432	0.00001	0	0	0	0
RC9 sp000434935	0.00001	0	0	0	0
RC9 sp900546925	0.00001	0	0	0	0
RC9 sp001915575	0.00001	0.00002	0.00003	0.00002	0.00003
RC9 sp900546445	0.00001	0.00001	0.00001	0.00001	0.00001
MGYG000000592	0.00001	0	0	0	0
MGYG000004050	0.00001	0.00101	0.00123	0.00089	0.00084
RC9 sp004556005	0.00001	0	0	0	0
CAG-831 sp900771335	0.00001	0.00001	0.00001	0.00002	0.00001
UBA1232 sp004561775	0.00001	0.00012	0.00011	0.00012	0.00011
UBA1232 sp900769385	0.00001	0	0.00001	0	0
MGYG000003633	0.00001	0	0	0	0
RF16 sp900542355	0.00001	0.00018	0.00021	0.00022	0.0002
MGYG000003813	0.00001	0	0	0	0
Porphyromonas_A somerae	0.00001	0.00033	0.0003	0.00032	0.00035
UBA3388 sp900545215	0.00001	0	0	0	0
F082 sp900542475	0.00001	0	0	0	0
W3P20-009 sp900766825	0.00001	0	0	0	0
Epilithonimonas bovis	0.00001	0	0	0	0
Flavobacterium lindanitolerans	0.00001	0	0	0	0
Butyrivibrio_A sp900768755	0.00001	0	0	0	0
MGYG000002243	0.00001	0	0	0	0
Oribacterium sp004554245	0.00001	0	0	0	0
CAG-791 sp900315055	0.00001	0.00001	0	0	0.00001
MGYG000003769	0.00001	0	0	0	0
UBA2856 sp009696445	0.00001	0.00004	0.00003	0.00002	0.00004
MGYG000001033	0.00001	0	0	0	0
Niameybacter sp900549765	0.00001	0	0	0	0
MGYG000004057	0.00001	0	0	#N/A	0
MGYG000002089	0.00001	0	0	0	0
MGYG000002677	0.00001	0	0	0	0
MGYG000003299	0.00001	0	0	0	0
CAG-115 sp000432175	0.00001	0	0	0	0
Ruthenibacterium sp900759375	0.00001	0	0	0	0
Negativibacillus sp000435195	0.00001	0	0	0	0
Pygmaiobacter massiliensis	0.00001	0	0	0	0
QAMM01 sp003150405	0.00001	0	0	0	0
MGYG000000425	0.00001	0	0	0	0
HGM13233 sp900762805	0.00001	0	0	0	0
UBA1375 sp002305795	0.00001	#N/A	#N/A	0	0
MGYG000004543	0.00001	0	0	0	0
UBA737 sp900547305	0.00001	0	#N/A	0	0
UBA737 sp900769375	0.00001	0	0	0	0
MGYG000004131	0.00001	0	0	0	0
MGYG000003524	0.00001	0	#N/A	0	#N/A
CAG-177 sp900771185	0.00001	0	0	0	0.00001
UBA6857 sp900555805	0.00001	0	0	0	0
UBA5905 sp900764115	0.00001	0	0	0	0
UBA5905 sp900549155	0.00001	0	0	0	0
UBA5905 sp004558485	0.00001	0	0	0	0.00001
MGYG000004159	0.00001	0.00009	0.00005	0.00006	0.00009
MGYG000000388	0.00001	0	0	0	0
Clostridium_E merdae	0.00001	0.00002	0.00001	0.00001	0.00002
Clostridium_E jeddahense	0.00001	0.00011	0.00009	0.00005	0.00011
MGYG000003947	0.00001	0	#N/A	0	0
UMGS1279 sp900761625	0.00001	0	0	0	0
Caproiciproducens sp900546895	0.00001	0	0	0	0
UMGS1491 sp900757335	0.00001	0	0	0	0
UMGS1491 sp900554335	0.00001	0	#N/A	0	0
UMGS1491 sp900552265	0.00001	0	0	0	0
UMGS1397 sp900761355	0.00001	0	0	0	0
UMGS1976 sp900769535	0.00001	0	0	0	0
UMGS856 sp900760305	0.00001	0	0	0	0
UBA1081 sp900543395	0.00001	0	0	0	0
MGYG000002038	0.00001	0	0	0	0
UMGS1474 sp900552115	0.00001	0	0	0	0
UMGS1487 sp900552225	0.00001	0	0	#N/A	0
MGYG000003841	0.00001	0	0	0	#N/A
MGYG000004322	0.00001	0	0	0	0
MGYG000004892	0.00001	0	0	0	0
MGYG000004229	0.00001	0	0	0	0
CAG-110 sp900553805	0.00001	0	0	0	0
CAG-110 sp900549495	0.00001	0	#N/A	0	0
CAG-110 sp000435995	0.00001	0	0	0	0
CAG-110 sp900769835	0.00001	0	0	0	0
CAG-110 sp900769995	0.00001	0.00001	0	0	0.00001
MGYG000002255	0.00001	0	0	0	0
MGYG000000736	0.00001	0	0	0	0
MGYG000000710	0.00001	0	0	0	0
CAG-110 sp900554705	0.00001	0	0	#N/A	0
MGYG000003850	0.00001	0	#N/A	0	0
MGYG000000739	0.00001	0	0	0	0
Evtepia sp900758955	0.00001	0	0	0	0
MGYG000004139	0.00001	0	0	0	0
MGYG000001028	0.00001	#N/A	0	0	0
CAG-170 sp900555665	0.00001	0	0	0	0
F23-B02 sp900772725	0.00001	#N/A	0	#N/A	0
F23-B02 sp002472405	0.00001	0	0	0	0
F23-B02 sp004558025	0.00001	0	0	0	0
MGYG000004327	0.00001	0	0	0	0
F23-B02 sp001916715	0.00001	0	#N/A	#N/A	0
MGYG000000735	0.00001	0	0	0	0
UBA738 sp004557735	0.00001	0	0	0	#N/A
UBA738 sp900763675	0.00001	0	0	0	0
UBA5446 sp900545405	0.00001	0	0	0	0
UBA5446 sp900544765	0.00001	0	0	0	0
UBA5446 sp900543085	0.00001	0	#N/A	0	0
UBA5446 sp900752445	0.00001	0	0	0	0
QALR01 sp900542425	0.00001	0	0	0	0
MGYG000004503	0.00001	#N/A	#N/A	0	0
UMGS911 sp003343545	0.00001	0.00003	0.00003	0.00002	0.00008
UMGS902 sp003343845	0.00001	0	0	0	0
UMGS902 sp900761025	0.00001	0	0	0	0
HGM12669 sp900761935	0.00001	0.00014	0.00012	0.00009	0.00015
UMGS1696 sp900763885	0.00001	0	0	0	0
UMGS1696 sp900554225	0.00001	0	0	#N/A	0
Firm-07 sp900548735	0.00001	#N/A	#N/A	0	#N/A
UMGS1865 sp900555785	0.00001	0	0	0	0
HGM12657 sp900760575	0.00001	0	0	0	0
MGYG000000350	0.00001	0	0	0	0
CAG-841 sp000437375	0.00001	0	0	0	0
UBA11512 sp003522145	0.00001	0	0	0	0
UMGS2055 sp900557635	0.00001	0	#N/A	0	0
UMGS1312 sp900550625	0.00001	0.00001	0	0	0.00001
UMGS874 sp900546315	0.00001	0	0	0	0
UMGS882 sp900546385	0.00001	0.00002	0.00001	0.00001	0.00001
MGYG000003207	0.00001	#N/A	#N/A	0	0
MGYG000004125	0.00001	0	0	0	0
UMGS1052 sp900548115	0.00001	0	0	0	0
UBA644 sp002299265	0.00001	0.00018	0.00013	0.00011	0.00025
HGM12619 sp900753195	0.00001	0	0	0	0
QAMX01 sp003149835	0.00001	0.00001	0	0	0.00001
QAMX01 sp004555605	0.00001	0.00001	0.00001	0	0.00001
QAKW01 sp003343605	0.00001	0	0	0	0
MGYG000001739	0.00001	0	0	0	0
HGM13634 sp900770385	0.00001	0	0	#N/A	0
UMGS1781 sp900553365	0.00001	0	0	0	0
MGYG000004477	0.00001	0	0	0	0
CAG-273 sp000438355	0.00001	0	0	0	0
MGYG000004539	0.00001	0	0	0	0
MGYG000004904	0.00001	0.00001	0	0	0.00001
CAG-492 sp900557195	0.00001	0	0	0	0.00001
CAG-354 sp900759015	0.00001	0	0	0	0
MGYG000004119	0.00001	0	0	0	0
CAG-354 sp900754085	0.00001	0	0	#N/A	0
UBA7001 sp900768805	0.00001	0	0	0	0
MGYG000004073	0.00001	#N/A	0	#N/A	0
UMGS1663 sp900553865	0.00001	0	0	0	0
UMGS1663 sp900553405	0.00001	0	0	0	0.00001
MGYG000004594	0.00001	0	0	0	0
CAG-452 sp900770415	0.00001	0	0	0	0
CAG-452 sp000434035	0.00001	0	0	0	0
UMGS1933 sp900556455	0.00001	0	#N/A	0	0
UMGS1933 sp900772235	0.00001	0	0.00001	0.00001	0.00001
UMGS1754 sp900759475	0.00001	0	0	#N/A	0
CAG-793 sp900557475	0.00001	0	0	0	0
MGYG000002201	0.00001	0.00001	0	0	0.00002
CAG-465 sp900554875	0.00001	0	0	0	0
VUNA01 sp002299625	0.00001	0.00002	0.00001	0.00001	0.00001
CAG-145 sp900542565	0.00001	0	0	0	0
CAG-145 sp900754795	0.00001	0	0	0	#N/A
Eubacterium_T sp900766045	0.00001	0	0	0	0
CAG-238 sp900551415	0.00001	0	0	0	0
Bacilliculturomica massiliensis	0.00001	0.00003	0.00003	0.00001	0.00003
MGYG000001953	0.00001	0	0	0	0
Peptacetobacter hiranonis	0.00001	0.00001	0	0	0.00001
Peptostreptococcus anaerobius	0.00001	0	0	0	0
Terrisporobacter glycolicus_A	0.00001	0.00001	0	0	0.00001
Terrisporobacter sp902363255	0.00001	0.00005	0.00005	0.00003	0.00004
GCA-900066495 sp900066495	0.00001	0	0	0	0.00001
Clostridium beijerinckii	0.00001	0.00011	0.00014	0.00008	0.0001
MGYG000004852	0.00001	0	0	0	0
Clostridium sp900540255	0.00001	0	0	0	0
Clostridium saudiense	0.00001	0.00001	0	0	0.00001
Clostridium celatum	0.00001	0.00005	0.00003	0.00002	0.00006
Clostridium paraputrificum	0.00001	0.00002	0.00002	0.00002	0.00003
Clostridium_J sp900548455	0.00001	0	0	0	0
Clostridium_J sp000821305	0.00001	0.00001	0	0.00001	0.00001
Clostridium_J ihumii	0.00001	0	0	0	0
Clostridium_J senegalense	0.00001	0.00001	0.00001	0	0.00001
Clostridium_B sp902809985	0.00001	0	0	0	0
Clostridium_H massiliodielmoense	0.00001	0.00004	0.00003	0.00003	0.00004
MGYG000003416	0.00001	0	0	0	0
Clostridium_P massiliamazoniense	0.00001	0.00003	0.00002	0.00002	0.00003
Anaerococcus octavius	0.00001	#N/A	0	#N/A	0
Anaerococcus vaginalis_B	0.00001	0.00001	0.00001	0	0
Tissierella sp002266425	0.00001	0	0	0	0
Monoglobus sp900542675	0.00001	0	0	0	0
UMGS1820 sp900769795	0.00001	0	0	0	0
UMGS1820 sp900555375	0.00001	0	0	0	0
UMGS1820 sp900545865	0.00001	0	0	0	0
UMGS1494 sp900552305	0.00001	0	0	0	0
MGYG000004133	0.00001	0	0	0	0
UMGS1840 sp900555525	0.00001	0	0	0	0
UBA9506 sp003506415	0.00001	0	0	0	0.00001
UMGS755 sp900545185	0.00001	0	0	0	0
UMGS1851 sp900555605	0.00001	0	0	0	0.00001
MGYG000004193	0.00001	0.00001	0.00001	0	0.00002
MGYG000004439	0.00001	0	0	0	0
KA00274 sp902373515	0.00001	0	0	0	0
Firm-11 sp900550955	0.00001	0	0	0	0
MGYG000004168	0.00001	0	0	0	0
SFFH01 sp900548125	0.00001	0.00001	0	0.00001	0
SFFH01 sp900542445	0.00001	0.00001	0.00001	0.00001	0
UMGS1600 sp900553295	0.00001	0	0	0	0
SFMI01 sp004556155	0.00001	0	#N/A	0	0
MGYG000003490	0.00001	0	0	0	0
UMGS1603 sp900553265	0.00001	0	0	0	0
MGYG000000747	0.00001	0	0	0	0
UBA11524 sp900769075	0.00001	0.00004	0.00002	0.00004	0.00002
MGYG000003833	0.00001	0	0	0	0
MGYG000002204	0.00001	0	0	0	0
UBA11517 sp003522085	0.00001	0	0	0	0
MGYG000001822	0.00001	0	0	0	0
Christensenella sp001678845	0.00001	0.00009	0.00005	0.00004	0.00014
MGYG000001880	0.00001	0.00004	0.00003	0.00002	0.00004
QALS01 sp900555925	0.00001	0	0	0	0
MGYG000001914	0.00001	0	0	0	0
UBA10281 sp900548285	0.00001	0	0	0	#N/A
CAG-475 sp000434435	0.00001	0	0	0	0
MGYG000000749	0.00001	0	0	0	0
MGYG000001850	0.00001	0	0	0	0
UMGS1322 sp900769815	0.00001	0	0	0	0
UBA10677 sp900760475	0.00001	0	0	0	0
MGYG000003235	0.00001	0	0	0.00001	0
Bifidobacterium vaginale_G	0.00001	0.00014	0.00018	0.00008	0.00011
Pauljensenia sp000308055	0.00001	0.00004	0.00003	0.00001	0.00005
Pauljensenia sp000758755	0.00001	#N/A	0	#N/A	#N/A
Actinomyces urogenitalis	0.00001	#N/A	0	#N/A	#N/A
Actinomyces sp000220835	0.00001	0	#N/A	#N/A	0
Collinsella sp002391315	0.00001	#N/A	#N/A	#N/A	0
Collinsella aerofaciens_H	0.00001	0	0	#N/A	#N/A
Collinsella sp900542825	0.00001	#N/A	#N/A	#N/A	#N/A
MGYG000001575	0.00001	0	#N/A	0	0
MGYG000003418	0.00001	#N/A	#N/A	#N/A	#N/A
Collinsella sp900547125	0.00001	#N/A	0	0	0
MGYG000002100	0.00001	#N/A	#N/A	#N/A	#N/A
MGYG000004368	0.00001	#N/A	#N/A	#N/A	#N/A
MGYG000002730	0.00001	0	#N/A	#N/A	#N/A
MGYG000001717	0.00001	#N/A	#N/A	#N/A	0
MGYG000004330	0.00001	#N/A	#N/A	#N/A	#N/A
MGYG000004651	0.00001	0	0	0	0
Collinsella sp900539035	0.00001	#N/A	#N/A	#N/A	#N/A
MGYG000004542	0.00001	#N/A	#N/A	#N/A	#N/A
Collinsella sp900556285	0.00001	0	0	0	0
Collinsella sp902362275	0.00001	#N/A	#N/A	#N/A	#N/A
MGYG000003322	0.00001	#N/A	#N/A	0	#N/A
Collinsella sp900543845	0.00001	#N/A	#N/A	#N/A	#N/A
Collinsella sp000434535	0.00001	#N/A	#N/A	#N/A	#N/A
MGYG000001581	0.00001	#N/A	#N/A	#N/A	#N/A
MGYG000004161	0.00001	#N/A	#N/A	#N/A	#N/A
Collinsella sp900550355	0.00001	0	#N/A	0	#N/A
MGYG000002750	0.00001	#N/A	#N/A	#N/A	#N/A
Collinsella sp900542165	0.00001	#N/A	#N/A	#N/A	#N/A
Collinsella sp900757465	0.00001	#N/A	#N/A	#N/A	#N/A
MGYG000004597	0.00001	#N/A	#N/A	#N/A	#N/A
Collinsella sp900541245	0.00001	#N/A	0	#N/A	#N/A
MGYG000001061	0.00001	#N/A	#N/A	#N/A	#N/A
MGYG000004765	0.00001	0	#N/A	#N/A	#N/A
Collinsella sp900761995	0.00001	#N/A	#N/A	#N/A	#N/A
Collinsella sp900767675	0.00001	0	#N/A	#N/A	#N/A
MGYG000004506	0.00001	#N/A	#N/A	#N/A	#N/A
MGYG000000641	0.00001	#N/A	#N/A	#N/A	#N/A
Collinsella sp900549345	0.00001	#N/A	#N/A	#N/A	#N/A
Collinsella sp900541475	0.00001	#N/A	#N/A	#N/A	#N/A
MGYG000003798	0.00001	#N/A	#N/A	#N/A	#N/A
Collinsella sp900544115	0.00001	#N/A	#N/A	#N/A	#N/A
MGYG000003851	0.00001	#N/A	#N/A	#N/A	#N/A
MGYG000003830	0.00001	#N/A	#N/A	#N/A	#N/A
MGYG000004514	0.00001	#N/A	#N/A	#N/A	#N/A
MGYG000001568	0.00001	#N/A	#N/A	#N/A	#N/A
Collinsella sp900548075	0.00001	#N/A	0	#N/A	#N/A
Collinsella sp900542965	0.00001	#N/A	#N/A	#N/A	#N/A
MGYG000002069	0.00001	#N/A	#N/A	#N/A	#N/A
Collinsella sp900549085	0.00001	0	0	0	#N/A
MGYG000003045	0.00001	#N/A	#N/A	#N/A	#N/A
Collinsella sp900541015	0.00001	#N/A	#N/A	#N/A	#N/A
MGYG000001916	0.00001	0	0	0	0
MGYG000004367	0.00001	#N/A	0	#N/A	#N/A
MGYG000002122	0.00001	#N/A	#N/A	#N/A	#N/A
MGYG000001582	0.00001	0	#N/A	#N/A	#N/A
MGYG000004325	0.00001	#N/A	#N/A	#N/A	0
MGYG000004301	0.00001	0	#N/A	#N/A	#N/A
Collinsella sp900551555	0.00001	0	#N/A	#N/A	#N/A
MGYG000001587	0.00001	#N/A	#N/A	#N/A	#N/A
Collinsella sp900545165	0.00001	#N/A	#N/A	#N/A	#N/A
MGYG000001724	0.00001	0	#N/A	0	0
Collinsella sp900554325	0.00001	#N/A	#N/A	#N/A	#N/A
MGYG000002130	0.00001	0	#N/A	#N/A	#N/A
Collinsella sp900549335	0.00001	#N/A	#N/A	#N/A	#N/A
Collinsella aerofaciens_J	0.00001	#N/A	#N/A	#N/A	0
Collinsella sp900544205	0.00001	0	#N/A	#N/A	#N/A
Collinsella sp900540895	0.00001	#N/A	#N/A	#N/A	#N/A
MGYG000004364	0.00001	#N/A	#N/A	#N/A	#N/A
MGYG000002735	0.00001	#N/A	#N/A	#N/A	#N/A
MGYG000002731	0.00001	#N/A	#N/A	#N/A	#N/A
Collinsella sp900759565	0.00001	#N/A	#N/A	0	#N/A
MGYG000004209	0.00001	#N/A	#N/A	#N/A	0
MGYG000004320	0.00001	#N/A	#N/A	#N/A	#N/A
Collinsella sp900550595	0.00001	#N/A	#N/A	#N/A	#N/A
MGYG000004366	0.00001	#N/A	#N/A	#N/A	#N/A
Collinsella sp900544225	0.00001	#N/A	#N/A	#N/A	#N/A
MGYG000004407	0.00001	#N/A	#N/A	#N/A	#N/A
Collinsella sp900556605	0.00001	#N/A	#N/A	#N/A	#N/A
Collinsella sp900760215	0.00001	#N/A	#N/A	#N/A	#N/A
MGYG000001586	0.00001	#N/A	#N/A	#N/A	#N/A
MGYG000003707	0.00001	#N/A	#N/A	#N/A	#N/A
Collinsella sp900540995	0.00001	#N/A	#N/A	#N/A	#N/A
Collinsella sp900541715	0.00001	#N/A	#N/A	#N/A	#N/A
MGYG000002741	0.00001	#N/A	#N/A	#N/A	#N/A
Collinsella sp900547765	0.00001	#N/A	#N/A	#N/A	#N/A
MGYG000003823	0.00001	0	0	0	0
MGYG000004121	0.00001	#N/A	#N/A	#N/A	#N/A
Collinsella sp900542305	0.00001	#N/A	#N/A	#N/A	#N/A
Collinsella sp900543615	0.00001	0	0	0	#N/A
MGYG000002746	0.00001	0.00002	0.00002	0.00002	0.00001
MGYG000004399	0.00001	#N/A	#N/A	#N/A	#N/A
MGYG000004467	0.00001	#N/A	#N/A	#N/A	#N/A
Collinsella sp900547505	0.00001	#N/A	#N/A	#N/A	#N/A
MGYG000004031	0.00001	#N/A	#N/A	#N/A	#N/A
Collinsella sp900542635	0.00001	#N/A	#N/A	#N/A	#N/A
MGYG000002732	0.00001	#N/A	#N/A	#N/A	#N/A
MGYG000004307	0.00001	#N/A	#N/A	#N/A	#N/A
Collinsella sp900551365	0.00001	#N/A	#N/A	#N/A	#N/A
Collinsella sp900556515	0.00001	#N/A	#N/A	#N/A	#N/A
Collinsella aerofaciens_K	0.00001	#N/A	#N/A	#N/A	#N/A
Collinsella sp900761155	0.00001	#N/A	#N/A	#N/A	#N/A
CAG-1427 sp900548955	0.00001	0	0	0	0
CAG-1427 sp900542265	0.00001	#N/A	0	0	0
CAG-1427 sp000435675	0.00001	0	#N/A	0	0
MGYG000004264	0.00001	0	0	0	#N/A
MGYG000004183	0.00001	0	0	0	0
UMGS1293 sp900754495	0.00001	#N/A	#N/A	0	0
MGYG000004592	0.00001	0	#N/A	0	#N/A
MGYG000004654	0.00001	0	#N/A	0	0
MGYG000000597	0.00001	#N/A	0	#N/A	#N/A
Ellagibacter isourolithinifaciens	0.00001	#N/A	0	0	0
MGYG000000635	0.00001	0	#N/A	#N/A	0
MGYG000004112	0.00001	#N/A	#N/A	#N/A	#N/A
Enteroscipio rubneri	0.00001	0.00008	0.00009	0.00004	0.00005
MGYG000004635	0.00001	0	0	0.00001	0.00001
RUG013 sp001486445	0.00001	0.00003	0.00003	0.00003	0.00003
Lancefieldella sp000564995	0.00001	#N/A	#N/A	#N/A	0
Lancefieldella sp900555335	0.00001	0	0	0	#N/A
Parolsenella sp900544655	0.00001	0	0	#N/A	0
Parolsenella sp900552935	0.00001	0	#N/A	#N/A	0
MGYG000002686	0.00001	#N/A	#N/A	0	0
UMGS124 sp900539345	0.00001	#N/A	0	0	0
Phascolarctobacterium_A sp900552005	0.00001	0	0	0.00001	0
Phascolarctobacterium_A sp900552855	0.00001	0	0	0	0
Acidaminococcus timonensis	0.00001	0.00001	0.00001	0.00001	0.00001
Acidaminococcus fermentans_A	0.00001	0	0	0	0
MGYG000004782	0.00001	0	0	0	0
Dialister sp900543165	0.00001	0	0	0	0
Megasphaera sp002319965	0.00001	0	0	0	0
Megasphaera massiliensis	0.00001	0.00003	0.00003	0.00002	0.00003
Anaeroglobus massiliensis	0.00001	0.00001	0.00001	0.00001	0.00001
Caecibacter sp003467125	0.00001	0	0	0	0
Megamonas funiformis	0.00001	0.00001	0.00001	0.00001	0.00002
UBA2913 sp900770895	0.00001	0	0	0	0
Anaerovibrio sp900548165	0.00001	0	0	0	0
CABIZH01 sp902363205	0.00001	0.00001	0.00001	0.00001	0.00002
Enterobacter chengduensis	0.00001	0.00001	0.00001	0	0.00001
Enterobacter hormaechei_A	0.00001	0	0	0	0
Enterobacter asburiae_B	0.00001	0	0	0	0
Enterobacter ludwigii	0.00001	0	0	0	0
Citrobacter youngae	0.00001	0	0	0	0
Citrobacter gillenii	0.00001	0.00001	0.00001	0	0.00002
Klebsiella pneumoniae	0.00001	0	0	0	0.00001
Klebsiella aerogenes	0.00001	0	0	0	0
Phytobacter ursingii	0.00001	0.00001	0.00002	0.00001	0.00003
Proteus sp003144505	0.00001	0	0	0	0
Kosakonia cowanii	0.00001	0	0	0	0
Kluyvera ascorbata_B	0.00001	0	0	0	0
Klebsiella_A oxytoca	0.00001	0	0	0	0
Pseudescherichia sp002298805	0.00001	0.00001	0.00001	0.00001	0.00001
Enterobacter_D kobei_A	0.00001	0.00007	0.00005	0.00002	0.00006
Haemophilus influenzae	0.00001	0	0	0	0
Haemophilus sp002998595	0.00001	0	0	0	0
Oxalobacter sp900760095	0.00001	0	0	0	0
MGYG000004749	0.00001	0	0	0	0
UBA7488 sp002477185	0.00001	0.00001	0.00001	0.00001	0.00001
Catenibacterium sp900540685	0.00001	0	0	0	0
Longibaculum sp900538465	0.00001	0	0	0	0
Beduini sp902363625	0.00001	0.00001	0.00001	0.00001	0.00001
Holdemanella sp003436425	0.00001	0	0	0	0
Holdemania sp900120005	0.00001	0	0	0	0
Bulleidia moorei	0.00001	0.00004	0.00003	0.00002	0.00002
Bulleidia sp900539965	0.00001	0	0	0	0
Faecalicoccus sp900546545	0.00001	0	0	0	0
MGYG000004077	0.00001	0	0.00001	0.00001	0
Merdibacter sp900543035	0.00001	0	0	0	0
Streptococcus rubneri	0.00001	0	#N/A	#N/A	0
Streptococcus mitis_D	0.00001	0	0	#N/A	0
Streptococcus infantarius	0.00001	0.00001	0.00001	0.00001	0.00002
Streptococcus sp000411475	0.00001	0.00002	0.00002	0.00002	0.00001
MGYG000001197	0.00001	0	#N/A	#N/A	#N/A
Streptococcus oralis_E	0.00001	0	#N/A	0	0
Streptococcus constellatus	0.00001	0	0	0	0
Streptococcus oralis_S	0.00001	0	0	0	0
Streptococcus agalactiae	0.00001	0	0	0	0
Streptococcus timonensis	0.00001	0	0	0	0
MGYG000000576	0.00001	0	0	0	0
Streptococcus anginosus	0.00001	0	0	0	0
Streptococcus anginosus_C	0.00001	0	0	0	0
Streptococcus oralis	0.00001	0	0	0	#N/A
Enterococcus_C asini	0.00001	0	0	0	0
Enterococcus_G italicus	0.00001	0	0	0	0
Enterococcus caccae	0.00001	0	0	0	0
Leuconostoc lactis	0.00001	0.00009	0.00007	0.00005	0.00006
Weissella viridescens	0.00001	0	#N/A	0	0
CAG-877 sp900548695	0.00001	0	0	0	#N/A
UBA5026 sp900546745	0.00001	0	0	0	0
CAG-776 sp900758895	0.00001	0	0	0	0
Ureibacillus endophyticus	0.00001	0	#N/A	0	0
Tener-01 sp001940985	0.00001	0.00001	0.00001	0.00001	0.00001
MGYG000004029	0.00001	0	0	0	0
CAG-449 sp900551385	0.00001	0	0	0	0
MGYG000004440	0.00001	0.00003	0.00002	0.00002	0.00004
Pradoshia sp001183965	0.00001	0	0	0	#N/A
Bacillus_BD tuaregi	0.00001	0	0	0	0
Bacillus_J andreraoultii	0.00001	0.00005	0.00006	0.00008	0.00005
Paenibacillus amylolyticus	0.00001	0	0	0	0
Oceanobacillus jeddahense	0.00001	0.00003	0.00002	0.00003	0.00004
Bacillus licheniformis	0.00001	0.00001	0.00001	0.00001	0.00002
Bacillus_A wiedmannii	0.00001	0.00001	0.00001	0.00001	0.00001
Anaeroplasma sp900767915	0.00001	0	0	0	0
MGYG000001832	0.00001	0	0	0	0
Desulfovibrio desulfuricans	0.00001	0.00001	0.00001	0.00001	0.00001
MGYG000004670	0.00001	0	0	0	0
Mailhella sp900555975	0.00001	0	0	0	0
MGYG000004649	0.00001	0	0	0	#N/A
Zag1 sp000433095	0.00001	0	#N/A	0	0
Zag1 sp001917115	0.00001	0	0	0	#N/A
Zag1 sp900551675	0.00001	0	#N/A	0	0
Zag1 sp000437435	0.00001	0	0	0	0
CAG-484 sp900321895	0.00001	0	0	0	0
UMGS1477 sp900553845	0.00001	0	0	0	0
UBA1221 sp900770525	0.00001	0	0	0	0
Fusobacterium_A sp900015295	0.00001	0	#N/A	0	0
Fusobacterium_A varium_A	0.00001	0	0	0	0
Fusobacterium_B sp900545035	0.00001	0.00002	0.00002	0.00002	0.00002
Leptotrichia wadei_A	0.00001	0.00002	0.00002	0.00002	0.00002
UBA7185 sp900756555	0.00001	0	0	0	0
RUG572 sp900771305	0.00001	0	0	0	0
UBA11452 sp003526375	0.00001	0.00002	0.00002	0.00002	0.00003
TM7x sp900555425	0.00001	0	0	#N/A	#N/A
TM7x sp900557595	0.00001	0	0	#N/A	0
Treponema_D sp900769975	0.00001	0.00091	0.00089	0.0009	0.00081
Campylobacter_A concisus_P	0.00001	#N/A	0	0	#N/A
Helicobacter_A rappini	0.00001	0.00001	0.00001	0	0.00001
Methanosphaera cuniculi	0.00001	0	0	0	0
MGYG000004312	0.00001	0.00001	0.00001	0	0.00001
MGYG000001856	0.00001	0	#N/A	0	0
Alistipes sp900769525	0	0	0	0	0
MGYG000004042	0	0	0	0	0
CAG-485 sp900554345	0	0	0	0	0
CAG-485 sp900541835	0	0	0	0	0
UBA7173 sp900555165	0	0	0	0	0
MGYG000001885	0	0	0	0	0
MGYG000002064	0	0.00001	0.00001	0.00002	0.00001
SFVR01 sp900771035	0	0	0	0	0
Porphyromonas pasteri	0	0	0	0	0.00001
Porphyromonas sp900538385	0	0.00006	0.00009	0.00008	0.00007
Porphyromonas asaccharolytica	0	0	0	0	0
Porphyromonas sp900539765	0	0.00019	0.00018	0.00022	0.00023
MGYG000003897	0	#N/A	#N/A	#N/A	0
MGYG000003746	0	0	0	0	0
Porphyromonas_A sp001808555	0	0.00001	0.00001	0.00001	0.00001
Porphyromonas_A sp900554935	0	0	0	0	0
HGM05376 sp900769785	0	0	0	0	0
F082 sp900771045	0	0	0	0	0
F082 sp900769945	0	0	0	0	0
UBA1820 sp002314265	0	0	0	0	0
MGYG000003905	0	0	0	0	0
MGYG000002052	0	0	0	0	0
MGYG000000578	0	0	0	0	0
MGYG000004517	0	0	0	0	0
UBA5905 sp900763035	0	0	0	0	0
MGYG000004745	0	#N/A	#N/A	#N/A	0
MGYG000004062	0	0	0	0	0
MGYG000002084	0	0	#N/A	0	0
F23-B02 sp900760205	0	0	0	#N/A	#N/A
MGYG000003289	0	0	0	#N/A	0
MGYG000001891	0	0	0	0	0
MGYG000003305	0	0	0	0	0
QALR01 sp900552255	0	0	0	0	0
CAG-724 sp003524145	0	0	#N/A	0	0
MGYG000000750	0	0	0	0	0
MGYG000003839	0	0	0	#N/A	0
UMGS1815 sp900555345	0	0	0	0	0
MGYG000001879	0	0	0	0	0
MGYG000000352	0	0	0	0	#N/A
Firm-07 sp900770145	0	0.00002	0.00002	0.00001	0.00002
UMGS1865 sp900547725	0	0	0	0	0
CAG-841 sp002479075	0	0	0	0	0
MGYG000004624	0	#N/A	0	0	#N/A
CAG-390 sp900753295	0	0	0	0	0
UMGS882 sp900757905	0	0	0	#N/A	0
UCG-010 sp900754535	0	0	#N/A	0	0
MGYG000004033	0	0	0	0	0
MGYG000004100	0	0	0	0	0
UMGS1781 sp900553695	0	0	0	0	0
MGYG000003749	0	0	#N/A	0	0
MGYG000003781	0	0	0	0	0
MGYG000002769	0	0	#N/A	0	#N/A
CAG-465 sp000433135	0	#N/A	0	#N/A	#N/A
MGYG000003623	0	0	0	0	0
Mobilibacterium timonense	0	0	0	0	0
Peptacetobacter sp900550335	0	#N/A	0	#N/A	0
Clostridioides difficile_A	0	0	0	0	0
Peptostreptococcus sp900759325	0	0	0	0	0
Peptostreptococcus russellii_A	0	0.00049	0.00052	0.00039	0.00037
GCA-900066495 sp902362365	0	0.00001	0	0	0.00001
Paraclostridium sordellii	0	0.00001	0.00001	0	0.00001
Paraclostridium bifermentans	0	0	0	0	0
Romboutsia timonensis	0	0	0	#N/A	0
Criibacterium bergeronii	0	0	0	0	0
MGYG000003743	0	0	0	0	0
Clostridium tertium	0	0	0	0	0
Clostridium sp900769625	0	0	0	0	0
Clostridium_F botulinum	0	0	0	0	0
Clostridium_F niameyense	0	0.00001	0.00001	0.00001	0.00001
Clostridium_J sp902363375	0	0	0	0	0
Clostridium_AA polynesiense	0	0.00001	0	0	0.00001
Clostridium_G cochlearium	0	0	0	0	0
Ezakiella coagulans	0	0	0	0	0
Murdochiella massiliensis	0	0	0	0	0
MGYG000003789	0	0	0	0	0
Anaerococcus jeddahensis	0	0.00001	0.00001	0.00001	0.00002
Anaerococcus nagyae	0	0.00002	0.00001	0.00001	0.00002
Anaerococcus senegalensis	0	0.00005	0.00004	0.00003	0.00003
MGYG000003782	0	0.00001	0.00001	0	0.00001
Anaerococcus prevotii_A	0	0	#N/A	0	0
Anaerococcus sp900541365	0	0	0	0	0
MGYG000003785	0	0	#N/A	0	#N/A
Anaerococcus sp900551095	0	#N/A	#N/A	#N/A	0
Anaerococcus prevotii	0	0	0	0	0
Anaerococcus lactolyticus	0	0	0	0	0
MGYG000002901	0	#N/A	#N/A	#N/A	0
Anaerococcus sp900550345	0	0	#N/A	#N/A	0
Anaerococcus rubeinfantis	0	0.00012	0.00011	0.00014	0.00016
Finegoldia magna_F	0	0	0	0	#N/A
Finegoldia magna	0	0.00007	0.00006	0.00004	0.00006
MGYG000002896	0	#N/A	0	0	0
Peptoniphilus_A harei_A	0	0.00001	0.00001	0.00001	0.00002
Peptoniphilus_A harei	0	#N/A	0	#N/A	0
Peptoniphilus_A sp900538655	0	0.00001	0	0	0.00001
Peptoniphilus_A raoultii	0	0.00003	0.00003	0.00002	0.00003
Fenollaria massiliensis	0	0	0	0	0
Neofamilia massiliensis	0	0.00004	0.00003	0.00002	0.00005
Peptoniphilus_B duerdenii	0	0.00001	0.00001	0	0.00001
MGYG000003719	0	#N/A	#N/A	#N/A	#N/A
Lagierella massiliensis	0	0.00007	0.00004	0.00005	0.00011
Peptoniphilus_C sp902363535	0	0.00013	0.00011	0.00007	0.00011
Peptoniphilus_C urinimassiliensis	0	0	0	0	#N/A
Kallipyga massiliensis	0	0.00003	0.00002	0.00001	0.00003
CABMKH01 sp902386935	0	0.00002	0.00002	0.00001	0.00003
Sedimentibacter sp003457065	0	0	0	0	0
UMGS1326 sp900550775	0	0.00001	0.00001	0	0.00001
MGYG000004144	0	0	#N/A	0	0
MGYG000000455	0	0	0	0	0
MGYG000004107	0	0	0	0	0
MGYG000004174	0	0.00001	0	0	0
MGYG000003871	0	0	0	0	0
MGYG000003308	0	0	0	0	0
MGYG000004874	0	0	0	0	0
MGYG000000727	0	0	0	0	0
MGYG000003526	0	0	0	0	0
UMGS946 sp900544965	0	0	0	0	0
UMGS1241 sp900549955	0	0	0	0	0
UMGS1241 sp900540495	0	0.00001	0.00002	0.00001	0.00002
UMGS1241 sp900550525	0	0	0	0	0
CAG-1024 sp000432015	0	0	0	0	0
UMGS693 sp900544555	0	0.00002	0.00002	0.00001	0.00004
MGYG000004882	0	0.00001	0	0	0.00001
MGYG000001853	0	0	0	0	0
UMGS687 sp900545735	0	0.00026	0.00022	0.00015	0.00022
UMGS687 sp900544595	0	0	0	0	0
MGYG000000459	0	0.00001	0.00001	0.00001	0.00001
MGYG000000751	0	0.00001	0	0	0.00001
MGYG000004512	0	0.00001	0	0	0
HGM11367 sp900767835	0	0	0	0	0
UMGS2069 sp900557585	0	0	0	0	0
CAG-1435 sp003537755	0	0.00004	0.00003	0.00002	0.00006
CAG-1435 sp900769665	0	0	0	0	0
UMGS1707 sp900554285	0	0.00001	0.00001	0	0.00001
SFEB01 sp004558105	0	0	0	0	0
QANA01 sp900554725	0	0	0	0	0
MGYG000003304	0	0	0	0	0
UMGS743 sp900545085	0	0.00001	0.00001	0	0.00002
HGM11327 sp900759935	0	0.00001	0.00001	0	0.00001
QALS01 sp003150575	0	0	0	0	0
UBA10281 sp900767885	0	0	0	0	0
UBA10281 sp000437515	0	0.00001	0.00001	0.00001	0.00001
UBA10281 sp900554485	0	0	#N/A	0	0
MGYG000002654	0	0	0	0	0
UBA10281 sp900556195	0	0	0	#N/A	#N/A
UBA1259 sp900771345	0	0	0	0	0
UBA1259 sp900770685	0	0	0	0	0
MGYG000001863	0	0	0	#N/A	0
UBA1259 sp900769565	0	0.00001	0.00001	0.00001	0.00001
UBA7597 sp900542935	0	0.00005	0.00004	0.00003	0.00007
UBA7597 sp900767195	0	0	#N/A	#N/A	#N/A
MGYG000003737	0	0	0	0	0.00001
MGYG000002790	0	#N/A	0	0	#N/A
HGM11416 sp900766495	0	0	0	#N/A	0
HGM11416 sp900768525	0	0	0	0	0
Borkfalkia sp900557285	0	0	0	0	#N/A
MGYG000003953	0	0	0.00001	0	0
MGYG000000676	0	0	0	0	0
MGYG000001852	0	0	0	#N/A	#N/A
MGYG000001854	0	0	0.00001	0.00001	0
MGYG000001864	0	0	0	0	0
MGYG000000399	0	0	#N/A	0	0
UMGS1975 sp900751745	0	0	0	0	0
UMGS1975 sp900556815	0	0.00002	0.00002	0.00002	0.00002
CAG-475 sp900548005	0	0.00004	0.00003	0.00003	0.00003
CAG-475 sp900547975	0	0	0	0	0.00001
MGYG000001904	0	0	0	0	#N/A
UMGS1688 sp900544575	0	0	0	0	0
UMGS1688 sp900545885	0	0	#N/A	#N/A	#N/A
UMGS1688 sp900554085	0	0	0	0	0
MGYG000004615	0	0	0	0	0
HGM11377 sp900755035	0	0.00006	0.00003	0.00001	0.00009
MGYG000003562	0	0	#N/A	0	0
MGYG000003474	0	0	0	0	0
QALW01 sp900547955	0	0	0	0	0
QALW01 sp900552055	0	0	0	0	0
UBA10677 sp003533505	0	0	0	0	0
UBA10677 sp900767465	0	0.00001	0.00001	0	0.00001
CAG-552 sp000435495	0	0	0	0	0
UMGS1795 sp900555125	0	0	0	0	0
MGYG000000428	0	#N/A	0	0	0
UMGS1795 sp900553555	0	0	0	0	0
MGYG000003931	0	0	0	0	0
UMGS416 sp900542005	0	0.00003	0.00002	0.00001	0.00001
CABKMX01 sp902373595	0	0	0	0	0
MGYG000000698	0	0	0	0	0
Bifidobacterium vaginale_F	0	0	0	0	0
Bifidobacterium sp002884815	0	0	#N/A	#N/A	#N/A
Parascardovia denticolens	0	0	0	0	0
Pauljensenia sp900541895	0	0	#N/A	0	#N/A
Pauljensenia culturomici	0	0	0	#N/A	0
Pauljensenia radingae_A	0	0.00004	0.00003	0.00002	0.00004
Pauljensenia polynesiensis	0	0	0	0	0
Actinomyces graevenitzii	0	0	0	#N/A	0
Varibaculum massiliense	0	0	0	0	0
Varibaculum cambriense	0	0.00001	0.00001	0.00001	0.00001
MGYG000000642	0	0	#N/A	#N/A	#N/A
MGYG000004080	0	0	0	#N/A	#N/A
Flaviflexus massiliensis	0	0.00001	0.00001	0.00001	0.00001
Rothia mucilaginosa	0	0	0	#N/A	0
Rothia aeria	0	0	0	0	0
Rothia sp902373285	0	#N/A	#N/A	0	#N/A
Rothia mucilaginosa_A	0	0	0	0	0
Rothia terrae	0	0	0	0	0
Rothia dentocariosa	0	#N/A	#N/A	#N/A	#N/A
Mobilicoccus massiliensis	0	0.00002	0.00002	0.00001	0.00002
Brevibacterium senegalense	0	0.00001	0.00001	0.00001	0.00002
MGYG000003791	0	0	0	0	0
MGYG000003792	0	0	0	0	0
Corynebacterium simulans	0	#N/A	0	0	#N/A
Corynebacterium amycolatum_A	0	0.00001	0	0.00001	0.00001
Corynebacterium propinquum	0	0.00002	0.00002	0.00002	0.00002
Corynebacterium aurimucosum_E	0	0	#N/A	#N/A	0
Corynebacterium provencense	0	0.00001	0	0.00001	0.00001
Corynebacterium bouchesdurhonense	0	0.00002	0.00002	0.00002	0.00002
Corynebacterium pacaense	0	0.00005	0.00004	0.00005	0.00008
Corynebacterium kroppenstedtii_A	0	0	0	0	0
Corynebacterium kefirresidentii	0	#N/A	0	0	#N/A
MGYG000003805	0	0.00002	0.00002	0.00002	0.00002
MGYG000003716	0	0	0	0	0
Lawsonella clevelandensis	0	0	0.00001	0	0.00001
Mycobacterium avium	0	0.00007	0.00006	0.00009	0.00005
Blastococcus massiliensis	0	0.00001	0.00001	0.00001	0.00001
Cutibacterium granulosum	0	0.00001	0	0	0
Cutibacterium acnes	0	0.00011	0.00011	0.00009	0.00009
MGYG000004664	0	0	0	0	#N/A
Collinsella ihuae	0	0.00001	0.00001	0	0
Collinsella tanakaei	0	0	0	0	0
MGYG000002793	0	0	0	#N/A	#N/A
Collinsella bouchesdurhonensis	0	0	#N/A	0	0
Collinsella stercoris	0	0	0	0	0
MGYG000000593	0	#N/A	#N/A	#N/A	#N/A
MGYG000003050	0	0	0	0	0
Collinsella sp900542315	0	0	0	0	0
MGYG000001915	0	#N/A	#N/A	#N/A	#N/A
MGYG000002112	0	#N/A	#N/A	#N/A	#N/A
MGYG000002759	0	0	#N/A	#N/A	#N/A
MGYG000004011	0	#N/A	#N/A	#N/A	#N/A
Collinsella sp900752475	0	0.00001	0.00001	0.00001	0.00001
Collinsella sp900541785	0	#N/A	#N/A	#N/A	#N/A
Collinsella aerofaciens_A	0	0	#N/A	#N/A	0
Collinsella sp900755685	0	#N/A	#N/A	#N/A	#N/A
MGYG000004396	0	#N/A	#N/A	#N/A	#N/A
Collinsella sp900760325	0	#N/A	#N/A	#N/A	#N/A
Collinsella sp900545995	0	#N/A	#N/A	#N/A	#N/A
MGYG000001996	0	#N/A	#N/A	#N/A	#N/A
MGYG000001759	0	#N/A	#N/A	#N/A	#N/A
Collinsella sp900758885	0	#N/A	0	#N/A	#N/A
MGYG000003896	0	#N/A	#N/A	#N/A	#N/A
MGYG000002754	0	#N/A	#N/A	#N/A	#N/A
MGYG000004332	0	#N/A	#N/A	#N/A	#N/A
Collinsella sp900545445	0	#N/A	#N/A	#N/A	#N/A
MGYG000001736	0	#N/A	#N/A	#N/A	#N/A
MGYG000003894	0	0	#N/A	#N/A	#N/A
MGYG000003870	0	#N/A	#N/A	#N/A	#N/A
MGYG000000731	0	#N/A	#N/A	#N/A	#N/A
MGYG000001642	0	#N/A	#N/A	#N/A	#N/A
Collinsella sp900539735	0	#N/A	#N/A	#N/A	#N/A
MGYG000003976	0	#N/A	#N/A	#N/A	#N/A
Collinsella sp900760905	0	#N/A	#N/A	#N/A	#N/A
MGYG000004091	0	#N/A	#N/A	#N/A	#N/A
Collinsella sp900752545	0	#N/A	#N/A	#N/A	#N/A
Collinsella sp900761615	0	#N/A	#N/A	#N/A	#N/A
Collinsella sp900758375	0	#N/A	#N/A	#N/A	#N/A
MGYG000002692	0	#N/A	#N/A	#N/A	#N/A
Collinsella sp900541125	0	#N/A	#N/A	#N/A	#N/A
Collinsella sp900544725	0	#N/A	#N/A	#N/A	#N/A
Collinsella sp900762015	0	#N/A	#N/A	#N/A	#N/A
Collinsella sp900540095	0	0	#N/A	#N/A	#N/A
MGYG000004069	0	#N/A	#N/A	#N/A	#N/A
Collinsella sp900549555	0	#N/A	#N/A	#N/A	#N/A
Collinsella sp000763055	0	#N/A	#N/A	#N/A	#N/A
MGYG000001935	0	#N/A	#N/A	#N/A	#N/A
MGYG000004186	0	#N/A	#N/A	#N/A	#N/A
MGYG000001196	0	0	0	0	0
Collinsella sp900552385	0	#N/A	#N/A	#N/A	#N/A
MGYG000004505	0	#N/A	#N/A	#N/A	#N/A
MGYG000003732	0	0	0	0	0
MGYG000004227	0	#N/A	#N/A	#N/A	#N/A
Enorma sp900751795	0	0	0	0	0
MGYG000000616	0	0	0	0	0
MGYG000000300	0	0	0	0	#N/A
CAG-1427 sp900555755	0	#N/A	0	0	0
CAG-1427 sp900540345	0	0	0	0	0
CAG-1427 sp900539675	0	0	0	0	0
CAG-1427 sp000434775	0	0	0	0	0
CAG-1427 sp900753095	0	0	0	0	0
MGYG000004724	0	#N/A	0	0	0
MGYG000001233	0	#N/A	0	#N/A	#N/A
MGYG000004728	0	0	0	0	0
MGYG000004614	0	#N/A	0	0	#N/A
CAG-1427 sp900547965	0	#N/A	0	#N/A	#N/A
Slackia_A sp900553655	0	0	0	0	0
DNF00809 sp900604965	0	#N/A	0	0	0
DNF00809 sp001552935	0	0	0	0	0
MGYG000001600	0	0	0	#N/A	0
UMGS1502 sp900552365	0	0	0	0	0
MGYG000004737	0	#N/A	0	#N/A	#N/A
Olsenella sp001457795	0	0.00006	0.00005	0.00008	0.00007
Lancefieldella parvula	0	0.00001	0.00001	0.00001	0.00001
Lancefieldella sp902373375	0	0	0	0	0
Parolsenella sp900543875	0	0	#N/A	#N/A	0
Parolsenella sp900549525	0	0	#N/A	0	0
Olsenella_E provencensis	0	#N/A	#N/A	0	0
Olsenella_E timonensis	0	0.00001	0.00001	0.00001	0.00002
Olsenella_E sp002159735	0	#N/A	0	0	0
MGYG000004577	0	#N/A	0	0	0
Olsenella_B sp900770865	0	0	#N/A	#N/A	#N/A
UBA7741 sp900314575	0	0	#N/A	#N/A	0
Atopobium minutum	0	0	0	0	0
MGYG000002094	0	#N/A	0	0	0
CACZQA01 sp902783175	0	0	0	0	0
MGYG000004247	0	#N/A	#N/A	#N/A	#N/A
QAMH01 sp900544245	0	0	0	0	0
QAMH01 sp900556425	0	#N/A	#N/A	#N/A	#N/A
QAMH01 sp003149935	0	0	#N/A	#N/A	#N/A
MGYG000003635	0	0	#N/A	0	#N/A
MGYG000004836	0	0	0	0	0
Acidaminococcus sp900538365	0	0	0	0	0
Succiniclasticum sp900315805	0	0	0	0	0
Veillonella sp009929605	0	0	0	0	0
Veillonella sp900549805	0	0	0	0	0
Veillonella_A sp900765165	0	0	0	0	0
Veillonella_A seminalis	0	0	#N/A	0	0
Veillonella_A magna	0	0	0	0	0
Veillonella_A sp900545795	0	0	0	0	0
UBA1822 sp900545365	0	0.00001	0.00001	0.00001	0
MGYG000004110	0	0	0	0	0
MGYG000004095	0	0	0	0	0
Dialister sp900541485	0	0	0	0	0
Dialister sp900541605	0	0	0	0	0
Dialister sp900557365	0	0	0	0	0
Dialister sp900759415	0	0	0	0	0
Dialister sp900765565	0	#N/A	0	0	0
Dialister hominis	0	#N/A	0	0	#N/A
Dialister succinatiphilus	0	0.00005	0.00004	0.00003	0.00008
MGYG000000411	0	0	#N/A	0	0
UBA5809 sp002417965	0	0.00006	0.0001	0.00016	0.00006
Megasphaera elsdenii	0	0	0	0	0
MGYG000000612	0	#N/A	#N/A	0	0
Megasphaera sp000417505	0	0.00003	0.00002	0.00003	0.00003
Anaeroglobus sp900240295	0	0	0	0	0
Anaeroglobus geminatus	0	0	0	0	0
Caecibacter massiliensis	0	0.00001	0.00001	0	0.00001
Caecibacter sp900549385	0	0	0	0	0
UMGS915 sp900546795	0	0	0	0	#N/A
28L sp000177555	0	0	0	0	0
Negativicoccus succinicivorans	0	0	0	0	#N/A
Negativicoccus massiliensis	0	0	#N/A	#N/A	#N/A
MGYG000003772	0	0	0	0	0
Mitsuokella sp900552565	0	0	0	0	0
Mitsuokella jalaludinii	0	0.00052	0.00049	0.00034	0.00031
Enterobacter kobei	0	0	0	0	#N/A
Enterobacter sichuanensis	0	0	0	0	0
Enterobacter cloacae	0	0	0	0	0
Enterobacter cloacae_K	0	0	#N/A	#N/A	0
Enterobacter cancerogenus	0	0	0	0	0
Enterobacter bugandensis	0	0	0	0	0
Klebsiella variicola	0	0	0	0	0
MGYG000003882	0	0	#N/A	0	0
Providencia rettgeri_D	0	0.00071	0.00081	0.00075	0.00063
Providencia stuartii	0	0.00005	0.00006	0.00005	0.00007
Providencia alcalifaciens_A	0	0	0	0	0
Phytobacter massiliensis	0	0.00001	0.00002	0.00001	0.00001
Phytobacter sp002377245	0	0.00003	0.00004	0.00004	0.00004
Phytobacter diazotrophicus	0	0	0	0	0
Proteus vulgaris	0	0	0	0	#N/A
Proteus sp001722135	0	0	0	0	0
Pantoea brenneri	0	#N/A	0	0	0
Pantoea septica	0	0.00001	0.00002	0.00001	0.00003
Pantoea ananatis	0	0	0	0	0
Pantoea agglomerans	0	0	0	0	#N/A
Pantoea anthophila	0	0	0	0	0
Pantoea eucalypti	0	0	#N/A	0	0
Cronobacter malonaticus	0	0	0.00001	0	0.00001
Cronobacter sakazakii	0	0.00002	0.00002	0.00002	0.00002
Yersinia frederiksenii	0	0	0	0	0
Yersinia enterocolitica	0	0	0	0	0.00001
Yersinia kristensenii_B	0	#N/A	0	0	0
Yersinia massiliensis	0	0	0	0	0
Serratia liquefaciens	0	0	0	#N/A	0
Serratia ureilytica	0	0	0	0	0
Serratia marcescens_I	0	0	0	0	0
Serratia surfactantfaciens	0	0	0	0	0
Enterobacter_A timonensis	0	0	0	0	0.00001
Citrobacter_A sedlakii	0	0	0	0	0.00001
Cedecea davisae	0	0	0.00001	0	0.00001
Salmonella bongori	0	0.00002	0.00002	0.00001	0.00004
Mixta calida	0	0	0	0	0
Chimaeribacter coloradensis	0	0	0	0	0
Edwardsiella tarda	0	0.00001	0.00001	0.00001	0.00002
Plesiomonas shigelloides	0	0.00056	0.00054	0.00049	0.00057
Leminorella grimontii	0	0	0	0	0
Leminorella richardii	0	0.00002	0.00002	0.00002	0.00003
Hafnia alvei	0	0	0	0	0
Yokenella regensburgei	0	#N/A	0	0	#N/A
Franconibacter helveticus	0	0	0	0	0
Haemophilus_A paraphrohaemolyticus	0	#N/A	0	0	0
Succinivibrio sp900770725	0	0.00005	0.00005	0.00009	0.00004
MGYG000001857	0	#N/A	0	0	0
Succinivibrio sp900555115	0	#N/A	#N/A	0	0
MGYG000000708	0	0	0	0	0
Anaerobiospirillum sp900543125	0	0	#N/A	0	0
Anaerobiospirillum succiniciproducens	0	0	0	0	0
UBA2804 sp900768635	0	0	0	0	0
MGYG000001890	0	0	0	0	0
Vibrio fluvialis	0	0	0	0	0
Vibrio cholerae	0	0.00035	0.00037	0.00048	0.00038
Vibrio vulnificus	0	0	0	0	0
Vibrio metoecus	0	0.00001	0.00001	0.00001	0.00001
Vibrio furnissii	0	0	0	0	0
Aeromonas veronii_A	0	0	0	0	0
Aeromonas dhakensis	0	0.00001	0.00002	0.00003	0.00003
Aeromonas caviae	0	0	0	0.00001	0
MGYG000003914	0	0	0	0	0
MGYG000000821	0	0	0	0	0
MGYG000004829	0	0	0	0	0
Sutterella sp900764215	0	0	0	0	0
Sutterella sp900754475	0	0	0	0	0
Sutterella sp900545275	0	0	0.00001	0.00001	0
Sutterella faecalis	0	0	0	0	0
MGYG000002062	0	0	0	0	0
Sutterella parvirubra	0	0.00011	0.00012	0.00018	0.00009
MGYG000001574	0	0	0	0	0
MGYG000004096	0	0	0	0	0
Sutterella wadsworthensis_A	0	0.0001	0.00009	0.00016	0.00009
MGYG000000632	0	0	0	0	0
MGYG000000560	0	0	0	0	0
Sutterella sp900762445	0	0	0	0	0
Oxalobacter formigenes	0	0.00019	0.00035	0.00048	0.00017
Oxalobacter formigenes_B	0	0	0	0	0
MGYG000004251	0	0	0	0	#N/A
MGYG000003451	0	0	0	0	0
CAG-521 sp900546995	0	0	0	0	0
MGYG000001900	0	0	0	0	0
CAG-521 sp902388655	0	0	#N/A	0	#N/A
CAG-521 sp900553105	0	0	0	0	0
MGYG000000351	0	0	0	0	0
MGYG000001892	0	0	#N/A	0	0
CAG-521 sp000437635	0	0	0	0.00001	0
Duodenibacillus sp900552915	0	0	0	0	0
Duodenibacillus sp900762555	0	0	0	0	0
Duodenibacillus sp900544335	0	0	0	0	0
Duodenibacillus sp900544255	0	0.00001	0.00001	0.00001	0.00001
Parasutterella excrementihominis	0	0.00012	0.00012	0.00024	0.00011
Parasutterella sp009767915	0	0	0	0	0
Pelistega indica	0	0.00001	0.00001	0.00001	0.00001
Acidovorax sp000302535	0	0	0	0	#N/A
Acidovorax temperans	0	#N/A	#N/A	0	0
Pigmentiphaga sp002188635	0	0.00001	0.00001	0.00002	0.00001
Cupriavidus metallidurans	0	0	#N/A	0	0
Turicimonas sp900542195	0	0	0	0	0
Comamonas kerstersii	0	0	0	0	0
Achromobacter xylosoxidans	0	0.00001	0.00001	0.00002	0.00001
MGYG000003441	0	0.00077	0.00083	0.0014	0.00107
Neisseria macacae	0	0	0	0	0
Neisseria subflava_C	0	0	0	0	0
Neisseria elongata	0	#N/A	0	0	0
Vitreoscilla massiliensis	0	0.00008	0.00009	0.00006	0.00008
MGYG000003735	0	0	0	0	0
Azonexus sp900549295	0	0	0	0	0
MGYG000000634	0	0	0	0	0
Acinetobacter courvalinii	0	0	0	0	0
Acinetobacter pittii	0	0	0	0	0
Acinetobacter junii	0	0.00002	0.00001	0.00001	0.00002
Acinetobacter baumannii	0	0	0	0	0
Acinetobacter sp900766635	0	0	0	0	0
Acinetobacter sp900771065	0	0	0	0	0
Acinetobacter variabilis	0	0.00003	0.00004	0.00003	0.00004
Pseudomonas citronellolis	0	0	0	0	0
Pseudomonas_B luteola	0	0.00001	0.00001	0.00001	0.00002
Pseudomonas_E fulva	0	#N/A	0	0	#N/A
Pseudomonas_R sp900766265	0	0	0	0	#N/A
MGYG000003267	0	#N/A	0	0	#N/A
Stenotrophomonas maltophilia_AK	0	0	0	0	0
Stenotrophomonas bentonitica_A	0	0.00008	0.0001	0.00009	0.00008
Stenotrophomonas maltophilia	0	0	#N/A	0	0
Stenotrophomonas maltophilia_AQ	0	#N/A	#N/A	0	0
Stenotrophomonas maltophilia_S	0	#N/A	0	#N/A	0
Stenotrophomonas sp003028475	0	#N/A	#N/A	#N/A	#N/A
Xanthomonas_B massiliensis	0	0.00002	0.00002	0.00004	0.00002
CAG-495 sp001917125	0	0	0	0	0
MGYG000000637	0	0.00003	0.00003	0.00003	0.00004
CAG-495 sp900540425	0	0	0	0	0
MGYG000001894	0	#N/A	0	0	0
MGYG000004444	0	0	0	0	0
MGYG000000394	0	0	0	0	0
MGYG000004400	0	0	0	0	0
51-20 sp001917175	0	0	#N/A	0	0
51-20 sp900762565	0	0	0	0	0
MGYG000003817	0	0	0	0	0
51-20 sp900539605	0	0	#N/A	0	0
MGYG000000617	0	0	0	0	0
RUG410 sp900769705	0	0	0	0	0
MGYG000000610	0	0	0	0	0
CAG-267 sp001917135	0	0	0	0	0
CAG-267 sp900551865	0	0	0	0	0
MGYG000004361	0	0	#N/A	#N/A	0
CAAHEQ01 sp900772625	0	0.00003	0.00003	0.00002	0.00003
MGYG000004537	0	0	0	0	0
CAG-977 sp900553035	0	0	0	0	0
UBA2903 sp002349565	0	0	0	0	0
MGYG000004298	0	0.00006	0.00006	0.00008	0.00004
MGYG000003371	0	0	0	0	0
Sphingomonas ginsenosidimutans	0	#N/A	0	0	0
Bradyrhizobium sp000015165	0	0	0	0	0
Caulobacter sp903900155	0	0	#N/A	0	#N/A
Rs-D84 sp900546225	0	0.0001	0.00011	0.00008	0.00011
Rs-D84 sp900549365	0	0	0	0	0.00001
Rs-D84 sp900546185	0	0	0	0	0
Catenibacterium sp900764565	0	0	0	0	0
Stoquefichus massiliensis	0	0.00002	0.00002	0.00002	0.00003
Longibaculum muris	0	0.0001	0.0001	0.00008	0.0001
Bulleidia massiliensis_B	0	0	0	0	0
MGYG000003586	0	0	0	0	0
Merdibacter sp900759455	0	0	0	0	0
Massilicoli timonensis	0	0	0	0	0
Streptococcus peroris	0	0	#N/A	#N/A	0
Streptococcus mutans	0	0.00001	0.00001	0.00001	0
Streptococcus equinus	0	0	0	0	0
Lactococcus lactis_E	0	0	0	#N/A	0
Lactococcus garvieae	0	0	0	#N/A	#N/A
Lactococcus garvieae_B	0	0	0	#N/A	#N/A
Lactococcus_A piscium_C	0	0	0	0	0
Lactococcus_A raffinolactis	0	#N/A	#N/A	0	#N/A
Enterococcus_A avium	0	0	0	0	0
Enterococcus_A pallens	0	0	0	0	0
Enterococcus_C dispar	0	0	0	0	0
Enterococcus_D casseliflavus	0	0	0	0	0
Enterococcus_D gallinarum	0	0	0	0	0
Enterococcus_D sp002850555	0	0	#N/A	0	0
Enterococcus_B durans	0	0	0	0	0
Enterococcus_B lactis	0	0	0	0	0
Lactobacillus intestinalis	0	0	0	0	0
Lactobacillus paragasseri	0	0	0	0	0
Lactobacillus hominis	0	0.00001	0.00001	0.00001	0.00002
Lactobacillus acidophilus	0	0	0	0	0
Lactobacillus delbrueckii	0	0.00013	0.00009	0.00011	0.00024
Lactobacillus gasseri	0	#N/A	#N/A	#N/A	#N/A
Lactobacillus iners	0	0.00001	0.00001	0	0
Lactobacillus johnsonii	0	0	0	0	0
Lactobacillus gallinarum	0	0	0	#N/A	#N/A
Lactobacillus amylovorus	0	0	0	0	0
Lactobacillus crispatus	0	0.00004	0.00004	0.00002	0.00003
MGYG000004767	0	#N/A	0	#N/A	0
Leuconostoc citreum	0	0	0	0	0
Limosilactobacillus caviae	0	#N/A	0	0	0
Limosilactobacillus reuteri_E	0	0.00008	0.00009	0.00006	0.0001
Limosilactobacillus sp900557215	0	#N/A	0	0	0
Limosilactobacillus oris	0	0	0	0	0
Limosilactobacillus timonensis	0	0	#N/A	#N/A	#N/A
MGYG000004840	0	0	#N/A	0	0
Limosilactobacillus vaginalis_A	0	0	0	0	0.00001
MGYG000004665	0	#N/A	0	0	#N/A
Weissella paramesenteroides	0	0	0	0	0
Weissella confusa_B	0	0	0	0.00001	0
Weissella cibaria	0	0.00004	0.00004	0.00003	0.00006
Ligilactobacillus animalis	0	0.00001	0.00001	0.00001	0.00002
Ligilactobacillus salivarius	0	0.00008	0.0001	0.00006	0.00009
Ligilactobacillus agilis	0	0	0	0	0
Lentilactobacillus parafarraginis	0	0.00038	0.00036	0.00049	0.00039
Lentilactobacillus kefiri	0	0	0	0	0
Lacticaseibacillus sp900540605	0	0	0	0	0
Lacticaseibacillus paracasei	0	0	0	0	0.00001
Levilactobacillus brevis	0	0.00007	0.00004	0.00005	0.00007
Levilactobacillus namurensis	0	0	0	0	0
Companilactobacillus farciminis_A	0	0	#N/A	0	0
Companilactobacillus farciminis	0	0	0	0	0
Pediococcus pentosaceus	0	0.00005	0.00006	0.00004	0.00005
Pediococcus acidilactici	0	0	0	0	0
Fructilactobacillus sanfranciscensis	0	0	0	0	0
Schleiferilactobacillus harbinensis	0	0	0	0	0
Loigolactobacillus coryniformis	0	0	0	0	0
Lactiplantibacillus pentosus	0	0	0	0	0
Listeria monocytogenes_B	0	0	0	0	0
Listeria grayi	0	0.00001	0.00001	0.00001	0.00001
Listeria innocua	0	0	0	0	0
Vagococcus sp003462485	0	0.00001	0.00001	0.00001	0.00001
CAG-877 sp900554315	0	0	0	0	0
MGYG000004455	0	0	0	0	0
MGYG000004795	0	0	0	0	#N/A
CAG-877 sp900753325	0	0	#N/A	#N/A	0
CAG-877 sp900768815	0	#N/A	#N/A	#N/A	#N/A
CAG-877 sp000433455	0	0	0	0	0
MGYG000002182	0	0.00001	0.00001	0.00001	0.00001
MGYG000001968	0	0	0	0	0
MGYG000004669	0	#N/A	#N/A	0	0
UBA5026 sp900552335	0	0.00002	0.00001	0.00002	0.00001
UBA7057 sp900542735	0	0	0	0	#N/A
CAG-776 sp900549285	0	0	0	0	0
CAG-302 sp000431795	0	0.00004	0.00004	0.00004	0.00006
MGYG000004012	0	0	0	0	0
CAG-302 sp900554615	0	#N/A	0	0	0
CAG-302 sp900549325	0	0	0	0	0
MGYG000004395	0	0	0	0	0
CAG-594 sp000434835	0	0.00001	0	0	0
CAG-594 sp900771805	0	0	0	0	#N/A
CAG-594 sp900759985	0	0	0	0	0
CAG-1000 sp000434555	0	0.00001	0.00001	0.00001	0.00001
CAG-1000 sp004552445	0	0.0001	0.00006	0.00006	0.00008
CAG-1000 sp000436975	0	0	0	0	0
MGYG000004204	0	0	0	0	0
CAG-1000 sp900772435	0	0.00004	0.00004	0.00004	0.00005
MGYG000001897	0	#N/A	0	0	0
CAG-1000 sp900761555	0	0	#N/A	0	#N/A
MGYG000004530	0	0	0	0	0
UMGS1613 sp900553395	0	0	#N/A	#N/A	#N/A
CAG-460 sp900751815	0	0	0	0	0
MGYG000004242	0	0	#N/A	#N/A	#N/A
CAG-460 sp000437315	0	0	0	0	0
CAG-762 sp000432575	0	0	0	0	0
MGYG000001917	0	0	#N/A	#N/A	0
CAG-605 sp900545005	0	0	0	0	0
CAG-605 sp000433255	0	0	#N/A	0	0
CAG-605 sp000433475	0	0	#N/A	0	0
MGYG000004620	0	0	#N/A	#N/A	#N/A
CAG-533 sp900551105	0	0	0	0	0
CAG-533 sp000434495	0	0.00001	0	0	0
MGYG000004527	0	0.00004	0.00003	0.00006	0.00004
UMGS995 sp900547465	0	#N/A	0	0	0
MGYG000004051	0	0	0	0	0
HGM10818 sp900772445	0	#N/A	0	#N/A	0
CAG-710 sp000432595	0	0	0	0	0
MGYG000004170	0	0	0	0	0
CAG-611 sp900552235	0	0	#N/A	#N/A	#N/A
CAG-611 sp000434175	0	0.00003	0.00003	0.00002	0.00003
MGYG000004216	0	0	0	0	0
CAG-451 sp000438295	0	0	0	0	0
MGYG000004502	0	0	0	#N/A	#N/A
RUG705 sp900759875	0	0	#N/A	0	0
RUG705 sp900551455	0	0	#N/A	0	#N/A
UBA3631 sp900544605	0	0.00003	0.00003	0.00002	0.00003
CAG-914 sp000437895	0	0.00001	0.00001	0	0.00001
CAG-878 sp000432255	0	0.0001	0.00007	0.00003	0.00014
MGYG000004299	0	0	0	#N/A	0
CAG-433 sp900546245	0	0	0	0	0
UMGS1124 sp900548725	0	0	0	0	0
HGM10766 sp900757295	0	0	0	0	0
CAG-582 sp000435515	0	0	0	0	0.00001
UMGS1648 sp900553765	0	0	0	0	0.00001
UMGS2068 sp900769635	0	0	0	#N/A	0
CAG-988 sp003149915	0	0	0	0	0
Planococcus massiliensis	0	0	0	0	0
Kurthia massiliensis	0	0.00001	0.00001	0.00001	0.00001
Kurthia senegalensis	0	0	0	0	0.00001
CAG-313 sp900760745	0	0	0	#N/A	0
CAG-313 sp003539625	0	0.00001	0.00001	0.00001	0.00001
CAG-313 sp000433035	0	0	0	0	0
UMGS1109 sp900548675	0	0	0	0	0
HGM10611 sp900770645	0	0	0	0	0
MGYG000004423	0	0	0	0	#N/A
CAG-631 sp000433015	0	0	0	#N/A	0
MGYG000001800	0	0	0	0	#N/A
MGYG000004199	0	0	0	0	0
CAG-449 sp000432895	0	0	0	0	#N/A
UBA3210 sp900755065	0	0	0	0	0
UBA4855 sp900540395	0	0.00005	0.00004	0.00004	0.00004
UBA4855 sp900540365	0	0.00007	0.00006	0.00004	0.00004
RUG131 sp900315885	0	0.00007	0.00007	0.00007	0.00009
UBA4951 sp900542595	0	0	0	0	0
UBA733 sp900767825	0	0	0	0	#N/A
UBA733 sp900767605	0	0	0	#N/A	#N/A
MGYG000003426	0	0	#N/A	0	0
UBA7642 sp900770925	0	0	0	#N/A	#N/A
UBA7642 sp900763245	0	0	0	0	0
UBA7642 sp900539865	0	0	0	0	0
UBA7642 sp900549915	0	0	#N/A	0	#N/A
MGYG000004606	0	0	0	0	0
Bacillus_BN testis	0	0	0	0	0
Bacillus_BN massilioanorexius	0	0	0	0	0
Peribacillus simplex	0	0	0	0	0
Bacillus_BE massilionigeriensis	0	0.00025	0.00018	0.00009	0.00031
Neobacillus sp000821085	0	0	0	0	0.00001
Weizmannia coagulans	0	0.0001	0.00012	0.00008	0.00011
Paenibacillus lautus_A	0	0	0	0	0
Paenibacillus polymyxa	0	0	0	0	0
Paenibacillus odorifer	0	0.00003	0.00003	0.00002	0.00003
Paenibacillus_A senegalimassiliensis	0	0	0	0	0
Paenibacillus_A sp900069005	0	0.00001	0.00001	0	0.00001
Paenibacillus_A ihumii	0	0.00008	0.00008	0.00005	0.00006
Paenibacillus_A tuaregi	0	0.00001	0.00001	0.00001	0.00001
Paenibacillus_A sp900766135	0	0	0	0	0
Cohnella sp900169535	0	0.00001	0.00001	0	0.00001
Gorillibacterium timonense	0	0	0	0	0
Staphylococcus argenteus	0	#N/A	0	0	0
Staphylococcus epidermidis	0	0	0	0	0
Staphylococcus capitis	0	0	0	0	0
Staphylococcus xylosus_B	0	#N/A	#N/A	0	0
Staphylococcus xylosus	0	0	0	#N/A	0
Staphylococcus_A lentus	0	0	0	0	0
Oceanobacillus caeni	0	0	0	0	0
Oceanobacillus massiliensis	0	0	0	0	0
Virgibacillus picturae	0	0	0	0	0
Virgibacillus kapii	0	0	0	0	0
Gracilibacillus phocaeensis	0	0.00002	0.00001	0.00001	0.00003
Gracilibacillus massiliensis	0	0	0	0	0
Thalassobacillus devorans	0	0	0	0	0
Bacillus subtilis	0	0	0	0	0
Ferdinandcohnia timonensis	0	0	0	0	0
Anaeroplasma sp900770055	0	0	0	0	0
CAG-307 sp900547045	0	0	0	0	#N/A
Mycoplasmopsis bovis	0	0	0	0	0
Metamycoplasma hominis	0	0	0	0	0
Ureaplasma parvum	0	0.00001	0.00001	0.00001	0
Ureaplasma sp900544585	0	0.00008	0.00007	0.00006	0.00011
Aneurinibacillus aneurinilyticus	0	0	0	0	0
Risungbinella massiliensis	0	0.00002	0.00001	0.00002	0.00002
Numidum massiliense	0	0.00001	0.00001	0.00001	0.00001
Alkalihalobacillus alcalophilus	0	0	0	0	0
Sporolactobacillus sp900543345	0	0	0	0	#N/A
Exiguobacterium sp902362975	0	0.00001	0.00001	0.00001	0.00001
Exiguobacterium sp003467445	0	0	0	#N/A	0
Rubeoparvulum massiliense	0	0.00002	0.00002	0.00002	0.00002
MGYG000002706	0	0	0	0	0
Desulfovibrio sp900319575	0	0.00001	0.00001	0.00001	0.00001
Desulfovibrio sp900540515	0	0	0	0	0
Desulfovibrio desulfuricans_A	0	0.00002	0.00001	0.00001	0.00002
Desulfovibrio legallii	0	0.00002	0.00002	0.00001	0.00003
MGYG000004701	0	#N/A	#N/A	0	0
Desulfovibrio piger	0	0.00002	0.00003	0.00002	0.00003
Desulfovibrio fairfieldensis	0	0.00001	0.00001	0.00001	0.00002
MGYG000004864	0	0	0	0	0.00001
Desulfovibrio sp002159665	0	0	0	0	0
MGYG000004659	0	0	0	0	0
Mailhella sp900541395	0	0	0	0	0
MGYG000000566	0	0	0	0	0
Mailhella sp900553065	0	0	0	0	#N/A
Zag1 sp900555175	0	0	#N/A	0	0
Zag1 sp900752845	0	#N/A	0	0	#N/A
MGYG000000422	0	0	0	0	0
Zag1 sp900556295	0	0	0	0	#N/A
MGYG000003506	0	0	0	0	0
Zag111 sp002103105	0	0	0	0	0
MGYG000000385	0	0	0	0	#N/A
Zag111 sp900555325	0	0	0	0	0
Zag111 sp004558955	0	0	0	0	0
MGYG000004473	0	#N/A	#N/A	0	#N/A
QAMI01 sp900551915	0	0	#N/A	0	0
RUG841 sp900772035	0	0	0	0	0
MGYG000003857	0	0	0	0	0
UMGS1585 sp900553205	0	0	0	0	0
UMGS1585 sp900766355	0	0	0	0	0
MGYG000003930	0	0	0	0	0
CAG-306 sp000980375	0	0	0	0	0
UBA6984 sp900550295	0	0	#N/A	#N/A	#N/A
MGYG000004459	0	0.00005	0.00007	0.00005	0.00005
UMGS951 sp900547585	0	0	0	0	0
QHMH01 sp003258795	0	0	0	0	0
Fusobacterium periodonticum_B	0	0.00001	0.00001	0	0.00001
Fusobacterium vincentii	0	0.00002	0.00003	0.00002	0.00003
Fusobacterium polymorphum	0	0	0	0.00001	0
Fusobacterium periodonticum_D	0	0.00001	0.00001	0.00002	0
Fusobacterium nucleatum	0	#N/A	0	0	0
Fusobacterium_B sp900542625	0	0.00001	0.00001	0.00001	0.00002
Cetobacterium_A sp900766645	0	0	0	0	0
Sneathia sanguinegens	0	0	#N/A	0	0
Sneathia amnii	0	0	0	0	0
UMGS1590 sp900552455	0	0	0	0	0
UMGS1590 sp900553245	0	0	0	0	0
MGYG000003639	0	0	0	0	#N/A
MGYG000003499	0	#N/A	0	#N/A	0
UBA1829 sp900549045	0	0	0	0	0
MGYG000001792	0	0	0	0	0
MGYG000001812	0	0	0	0	0
Victivallis sp900551245	0	0	0	0	0
Victivallis vadensis	0	0.00002	0.00001	0.00001	0.00002
Victivallis sp900761715	0	0	0	0	0
MGYG000000720	0	0	0	0	0
UMGS1518 sp900552575	0	0.00001	0.00001	0.00001	0.00001
CAAGGB01 sp900769285	0	0	0	0	0
CAG-312 sp001917305	0	#N/A	#N/A	0	#N/A
CAG-312 sp900760055	0	#N/A	#N/A	0	0
CAG-312 sp002405555	0	0.00001	0.00001	0.00001	0.00001
CAG-312 sp900548275	0	0	#N/A	0	#N/A
CAG-312 sp900545705	0	#N/A	0	0	#N/A
MGYG000003846	0	0	0	0	0
CAG-312 sp900760665	0	0.00005	0.00005	0.00004	0.00005
CAG-312 sp900545715	0	#N/A	#N/A	0	#N/A
UMGS1490 sp900547395	0	0	0	0	0
UMGS1490 sp900552245	0	0	0	0	0
MGYG000001791	0	0	0	0	#N/A
W0P29-029 sp004558035	0	#N/A	#N/A	0	0
MGYG000003447	0	0	0	0	0
Akkermansia muciniphila_B	0	0	0	0	0
Akkermansia sp900766865	0	0.00001	0.00001	0.00001	0.00002
Akkermansia sp900548895	0	0	0	0	0
Akkermansia sp001580195	0	0	0	0	0
UBA2834 sp004561445	0	0.00014	0.00012	0.00011	0.00011
MGYG000000376	0	#N/A	0	#N/A	#N/A
Treponema_D sp900541995	0	0	0	0	0
MGYG000004493	0	0	0	0	0
Treponema_D sp900769325	0	#N/A	0	0	0
Treponema_D sp002449305	0	0	0	0	0
Treponema_D sp900767955	0	0.00002	0.00002	0.00001	0.00001
Spiro-01 sp900769955	0	0.00003	0.00002	0.00002	0.00004
MGYG000004865	0	0	0	0	0
Brachyspira aalborgi	0	0.00008	0.00006	0.00007	0.00009
Campylobacter_A concisus_I	0	0	0	0	0
Campylobacter_A concisus_R	0	0	0	0	0
Campylobacter_A curvus	0	0	0	0	0
Campylobacter_A concisus_F	0	#N/A	0	0	0
Campylobacter sp900753405	0	0	0	0	0
Campylobacter fetus	0	0	0	0	0
Campylobacter_D coli_B	0	0	0	0	0
Campylobacter_D coli	0	#N/A	#N/A	#N/A	0
Campylobacter_B sp900539505	0	0	0	0	0
Helicobacter_D sp900770765	0	0	#N/A	#N/A	#N/A
Helicobacter_D pullorum	0	0.0001	0.0001	0.00012	0.00014
Helicobacter_D winghamensis	0	0	0	0	0
MGYG000003438	0	0	0	#N/A	0
Helicobacter_B sp001854545	0	0	0	0	0
Helicobacter_B macacae	0	0	0	0	0
Helicobacter_F sp002287135	0	0	0	0	0
HGM08974 sp900766555	0	0.00001	0.00001	0.00001	0.00001
Aliarcobacter butzleri	0	0.00002	0.00002	0.00002	0.00002
Bruticola sp004554425	0	0	0	0	0
Bruticola sp900772775	0	0.00002	0.00002	0.00002	0.00002
MGYG000002669	0	0	0	0	0
Pyramidobacter piscolens	0	0	0	0	#N/A
MGYG000003788	0	0	0	0	0
Jonquetella anthropi	0	0	0	0	0
An23 sp900544635	0	0	0	0	0
Acetomicrobium hydrogeniformans	0	0.00004	0.00004	0.00005	0.00005
UBA1436 sp900540405	0	0	0	0	0
UBA1174 sp900556855	0	0.00001	0.00001	0.00001	0.00001
CADBRU01 sp900762815	0	0	0	0	#N/A
HGM14224 sp900761905	0	0	0	0	0
UBA4248 sp004554395	0	0	0	0	0
MGYG000003389	0	0	0	0	0
Methanobrevibacter_A oralis	0	0	0	0	0
Methanobrevibacter_A smithii	0	#N/A	#N/A	#N/A	#N/A
Methanobrevibacter_A woesei	0	#N/A	#N/A	0	#N/A
Methanosphaera stadtmanae	0	0	0	0	0
Methanomassiliicoccus_A intestinalis	0	#N/A	0	0.00002	#N/A
MGYG000004574	0	#N/A	#N/A	#N/A	#N/A
MGYG000003962	0	0	#N/A	#N/A	#N/A
UBA71 sp006954425	0	#N/A	0	#N/A	0
Methanomethylophilus alvus	0	0	0	#N/A	0
Haloferax massiliensis	0	0	0	0	0
